3032203032203465202020202020202020202020
2020202020202020202020202020202020202020
2020202020202020202020202020202020202020
6332203862202020202020202020202020202020
2020202020202020202020202020202020202020
3231206630202020202020202020202020202020
2020202020202020202020202020202020202020
6666202020202020202020202020202020202020
6666202020202020202020202020202020202020
6666202020202020202020202020202020202020
6666202020202020202020202020202020202020
6432203930202020202020202020202020202020
2020202020202020202020202020202020202020
6332203061202020202020202020202020202020
2020202020202020202020202020202020202020
3332202020202020202020202020202020202020
6666202020202020202020202020202020202020
6666202020202020202020202020202020202020
6666202020202020202020202020202020202020
3035203336202020202020202020202020202020
2020202020202020202020202020202020202020
3330203163203434202020202020202020202020
2020202020202020202020202020202020202020
2020202020202020202020202020202020202020
3332202020202020202020202020202020202020
6666202020202020202020202020202020202020
6666202020202020202020202020202020202020
6435203261203133202020202020202020202020
2020202020202020202020202020202020202020
2020202020202020202020202020202020202020
3131203232202020202020202020202020202020
2020202020202020202020202020202020202020
3431203465202020202020202020202020202020
2020202020202020202020202020202020202020
3332202020202020202020202020202020202020
3130203939203038202020202020202020202020
2020202020202020202020202020202020202020
2020202020202020202020202020202020202020
6138203939202020202020202020202020202020
2020202020202020202020202020202020202020
6332203962202020202020202020202020202020
2020202020202020202020202020202020202020
3836203939202020202020202020202020202020
2020202020202020202020202020202020202020
6332203938202020202020202020202020202020
2020202020202020202020202020202020202020
6332203839202020202020202020202020202020
2020202020202020202020202020202020202020
3332202020202020202020202020202020202020
3130203934203065202020202020202020202020
2020202020202020202020202020202020202020
2020202020202020202020202020202020202020
6432203934202020202020202020202020202020
2020202020202020202020202020202020202020
3835203431203864202020202020202020202020
2020202020202020202020202020202020202020
2020202020202020202020202020202020202020
3835203430203862202020202020202020202020
2020202020202020202020202020202020202020
2020202020202020202020202020202020202020
3230203163203032202020202020202020202020
2020202020202020202020202020202020202020
2020202020202020202020202020202020202020
6332203839202020202020202020202020202020
2020202020202020202020202020202020202020
3332202020202020202020202020202020202020
3835203435203864202020202020202020202020
2020202020202020202020202020202020202020
2020202020202020202020202020202020202020
3835203434203862202020202020202020202020
2020202020202020202020202020202020202020
2020202020202020202020202020202020202020
3835203433203431202020202020202020202020
2020202020202020202020202020202020202020
2020202020202020202020202020202020202020
3835203432203430202020202020202020202020
2020202020202020202020202020202020202020
2020202020202020202020202020202020202020
3835203336203337202020202020202020202020
2020202020202020202020202020202020202020
2020202020202020202020202020202020202020
3735203336203030202020202020202020202020
2020202020202020202020202020202020202020
2020202020202020202020202020202020202020
6432203137202020202020202020202020202020
2020202020202020202020202020202020202020
3230203163203032202020202020202020202020
2020202020202020202020202020202020202020
2020202020202020202020202020202020202020
6332203839202020202020202020202020202020
2020202020202020202020202020202020202020
3332202020202020202020202020202020202020
6435203262203331202020202020202020202020
2020202020202020202020202020202020202020
2020202020202020202020202020202020202020
6435203264203033202020202020202020202020
2020202020202020202020202020202020202020
2020202020202020202020202020202020202020
3132203130203030202020202020202020202020
2020202020202020202020202020202020202020
2020202020202020202020202020202020202020
3533206138206561202020202020202020202020
2020202020202020202020202020202020202020
2020202020202020202020202020202020202020
3131203936202020202020202020202020202020
2020202020202020202020202020202020202020
3330203862206664202020202020202020202020
2020202020202020202020202020202020202020
2020202020202020202020202020202020202020
3035203336202020202020202020202020202020
2020202020202020202020202020202020202020
6332203862202020202020202020202020202020
2020202020202020202020202020202020202020
6435203264203033202020202020202020202020
2020202020202020202020202020202020202020
2020202020202020202020202020202020202020
3132203130203030202020202020202020202020
2020202020202020202020202020202020202020
2020202020202020202020202020202020202020
3230203130203064202020202020202020202020
2020202020202020202020202020202020202020
2020202020202020202020202020202020202020
3230206233203033202020202020202020202020
2020202020202020202020202020202020202020
2020202020202020202020202020202020202020
3330203862206661202020202020202020202020
2020202020202020202020202020202020202020
2020202020202020202020202020202020202020
6232203931202020202020202020202020202020
2020202020202020202020202020202020202020
3230203862203037202020202020202020202020
2020202020202020202020202020202020202020
2020202020202020202020202020202020202020
3031203832202020202020202020202020202020
2020202020202020202020202020202020202020
3330203862206664202020202020202020202020
2020202020202020202020202020202020202020
2020202020202020202020202020202020202020
6232203931202020202020202020202020202020
2020202020202020202020202020202020202020
6432206161202020202020202020202020202020
2020202020202020202020202020202020202020
3031203937202020202020202020202020202020
2020202020202020202020202020202020202020
6435203264203033202020202020202020202020
2020202020202020202020202020202020202020
2020202020202020202020202020202020202020
3132203130203030202020202020202020202020
2020202020202020202020202020202020202020
2020202020202020202020202020202020202020
3332202020202020202020202020202020202020
6330206530202020202020202020202020202020
2020202020202020202020202020202020202020
6330206430202020202020202020202020202020
2020202020202020202020202020202020202020
3230203931203161202020202020202020202020
2020202020202020202020202020202020202020
2020202020202020202020202020202020202020
6534202020202020202020202020202020202020
6132203130202020202020202020202020202020
2020202020202020202020202020202020202020
3335203330202020202020202020202020202020
2020202020202020202020202020202020202020
3133202020202020202020202020202020202020
3134202020202020202020202020202020202020
3932203130202020202020202020202020202020
2020202020202020202020202020202020202020
6332206161202020202020202020202020202020
2020202020202020202020202020202020202020
3235203262202020202020202020202020202020
2020202020202020202020202020202020202020
6635203262202020202020202020202020202020
2020202020202020202020202020202020202020
6432206161202020202020202020202020202020
2020202020202020202020202020202020202020
6332203839202020202020202020202020202020
2020202020202020202020202020202020202020
6432206138202020202020202020202020202020
2020202020202020202020202020202020202020
6430206430202020202020202020202020202020
2020202020202020202020202020202020202020
6430206530202020202020202020202020202020
2020202020202020202020202020202020202020
3232202020202020202020202020202020202020
6330203833202020202020202020202020202020
2020202020202020202020202020202020202020
6330203832202020202020202020202020202020
2020202020202020202020202020202020202020
6330206630202020202020202020202020202020
2020202020202020202020202020202020202020
3930203131203630202020202020202020202020
2020202020202020202020202020202020202020
2020202020202020202020202020202020202020
6534202020202020202020202020202020202020
6132203130202020202020202020202020202020
2020202020202020202020202020202020202020
3335203333202020202020202020202020202020
2020202020202020202020202020202020202020
3935203331202020202020202020202020202020
2020202020202020202020202020202020202020
6333202020202020202020202020202020202020
3935203537202020202020202020202020202020
2020202020202020202020202020202020202020
6333202020202020202020202020202020202020
3935203266202020202020202020202020202020
2020202020202020202020202020202020202020
3133202020202020202020202020202020202020
3134202020202020202020202020202020202020
3932203130202020202020202020202020202020
2020202020202020202020202020202020202020
6332206161202020202020202020202020202020
2020202020202020202020202020202020202020
3235203262202020202020202020202020202020
2020202020202020202020202020202020202020
6635203262202020202020202020202020202020
2020202020202020202020202020202020202020
6432206161202020202020202020202020202020
2020202020202020202020202020202020202020
3734203033202020202020202020202020202020
2020202020202020202020202020202020202020
3235203335202020202020202020202020202020
2020202020202020202020202020202020202020
3933202020202020202020202020202020202020
6332206161202020202020202020202020202020
2020202020202020202020202020202020202020
3235203264202020202020202020202020202020
2020202020202020202020202020202020202020
6635203264202020202020202020202020202020
2020202020202020202020202020202020202020
6432206161202020202020202020202020202020
2020202020202020202020202020202020202020
3531203164202020202020202020202020202020
2020202020202020202020202020202020202020
6332203839202020202020202020202020202020
2020202020202020202020202020202020202020
6432206138202020202020202020202020202020
2020202020202020202020202020202020202020
3735206430203138202020202020202020202020
2020202020202020202020202020202020202020
2020202020202020202020202020202020202020
3032203130203239202020202020202020202020
2020202020202020202020202020202020202020
2020202020202020202020202020202020202020
6435203334203336202020202020202020202020
2020202020202020202020202020202020202020
2020202020202020202020202020202020202020
3764203264202020202020202020202020202020
2020202020202020202020202020202020202020
3230203136203063202020202020202020202020
2020202020202020202020202020202020202020
2020202020202020202020202020202020202020
3764203262202020202020202020202020202020
2020202020202020202020202020202020202020
3230203135203037202020202020202020202020
2020202020202020202020202020202020202020
2020202020202020202020202020202020202020
3764203239202020202020202020202020202020
2020202020202020202020202020202020202020
3230203134203032202020202020202020202020
2020202020202020202020202020202020202020
2020202020202020202020202020202020202020
3764203237202020202020202020202020202020
2020202020202020202020202020202020202020
6564202020202020202020202020202020202020
3933202020202020202020202020202020202020
6635203334202020202020202020202020202020
2020202020202020202020202020202020202020
3064202020202020202020202020202020202020
6564202020202020202020202020202020202020
3933202020202020202020202020202020202020
6664202020202020202020202020202020202020
6535203332202020202020202020202020202020
2020202020202020202020202020202020202020
6665202020202020202020202020202020202020
6166203331202020202020202020202020202020
2020202020202020202020202020202020202020
6333202020202020202020202020202020202020
3966202020202020202020202020202020202020
6333202020202020202020202020202020202020
3330206537203061202020202020202020202020
2020202020202020202020202020202020202020
2020202020202020202020202020202020202020
6634202020202020202020202020202020202020
3034202020202020202020202020202020202020
3964202020202020202020202020202020202020
6565202020202020202020202020202020202020
3430203061202020202020202020202020202020
2020202020202020202020202020202020202020
6566202020202020202020202020202020202020
3964202020202020202020202020202020202020
3231203261202020202020202020202020202020
2020202020202020202020202020202020202020
3964202020202020202020202020202020202020
6565202020202020202020202020202020202020
3430203032202020202020202020202020202020
2020202020202020202020202020202020202020
6566202020202020202020202020202020202020
3264202020202020202020202020202020202020
6635203331202020202020202020202020202020
2020202020202020202020202020202020202020
3734203031202020202020202020202020202020
2020202020202020202020202020202020202020
3933202020202020202020202020202020202020
3035203335202020202020202020202020202020
2020202020202020202020202020202020202020
6235203335203066202020202020202020202020
2020202020202020202020202020202020202020
2020202020202020202020202020202020202020
3735203335203030202020202020202020202020
2020202020202020202020202020202020202020
2020202020202020202020202020202020202020
3930203030203030202020202020202020202020
2020202020202020202020202020202020202020
2020202020202020202020202020202020202020
6630202020202020202020202020202020202020
6630202020202020202020202020202020202020
6630202020202020202020202020202020202020
6630202020202020202020202020202020202020
3930203131203630202020202020202020202020
2020202020202020202020202020202020202020
2020202020202020202020202020202020202020
3231203636202020202020202020202020202020
2020202020202020202020202020202020202020
3230203161203230202020202020202020202020
2020202020202020202020202020202020202020
2020202020202020202020202020202020202020
3130203066203032202020202020202020202020
2020202020202020202020202020202020202020
2020202020202020202020202020202020202020
3231206535202020202020202020202020202020
2020202020202020202020202020202020202020
3735206630203430202020202020202020202020
2020202020202020202020202020202020202020
2020202020202020202020202020202020202020
6535203463202020202020202020202020202020
2020202020202020202020202020202020202020
6134202020202020202020202020202020202020
6665202020202020202020202020202020202020
6166206630202020202020202020202020202020
2020202020202020202020202020202020202020
3330203061203634202020202020202020202020
2020202020202020202020202020202020202020
2020202020202020202020202020202020202020
6332203863202020202020202020202020202020
2020202020202020202020202020202020202020
6333202020202020202020202020202020202020
6535203861202020202020202020202020202020
2020202020202020202020202020202020202020
3965202020202020202020202020202020202020
6635203861202020202020202020202020202020
2020202020202020202020202020202020202020
6535203863202020202020202020202020202020
2020202020202020202020202020202020202020
3966202020202020202020202020202020202020
6635203863202020202020202020202020202020
2020202020202020202020202020202020202020
3231206430202020202020202020202020202020
2020202020202020202020202020202020202020
6333202020202020202020202020202020202020
3734203131202020202020202020202020202020
2020202020202020202020202020202020202020
3933202020202020202020202020202020202020
3935203337202020202020202020202020202020
2020202020202020202020202020202020202020
3732203164202020202020202020202020202020
2020202020202020202020202020202020202020
3430203665202020202020202020202020202020
2020202020202020202020202020202020202020
6165203461202020202020202020202020202020
2020202020202020202020202020202020202020
6166203462202020202020202020202020202020
2020202020202020202020202020202020202020
3032203130203263202020202020202020202020
2020202020202020202020202020202020202020
2020202020202020202020202020202020202020
3230203161203431202020202020202020202020
2020202020202020202020202020202020202020
2020202020202020202020202020202020202020
3330203064203264202020202020202020202020
2020202020202020202020202020202020202020
2020202020202020202020202020202020202020
6535203464202020202020202020202020202020
2020202020202020202020202020202020202020
6234203130203030202020202020202020202020
2020202020202020202020202020202020202020
2020202020202020202020202020202020202020
3430203063202020202020202020202020202020
2020202020202020202020202020202020202020
6332203064202020202020202020202020202020
2020202020202020202020202020202020202020
3330203136203035202020202020202020202020
2020202020202020202020202020202020202020
2020202020202020202020202020202020202020
6332203136202020202020202020202020202020
2020202020202020202020202020202020202020
3735203334203031202020202020202020202020
2020202020202020202020202020202020202020
2020202020202020202020202020202020202020
3231206161202020202020202020202020202020
2020202020202020202020202020202020202020
3930203131203430202020202020202020202020
2020202020202020202020202020202020202020
2020202020202020202020202020202020202020
3230203065203032202020202020202020202020
2020202020202020202020202020202020202020
2020202020202020202020202020202020202020
3234203130202020202020202020202020202020
2020202020202020202020202020202020202020
3933202020202020202020202020202020202020
6234203430203038202020202020202020202020
2020202020202020202020202020202020202020
2020202020202020202020202020202020202020
3330203136203035202020202020202020202020
2020202020202020202020202020202020202020
2020202020202020202020202020202020202020
6332203136202020202020202020202020202020
2020202020202020202020202020202020202020
3735203334203031202020202020202020202020
2020202020202020202020202020202020202020
2020202020202020202020202020202020202020
3931206439202020202020202020202020202020
2020202020202020202020202020202020202020
3734203032202020202020202020202020202020
2020202020202020202020202020202020202020
6231203039202020202020202020202020202020
2020202020202020202020202020202020202020
3330203066203065202020202020202020202020
2020202020202020202020202020202020202020
2020202020202020202020202020202020202020
6332203066202020202020202020202020202020
2020202020202020202020202020202020202020
3735206630203430202020202020202020202020
2020202020202020202020202020202020202020
2020202020202020202020202020202020202020
6535203463202020202020202020202020202020
2020202020202020202020202020202020202020
6134202020202020202020202020202020202020
3265202020202020202020202020202020202020
6665202020202020202020202020202020202020
6535206630202020202020202020202020202020
2020202020202020202020202020202020202020
3366202020202020202020202020202020202020
6666202020202020202020202020202020202020
3032203130203266202020202020202020202020
2020202020202020202020202020202020202020
2020202020202020202020202020202020202020
6535203534202020202020202020202020202020
2020202020202020202020202020202020202020
3735206630203035202020202020202020202020
2020202020202020202020202020202020202020
2020202020202020202020202020202020202020
6134202020202020202020202020202020202020
6332203863202020202020202020202020202020
2020202020202020202020202020202020202020
3265202020202020202020202020202020202020
6634202020202020202020202020202020202020
6635203861202020202020202020202020202020
2020202020202020202020202020202020202020
6535206630202020202020202020202020202020
2020202020202020202020202020202020202020
3366202020202020202020202020202020202020
6634202020202020202020202020202020202020
6635203863202020202020202020202020202020
2020202020202020202020202020202020202020
6332206166202020202020202020202020202020
2020202020202020202020202020202020202020
6332203930202020202020202020202020202020
2020202020202020202020202020202020202020
6432203061202020202020202020202020202020
2020202020202020202020202020202020202020
6432203863202020202020202020202020202020
2020202020202020202020202020202020202020
6432206139202020202020202020202020202020
2020202020202020202020202020202020202020
6332203839202020202020202020202020202020
2020202020202020202020202020202020202020
6432206166202020202020202020202020202020
2020202020202020202020202020202020202020
6535203464202020202020202020202020202020
2020202020202020202020202020202020202020
3230206537203032202020202020202020202020
2020202020202020202020202020202020202020
2020202020202020202020202020202020202020
3035203464202020202020202020202020202020
2020202020202020202020202020202020202020
6430206630202020202020202020202020202020
2020202020202020202020202020202020202020
6430203832202020202020202020202020202020
2020202020202020202020202020202020202020
6430203833202020202020202020202020202020
2020202020202020202020202020202020202020
6430206430202020202020202020202020202020
2020202020202020202020202020202020202020
6430206530202020202020202020202020202020
2020202020202020202020202020202020202020
3232202020202020202020202020202020202020
6330206430202020202020202020202020202020
2020202020202020202020202020202020202020
6132206233202020202020202020202020202020
2020202020202020202020202020202020202020
3732203862202020202020202020202020202020
2020202020202020202020202020202020202020
3835203263203262202020202020202020202020
2020202020202020202020202020202020202020
2020202020202020202020202020202020202020
3835203265203264202020202020202020202020
2020202020202020202020202020202020202020
2020202020202020202020202020202020202020
3430203034202020202020202020202020202020
2020202020202020202020202020202020202020
6132203131202020202020202020202020202020
2020202020202020202020202020202020202020
3431203038202020202020202020202020202020
2020202020202020202020202020202020202020
6230203131202020202020202020202020202020
2020202020202020202020202020202020202020
3430203032202020202020202020202020202020
2020202020202020202020202020202020202020
3035203262202020202020202020202020202020
2020202020202020202020202020202020202020
3932203130202020202020202020202020202020
2020202020202020202020202020202020202020
6435203262203036202020202020202020202020
2020202020202020202020202020202020202020
2020202020202020202020202020202020202020
3035203262202020202020202020202020202020
2020202020202020202020202020202020202020
3135203330202020202020202020202020202020
2020202020202020202020202020202020202020
3135203330202020202020202020202020202020
2020202020202020202020202020202020202020
3735203335203030202020202020202020202020
2020202020202020202020202020202020202020
2020202020202020202020202020202020202020
6132203133202020202020202020202020202020
2020202020202020202020202020202020202020
3932203931202020202020202020202020202020
2020202020202020202020202020202020202020
6430206430202020202020202020202020202020
2020202020202020202020202020202020202020
3332202020202020202020202020202020202020
3734203032202020202020202020202020202020
2020202020202020202020202020202020202020
3933202020202020202020202020202020202020
6635203265202020202020202020202020202020
2020202020202020202020202020202020202020
6432203133202020202020202020202020202020
2020202020202020202020202020202020202020
3734203030202020202020202020202020202020
2020202020202020202020202020202020202020
3933202020202020202020202020202020202020
6433202020202020202020202020202020202020
3935203331202020202020202020202020202020
2020202020202020202020202020202020202020
6333202020202020202020202020202020202020
3935203537202020202020202020202020202020
2020202020202020202020202020202020202020
6333202020202020202020202020202020202020
3935203266202020202020202020202020202020
2020202020202020202020202020202020202020
3530203035202020202020202020202020202020
2020202020202020202020202020202020202020
6333202020202020202020202020202020202020
6332203133202020202020202020202020202020
2020202020202020202020202020202020202020
3335203266202020202020202020202020202020
2020202020202020202020202020202020202020
6333202020202020202020202020202020202020
3133202020202020202020202020202020202020
3630206638202020202020202020202020202020
2020202020202020202020202020202020202020
6635203263202020202020202020202020202020
2020202020202020202020202020202020202020
3932203131202020202020202020202020202020
2020202020202020202020202020202020202020
3734203037202020202020202020202020202020
2020202020202020202020202020202020202020
3235203335202020202020202020202020202020
2020202020202020202020202020202020202020
3933202020202020202020202020202020202020
3235203331202020202020202020202020202020
2020202020202020202020202020202020202020
3235203537202020202020202020202020202020
2020202020202020202020202020202020202020
6635203333202020202020202020202020202020
2020202020202020202020202020202020202020
3835203266203330202020202020202020202020
2020202020202020202020202020202020202020
2020202020202020202020202020202020202020
3232202020202020202020202020202020202020
6d6f762020202020202020202020202020202020
2020202020202020202020202020202020202020
2020202020202020202020202020202020202020
3735203930206666202020202020202020202020
2020202020202020202020202020202020202020
2020202020202020202020202020202020202020
3735206230206666202020202020202020202020
2020202020202020202020202020202020202020
2020202020202020202020202020202020202020
3735203839203131202020202020202020202020
2020202020202020202020202020202020202020
2020202020202020202020202020202020202020
3735206238203032202020202020202020202020
2020202020202020202020202020202020202020
2020202020202020202020202020202020202020
3735203838203035202020202020202020202020
2020202020202020202020202020202020202020
2020202020202020202020202020202020202020
3735203938203930202020202020202020202020
2020202020202020202020202020202020202020
2020202020202020202020202020202020202020
3735203831203633202020202020202020202020
2020202020202020202020202020202020202020
2020202020202020202020202020202020202020
3930203131203630202020202020202020202020
2020202020202020202020202020202020202020
2020202020202020202020202020202020202020
3735206430203030202020202020202020202020
2020202020202020202020202020202020202020
2020202020202020202020202020202020202020
3738203634202020202020202020202020202020
2020202020202020202020202020202020202020
6534202020202020202020202020202020202020
3032203130203062202020202020202020202020
2020202020202020202020202020202020202020
2020202020202020202020202020202020202020
6636202020202020202020202020202020202020
6438206664202020202020202020202020202020
2020202020202020202020202020202020202020
3032203130203065202020202020202020202020
2020202020202020202020202020202020202020
2020202020202020202020202020202020202020
6432203163202020202020202020202020202020
2020202020202020202020202020202020202020
3738203030202020202020202020202020202020
2020202020202020202020202020202020202020
3739203430202020202020202020202020202020
2020202020202020202020202020202020202020
3132203061203035202020202020202020202020
2020202020202020202020202020202020202020
2020202020202020202020202020202020202020
6432203865202020202020202020202020202020
2020202020202020202020202020202020202020
6432206162202020202020202020202020202020
2020202020202020202020202020202020202020
6432206161202020202020202020202020202020
2020202020202020202020202020202020202020
6432203866202020202020202020202020202020
2020202020202020202020202020202020202020
3330203137206664202020202020202020202020
2020202020202020202020202020202020202020
2020202020202020202020202020202020202020
6332203137202020202020202020202020202020
2020202020202020202020202020202020202020
3330203137206664202020202020202020202020
2020202020202020202020202020202020202020
2020202020202020202020202020202020202020
6432203161202020202020202020202020202020
2020202020202020202020202020202020202020
3132203130203035202020202020202020202020
2020202020202020202020202020202020202020
2020202020202020202020202020202020202020
3734203065202020202020202020202020202020
2020202020202020202020202020202020202020
3933202020202020202020202020202020202020
6638202020202020202020202020202020202020
3531206266202020202020202020202020202020
2020202020202020202020202020202020202020
6438206663202020202020202020202020202020
2020202020202020202020202020202020202020
3032203130203137202020202020202020202020
2020202020202020202020202020202020202020
2020202020202020202020202020202020202020
6332203839202020202020202020202020202020
2020202020202020202020202020202020202020
3735206130203030202020202020202020202020
2020202020202020202020202020202020202020
2020202020202020202020202020202020202020
6632202020202020202020202020202020202020
6632202020202020202020202020202020202020
6632202020202020202020202020202020202020
6632202020202020202020202020202020202020
3734203064202020202020202020202020202020
2020202020202020202020202020202020202020
3933202020202020202020202020202020202020
6635203261202020202020202020202020202020
2020202020202020202020202020202020202020
3330203137203033202020202020202020202020
2020202020202020202020202020202020202020
2020202020202020202020202020202020202020
6332203137202020202020202020202020202020
2020202020202020202020202020202020202020
6632202020202020202020202020202020202020
3330203839206635202020202020202020202020
2020202020202020202020202020202020202020
2020202020202020202020202020202020202020
6432206138202020202020202020202020202020
2020202020202020202020202020202020202020
6332203163202020202020202020202020202020
2020202020202020202020202020202020202020
3032203130203038202020202020202020202020
2020202020202020202020202020202020202020
2020202020202020202020202020202020202020
3330206233206664202020202020202020202020
2020202020202020202020202020202020202020
2020202020202020202020202020202020202020
3230206233206664202020202020202020202020
2020202020202020202020202020202020202020
2020202020202020202020202020202020202020
3232202020202020202020202020202020202020
3735206130203030202020202020202020202020
2020202020202020202020202020202020202020
2020202020202020202020202020202020202020
6532202020202020202020202020202020202020
3761203332202020202020202020202020202020
2020202020202020202020202020202020202020
3738203130202020202020202020202020202020
2020202020202020202020202020202020202020
3762203038202020202020202020202020202020
2020202020202020202020202020202020202020
6532202020202020202020202020202020202020
6461206665202020202020202020202020202020
2020202020202020202020202020202020202020
3035206130202020202020202020202020202020
2020202020202020202020202020202020202020
6532202020202020202020202020202020202020
6636202020202020202020202020202020202020
3038202020202020202020202020202020202020
3761203332202020202020202020202020202020
2020202020202020202020202020202020202020
6532202020202020202020202020202020202020
6462206634202020202020202020202020202020
2020202020202020202020202020202020202020
6535203132202020202020202020202020202020
2020202020202020202020202020202020202020
6634202020202020202020202020202020202020
6663202020202020202020202020202020202020
3761203031202020202020202020202020202020
2020202020202020202020202020202020202020
6231203164202020202020202020202020202020
2020202020202020202020202020202020202020
6635203132202020202020202020202020202020
2020202020202020202020202020202020202020
6535203133202020202020202020202020202020
2020202020202020202020202020202020202020
6634202020202020202020202020202020202020
6663202020202020202020202020202020202020
6231203164202020202020202020202020202020
2020202020202020202020202020202020202020
6635203133202020202020202020202020202020
2020202020202020202020202020202020202020
3738203338202020202020202020202020202020
2020202020202020202020202020202020202020
3739203363202020202020202020202020202020
2020202020202020202020202020202020202020
3761203034202020202020202020202020202020
2020202020202020202020202020202020202020
3762203333202020202020202020202020202020
2020202020202020202020202020202020202020
3230203163203035202020202020202020202020
2020202020202020202020202020202020202020
2020202020202020202020202020202020202020
6536202020202020202020202020202020202020
3134202020202020202020202020202020202020
6636202020202020202020202020202020202020
3730203038202020202020202020202020202020
2020202020202020202020202020202020202020
6562202020202020202020202020202020202020
3933202020202020202020202020202020202020
6636202020202020202020202020202020202020
6537202020202020202020202020202020202020
3630203032202020202020202020202020202020
2020202020202020202020202020202020202020
3134202020202020202020202020202020202020
6637202020202020202020202020202020202020
3038202020202020202020202020202020202020
3039202020202020202020202020202020202020
3062202020202020202020202020202020202020
6461206562202020202020202020202020202020
2020202020202020202020202020202020202020
3734203138202020202020202020202020202020
2020202020202020202020202020202020202020
3933202020202020202020202020202020202020
6235203337203030202020202020202020202020
2020202020202020202020202020202020202020
2020202020202020202020202020202020202020
3430203634202020202020202020202020202020
2020202020202020202020202020202020202020
3230203163203631202020202020202020202020
2020202020202020202020202020202020202020
2020202020202020202020202020202020202020
6164203535202020202020202020202020202020
2020202020202020202020202020202020202020
6535203337202020202020202020202020202020
2020202020202020202020202020202020202020
6333202020202020202020202020202020202020
3964202020202020202020202020202020202020
3932206435202020202020202020202020202020
2020202020202020202020202020202020202020
3530203032202020202020202020202020202020
2020202020202020202020202020202020202020
6634202020202020202020202020202020202020
3034202020202020202020202020202020202020
6335206630202020202020202020202020202020
2020202020202020202020202020202020202020
3734203135202020202020202020202020202020
2020202020202020202020202020202020202020
3933202020202020202020202020202020202020
6134202020202020202020202020202020202020
6665202020202020202020202020202020202020
3230206537203034202020202020202020202020
2020202020202020202020202020202020202020
2020202020202020202020202020202020202020
6335206630202020202020202020202020202020
2020202020202020202020202020202020202020
3630203032202020202020202020202020202020
2020202020202020202020202020202020202020
3765203766202020202020202020202020202020
2020202020202020202020202020202020202020
6535203536202020202020202020202020202020
2020202020202020202020202020202020202020
3330206435203066202020202020202020202020
2020202020202020202020202020202020202020
2020202020202020202020202020202020202020
6333202020202020202020202020202020202020
3965202020202020202020202020202020202020
3530203137202020202020202020202020202020
2020202020202020202020202020202020202020
3234203830202020202020202020202020202020
2020202020202020202020202020202020202020
6264203030203032202020202020202020202020
2020202020202020202020202020202020202020
2020202020202020202020202020202020202020
3830203130202020202020202020202020202020
2020202020202020202020202020202020202020
3135203535202020202020202020202020202020
2020202020202020202020202020202020202020
3830203063202020202020202020202020202020
2020202020202020202020202020202020202020
3265202020202020202020202020202020202020
3530203039202020202020202020202020202020
2020202020202020202020202020202020202020
3234203830202020202020202020202020202020
2020202020202020202020202020202020202020
6264206666203032202020202020202020202020
2020202020202020202020202020202020202020
2020202020202020202020202020202020202020
3830203032202020202020202020202020202020
2020202020202020202020202020202020202020
3035203535202020202020202020202020202020
2020202020202020202020202020202020202020
6635203536202020202020202020202020202020
2020202020202020202020202020202020202020
3734203139202020202020202020202020202020
2020202020202020202020202020202020202020
3933202020202020202020202020202020202020
6235203439203030202020202020202020202020
2020202020202020202020202020202020202020
2020202020202020202020202020202020202020
3734203030202020202020202020202020202020
2020202020202020202020202020202020202020
3430203135202020202020202020202020202020
2020202020202020202020202020202020202020
6535203535202020202020202020202020202020
2020202020202020202020202020202020202020
6235203337203032202020202020202020202020
2020202020202020202020202020202020202020
2020202020202020202020202020202020202020
3830203037202020202020202020202020202020
2020202020202020202020202020202020202020
3430203039202020202020202020202020202020
2020202020202020202020202020202020202020
3734203136202020202020202020202020202020
2020202020202020202020202020202020202020
3933202020202020202020202020202020202020
3830203037202020202020202020202020202020
2020202020202020202020202020202020202020
3734203030202020202020202020202020202020
2020202020202020202020202020202020202020
3830203033202020202020202020202020202020
2020202020202020202020202020202020202020
3734203137202020202020202020202020202020
2020202020202020202020202020202020202020
3933202020202020202020202020202020202020
6635203537202020202020202020202020202020
2020202020202020202020202020202020202020
3830203039202020202020202020202020202020
2020202020202020202020202020202020202020
3835203337203535202020202020202020202020
2020202020202020202020202020202020202020
2020202020202020202020202020202020202020
3735203536203830202020202020202020202020
2020202020202020202020202020202020202020
2020202020202020202020202020202020202020
3735203537203030202020202020202020202020
2020202020202020202020202020202020202020
2020202020202020202020202020202020202020
3330203161203233202020202020202020202020
2020202020202020202020202020202020202020
2020202020202020202020202020202020202020
3764203030202020202020202020202020202020
2020202020202020202020202020202020202020
3734203132202020202020202020202020202020
2020202020202020202020202020202020202020
3933202020202020202020202020202020202020
6635203439202020202020202020202020202020
2020202020202020202020202020202020202020
3735206630203139202020202020202020202020
2020202020202020202020202020202020202020
2020202020202020202020202020202020202020
6134202020202020202020202020202020202020
6665202020202020202020202020202020202020
6166206630202020202020202020202020202020
2020202020202020202020202020202020202020
3734203031202020202020202020202020202020
2020202020202020202020202020202020202020
3933202020202020202020202020202020202020
3835203439206630202020202020202020202020
2020202020202020202020202020202020202020
2020202020202020202020202020202020202020
6134202020202020202020202020202020202020
3735206630203139202020202020202020202020
2020202020202020202020202020202020202020
2020202020202020202020202020202020202020
6134202020202020202020202020202020202020
3835206630203436202020202020202020202020
2020202020202020202020202020202020202020
2020202020202020202020202020202020202020
6635203437202020202020202020202020202020
2020202020202020202020202020202020202020
3735203438203030202020202020202020202020
2020202020202020202020202020202020202020
2020202020202020202020202020202020202020
3831203035202020202020202020202020202020
2020202020202020202020202020202020202020
6162203337202020202020202020202020202020
2020202020202020202020202020202020202020
3734203332202020202020202020202020202020
2020202020202020202020202020202020202020
3862206630202020202020202020202020202020
2020202020202020202020202020202020202020
3834202020202020202020202020202020202020
6666202020202020202020202020202020202020
3931206561202020202020202020202020202020
2020202020202020202020202020202020202020
6665202020202020202020202020202020202020
6535203130202020202020202020202020202020
2020202020202020202020202020202020202020
3735206630203230202020202020202020202020
2020202020202020202020202020202020202020
2020202020202020202020202020202020202020
3834202020202020202020202020202020202020
6661202020202020202020202020202020202020
6162206630202020202020202020202020202020
2020202020202020202020202020202020202020
3930203130206634202020202020202020202020
2020202020202020202020202020202020202020
2020202020202020202020202020202020202020
3933202020202020202020202020202020202020
3931206439202020202020202020202020202020
2020202020202020202020202020202020202020
3930203130206663202020202020202020202020
2020202020202020202020202020202020202020
2020202020202020202020202020202020202020
6561202020202020202020202020202020202020
3933202020202020202020202020202020202020
6231203039202020202020202020202020202020
2020202020202020202020202020202020202020
3930203131203034202020202020202020202020
2020202020202020202020202020202020202020
2020202020202020202020202020202020202020
6562202020202020202020202020202020202020
3933202020202020202020202020202020202020
3931206439202020202020202020202020202020
2020202020202020202020202020202020202020
3930203131203630202020202020202020202020
2020202020202020202020202020202020202020
2020202020202020202020202020202020202020
3734203133202020202020202020202020202020
2020202020202020202020202020202020202020
3931203364202020202020202020202020202020
2020202020202020202020202020202020202020
3734203134202020202020202020202020202020
2020202020202020202020202020202020202020
3931203366202020202020202020202020202020
2020202020202020202020202020202020202020
6565202020202020202020202020202020202020
6662202020202020202020202020202020202020
6566202020202020202020202020202020202020
6663202020202020202020202020202020202020
3761203162202020202020202020202020202020
2020202020202020202020202020202020202020
3132203035203164202020202020202020202020
2020202020202020202020202020202020202020
2020202020202020202020202020202020202020
6664202020202020202020202020202020202020
6161203436202020202020202020202020202020
2020202020202020202020202020202020202020
6139203437202020202020202020202020202020
2020202020202020202020202020202020202020
6138203438202020202020202020202020202020
2020202020202020202020202020202020202020
3132203035206661202020202020202020202020
2020202020202020202020202020202020202020
2020202020202020202020202020202020202020
3861203436202020202020202020202020202020
2020202020202020202020202020202020202020
3839203437202020202020202020202020202020
2020202020202020202020202020202020202020
3838203438202020202020202020202020202020
2020202020202020202020202020202020202020
6166203436202020202020202020202020202020
2020202020202020202020202020202020202020
6165203437202020202020202020202020202020
2020202020202020202020202020202020202020
3734206134202020202020202020202020202020
2020202020202020202020202020202020202020
3931206439202020202020202020202020202020
2020202020202020202020202020202020202020
3734203034202020202020202020202020202020
2020202020202020202020202020202020202020
6231203039202020202020202020202020202020
2020202020202020202020202020202020202020
3866203439202020202020202020202020202020
2020202020202020202020202020202020202020
6166203436202020202020202020202020202020
2020202020202020202020202020202020202020
6165203437202020202020202020202020202020
2020202020202020202020202020202020202020
3032203130203332202020202020202020202020
2020202020202020202020202020202020202020
2020202020202020202020202020202020202020
6330203530202020202020202020202020202020
2020202020202020202020202020202020202020
3032203130203335202020202020202020202020
2020202020202020202020202020202020202020
2020202020202020202020202020202020202020
6138203465202020202020202020202020202020
2020202020202020202020202020202020202020
6139203466202020202020202020202020202020
2020202020202020202020202020202020202020
3931203535202020202020202020202020202020
2020202020202020202020202020202020202020
6535203530202020202020202020202020202020
2020202020202020202020202020202020202020
6231203039202020202020202020202020202020
2020202020202020202020202020202020202020
6430203530202020202020202020202020202020
2020202020202020202020202020202020202020
3132203130203338202020202020202020202020
2020202020202020202020202020202020202020
2020202020202020202020202020202020202020
3761203161202020202020202020202020202020
2020202020202020202020202020202020202020
6231203164202020202020202020202020202020
2020202020202020202020202020202020202020
6635203534202020202020202020202020202020
2020202020202020202020202020202020202020
6332206166202020202020202020202020202020
2020202020202020202020202020202020202020
3866203462202020202020202020202020202020
2020202020202020202020202020202020202020
3865203461202020202020202020202020202020
2020202020202020202020202020202020202020
6332203839202020202020202020202020202020
2020202020202020202020202020202020202020
6432206166202020202020202020202020202020
2020202020202020202020202020202020202020
3132203130203362202020202020202020202020
2020202020202020202020202020202020202020
2020202020202020202020202020202020202020
3330203165203038202020202020202020202020
2020202020202020202020202020202020202020
2020202020202020202020202020202020202020
3739203530202020202020202020202020202020
2020202020202020202020202020202020202020
6432206163202020202020202020202020202020
2020202020202020202020202020202020202020
6439206663202020202020202020202020202020
2020202020202020202020202020202020202020
6332206163202020202020202020202020202020
2020202020202020202020202020202020202020
3032203130203365202020202020202020202020
2020202020202020202020202020202020202020
2020202020202020202020202020202020202020
6432206435202020202020202020202020202020
2020202020202020202020202020202020202020
3933202020202020202020202020202020202020
3735206630203139202020202020202020202020
2020202020202020202020202020202020202020
2020202020202020202020202020202020202020
6134202020202020202020202020202020202020
6662202020202020202020202020202020202020
3965202020202020202020202020202020202020
6535206630202020202020202020202020202020
2020202020202020202020202020202020202020
3966202020202020202020202020202020202020
3130206435203031202020202020202020202020
2020202020202020202020202020202020202020
2020202020202020202020202020202020202020
6233202020202020202020202020202020202020
3530203035202020202020202020202020202020
2020202020202020202020202020202020202020
6562202020202020202020202020202020202020
6665202020202020202020202020202020202020
6535206630202020202020202020202020202020
2020202020202020202020202020202020202020
6666202020202020202020202020202020202020
3232202020202020202020202020202020202020
6538202020202020202020202020202020202020
3865206630202020202020202020202020202020
2020202020202020202020202020202020202020
6134202020202020202020202020202020202020
6164206630202020202020202020202020202020
2020202020202020202020202020202020202020
6539202020202020202020202020202020202020
3865206630202020202020202020202020202020
2020202020202020202020202020202020202020
6134202020202020202020202020202020202020
3264202020202020202020202020202020202020
6664202020202020202020202020202020202020
6534202020202020202020202020202020202020
3335206630202020202020202020202020202020
2020202020202020202020202020202020202020
6665202020202020202020202020202020202020
6538202020202020202020202020202020202020
3866206630202020202020202020202020202020
2020202020202020202020202020202020202020
6134202020202020202020202020202020202020
3264202020202020202020202020202020202020
6664202020202020202020202020202020202020
6565202020202020202020202020202020202020
3335206630202020202020202020202020202020
2020202020202020202020202020202020202020
6665202020202020202020202020202020202020
6534202020202020202020202020202020202020
3333202020202020202020202020202020202020
6366202020202020202020202020202020202020
6635206630202020202020202020202020202020
2020202020202020202020202020202020202020
6539202020202020202020202020202020202020
6134202020202020202020202020202020202020
3265202020202020202020202020202020202020
6665202020202020202020202020202020202020
6566202020202020202020202020202020202020
3335206630202020202020202020202020202020
2020202020202020202020202020202020202020
6666202020202020202020202020202020202020
3232202020202020202020202020202020202020
3230203161203439202020202020202020202020
2020202020202020202020202020202020202020
2020202020202020202020202020202020202020
3230203138203436202020202020202020202020
2020202020202020202020202020202020202020
2020202020202020202020202020202020202020
6333202020202020202020202020202020202020
6535203130202020202020202020202020202020
2020202020202020202020202020202020202020
3935203533202020202020202020202020202020
2020202020202020202020202020202020202020
3430203366202020202020202020202020202020
2020202020202020202020202020202020202020
6635203033202020202020202020202020202020
2020202020202020202020202020202020202020
3734203337202020202020202020202020202020
2020202020202020202020202020202020202020
3933202020202020202020202020202020202020
6333202020202020202020202020202020202020
3935203337202020202020202020202020202020
2020202020202020202020202020202020202020
3530203035202020202020202020202020202020
2020202020202020202020202020202020202020
3735206630203030202020202020202020202020
2020202020202020202020202020202020202020
2020202020202020202020202020202020202020
3831206134202020202020202020202020202020
2020202020202020202020202020202020202020
3761203163202020202020202020202020202020
2020202020202020202020202020202020202020
3132203035203164202020202020202020202020
2020202020202020202020202020202020202020
2020202020202020202020202020202020202020
6635206630202020202020202020202020202020
2020202020202020202020202020202020202020
3132203035203164202020202020202020202020
2020202020202020202020202020202020202020
2020202020202020202020202020202020202020
6134202020202020202020202020202020202020
3230203066203033202020202020202020202020
2020202020202020202020202020202020202020
2020202020202020202020202020202020202020
3835206630203463202020202020202020202020
2020202020202020202020202020202020202020
2020202020202020202020202020202020202020
3761203165202020202020202020202020202020
2020202020202020202020202020202020202020
3132203035203164202020202020202020202020
2020202020202020202020202020202020202020
2020202020202020202020202020202020202020
3630203138202020202020202020202020202020
2020202020202020202020202020202020202020
6635206630202020202020202020202020202020
2020202020202020202020202020202020202020
6535203463202020202020202020202020202020
2020202020202020202020202020202020202020
3630203032202020202020202020202020202020
2020202020202020202020202020202020202020
6432203066202020202020202020202020202020
2020202020202020202020202020202020202020
3132203035203164202020202020202020202020
2020202020202020202020202020202020202020
2020202020202020202020202020202020202020
6134202020202020202020202020202020202020
6231203164202020202020202020202020202020
2020202020202020202020202020202020202020
6134202020202020202020202020202020202020
6535206630202020202020202020202020202020
2020202020202020202020202020202020202020
6235203364203030202020202020202020202020
2020202020202020202020202020202020202020
2020202020202020202020202020202020202020
3430203032202020202020202020202020202020
2020202020202020202020202020202020202020
6635203364202020202020202020202020202020
2020202020202020202020202020202020202020
3835203532203533202020202020202020202020
2020202020202020202020202020202020202020
2020202020202020202020202020202020202020
3835203531203532202020202020202020202020
2020202020202020202020202020202020202020
2020202020202020202020202020202020202020
3835203130203531202020202020202020202020
2020202020202020202020202020202020202020
2020202020202020202020202020202020202020
6535203364202020202020202020202020202020
2020202020202020202020202020202020202020
3132203038203764202020202020202020202020
2020202020202020202020202020202020202020
2020202020202020202020202020202020202020
3831203064202020202020202020202020202020
2020202020202020202020202020202020202020
6664202020202020202020202020202020202020
3865206630202020202020202020202020202020
2020202020202020202020202020202020202020
6134202020202020202020202020202020202020
6165206630202020202020202020202020202020
2020202020202020202020202020202020202020
6364202020202020202020202020202020202020
3866206630202020202020202020202020202020
2020202020202020202020202020202020202020
6134202020202020202020202020202020202020
3265202020202020202020202020202020202020
6665202020202020202020202020202020202020
6534202020202020202020202020202020202020
3335206630202020202020202020202020202020
2020202020202020202020202020202020202020
6666202020202020202020202020202020202020
3232202020202020202020202020202020202020
6534202020202020202020202020202020202020
3763203038202020202020202020202020202020
2020202020202020202020202020202020202020
6333202020202020202020202020202020202020
3333202020202020202020202020202020202020
6335206630202020202020202020202020202020
2020202020202020202020202020202020202020
3333202020202020202020202020202020202020
3130206437203062202020202020202020202020
2020202020202020202020202020202020202020
2020202020202020202020202020202020202020
3962202020202020202020202020202020202020
3530203031202020202020202020202020202020
2020202020202020202020202020202020202020
3262202020202020202020202020202020202020
6335206630202020202020202020202020202020
2020202020202020202020202020202020202020
6463206631202020202020202020202020202020
2020202020202020202020202020202020202020
3333202020202020202020202020202020202020
6634202020202020202020202020202020202020
3232202020202020202020202020202020202020
3962202020202020202020202020202020202020
6333202020202020202020202020202020202020
6335206630202020202020202020202020202020
2020202020202020202020202020202020202020
6463206538202020202020202020202020202020
2020202020202020202020202020202020202020
3333202020202020202020202020202020202020
6634202020202020202020202020202020202020
3232202020202020202020202020202020202020
3630203035202020202020202020202020202020
2020202020202020202020202020202020202020
6366202020202020202020202020202020202020
3330206537203032202020202020202020202020
2020202020202020202020202020202020202020
2020202020202020202020202020202020202020
6366202020202020202020202020202020202020
3232202020202020202020202020202020202020
6333202020202020202020202020202020202020
6364202020202020202020202020202020202020
3333202020202020202020202020202020202020
6364202020202020202020202020202020202020
6365202020202020202020202020202020202020
3333202020202020202020202020202020202020
6365202020202020202020202020202020202020
3333202020202020202020202020202020202020
6366202020202020202020202020202020202020
3134202020202020202020202020202020202020
6131203039202020202020202020202020202020
2020202020202020202020202020202020202020
6330206630202020202020202020202020202020
2020202020202020202020202020202020202020
3930203130203930202020202020202020202020
2020202020202020202020202020202020202020
2020202020202020202020202020202020202020
6561202020202020202020202020202020202020
3061202020202020202020202020202020202020
6432206433202020202020202020202020202020
2020202020202020202020202020202020202020
3933202020202020202020202020202020202020
6234206666203034202020202020202020202020
2020202020202020202020202020202020202020
2020202020202020202020202020202020202020
6432203261202020202020202020202020202020
2020202020202020202020202020202020202020
6131203730202020202020202020202020202020
2020202020202020202020202020202020202020
6332203261202020202020202020202020202020
2020202020202020202020202020202020202020
6132206530202020202020202020202020202020
2020202020202020202020202020202020202020
6332206530202020202020202020202020202020
2020202020202020202020202020202020202020
3930203131206530202020202020202020202020
2020202020202020202020202020202020202020
2020202020202020202020202020202020202020
6666202020202020202020202020202020202020
3066202020202020202020202020202020202020
3933202020202020202020202020202020202020
6366202020202020202020202020202020202020
3933202020202020202020202020202020202020
6635203832202020202020202020202020202020
2020202020202020202020202020202020202020
3866203833202020202020202020202020202020
2020202020202020202020202020202020202020
3430203036202020202020202020202020202020
2020202020202020202020202020202020202020
6231203738202020202020202020202020202020
2020202020202020202020202020202020202020
6231206131202020202020202020202020202020
2020202020202020202020202020202020202020
6131203730202020202020202020202020202020
2020202020202020202020202020202020202020
6231203738202020202020202020202020202020
2020202020202020202020202020202020202020
3839206630202020202020202020202020202020
2020202020202020202020202020202020202020
6538202020202020202020202020202020202020
6665202020202020202020202020202020202020
6562202020202020202020202020202020202020
6666202020202020202020202020202020202020
6231203738202020202020202020202020202020
2020202020202020202020202020202020202020
6561202020202020202020202020202020202020
6134202020202020202020202020202020202020
3239202020202020202020202020202020202020
6639202020202020202020202020202020202020
6566202020202020202020202020202020202020
3630203032202020202020202020202020202020
2020202020202020202020202020202020202020
6231206131202020202020202020202020202020
2020202020202020202020202020202020202020
6361202020202020202020202020202020202020
6634202020202020202020202020202020202020
3034202020202020202020202020202020202020
3239202020202020202020202020202020202020
6639202020202020202020202020202020202020
6231206131202020202020202020202020202020
2020202020202020202020202020202020202020
6366202020202020202020202020202020202020
3730203033202020202020202020202020202020
2020202020202020202020202020202020202020
6366202020202020202020202020202020202020
6131203730202020202020202020202020202020
2020202020202020202020202020202020202020
6662202020202020202020202020202020202020
3865206630202020202020202020202020202020
2020202020202020202020202020202020202020
6366202020202020202020202020202020202020
6664202020202020202020202020202020202020
6561202020202020202020202020202020202020
6231206230202020202020202020202020202020
2020202020202020202020202020202020202020
6332206433202020202020202020202020202020
2020202020202020202020202020202020202020
6430206630202020202020202020202020202020
2020202020202020202020202020202020202020
3930203131203630202020202020202020202020
2020202020202020202020202020202020202020
2020202020202020202020202020202020202020
3232202020202020202020202020202020202020
6534202020202020202020202020202020202020
3933202020202020202020202020202020202020
6638202020202020202020202020202020202020
6133202020202020202020202020202020202020
6534202020202020202020202020202020202020
3933202020202020202020202020202020202020
6661202020202020202020202020202020202020
6639202020202020202020202020202020202020
6536202020202020202020202020202020202020
6638202020202020202020202020202020202020
6539202020202020202020202020202020202020
3933202020202020202020202020202020202020
3238202020202020202020202020202020202020
6638202020202020202020202020202020202020
3430203036202020202020202020202020202020
2020202020202020202020202020202020202020
6439206638202020202020202020202020202020
2020202020202020202020202020202020202020
3039202020202020202020202020202020202020
6534202020202020202020202020202020202020
6131203934202020202020202020202020202020
2020202020202020202020202020202020202020
6539202020202020202020202020202020202020
3661202020202020202020202020202020202020
3630203032202020202020202020202020202020
2020202020202020202020202020202020202020
6539202020202020202020202020202020202020
3933202020202020202020202020202020202020
6662202020202020202020202020202020202020
6133202020202020202020202020202020202020
6561202020202020202020202020202020202020
3235203832202020202020202020202020202020
2020202020202020202020202020202020202020
6635203832202020202020202020202020202020
2020202020202020202020202020202020202020
6534202020202020202020202020202020202020
3335203833202020202020202020202020202020
2020202020202020202020202020202020202020
6635203833202020202020202020202020202020
2020202020202020202020202020202020202020
3232202020202020202020202020202020202020
6562202020202020202020202020202020202020
3730203034202020202020202020202020202020
2020202020202020202020202020202020202020
6539202020202020202020202020202020202020
3134202020202020202020202020202020202020
3933202020202020202020202020202020202020
3232202020202020202020202020202020202020
3838206630202020202020202020202020202020
2020202020202020202020202020202020202020
6539202020202020202020202020202020202020
3134202020202020202020202020202020202020
3933202020202020202020202020202020202020
6664202020202020202020202020202020202020
6539202020202020202020202020202020202020
3933202020202020202020202020202020202020
6333202020202020202020202020202020202020
3964202020202020202020202020202020202020
3932206435202020202020202020202020202020
2020202020202020202020202020202020202020
3530203032202020202020202020202020202020
2020202020202020202020202020202020202020
6634202020202020202020202020202020202020
3034202020202020202020202020202020202020
6134202020202020202020202020202020202020
6131206461202020202020202020202020202020
2020202020202020202020202020202020202020
6335206630202020202020202020202020202020
2020202020202020202020202020202020202020
6333202020202020202020202020202020202020
3333202020202020202020202020202020202020
3430203032202020202020202020202020202020
2020202020202020202020202020202020202020
3962202020202020202020202020202020202020
6233202020202020202020202020202020202020
6534202020202020202020202020202020202020
3335206630202020202020202020202020202020
2020202020202020202020202020202020202020
3330206435203032202020202020202020202020
2020202020202020202020202020202020202020
2020202020202020202020202020202020202020
6634202020202020202020202020202020202020
3034202020202020202020202020202020202020
3264202020202020202020202020202020202020
3232202020202020202020202020202020202020
6432206433202020202020202020202020202020
2020202020202020202020202020202020202020
6231203738202020202020202020202020202020
2020202020202020202020202020202020202020
3139202020202020202020202020202020202020
6539202020202020202020202020202020202020
3933202020202020202020202020202020202020
3930203131203630202020202020202020202020
2020202020202020202020202020202020202020
2020202020202020202020202020202020202020
6332206433202020202020202020202020202020
2020202020202020202020202020202020202020
3232202020202020202020202020202020202020
3763203038202020202020202020202020202020
2020202020202020202020202020202020202020
6333202020202020202020202020202020202020
3333202020202020202020202020202020202020
6335206630202020202020202020202020202020
2020202020202020202020202020202020202020
3333202020202020202020202020202020202020
3130206437203063202020202020202020202020
2020202020202020202020202020202020202020
2020202020202020202020202020202020202020
3962202020202020202020202020202020202020
3530203031202020202020202020202020202020
2020202020202020202020202020202020202020
3262202020202020202020202020202020202020
6335206630202020202020202020202020202020
2020202020202020202020202020202020202020
6463206631202020202020202020202020202020
2020202020202020202020202020202020202020
3333202020202020202020202020202020202020
6634202020202020202020202020202020202020
6131206262202020202020202020202020202020
2020202020202020202020202020202020202020
3962202020202020202020202020202020202020
6333202020202020202020202020202020202020
6335206630202020202020202020202020202020
2020202020202020202020202020202020202020
6463206537202020202020202020202020202020
2020202020202020202020202020202020202020
3333202020202020202020202020202020202020
6634202020202020202020202020202020202020
6131206262202020202020202020202020202020
2020202020202020202020202020202020202020
6562202020202020202020202020202020202020
6333202020202020202020202020202020202020
3939202020202020202020202020202020202020
6665202020202020202020202020202020202020
6563202020202020202020202020202020202020
3961202020202020202020202020202020202020
6666202020202020202020202020202020202020
3730203034202020202020202020202020202020
2020202020202020202020202020202020202020
6565202020202020202020202020202020202020
3730203031202020202020202020202020202020
2020202020202020202020202020202020202020
6638202020202020202020202020202020202020
3430203130202020202020202020202020202020
2020202020202020202020202020202020202020
6564202020202020202020202020202020202020
3931206439202020202020202020202020202020
2020202020202020202020202020202020202020
6333202020202020202020202020202020202020
6564202020202020202020202020202020202020
3238202020202020202020202020202020202020
6638202020202020202020202020202020202020
6565202020202020202020202020202020202020
3339202020202020202020202020202020202020
6639202020202020202020202020202020202020
6566202020202020202020202020202020202020
3361202020202020202020202020202020202020
6661202020202020202020202020202020202020
3032203036203331202020202020202020202020
2020202020202020202020202020202020202020
2020202020202020202020202020202020202020
6333202020202020202020202020202020202020
6565202020202020202020202020202020202020
6634202020202020202020202020202020202020
3234203031202020202020202020202020202020
2020202020202020202020202020202020202020
6665202020202020202020202020202020202020
6566202020202020202020202020202020202020
6634202020202020202020202020202020202020
3334203030202020202020202020202020202020
2020202020202020202020202020202020202020
6666202020202020202020202020202020202020
6564202020202020202020202020202020202020
3931206439202020202020202020202020202020
2020202020202020202020202020202020202020
6333202020202020202020202020202020202020
6538202020202020202020202020202020202020
3964202020202020202020202020202020202020
6638202020202020202020202020202020202020
6539202020202020202020202020202020202020
3965202020202020202020202020202020202020
6639202020202020202020202020202020202020
6561202020202020202020202020202020202020
3966202020202020202020202020202020202020
6661202020202020202020202020202020202020
3232202020202020202020202020202020202020
6534202020202020202020202020202020202020
6132203936202020202020202020202020202020
2020202020202020202020202020202020202020
3333202020202020202020202020202020202020
3830203031202020202020202020202020202020
2020202020202020202020202020202020202020
6534202020202020202020202020202020202020
6132206234202020202020202020202020202020
2020202020202020202020202020202020202020
3333202020202020202020202020202020202020
3261202020202020202020202020202020202020
6661202020202020202020202020202020202020
3232202020202020202020202020202020202020
6431203431202020202020202020202020202020
2020202020202020202020202020202020202020
3734203066202020202020202020202020202020
2020202020202020202020202020202020202020
3933202020202020202020202020202020202020
3738203030202020202020202020202020202020
2020202020202020202020202020202020202020
6639202020202020202020202020202020202020
6431203532202020202020202020202020202020
2020202020202020202020202020202020202020
3330206233206662202020202020202020202020
2020202020202020202020202020202020202020
2020202020202020202020202020202020202020
6431203532202020202020202020202020202020
2020202020202020202020202020202020202020
3230206233206662202020202020202020202020
2020202020202020202020202020202020202020
2020202020202020202020202020202020202020
3232202020202020202020202020202020202020
6438203034202020202020202020202020202020
2020202020202020202020202020202020202020
6439203032202020202020202020202020202020
2020202020202020202020202020202020202020
3431203465202020202020202020202020202020
2020202020202020202020202020202020202020
3232202020202020202020202020202020202020
3930203131203234202020202020202020202020
2020202020202020202020202020202020202020
2020202020202020202020202020202020202020
6231206364202020202020202020202020202020
2020202020202020202020202020202020202020
3133202020202020202020202020202020202020
3932203139202020202020202020202020202020
2020202020202020202020202020202020202020
3133202020202020202020202020202020202020
3932203138202020202020202020202020202020
2020202020202020202020202020202020202020
3032203130203437202020202020202020202020
2020202020202020202020202020202020202020
2020202020202020202020202020202020202020
6535203135202020202020202020202020202020
2020202020202020202020202020202020202020
6234203830203030202020202020202020202020
2020202020202020202020202020202020202020
2020202020202020202020202020202020202020
6233202020202020202020202020202020202020
3932203162202020202020202020202020202020
2020202020202020202020202020202020202020
6535203134202020202020202020202020202020
2020202020202020202020202020202020202020
6234203830203030202020202020202020202020
2020202020202020202020202020202020202020
2020202020202020202020202020202020202020
6233202020202020202020202020202020202020
3932203265202020202020202020202020202020
2020202020202020202020202020202020202020
3734203130202020202020202020202020202020
2020202020202020202020202020202020202020
3933202020202020202020202020202020202020
6333202020202020202020202020202020202020
3935203337202020202020202020202020202020
2020202020202020202020202020202020202020
3530203061202020202020202020202020202020
2020202020202020202020202020202020202020
3761203033202020202020202020202020202020
2020202020202020202020202020202020202020
6231203164202020202020202020202020202020
2020202020202020202020202020202020202020
6333202020202020202020202020202020202020
3935203337202020202020202020202020202020
2020202020202020202020202020202020202020
3430203034202020202020202020202020202020
2020202020202020202020202020202020202020
3232202020202020202020202020202020202020
6432203161202020202020202020202020202020
2020202020202020202020202020202020202020
3232202020202020202020202020202020202020
6332203161202020202020202020202020202020
2020202020202020202020202020202020202020
3232202020202020202020202020202020202020
3764203030202020202020202020202020202020
2020202020202020202020202020202020202020
6333202020202020202020202020202020202020
3330203161203036202020202020202020202020
2020202020202020202020202020202020202020
2020202020202020202020202020202020202020
3761203034202020202020202020202020202020
2020202020202020202020202020202020202020
6631206161202020202020202020202020202020
2020202020202020202020202020202020202020
6331206531202020202020202020202020202020
2020202020202020202020202020202020202020
3330203138203038202020202020202020202020
2020202020202020202020202020202020202020
2020202020202020202020202020202020202020
3761203037202020202020202020202020202020
2020202020202020202020202020202020202020
6631206161202020202020202020202020202020
2020202020202020202020202020202020202020
6431203338202020202020202020202020202020
2020202020202020202020202020202020202020
6331206461202020202020202020202020202020
2020202020202020202020202020202020202020
3330203139203038202020202020202020202020
2020202020202020202020202020202020202020
2020202020202020202020202020202020202020
3761203062202020202020202020202020202020
2020202020202020202020202020202020202020
6631206161202020202020202020202020202020
2020202020202020202020202020202020202020
6431203338202020202020202020202020202020
2020202020202020202020202020202020202020
6331206335202020202020202020202020202020
2020202020202020202020202020202020202020
3761203131202020202020202020202020202020
2020202020202020202020202020202020202020
3734203230202020202020202020202020202020
2020202020202020202020202020202020202020
3933202020202020202020202020202020202020
3935203439202020202020202020202020202020
2020202020202020202020202020202020202020
3430203036202020202020202020202020202020
2020202020202020202020202020202020202020
6631206161202020202020202020202020202020
2020202020202020202020202020202020202020
6431203332202020202020202020202020202020
2020202020202020202020202020202020202020
6331206461202020202020202020202020202020
2020202020202020202020202020202020202020
3161202020202020202020202020202020202020
6631206161202020202020202020202020202020
2020202020202020202020202020202020202020
6431203332202020202020202020202020202020
2020202020202020202020202020202020202020
3930203131203265202020202020202020202020
2020202020202020202020202020202020202020
2020202020202020202020202020202020202020
6231206364202020202020202020202020202020
2020202020202020202020202020202020202020
3330206532203064202020202020202020202020
2020202020202020202020202020202020202020
2020202020202020202020202020202020202020
3734203231202020202020202020202020202020
2020202020202020202020202020202020202020
3933202020202020202020202020202020202020
6333202020202020202020202020202020202020
3935203337202020202020202020202020202020
2020202020202020202020202020202020202020
3530203035202020202020202020202020202020
2020202020202020202020202020202020202020
3734203232202020202020202020202020202020
2020202020202020202020202020202020202020
3933202020202020202020202020202020202020
3264202020202020202020202020202020202020
6664202020202020202020202020202020202020
6231203164202020202020202020202020202020
2020202020202020202020202020202020202020
3264202020202020202020202020202020202020
6333202020202020202020202020202020202020
3934203134202020202020202020202020202020
2020202020202020202020202020202020202020
6664202020202020202020202020202020202020
3032203130203461202020202020202020202020
2020202020202020202020202020202020202020
2020202020202020202020202020202020202020
3761203137202020202020202020202020202020
2020202020202020202020202020202020202020
6231203164202020202020202020202020202020
2020202020202020202020202020202020202020
3264202020202020202020202020202020202020
6333202020202020202020202020202020202020
3934203134202020202020202020202020202020
2020202020202020202020202020202020202020
6664202020202020202020202020202020202020
6638202020202020202020202020202020202020
6132206537202020202020202020202020202020
2020202020202020202020202020202020202020
3734203233202020202020202020202020202020
2020202020202020202020202020202020202020
3530203031202020202020202020202020202020
2020202020202020202020202020202020202020
3034202020202020202020202020202020202020
3933202020202020202020202020202020202020
6639202020202020202020202020202020202020
3530203031202020202020202020202020202020
2020202020202020202020202020202020202020
6338202020202020202020202020202020202020
6333202020202020202020202020202020202020
3938202020202020202020202020202020202020
3530203032202020202020202020202020202020
2020202020202020202020202020202020202020
6539202020202020202020202020202020202020
6664202020202020202020202020202020202020
6564202020202020202020202020202020202020
6132206537202020202020202020202020202020
2020202020202020202020202020202020202020
3133202020202020202020202020202020202020
6664202020202020202020202020202020202020
3032203130203464202020202020202020202020
2020202020202020202020202020202020202020
2020202020202020202020202020202020202020
3230203161203635202020202020202020202020
2020202020202020202020202020202020202020
2020202020202020202020202020202020202020
3330203138203234202020202020202020202020
2020202020202020202020202020202020202020
2020202020202020202020202020202020202020
3761203139202020202020202020202020202020
2020202020202020202020202020202020202020
6231203164202020202020202020202020202020
2020202020202020202020202020202020202020
6333202020202020202020202020202020202020
3935203337202020202020202020202020202020
2020202020202020202020202020202020202020
3530203237202020202020202020202020202020
2020202020202020202020202020202020202020
6662202020202020202020202020202020202020
3734203332202020202020202020202020202020
2020202020202020202020202020202020202020
3230203065203032202020202020202020202020
2020202020202020202020202020202020202020
2020202020202020202020202020202020202020
3734203331202020202020202020202020202020
2020202020202020202020202020202020202020
3933202020202020202020202020202020202020
3262202020202020202020202020202020202020
3430203464202020202020202020202020202020
2020202020202020202020202020202020202020
6432203135202020202020202020202020202020
2020202020202020202020202020202020202020
6564202020202020202020202020202020202020
6235203331203437202020202020202020202020
2020202020202020202020202020202020202020
2020202020202020202020202020202020202020
6432203164202020202020202020202020202020
2020202020202020202020202020202020202020
6332203135202020202020202020202020202020
2020202020202020202020202020202020202020
6635203332202020202020202020202020202020
2020202020202020202020202020202020202020
6635203331202020202020202020202020202020
2020202020202020202020202020202020202020
3232202020202020202020202020202020202020
6332203065202020202020202020202020202020
2020202020202020202020202020202020202020
6332203135202020202020202020202020202020
2020202020202020202020202020202020202020
3330203164203337202020202020202020202020
2020202020202020202020202020202020202020
2020202020202020202020202020202020202020
3734203266202020202020202020202020202020
2020202020202020202020202020202020202020
3933202020202020202020202020202020202020
6531203438202020202020202020202020202020
2020202020202020202020202020202020202020
6332203135202020202020202020202020202020
2020202020202020202020202020202020202020
3330203164203264202020202020202020202020
2020202020202020202020202020202020202020
2020202020202020202020202020202020202020
6432203065202020202020202020202020202020
2020202020202020202020202020202020202020
3734203330202020202020202020202020202020
2020202020202020202020202020202020202020
3933202020202020202020202020202020202020
3235203331202020202020202020202020202020
2020202020202020202020202020202020202020
6635203331202020202020202020202020202020
2020202020202020202020202020202020202020
3864203332202020202020202020202020202020
2020202020202020202020202020202020202020
6333202020202020202020202020202020202020
6564202020202020202020202020202020202020
3935203331202020202020202020202020202020
2020202020202020202020202020202020202020
3330206537203063202020202020202020202020
2020202020202020202020202020202020202020
2020202020202020202020202020202020202020
3735203334203031202020202020202020202020
2020202020202020202020202020202020202020
2020202020202020202020202020202020202020
3735203464203030202020202020202020202020
2020202020202020202020202020202020202020
2020202020202020202020202020202020202020
6432203064202020202020202020202020202020
2020202020202020202020202020202020202020
6332203164202020202020202020202020202020
2020202020202020202020202020202020202020
6531203730202020202020202020202020202020
2020202020202020202020202020202020202020
3734203264202020202020202020202020202020
2020202020202020202020202020202020202020
3933202020202020202020202020202020202020
6635203334202020202020202020202020202020
2020202020202020202020202020202020202020
6432203136202020202020202020202020202020
2020202020202020202020202020202020202020
3735203464203030202020202020202020202020
2020202020202020202020202020202020202020
2020202020202020202020202020202020202020
6432203064202020202020202020202020202020
2020202020202020202020202020202020202020
6332203164202020202020202020202020202020
2020202020202020202020202020202020202020
3232202020202020202020202020202020202020
6333202020202020202020202020202020202020
3734203235202020202020202020202020202020
2020202020202020202020202020202020202020
3933202020202020202020202020202020202020
3935203439202020202020202020202020202020
2020202020202020202020202020202020202020
3430203036202020202020202020202020202020
2020202020202020202020202020202020202020
3734203236202020202020202020202020202020
2020202020202020202020202020202020202020
3933202020202020202020202020202020202020
3935203337202020202020202020202020202020
2020202020202020202020202020202020202020
6233202020202020202020202020202020202020
3330203134203031202020202020202020202020
2020202020202020202020202020202020202020
2020202020202020202020202020202020202020
6233202020202020202020202020202020202020
3530203062202020202020202020202020202020
2020202020202020202020202020202020202020
6232203134202020202020202020202020202020
2020202020202020202020202020202020202020
3230203136203036202020202020202020202020
2020202020202020202020202020202020202020
2020202020202020202020202020202020202020
3230203135203033202020202020202020202020
2020202020202020202020202020202020202020
2020202020202020202020202020202020202020
3735203334203031202020202020202020202020
2020202020202020202020202020202020202020
2020202020202020202020202020202020202020
6564202020202020202020202020202020202020
3330203163203035202020202020202020202020
2020202020202020202020202020202020202020
2020202020202020202020202020202020202020
6635203331202020202020202020202020202020
2020202020202020202020202020202020202020
3735203334203031202020202020202020202020
2020202020202020202020202020202020202020
2020202020202020202020202020202020202020
6564202020202020202020202020202020202020
3330203136203062202020202020202020202020
2020202020202020202020202020202020202020
2020202020202020202020202020202020202020
6333202020202020202020202020202020202020
3935203331202020202020202020202020202020
2020202020202020202020202020202020202020
3330206537203035202020202020202020202020
2020202020202020202020202020202020202020
2020202020202020202020202020202020202020
6332203136202020202020202020202020202020
2020202020202020202020202020202020202020
3735203334203031202020202020202020202020
2020202020202020202020202020202020202020
2020202020202020202020202020202020202020
3864203332202020202020202020202020202020
2020202020202020202020202020202020202020
3232202020202020202020202020202020202020
6231203164202020202020202020202020202020
2020202020202020202020202020202020202020
3230203261203037202020202020202020202020
2020202020202020202020202020202020202020
2020202020202020202020202020202020202020
3264202020202020202020202020202020202020
6333202020202020202020202020202020202020
3934203134202020202020202020202020202020
2020202020202020202020202020202020202020
6664202020202020202020202020202020202020
6531206161202020202020202020202020202020
2020202020202020202020202020202020202020
3232202020202020202020202020202020202020
3761203138202020202020202020202020202020
2020202020202020202020202020202020202020
6231203164202020202020202020202020202020
2020202020202020202020202020202020202020
6635203266202020202020202020202020202020
2020202020202020202020202020202020202020
3232202020202020202020202020202020202020
3930203131203265202020202020202020202020
2020202020202020202020202020202020202020
2020202020202020202020202020202020202020
6231206364202020202020202020202020202020
2020202020202020202020202020202020202020
6332206532202020202020202020202020202020
2020202020202020202020202020202020202020
3234203162202020202020202020202020202020
2020202020202020202020202020202020202020
3933202020202020202020202020202020202020
6635206630202020202020202020202020202020
2020202020202020202020202020202020202020
3761203231202020202020202020202020202020
2020202020202020202020202020202020202020
6231203164202020202020202020202020202020
2020202020202020202020202020202020202020
6134202020202020202020202020202020202020
6166206630202020202020202020202020202020
2020202020202020202020202020202020202020
6665202020202020202020202020202020202020
3735203530203032202020202020202020202020
2020202020202020202020202020202020202020
2020202020202020202020202020202020202020
6231203164202020202020202020202020202020
2020202020202020202020202020202020202020
3132203038203836202020202020202020202020
2020202020202020202020202020202020202020
2020202020202020202020202020202020202020
3330203161203566202020202020202020202020
2020202020202020202020202020202020202020
2020202020202020202020202020202020202020
3761203266202020202020202020202020202020
2020202020202020202020202020202020202020
3734203166202020202020202020202020202020
2020202020202020202020202020202020202020
3933202020202020202020202020202020202020
6235203133203030202020202020202020202020
2020202020202020202020202020202020202020
2020202020202020202020202020202020202020
3530203031202020202020202020202020202020
2020202020202020202020202020202020202020
3061202020202020202020202020202020202020
6231203164202020202020202020202020202020
2020202020202020202020202020202020202020
6635203363202020202020202020202020202020
2020202020202020202020202020202020202020
3761203331202020202020202020202020202020
2020202020202020202020202020202020202020
6231203164202020202020202020202020202020
2020202020202020202020202020202020202020
6663202020202020202020202020202020202020
3762203035202020202020202020202020202020
2020202020202020202020202020202020202020
3739203038202020202020202020202020202020
2020202020202020202020202020202020202020
3230203063203133202020202020202020202020
2020202020202020202020202020202020202020
2020202020202020202020202020202020202020
6231203164202020202020202020202020202020
2020202020202020202020202020202020202020
6333202020202020202020202020202020202020
3935203337202020202020202020202020202020
2020202020202020202020202020202020202020
3430203037202020202020202020202020202020
2020202020202020202020202020202020202020
3734203161202020202020202020202020202020
2020202020202020202020202020202020202020
3933202020202020202020202020202020202020
3935203464202020202020202020202020202020
2020202020202020202020202020202020202020
3530203232202020202020202020202020202020
2020202020202020202020202020202020202020
6432203063202020202020202020202020202020
2020202020202020202020202020202020202020
3735203464203030202020202020202020202020
2020202020202020202020202020202020202020
2020202020202020202020202020202020202020
3761203333202020202020202020202020202020
2020202020202020202020202020202020202020
3132203035203164202020202020202020202020
2020202020202020202020202020202020202020
2020202020202020202020202020202020202020
6635206630202020202020202020202020202020
2020202020202020202020202020202020202020
3132203035203164202020202020202020202020
2020202020202020202020202020202020202020
2020202020202020202020202020202020202020
6134202020202020202020202020202020202020
6563202020202020202020202020202020202020
3230206537203037202020202020202020202020
2020202020202020202020202020202020202020
2020202020202020202020202020202020202020
3233202020202020202020202020202020202020
6339202020202020202020202020202020202020
3233202020202020202020202020202020202020
6339202020202020202020202020202020202020
3162202020202020202020202020202020202020
3830206636202020202020202020202020202020
2020202020202020202020202020202020202020
6134202020202020202020202020202020202020
6163206630202020202020202020202020202020
2020202020202020202020202020202020202020
3330206537203031202020202020202020202020
2020202020202020202020202020202020202020
2020202020202020202020202020202020202020
3063202020202020202020202020202020202020
6563202020202020202020202020202020202020
6235203031203030202020202020202020202020
2020202020202020202020202020202020202020
2020202020202020202020202020202020202020
3430203062202020202020202020202020202020
2020202020202020202020202020202020202020
3132203034206439202020202020202020202020
2020202020202020202020202020202020202020
2020202020202020202020202020202020202020
6535203530202020202020202020202020202020
2020202020202020202020202020202020202020
3262202020202020202020202020202020202020
3132203035203039202020202020202020202020
2020202020202020202020202020202020202020
2020202020202020202020202020202020202020
6635203530202020202020202020202020202020
2020202020202020202020202020202020202020
3032203038203733202020202020202020202020
2020202020202020202020202020202020202020
2020202020202020202020202020202020202020
3132203036203338202020202020202020202020
2020202020202020202020202020202020202020
2020202020202020202020202020202020202020
3132203035203164202020202020202020202020
2020202020202020202020202020202020202020
2020202020202020202020202020202020202020
6635206630202020202020202020202020202020
2020202020202020202020202020202020202020
3761203235202020202020202020202020202020
2020202020202020202020202020202020202020
3330203138203031202020202020202020202020
2020202020202020202020202020202020202020
2020202020202020202020202020202020202020
3061202020202020202020202020202020202020
3132203035203164202020202020202020202020
2020202020202020202020202020202020202020
2020202020202020202020202020202020202020
6134202020202020202020202020202020202020
6535206630202020202020202020202020202020
2020202020202020202020202020202020202020
3132203038203764202020202020202020202020
2020202020202020202020202020202020202020
2020202020202020202020202020202020202020
6535203363202020202020202020202020202020
2020202020202020202020202020202020202020
3132203038203764202020202020202020202020
2020202020202020202020202020202020202020
2020202020202020202020202020202020202020
3761203237202020202020202020202020202020
2020202020202020202020202020202020202020
3132203036203338202020202020202020202020
2020202020202020202020202020202020202020
2020202020202020202020202020202020202020
3230203138203064202020202020202020202020
2020202020202020202020202020202020202020
2020202020202020202020202020202020202020
3761203239202020202020202020202020202020
2020202020202020202020202020202020202020
3132203036203338202020202020202020202020
2020202020202020202020202020202020202020
2020202020202020202020202020202020202020
3230203139203035202020202020202020202020
2020202020202020202020202020202020202020
2020202020202020202020202020202020202020
3761203262202020202020202020202020202020
2020202020202020202020202020202020202020
3132203036203332202020202020202020202020
2020202020202020202020202020202020202020
2020202020202020202020202020202020202020
3132203035203164202020202020202020202020
2020202020202020202020202020202020202020
2020202020202020202020202020202020202020
3132203038203836202020202020202020202020
2020202020202020202020202020202020202020
2020202020202020202020202020202020202020
3032203130203530202020202020202020202020
2020202020202020202020202020202020202020
2020202020202020202020202020202020202020
3865203465202020202020202020202020202020
2020202020202020202020202020202020202020
3866203466202020202020202020202020202020
2020202020202020202020202020202020202020
3032203130203533202020202020202020202020
2020202020202020202020202020202020202020
2020202020202020202020202020202020202020
3630203132202020202020202020202020202020
2020202020202020202020202020202020202020
3234203830202020202020202020202020202020
2020202020202020202020202020202020202020
3530203033202020202020202020202020202020
2020202020202020202020202020202020202020
3133202020202020202020202020202020202020
3035203530202020202020202020202020202020
2020202020202020202020202020202020202020
3132203034206439202020202020202020202020
2020202020202020202020202020202020202020
2020202020202020202020202020202020202020
6535203530202020202020202020202020202020
2020202020202020202020202020202020202020
3034202020202020202020202020202020202020
3132203035203039202020202020202020202020
2020202020202020202020202020202020202020
2020202020202020202020202020202020202020
6635203530202020202020202020202020202020
2020202020202020202020202020202020202020
3232202020202020202020202020202020202020
3032203130203638202020202020202020202020
2020202020202020202020202020202020202020
2020202020202020202020202020202020202020
3330203163203038202020202020202020202020
2020202020202020202020202020202020202020
2020202020202020202020202020202020202020
3132203061203461202020202020202020202020
2020202020202020202020202020202020202020
2020202020202020202020202020202020202020
3735203230203030202020202020202020202020
2020202020202020202020202020202020202020
2020202020202020202020202020202020202020
6432203036202020202020202020202020202020
2020202020202020202020202020202020202020
3130203031203033202020202020202020202020
2020202020202020202020202020202020202020
2020202020202020202020202020202020202020
6432203031202020202020202020202020202020
2020202020202020202020202020202020202020
3232202020202020202020202020202020202020
3230203161203135202020202020202020202020
2020202020202020202020202020202020202020
2020202020202020202020202020202020202020
3230203164203166202020202020202020202020
2020202020202020202020202020202020202020
2020202020202020202020202020202020202020
6132203139202020202020202020202020202020
2020202020202020202020202020202020202020
3832203138202020202020202020202020202020
2020202020202020202020202020202020202020
3430203232202020202020202020202020202020
2020202020202020202020202020202020202020
3230203138203239202020202020202020202020
2020202020202020202020202020202020202020
2020202020202020202020202020202020202020
3132203061203461202020202020202020202020
2020202020202020202020202020202020202020
2020202020202020202020202020202020202020
6432203036202020202020202020202020202020
2020202020202020202020202020202020202020
6332203030202020202020202020202020202020
2020202020202020202020202020202020202020
3231206335202020202020202020202020202020
2020202020202020202020202020202020202020
6432203036202020202020202020202020202020
2020202020202020202020202020202020202020
6432203030202020202020202020202020202020
2020202020202020202020202020202020202020
3761203335202020202020202020202020202020
2020202020202020202020202020202020202020
3132203035203164202020202020202020202020
2020202020202020202020202020202020202020
2020202020202020202020202020202020202020
6635203766202020202020202020202020202020
2020202020202020202020202020202020202020
3231203264202020202020202020202020202020
2020202020202020202020202020202020202020
6432203036202020202020202020202020202020
2020202020202020202020202020202020202020
6332203030202020202020202020202020202020
2020202020202020202020202020202020202020
3132203061203461202020202020202020202020
2020202020202020202020202020202020202020
2020202020202020202020202020202020202020
3231206335202020202020202020202020202020
2020202020202020202020202020202020202020
3734203363202020202020202020202020202020
2020202020202020202020202020202020202020
3933202020202020202020202020202020202020
6333202020202020202020202020202020202020
3133202020202020202020202020202020202020
6639202020202020202020202020202020202020
3738203030202020202020202020202020202020
2020202020202020202020202020202020202020
3431203035202020202020202020202020202020
2020202020202020202020202020202020202020
3032203130203662202020202020202020202020
2020202020202020202020202020202020202020
2020202020202020202020202020202020202020
3330203162203039202020202020202020202020
2020202020202020202020202020202020202020
2020202020202020202020202020202020202020
3761203336202020202020202020202020202020
2020202020202020202020202020202020202020
3132203035203164202020202020202020202020
2020202020202020202020202020202020202020
2020202020202020202020202020202020202020
6635203766202020202020202020202020202020
2020202020202020202020202020202020202020
3830203430202020202020202020202020202020
2020202020202020202020202020202020202020
3761203337202020202020202020202020202020
2020202020202020202020202020202020202020
3132203035203164202020202020202020202020
2020202020202020202020202020202020202020
2020202020202020202020202020202020202020
6635206630202020202020202020202020202020
2020202020202020202020202020202020202020
3230206235203061202020202020202020202020
2020202020202020202020202020202020202020
2020202020202020202020202020202020202020
3734203339202020202020202020202020202020
2020202020202020202020202020202020202020
3933202020202020202020202020202020202020
6235206630203030202020202020202020202020
2020202020202020202020202020202020202020
2020202020202020202020202020202020202020
3430203032202020202020202020202020202020
2020202020202020202020202020202020202020
6635206630202020202020202020202020202020
2020202020202020202020202020202020202020
3330203036203065202020202020202020202020
2020202020202020202020202020202020202020
2020202020202020202020202020202020202020
3032203130203665202020202020202020202020
2020202020202020202020202020202020202020
2020202020202020202020202020202020202020
3230203030203033202020202020202020202020
2020202020202020202020202020202020202020
2020202020202020202020202020202020202020
3835203337203766202020202020202020202020
2020202020202020202020202020202020202020
2020202020202020202020202020202020202020
3735203763203031202020202020202020202020
2020202020202020202020202020202020202020
2020202020202020202020202020202020202020
6332203036202020202020202020202020202020
2020202020202020202020202020202020202020
6535206630202020202020202020202020202020
2020202020202020202020202020202020202020
6235203766203030202020202020202020202020
2020202020202020202020202020202020202020
2020202020202020202020202020202020202020
3530203131202020202020202020202020202020
2020202020202020202020202020202020202020
6435203763203062202020202020202020202020
2020202020202020202020202020202020202020
2020202020202020202020202020202020202020
3135203766202020202020202020202020202020
2020202020202020202020202020202020202020
3734203366202020202020202020202020202020
2020202020202020202020202020202020202020
6132203030202020202020202020202020202020
2020202020202020202020202020202020202020
3334203030202020202020202020202020202020
2020202020202020202020202020202020202020
3933202020202020202020202020202020202020
6635203763202020202020202020202020202020
2020202020202020202020202020202020202020
3835203766206630202020202020202020202020
2020202020202020202020202020202020202020
2020202020202020202020202020202020202020
3835206630203766202020202020202020202020
2020202020202020202020202020202020202020
2020202020202020202020202020202020202020
3734203338202020202020202020202020202020
2020202020202020202020202020202020202020
3933202020202020202020202020202020202020
3235203337202020202020202020202020202020
2020202020202020202020202020202020202020
6433202020202020202020202020202020202020
3935203766202020202020202020202020202020
2020202020202020202020202020202020202020
3530203038202020202020202020202020202020
2020202020202020202020202020202020202020
3734203830202020202020202020202020202020
2020202020202020202020202020202020202020
3935203765202020202020202020202020202020
2020202020202020202020202020202020202020
3430203032202020202020202020202020202020
2020202020202020202020202020202020202020
3531203461202020202020202020202020202020
2020202020202020202020202020202020202020
3032203130203731202020202020202020202020
2020202020202020202020202020202020202020
2020202020202020202020202020202020202020
6535203766202020202020202020202020202020
2020202020202020202020202020202020202020
6333202020202020202020202020202020202020
3935203337202020202020202020202020202020
2020202020202020202020202020202020202020
3932203032202020202020202020202020202020
2020202020202020202020202020202020202020
3530203036202020202020202020202020202020
2020202020202020202020202020202020202020
6332203033202020202020202020202020202020
2020202020202020202020202020202020202020
6634202020202020202020202020202020202020
3034202020202020202020202020202020202020
3830203032202020202020202020202020202020
2020202020202020202020202020202020202020
6332203034202020202020202020202020202020
2020202020202020202020202020202020202020
6662202020202020202020202020202020202020
6139203765202020202020202020202020202020
2020202020202020202020202020202020202020
6138203764202020202020202020202020202020
2020202020202020202020202020202020202020
3130203033203136202020202020202020202020
2020202020202020202020202020202020202020
2020202020202020202020202020202020202020
3130203034203133202020202020202020202020
2020202020202020202020202020202020202020
2020202020202020202020202020202020202020
3761203338202020202020202020202020202020
2020202020202020202020202020202020202020
3330203032203031202020202020202020202020
2020202020202020202020202020202020202020
2020202020202020202020202020202020202020
3061202020202020202020202020202020202020
3132203035203164202020202020202020202020
2020202020202020202020202020202020202020
2020202020202020202020202020202020202020
6635206630202020202020202020202020202020
2020202020202020202020202020202020202020
6562202020202020202020202020202020202020
3132203062206464202020202020202020202020
2020202020202020202020202020202020202020
2020202020202020202020202020202020202020
3838203764202020202020202020202020202020
2020202020202020202020202020202020202020
3839203765202020202020202020202020202020
2020202020202020202020202020202020202020
3230203032203134202020202020202020202020
2020202020202020202020202020202020202020
2020202020202020202020202020202020202020
3761203361202020202020202020202020202020
2020202020202020202020202020202020202020
3132203035203164202020202020202020202020
2020202020202020202020202020202020202020
2020202020202020202020202020202020202020
6635206630202020202020202020202020202020
2020202020202020202020202020202020202020
6562202020202020202020202020202020202020
6234203366203030202020202020202020202020
2020202020202020202020202020202020202020
2020202020202020202020202020202020202020
3430203032202020202020202020202020202020
2020202020202020202020202020202020202020
6535203366202020202020202020202020202020
2020202020202020202020202020202020202020
3233202020202020202020202020202020202020
3233202020202020202020202020202020202020
3132203062206464202020202020202020202020
2020202020202020202020202020202020202020
2020202020202020202020202020202020202020
3032203130203734202020202020202020202020
2020202020202020202020202020202020202020
2020202020202020202020202020202020202020
6539202020202020202020202020202020202020
6333202020202020202020202020202020202020
3330206537203133202020202020202020202020
2020202020202020202020202020202020202020
2020202020202020202020202020202020202020
3230203161203166202020202020202020202020
2020202020202020202020202020202020202020
2020202020202020202020202020202020202020
3734203364202020202020202020202020202020
2020202020202020202020202020202020202020
3933202020202020202020202020202020202020
3133202020202020202020202020202020202020
3234203830202020202020202020202020202020
2020202020202020202020202020202020202020
6235203031203030202020202020202020202020
2020202020202020202020202020202020202020
2020202020202020202020202020202020202020
3530203134202020202020202020202020202020
2020202020202020202020202020202020202020
6639202020202020202020202020202020202020
6432203033202020202020202020202020202020
2020202020202020202020202020202020202020
3830203066202020202020202020202020202020
2020202020202020202020202020202020202020
3734203365202020202020202020202020202020
2020202020202020202020202020202020202020
3933202020202020202020202020202020202020
3133202020202020202020202020202020202020
6634202020202020202020202020202020202020
3234203830202020202020202020202020202020
2020202020202020202020202020202020202020
6235203031203030202020202020202020202020
2020202020202020202020202020202020202020
2020202020202020202020202020202020202020
3430203033202020202020202020202020202020
2020202020202020202020202020202020202020
6639202020202020202020202020202020202020
6432203034202020202020202020202020202020
2020202020202020202020202020202020202020
3761203364202020202020202020202020202020
2020202020202020202020202020202020202020
3132203035203164202020202020202020202020
2020202020202020202020202020202020202020
2020202020202020202020202020202020202020
6235203439203030202020202020202020202020
2020202020202020202020202020202020202020
2020202020202020202020202020202020202020
3430203032202020202020202020202020202020
2020202020202020202020202020202020202020
6432203034202020202020202020202020202020
2020202020202020202020202020202020202020
6539202020202020202020202020202020202020
6333202020202020202020202020202020202020
3934203830202020202020202020202020202020
2020202020202020202020202020202020202020
3932203035202020202020202020202020202020
2020202020202020202020202020202020202020
6639202020202020202020202020202020202020
3032203130203737202020202020202020202020
2020202020202020202020202020202020202020
2020202020202020202020202020202020202020
3761203363202020202020202020202020202020
2020202020202020202020202020202020202020
3132203035203164202020202020202020202020
2020202020202020202020202020202020202020
2020202020202020202020202020202020202020
6635206630202020202020202020202020202020
2020202020202020202020202020202020202020
3330203164203037202020202020202020202020
2020202020202020202020202020202020202020
2020202020202020202020202020202020202020
3761203362202020202020202020202020202020
2020202020202020202020202020202020202020
3132203035203164202020202020202020202020
2020202020202020202020202020202020202020
2020202020202020202020202020202020202020
3531203535202020202020202020202020202020
2020202020202020202020202020202020202020
3330203162203035202020202020202020202020
2020202020202020202020202020202020202020
2020202020202020202020202020202020202020
3734203362202020202020202020202020202020
2020202020202020202020202020202020202020
3933202020202020202020202020202020202020
3531203535202020202020202020202020202020
2020202020202020202020202020202020202020
3230206235203035202020202020202020202020
2020202020202020202020202020202020202020
2020202020202020202020202020202020202020
3734203361202020202020202020202020202020
2020202020202020202020202020202020202020
3933202020202020202020202020202020202020
3531203535202020202020202020202020202020
2020202020202020202020202020202020202020
3734203830202020202020202020202020202020
2020202020202020202020202020202020202020
6134202020202020202020202020202020202020
3032203130203761202020202020202020202020
2020202020202020202020202020202020202020
2020202020202020202020202020202020202020
3238202020202020202020202020202020202020
6638202020202020202020202020202020202020
6535206630202020202020202020202020202020
2020202020202020202020202020202020202020
3339202020202020202020202020202020202020
6639202020202020202020202020202020202020
3330206537203064202020202020202020202020
2020202020202020202020202020202020202020
2020202020202020202020202020202020202020
3330203035203036202020202020202020202020
2020202020202020202020202020202020202020
2020202020202020202020202020202020202020
3739203030202020202020202020202020202020
2020202020202020202020202020202020202020
3738203030202020202020202020202020202020
2020202020202020202020202020202020202020
3830203034202020202020202020202020202020
2020202020202020202020202020202020202020
3739203766202020202020202020202020202020
2020202020202020202020202020202020202020
3738206666202020202020202020202020202020
2020202020202020202020202020202020202020
3032203130203764202020202020202020202020
2020202020202020202020202020202020202020
2020202020202020202020202020202020202020
6166203031202020202020202020202020202020
2020202020202020202020202020202020202020
6165203030202020202020202020202020202020
2020202020202020202020202020202020202020
3734203031202020202020202020202020202020
2020202020202020202020202020202020202020
3132203035203039202020202020202020202020
2020202020202020202020202020202020202020
2020202020202020202020202020202020202020
3866203762202020202020202020202020202020
2020202020202020202020202020202020202020
3734203431202020202020202020202020202020
2020202020202020202020202020202020202020
3933202020202020202020202020202020202020
3132203034206439202020202020202020202020
2020202020202020202020202020202020202020
2020202020202020202020202020202020202020
3734203432202020202020202020202020202020
2020202020202020202020202020202020202020
3933202020202020202020202020202020202020
3266202020202020202020202020202020202020
6666202020202020202020202020202020202020
3734203062202020202020202020202020202020
2020202020202020202020202020202020202020
3933202020202020202020202020202020202020
6638202020202020202020202020202020202020
3734203063202020202020202020202020202020
2020202020202020202020202020202020202020
3933202020202020202020202020202020202020
6639202020202020202020202020202020202020
3132203034203535202020202020202020202020
2020202020202020202020202020202020202020
2020202020202020202020202020202020202020
6565202020202020202020202020202020202020
6634202020202020202020202020202020202020
6638202020202020202020202020202020202020
6566202020202020202020202020202020202020
6634202020202020202020202020202020202020
6639202020202020202020202020202020202020
3734203062202020202020202020202020202020
2020202020202020202020202020202020202020
3933202020202020202020202020202020202020
6662202020202020202020202020202020202020
3734203063202020202020202020202020202020
2020202020202020202020202020202020202020
3933202020202020202020202020202020202020
6663202020202020202020202020202020202020
6433202020202020202020202020202020202020
6565202020202020202020202020202020202020
3962202020202020202020202020202020202020
6366202020202020202020202020202020202020
3963202020202020202020202020202020202020
6662202020202020202020202020202020202020
6332206162202020202020202020202020202020
2020202020202020202020202020202020202020
3866203434202020202020202020202020202020
2020202020202020202020202020202020202020
3862203435202020202020202020202020202020
2020202020202020202020202020202020202020
3838203432202020202020202020202020202020
2020202020202020202020202020202020202020
3839203433202020202020202020202020202020
2020202020202020202020202020202020202020
6432206162202020202020202020202020202020
2020202020202020202020202020202020202020
3232202020202020202020202020202020202020
3735203765203830202020202020202020202020
2020202020202020202020202020202020202020
2020202020202020202020202020202020202020
3735203764203030202020202020202020202020
2020202020202020202020202020202020202020
2020202020202020202020202020202020202020
3739203030202020202020202020202020202020
2020202020202020202020202020202020202020
3738203030202020202020202020202020202020
2020202020202020202020202020202020202020
3232202020202020202020202020202020202020
3235206630202020202020202020202020202020
2020202020202020202020202020202020202020
3530203032202020202020202020202020202020
2020202020202020202020202020202020202020
6535206666202020202020202020202020202020
2020202020202020202020202020202020202020
6635206630202020202020202020202020202020
2020202020202020202020202020202020202020
3232202020202020202020202020202020202020
3761203365202020202020202020202020202020
2020202020202020202020202020202020202020
3330206234203032202020202020202020202020
2020202020202020202020202020202020202020
2020202020202020202020202020202020202020
3761203431202020202020202020202020202020
2020202020202020202020202020202020202020
3132203035203164202020202020202020202020
2020202020202020202020202020202020202020
2020202020202020202020202020202020202020
6635203138202020202020202020202020202020
2020202020202020202020202020202020202020
3132203035203164202020202020202020202020
2020202020202020202020202020202020202020
2020202020202020202020202020202020202020
6635203139202020202020202020202020202020
2020202020202020202020202020202020202020
3132203035203164202020202020202020202020
2020202020202020202020202020202020202020
2020202020202020202020202020202020202020
6635203161202020202020202020202020202020
2020202020202020202020202020202020202020
3232202020202020202020202020202020202020
3330203163203033202020202020202020202020
2020202020202020202020202020202020202020
2020202020202020202020202020202020202020
3735203162203830202020202020202020202020
2020202020202020202020202020202020202020
2020202020202020202020202020202020202020
6138203163202020202020202020202020202020
2020202020202020202020202020202020202020
6139203162202020202020202020202020202020
2020202020202020202020202020202020202020
6132203937202020202020202020202020202020
2020202020202020202020202020202020202020
6233202020202020202020202020202020202020
3932203032202020202020202020202020202020
2020202020202020202020202020202020202020
3430203065202020202020202020202020202020
2020202020202020202020202020202020202020
3230203236203035202020202020202020202020
2020202020202020202020202020202020202020
2020202020202020202020202020202020202020
3132203062206364202020202020202020202020
2020202020202020202020202020202020202020
2020202020202020202020202020202020202020
3830203133202020202020202020202020202020
2020202020202020202020202020202020202020
6534202020202020202020202020202020202020
3132203062206434202020202020202020202020
2020202020202020202020202020202020202020
2020202020202020202020202020202020202020
3830203064202020202020202020202020202020
2020202020202020202020202020202020202020
3330203236203035202020202020202020202020
2020202020202020202020202020202020202020
2020202020202020202020202020202020202020
3132203062206364202020202020202020202020
2020202020202020202020202020202020202020
2020202020202020202020202020202020202020
3830203035202020202020202020202020202020
2020202020202020202020202020202020202020
6535203161202020202020202020202020202020
2020202020202020202020202020202020202020
3132203062206434202020202020202020202020
2020202020202020202020202020202020202020
2020202020202020202020202020202020202020
3838203163202020202020202020202020202020
2020202020202020202020202020202020202020
3839203162202020202020202020202020202020
2020202020202020202020202020202020202020
6132203032202020202020202020202020202020
2020202020202020202020202020202020202020
3932203236202020202020202020202020202020
2020202020202020202020202020202020202020
3032203130203563202020202020202020202020
2020202020202020202020202020202020202020
2020202020202020202020202020202020202020
3230203161203461202020202020202020202020
2020202020202020202020202020202020202020
2020202020202020202020202020202020202020
3230203139203437202020202020202020202020
2020202020202020202020202020202020202020
2020202020202020202020202020202020202020
3230203164203434202020202020202020202020
2020202020202020202020202020202020202020
2020202020202020202020202020202020202020
3030202020202020202020202020202020202020
3030202020202020202020202020202020202020
3030202020202020202020202020202020202020
3734203462202020202020202020202020202020
2020202020202020202020202020202020202020
3933202020202020202020202020202020202020
6235203337203030202020202020202020202020
2020202020202020202020202020202020202020
2020202020202020202020202020202020202020
3430203339202020202020202020202020202020
2020202020202020202020202020202020202020
3734203463202020202020202020202020202020
2020202020202020202020202020202020202020
3933202020202020202020202020202020202020
6235203439203030202020202020202020202020
2020202020202020202020202020202020202020
2020202020202020202020202020202020202020
3530203135202020202020202020202020202020
2020202020202020202020202020202020202020
3330203235203265202020202020202020202020
2020202020202020202020202020202020202020
2020202020202020202020202020202020202020
3230203231203039202020202020202020202020
2020202020202020202020202020202020202020
2020202020202020202020202020202020202020
6432203231202020202020202020202020202020
2020202020202020202020202020202020202020
6332203232202020202020202020202020202020
2020202020202020202020202020202020202020
3734203464202020202020202020202020202020
2020202020202020202020202020202020202020
3933202020202020202020202020202020202020
6635203366202020202020202020202020202020
2020202020202020202020202020202020202020
6535203366202020202020202020202020202020
2020202020202020202020202020202020202020
3630203165202020202020202020202020202020
2020202020202020202020202020202020202020
3830203032202020202020202020202020202020
2020202020202020202020202020202020202020
6332203231202020202020202020202020202020
2020202020202020202020202020202020202020
3734203439202020202020202020202020202020
2020202020202020202020202020202020202020
3230203138203032202020202020202020202020
2020202020202020202020202020202020202020
2020202020202020202020202020202020202020
3734203438202020202020202020202020202020
2020202020202020202020202020202020202020
3933202020202020202020202020202020202020
6661202020202020202020202020202020202020
3230203235203034202020202020202020202020
2020202020202020202020202020202020202020
2020202020202020202020202020202020202020
3734203461202020202020202020202020202020
2020202020202020202020202020202020202020
3933202020202020202020202020202020202020
3261202020202020202020202020202020202020
6333202020202020202020202020202020202020
3935203133202020202020202020202020202020
2020202020202020202020202020202020202020
3932203235202020202020202020202020202020
2020202020202020202020202020202020202020
3132203062203530202020202020202020202020
2020202020202020202020202020202020202020
2020202020202020202020202020202020202020
3830203032202020202020202020202020202020
2020202020202020202020202020202020202020
6332203235202020202020202020202020202020
2020202020202020202020202020202020202020
3132203130203566202020202020202020202020
2020202020202020202020202020202020202020
2020202020202020202020202020202020202020
3330203936203137202020202020202020202020
2020202020202020202020202020202020202020
2020202020202020202020202020202020202020
3230203937203134202020202020202020202020
2020202020202020202020202020202020202020
2020202020202020202020202020202020202020
3230203233203039202020202020202020202020
2020202020202020202020202020202020202020
2020202020202020202020202020202020202020
6432203233202020202020202020202020202020
2020202020202020202020202020202020202020
6332203234202020202020202020202020202020
2020202020202020202020202020202020202020
3734203433202020202020202020202020202020
2020202020202020202020202020202020202020
3933202020202020202020202020202020202020
6635203365202020202020202020202020202020
2020202020202020202020202020202020202020
6535203365202020202020202020202020202020
2020202020202020202020202020202020202020
3730203161202020202020202020202020202020
2020202020202020202020202020202020202020
6332203237202020202020202020202020202020
2020202020202020202020202020202020202020
3830203136202020202020202020202020202020
2020202020202020202020202020202020202020
3230203234203064202020202020202020202020
2020202020202020202020202020202020202020
2020202020202020202020202020202020202020
6432203234202020202020202020202020202020
2020202020202020202020202020202020202020
6332203233202020202020202020202020202020
2020202020202020202020202020202020202020
6332203232202020202020202020202020202020
2020202020202020202020202020202020202020
6432203230202020202020202020202020202020
2020202020202020202020202020202020202020
3734203434202020202020202020202020202020
2020202020202020202020202020202020202020
3933202020202020202020202020202020202020
6635203365202020202020202020202020202020
2020202020202020202020202020202020202020
6535203365202020202020202020202020202020
2020202020202020202020202020202020202020
3730203032202020202020202020202020202020
2020202020202020202020202020202020202020
6432203237202020202020202020202020202020
2020202020202020202020202020202020202020
6132203235202020202020202020202020202020
2020202020202020202020202020202020202020
3832203237202020202020202020202020202020
2020202020202020202020202020202020202020
3832203230202020202020202020202020202020
2020202020202020202020202020202020202020
3932203235202020202020202020202020202020
2020202020202020202020202020202020202020
3430203061202020202020202020202020202020
2020202020202020202020202020202020202020
3738203030202020202020202020202020202020
2020202020202020202020202020202020202020
3739203830202020202020202020202020202020
2020202020202020202020202020202020202020
3838203163202020202020202020202020202020
2020202020202020202020202020202020202020
3839203162202020202020202020202020202020
2020202020202020202020202020202020202020
6332203232202020202020202020202020202020
2020202020202020202020202020202020202020
3032203130203632202020202020202020202020
2020202020202020202020202020202020202020
2020202020202020202020202020202020202020
3132203034203535202020202020202020202020
2020202020202020202020202020202020202020
2020202020202020202020202020202020202020
3734203031202020202020202020202020202020
2020202020202020202020202020202020202020
3132203035203039202020202020202020202020
2020202020202020202020202020202020202020
2020202020202020202020202020202020202020
3032203130203635202020202020202020202020
2020202020202020202020202020202020202020
2020202020202020202020202020202020202020
3734203436202020202020202020202020202020
2020202020202020202020202020202020202020
3933202020202020202020202020202020202020
6662202020202020202020202020202020202020
6333202020202020202020202020202020202020
6539202020202020202020202020202020202020
3962202020202020202020202020202020202020
3430203034202020202020202020202020202020
2020202020202020202020202020202020202020
3738203030202020202020202020202020202020
2020202020202020202020202020202020202020
3830203061202020202020202020202020202020
2020202020202020202020202020202020202020
3734203437202020202020202020202020202020
2020202020202020202020202020202020202020
3933202020202020202020202020202020202020
6662202020202020202020202020202020202020
6333202020202020202020202020202020202020
3939202020202020202020202020202020202020
3430203234202020202020202020202020202020
2020202020202020202020202020202020202020
3738206666202020202020202020202020202020
2020202020202020202020202020202020202020
6562202020202020202020202020202020202020
6639202020202020202020202020202020202020
3838203163202020202020202020202020202020
2020202020202020202020202020202020202020
3839203162202020202020202020202020202020
2020202020202020202020202020202020202020
3230203231203139202020202020202020202020
2020202020202020202020202020202020202020
2020202020202020202020202020202020202020
3230203232203130202020202020202020202020
2020202020202020202020202020202020202020
2020202020202020202020202020202020202020
3734203435202020202020202020202020202020
2020202020202020202020202020202020202020
3933202020202020202020202020202020202020
6234206666203036202020202020202020202020
2020202020202020202020202020202020202020
2020202020202020202020202020202020202020
6332203232202020202020202020202020202020
2020202020202020202020202020202020202020
6432203230202020202020202020202020202020
2020202020202020202020202020202020202020
3830203061202020202020202020202020202020
2020202020202020202020202020202020202020
6432203232202020202020202020202020202020
2020202020202020202020202020202020202020
6635203366202020202020202020202020202020
2020202020202020202020202020202020202020
6535203366202020202020202020202020202020
2020202020202020202020202020202020202020
3730203032202020202020202020202020202020
2020202020202020202020202020202020202020
6332203230202020202020202020202020202020
2020202020202020202020202020202020202020
3232202020202020202020202020202020202020
3761203465202020202020202020202020202020
2020202020202020202020202020202020202020
6561202020202020202020202020202020202020
3933202020202020202020202020202020202020
6235203337203030202020202020202020202020
2020202020202020202020202020202020202020
2020202020202020202020202020202020202020
3430203130202020202020202020202020202020
2020202020202020202020202020202020202020
6361202020202020202020202020202020202020
3034202020202020202020202020202020202020
3933202020202020202020202020202020202020
6361202020202020202020202020202020202020
3961202020202020202020202020202020202020
6235203337203030202020202020202020202020
2020202020202020202020202020202020202020
2020202020202020202020202020202020202020
3530203032202020202020202020202020202020
2020202020202020202020202020202020202020
3830203036202020202020202020202020202020
2020202020202020202020202020202020202020
6432203935202020202020202020202020202020
2020202020202020202020202020202020202020
3830203032202020202020202020202020202020
2020202020202020202020202020202020202020
6332203935202020202020202020202020202020
2020202020202020202020202020202020202020
3330203166203037202020202020202020202020
2020202020202020202020202020202020202020
2020202020202020202020202020202020202020
6535203162202020202020202020202020202020
2020202020202020202020202020202020202020
6132206537202020202020202020202020202020
2020202020202020202020202020202020202020
3030202020202020202020202020202020202020
3932206231202020202020202020202020202020
2020202020202020202020202020202020202020
3232202020202020202020202020202020202020
3330203235203036202020202020202020202020
2020202020202020202020202020202020202020
2020202020202020202020202020202020202020
6332203935202020202020202020202020202020
2020202020202020202020202020202020202020
6332203062202020202020202020202020202020
2020202020202020202020202020202020202020
3830206563202020202020202020202020202020
2020202020202020202020202020202020202020
3230203062203039202020202020202020202020
2020202020202020202020202020202020202020
2020202020202020202020202020202020202020
3734203530202020202020202020202020202020
2020202020202020202020202020202020202020
3933202020202020202020202020202020202020
6635203366202020202020202020202020202020
2020202020202020202020202020202020202020
6432203935202020202020202020202020202020
2020202020202020202020202020202020202020
6432203062202020202020202020202020202020
2020202020202020202020202020202020202020
6535203366202020202020202020202020202020
2020202020202020202020202020202020202020
3730203032202020202020202020202020202020
2020202020202020202020202020202020202020
6332203935202020202020202020202020202020
2020202020202020202020202020202020202020
3830206438202020202020202020202020202020
2020202020202020202020202020202020202020
6535203138202020202020202020202020202020
2020202020202020202020202020202020202020
3735206630203031202020202020202020202020
2020202020202020202020202020202020202020
2020202020202020202020202020202020202020
3830203039202020202020202020202020202020
2020202020202020202020202020202020202020
6634202020202020202020202020202020202020
3034202020202020202020202020202020202020
3235203139202020202020202020202020202020
2020202020202020202020202020202020202020
3735206630203130202020202020202020202020
2020202020202020202020202020202020202020
2020202020202020202020202020202020202020
6332203234202020202020202020202020202020
2020202020202020202020202020202020202020
6134202020202020202020202020202020202020
3330206637203033202020202020202020202020
2020202020202020202020202020202020202020
2020202020202020202020202020202020202020
3735206630203766202020202020202020202020
2020202020202020202020202020202020202020
2020202020202020202020202020202020202020
3330203032203035202020202020202020202020
2020202020202020202020202020202020202020
2020202020202020202020202020202020202020
6233202020202020202020202020202020202020
6634202020202020202020202020202020202020
3633206630206666202020202020202020202020
2020202020202020202020202020202020202020
2020202020202020202020202020202020202020
3338202020202020202020202020202020202020
6638202020202020202020202020202020202020
6535206630202020202020202020202020202020
2020202020202020202020202020202020202020
3339202020202020202020202020202020202020
6639202020202020202020202020202020202020
6534202020202020202020202020202020202020
3230203032203032202020202020202020202020
2020202020202020202020202020202020202020
2020202020202020202020202020202020202020
6233202020202020202020202020202020202020
6634202020202020202020202020202020202020
3430203032202020202020202020202020202020
2020202020202020202020202020202020202020
6638202020202020202020202020202020202020
6639202020202020202020202020202020202020
3232202020202020202020202020202020202020
3230203161203534202020202020202020202020
2020202020202020202020202020202020202020
2020202020202020202020202020202020202020
3761203434202020202020202020202020202020
2020202020202020202020202020202020202020
3132203035203164202020202020202020202020
2020202020202020202020202020202020202020
2020202020202020202020202020202020202020
6662202020202020202020202020202020202020
3230203039203266202020202020202020202020
2020202020202020202020202020202020202020
2020202020202020202020202020202020202020
6235203439203030202020202020202020202020
2020202020202020202020202020202020202020
2020202020202020202020202020202020202020
3430203034202020202020202020202020202020
2020202020202020202020202020202020202020
6332203038202020202020202020202020202020
2020202020202020202020202020202020202020
3830203432202020202020202020202020202020
2020202020202020202020202020202020202020
3734203532202020202020202020202020202020
2020202020202020202020202020202020202020
3230203038203061202020202020202020202020
2020202020202020202020202020202020202020
2020202020202020202020202020202020202020
6432203038202020202020202020202020202020
2020202020202020202020202020202020202020
3933202020202020202020202020202020202020
6635203538202020202020202020202020202020
2020202020202020202020202020202020202020
3734203534202020202020202020202020202020
2020202020202020202020202020202020202020
3933202020202020202020202020202020202020
6635203539202020202020202020202020202020
2020202020202020202020202020202020202020
6535203538202020202020202020202020202020
2020202020202020202020202020202020202020
3730203266202020202020202020202020202020
2020202020202020202020202020202020202020
6432203039202020202020202020202020202020
2020202020202020202020202020202020202020
3734203533202020202020202020202020202020
2020202020202020202020202020202020202020
3933202020202020202020202020202020202020
6635203538202020202020202020202020202020
2020202020202020202020202020202020202020
3734203535202020202020202020202020202020
2020202020202020202020202020202020202020
3933202020202020202020202020202020202020
6635203539202020202020202020202020202020
2020202020202020202020202020202020202020
6432203164202020202020202020202020202020
2020202020202020202020202020202020202020
3864203332202020202020202020202020202020
2020202020202020202020202020202020202020
3864203331202020202020202020202020202020
2020202020202020202020202020202020202020
3232202020202020202020202020202020202020
6535203538202020202020202020202020202020
2020202020202020202020202020202020202020
3730203036202020202020202020202020202020
2020202020202020202020202020202020202020
6332203038202020202020202020202020202020
2020202020202020202020202020202020202020
6332203039202020202020202020202020202020
2020202020202020202020202020202020202020
3830203132202020202020202020202020202020
2020202020202020202020202020202020202020
3734203531202020202020202020202020202020
2020202020202020202020202020202020202020
3933202020202020202020202020202020202020
6634202020202020202020202020202020202020
3034202020202020202020202020202020202020
3262202020202020202020202020202020202020
6333202020202020202020202020202020202020
3935203439202020202020202020202020202020
2020202020202020202020202020202020202020
3530203037202020202020202020202020202020
2020202020202020202020202020202020202020
6432203164202020202020202020202020202020
2020202020202020202020202020202020202020
3864203332202020202020202020202020202020
2020202020202020202020202020202020202020
3864203331202020202020202020202020202020
2020202020202020202020202020202020202020
3232202020202020202020202020202020202020
3032203130203539202020202020202020202020
2020202020202020202020202020202020202020
2020202020202020202020202020202020202020
3135203539202020202020202020202020202020
2020202020202020202020202020202020202020
6535203539202020202020202020202020202020
2020202020202020202020202020202020202020
3730203066202020202020202020202020202020
2020202020202020202020202020202020202020
3734203534202020202020202020202020202020
2020202020202020202020202020202020202020
3330203039203031202020202020202020202020
2020202020202020202020202020202020202020
2020202020202020202020202020202020202020
3034202020202020202020202020202020202020
3933202020202020202020202020202020202020
6635203539202020202020202020202020202020
2020202020202020202020202020202020202020
6535203538202020202020202020202020202020
2020202020202020202020202020202020202020
3630203032202020202020202020202020202020
2020202020202020202020202020202020202020
3135203538202020202020202020202020202020
2020202020202020202020202020202020202020
3032203130203536202020202020202020202020
2020202020202020202020202020202020202020
2020202020202020202020202020202020202020
3030202020202020202020202020202020202020
3030202020202020202020202020202020202020
3030202020202020202020202020202020202020
3030202020202020202020202020202020202020
3030202020202020202020202020202020202020
6432203935202020202020202020202020202020
2020202020202020202020202020202020202020
3232202020202020202020202020202020202020
6332203839202020202020202020202020202020
2020202020202020202020202020202020202020
3735206130203030202020202020202020202020
2020202020202020202020202020202020202020
2020202020202020202020202020202020202020
6632202020202020202020202020202020202020
6632202020202020202020202020202020202020
6632202020202020202020202020202020202020
6632202020202020202020202020202020202020
3734203064202020202020202020202020202020
2020202020202020202020202020202020202020
3933202020202020202020202020202020202020
6635206630202020202020202020202020202020
2020202020202020202020202020202020202020
6132206233202020202020202020202020202020
2020202020202020202020202020202020202020
3932206530202020202020202020202020202020
2020202020202020202020202020202020202020
3764203030202020202020202020202020202020
2020202020202020202020202020202020202020
3765203032202020202020202020202020202020
2020202020202020202020202020202020202020
3766203032202020202020202020202020202020
2020202020202020202020202020202020202020
3333202020202020202020202020202020202020
3835206630203261202020202020202020202020
2020202020202020202020202020202020202020
2020202020202020202020202020202020202020
3330203137203033202020202020202020202020
2020202020202020202020202020202020202020
2020202020202020202020202020202020202020
6332203137202020202020202020202020202020
2020202020202020202020202020202020202020
6632202020202020202020202020202020202020
6464203131202020202020202020202020202020
2020202020202020202020202020202020202020
3230206530203037202020202020202020202020
2020202020202020202020202020202020202020
2020202020202020202020202020202020202020
3766203032202020202020202020202020202020
2020202020202020202020202020202020202020
6465203061202020202020202020202020202020
2020202020202020202020202020202020202020
3032203032203465202020202020202020202020
2020202020202020202020202020202020202020
2020202020202020202020202020202020202020
3765203032202020202020202020202020202020
2020202020202020202020202020202020202020
6466203033202020202020202020202020202020
2020202020202020202020202020202020202020
3032203032203465202020202020202020202020
2020202020202020202020202020202020202020
2020202020202020202020202020202020202020
6132206233202020202020202020202020202020
2020202020202020202020202020202020202020
3932206530202020202020202020202020202020
2020202020202020202020202020202020202020
3732206531202020202020202020202020202020
2020202020202020202020202020202020202020
3530203063202020202020202020202020202020
2020202020202020202020202020202020202020
6132206530202020202020202020202020202020
2020202020202020202020202020202020202020
3832206531202020202020202020202020202020
2020202020202020202020202020202020202020
3430203036202020202020202020202020202020
2020202020202020202020202020202020202020
3764203030202020202020202020202020202020
2020202020202020202020202020202020202020
3765203032202020202020202020202020202020
2020202020202020202020202020202020202020
3766203032202020202020202020202020202020
2020202020202020202020202020202020202020
3333202020202020202020202020202020202020
3330203839206363202020202020202020202020
2020202020202020202020202020202020202020
2020202020202020202020202020202020202020
6432206138202020202020202020202020202020
2020202020202020202020202020202020202020
6332203163202020202020202020202020202020
2020202020202020202020202020202020202020
3032203130203038202020202020202020202020
2020202020202020202020202020202020202020
2020202020202020202020202020202020202020
3330206233206664202020202020202020202020
2020202020202020202020202020202020202020
2020202020202020202020202020202020202020
3230206233206664202020202020202020202020
2020202020202020202020202020202020202020
2020202020202020202020202020202020202020
3232202020202020202020202020202020202020
3330206234203037202020202020202020202020
2020202020202020202020202020202020202020
2020202020202020202020202020202020202020
6432203331202020202020202020202020202020
2020202020202020202020202020202020202020
6432203330202020202020202020202020202020
2020202020202020202020202020202020202020
3032203063206530202020202020202020202020
2020202020202020202020202020202020202020
2020202020202020202020202020202020202020
6332203331202020202020202020202020202020
2020202020202020202020202020202020202020
6432203330202020202020202020202020202020
2020202020202020202020202020202020202020
3032203066203961202020202020202020202020
2020202020202020202020202020202020202020
2020202020202020202020202020202020202020
3230203163203665202020202020202020202020
2020202020202020202020202020202020202020
2020202020202020202020202020202020202020
6535203239202020202020202020202020202020
2020202020202020202020202020202020202020
3630203033202020202020202020202020202020
2020202020202020202020202020202020202020
3134202020202020202020202020202020202020
6635203239202020202020202020202020202020
2020202020202020202020202020202020202020
3230206234203162202020202020202020202020
2020202020202020202020202020202020202020
2020202020202020202020202020202020202020
6332203336202020202020202020202020202020
2020202020202020202020202020202020202020
3330203331203432202020202020202020202020
2020202020202020202020202020202020202020
2020202020202020202020202020202020202020
3230203330203435202020202020202020202020
2020202020202020202020202020202020202020
2020202020202020202020202020202020202020
3230203334203036202020202020202020202020
2020202020202020202020202020202020202020
2020202020202020202020202020202020202020
6432203332202020202020202020202020202020
2020202020202020202020202020202020202020
6332203333202020202020202020202020202020
2020202020202020202020202020202020202020
3830203034202020202020202020202020202020
2020202020202020202020202020202020202020
6332203332202020202020202020202020202020
2020202020202020202020202020202020202020
6432203333202020202020202020202020202020
2020202020202020202020202020202020202020
6432203330202020202020202020202020202020
2020202020202020202020202020202020202020
6332203331202020202020202020202020202020
2020202020202020202020202020202020202020
3830203439202020202020202020202020202020
2020202020202020202020202020202020202020
3761203436202020202020202020202020202020
2020202020202020202020202020202020202020
3230203331203131202020202020202020202020
2020202020202020202020202020202020202020
2020202020202020202020202020202020202020
3734203538202020202020202020202020202020
2020202020202020202020202020202020202020
3933202020202020202020202020202020202020
6635203239202020202020202020202020202020
2020202020202020202020202020202020202020
3230203164203262202020202020202020202020
2020202020202020202020202020202020202020
2020202020202020202020202020202020202020
3130203336203039202020202020202020202020
2020202020202020202020202020202020202020
2020202020202020202020202020202020202020
6132203334202020202020202020202020202020
2020202020202020202020202020202020202020
3932203335202020202020202020202020202020
2020202020202020202020202020202020202020
3830203033202020202020202020202020202020
2020202020202020202020202020202020202020
3230203330203139202020202020202020202020
2020202020202020202020202020202020202020
2020202020202020202020202020202020202020
3230203335203031202020202020202020202020
2020202020202020202020202020202020202020
2020202020202020202020202020202020202020
3061202020202020202020202020202020202020
3132203035203164202020202020202020202020
2020202020202020202020202020202020202020
2020202020202020202020202020202020202020
6333202020202020202020202020202020202020
3934203134202020202020202020202020202020
2020202020202020202020202020202020202020
6132206537202020202020202020202020202020
2020202020202020202020202020202020202020
3133202020202020202020202020202020202020
6432203331202020202020202020202020202020
2020202020202020202020202020202020202020
6332203330202020202020202020202020202020
2020202020202020202020202020202020202020
6635203331202020202020202020202020202020
2020202020202020202020202020202020202020
6535203239202020202020202020202020202020
2020202020202020202020202020202020202020
3730203139202020202020202020202020202020
2020202020202020202020202020202020202020
6432203330202020202020202020202020202020
2020202020202020202020202020202020202020
6332203332202020202020202020202020202020
2020202020202020202020202020202020202020
6332203333202020202020202020202020202020
2020202020202020202020202020202020202020
3830203131202020202020202020202020202020
2020202020202020202020202020202020202020
6432203330202020202020202020202020202020
2020202020202020202020202020202020202020
6332203331202020202020202020202020202020
2020202020202020202020202020202020202020
6332203332202020202020202020202020202020
2020202020202020202020202020202020202020
6332203333202020202020202020202020202020
2020202020202020202020202020202020202020
3230203336203036202020202020202020202020
2020202020202020202020202020202020202020
2020202020202020202020202020202020202020
6132203334202020202020202020202020202020
2020202020202020202020202020202020202020
3932203335202020202020202020202020202020
2020202020202020202020202020202020202020
6432203336202020202020202020202020202020
2020202020202020202020202020202020202020
3232202020202020202020202020202020202020
3230203163203365202020202020202020202020
2020202020202020202020202020202020202020
2020202020202020202020202020202020202020
3330203330203362202020202020202020202020
2020202020202020202020202020202020202020
2020202020202020202020202020202020202020
3230203332203035202020202020202020202020
2020202020202020202020202020202020202020
2020202020202020202020202020202020202020
3230203333203032202020202020202020202020
2020202020202020202020202020202020202020
2020202020202020202020202020202020202020
6131203936202020202020202020202020202020
2020202020202020202020202020202020202020
6435203334203330202020202020202020202020
2020202020202020202020202020202020202020
2020202020202020202020202020202020202020
3930203131203630202020202020202020202020
2020202020202020202020202020202020202020
2020202020202020202020202020202020202020
3734203536202020202020202020202020202020
2020202020202020202020202020202020202020
3230203332203032202020202020202020202020
2020202020202020202020202020202020202020
2020202020202020202020202020202020202020
3734203537202020202020202020202020202020
2020202020202020202020202020202020202020
3933202020202020202020202020202020202020
6635203334202020202020202020202020202020
2020202020202020202020202020202020202020
3761203435202020202020202020202020202020
2020202020202020202020202020202020202020
3132203035203164202020202020202020202020
2020202020202020202020202020202020202020
2020202020202020202020202020202020202020
6664202020202020202020202020202020202020
6535203332202020202020202020202020202020
2020202020202020202020202020202020202020
6665202020202020202020202020202020202020
6166203331202020202020202020202020202020
2020202020202020202020202020202020202020
6333202020202020202020202020202020202020
3966202020202020202020202020202020202020
6333202020202020202020202020202020202020
3230206537203037202020202020202020202020
2020202020202020202020202020202020202020
2020202020202020202020202020202020202020
3964202020202020202020202020202020202020
3430203034202020202020202020202020202020
2020202020202020202020202020202020202020
6566202020202020202020202020202020202020
3264202020202020202020202020202020202020
6131203934202020202020202020202020202020
2020202020202020202020202020202020202020
6332203332202020202020202020202020202020
2020202020202020202020202020202020202020
6332203333202020202020202020202020202020
2020202020202020202020202020202020202020
3735203334203031202020202020202020202020
2020202020202020202020202020202020202020
2020202020202020202020202020202020202020
6535203332202020202020202020202020202020
2020202020202020202020202020202020202020
6635203331202020202020202020202020202020
2020202020202020202020202020202020202020
3232202020202020202020202020202020202020
6535203238202020202020202020202020202020
2020202020202020202020202020202020202020
6333202020202020202020202020202020202020
3935203337202020202020202020202020202020
2020202020202020202020202020202020202020
3530203064202020202020202020202020202020
2020202020202020202020202020202020202020
6635206630202020202020202020202020202020
2020202020202020202020202020202020202020
3734203664202020202020202020202020202020
2020202020202020202020202020202020202020
3933202020202020202020202020202020202020
3235206630202020202020202020202020202020
2020202020202020202020202020202020202020
3430203034202020202020202020202020202020
2020202020202020202020202020202020202020
6332203334202020202020202020202020202020
2020202020202020202020202020202020202020
3830203032202020202020202020202020202020
2020202020202020202020202020202020202020
6432203334202020202020202020202020202020
2020202020202020202020202020202020202020
3835203337203238202020202020202020202020
2020202020202020202020202020202020202020
2020202020202020202020202020202020202020
3232202020202020202020202020202020202020
3230203163203063202020202020202020202020
2020202020202020202020202020202020202020
2020202020202020202020202020202020202020
3330203330203133202020202020202020202020
2020202020202020202020202020202020202020
2020202020202020202020202020202020202020
3230203136203039202020202020202020202020
2020202020202020202020202020202020202020
2020202020202020202020202020202020202020
3230203332203064202020202020202020202020
2020202020202020202020202020202020202020
2020202020202020202020202020202020202020
3230203333203061202020202020202020202020
2020202020202020202020202020202020202020
2020202020202020202020202020202020202020
3032203030206633202020202020202020202020
2020202020202020202020202020202020202020
2020202020202020202020202020202020202020
6332203332202020202020202020202020202020
2020202020202020202020202020202020202020
6332203333202020202020202020202020202020
2020202020202020202020202020202020202020
3032203030206633202020202020202020202020
2020202020202020202020202020202020202020
2020202020202020202020202020202020202020
3032203031203263202020202020202020202020
2020202020202020202020202020202020202020
2020202020202020202020202020202020202020
3230203163203131202020202020202020202020
2020202020202020202020202020202020202020
2020202020202020202020202020202020202020
3230203164203061202020202020202020202020
2020202020202020202020202020202020202020
2020202020202020202020202020202020202020
3230203330203062202020202020202020202020
2020202020202020202020202020202020202020
2020202020202020202020202020202020202020
6332203135202020202020202020202020202020
2020202020202020202020202020202020202020
6332203136202020202020202020202020202020
2020202020202020202020202020202020202020
3032203037206137202020202020202020202020
2020202020202020202020202020202020202020
2020202020202020202020202020202020202020
6332203332202020202020202020202020202020
2020202020202020202020202020202020202020
6332203333202020202020202020202020202020
2020202020202020202020202020202020202020
3032203037203038202020202020202020202020
2020202020202020202020202020202020202020
2020202020202020202020202020202020202020
3032203130203830202020202020202020202020
2020202020202020202020202020202020202020
2020202020202020202020202020202020202020
6531203036202020202020202020202020202020
2020202020202020202020202020202020202020
3735203237203030202020202020202020202020
2020202020202020202020202020202020202020
2020202020202020202020202020202020202020
6332203238202020202020202020202020202020
2020202020202020202020202020202020202020
6631203231202020202020202020202020202020
2020202020202020202020202020202020202020
3734203566202020202020202020202020202020
2020202020202020202020202020202020202020
3933202020202020202020202020202020202020
3935203133202020202020202020202020202020
2020202020202020202020202020202020202020
6233202020202020202020202020202020202020
3932203363202020202020202020202020202020
2020202020202020202020202020202020202020
6132203235202020202020202020202020202020
2020202020202020202020202020202020202020
6233202020202020202020202020202020202020
3932203364202020202020202020202020202020
2020202020202020202020202020202020202020
3734203630202020202020202020202020202020
2020202020202020202020202020202020202020
3933202020202020202020202020202020202020
3935203132202020202020202020202020202020
2020202020202020202020202020202020202020
3932203365202020202020202020202020202020
2020202020202020202020202020202020202020
3738203563202020202020202020202020202020
2020202020202020202020202020202020202020
3734203564202020202020202020202020202020
2020202020202020202020202020202020202020
3330203339203033202020202020202020202020
2020202020202020202020202020202020202020
2020202020202020202020202020202020202020
3738203539202020202020202020202020202020
2020202020202020202020202020202020202020
3034202020202020202020202020202020202020
3933202020202020202020202020202020202020
6635206630202020202020202020202020202020
2020202020202020202020202020202020202020
3032203130203833202020202020202020202020
2020202020202020202020202020202020202020
2020202020202020202020202020202020202020
6535203237202020202020202020202020202020
2020202020202020202020202020202020202020
3534203738202020202020202020202020202020
2020202020202020202020202020202020202020
3630203032202020202020202020202020202020
2020202020202020202020202020202020202020
6331206333202020202020202020202020202020
2020202020202020202020202020202020202020
3734203539202020202020202020202020202020
2020202020202020202020202020202020202020
3933202020202020202020202020202020202020
6634202020202020202020202020202020202020
3034202020202020202020202020202020202020
3235203539202020202020202020202020202020
2020202020202020202020202020202020202020
3235203162202020202020202020202020202020
2020202020202020202020202020202020202020
6662202020202020202020202020202020202020
6333202020202020202020202020202020202020
3936202020202020202020202020202020202020
3932203032202020202020202020202020202020
2020202020202020202020202020202020202020
3530203032202020202020202020202020202020
2020202020202020202020202020202020202020
6634202020202020202020202020202020202020
3034202020202020202020202020202020202020
6134202020202020202020202020202020202020
6165206630202020202020202020202020202020
2020202020202020202020202020202020202020
6664202020202020202020202020202020202020
3038202020202020202020202020202020202020
3230203032203139202020202020202020202020
2020202020202020202020202020202020202020
2020202020202020202020202020202020202020
6536202020202020202020202020202020202020
3264202020202020202020202020202020202020
6636202020202020202020202020202020202020
3038202020202020202020202020202020202020
6536202020202020202020202020202020202020
3365202020202020202020202020202020202020
6636202020202020202020202020202020202020
3530203330202020202020202020202020202020
2020202020202020202020202020202020202020
6333202020202020202020202020202020202020
3934203830202020202020202020202020202020
2020202020202020202020202020202020202020
6636202020202020202020202020202020202020
3138202020202020202020202020202020202020
3138202020202020202020202020202020202020
3734203561202020202020202020202020202020
2020202020202020202020202020202020202020
3933202020202020202020202020202020202020
6433202020202020202020202020202020202020
3936202020202020202020202020202020202020
3430203233202020202020202020202020202020
2020202020202020202020202020202020202020
3036202020202020202020202020202020202020
3830203137202020202020202020202020202020
2020202020202020202020202020202020202020
6333202020202020202020202020202020202020
6536202020202020202020202020202020202020
3964202020202020202020202020202020202020
6636202020202020202020202020202020202020
3038202020202020202020202020202020202020
6536202020202020202020202020202020202020
3965202020202020202020202020202020202020
6636202020202020202020202020202020202020
3530203136202020202020202020202020202020
2020202020202020202020202020202020202020
3234203830202020202020202020202020202020
2020202020202020202020202020202020202020
6636202020202020202020202020202020202020
3138202020202020202020202020202020202020
3138202020202020202020202020202020202020
3734203562202020202020202020202020202020
2020202020202020202020202020202020202020
3933202020202020202020202020202020202020
6333202020202020202020202020202020202020
3936202020202020202020202020202020202020
3530203061202020202020202020202020202020
2020202020202020202020202020202020202020
3136202020202020202020202020202020202020
3330203339203036202020202020202020202020
2020202020202020202020202020202020202020
2020202020202020202020202020202020202020
6536202020202020202020202020202020202020
3738203036202020202020202020202020202020
2020202020202020202020202020202020202020
3132203164206632202020202020202020202020
2020202020202020202020202020202020202020
2020202020202020202020202020202020202020
6333202020202020202020202020202020202020
3734203539202020202020202020202020202020
2020202020202020202020202020202020202020
3933202020202020202020202020202020202020
3935203539202020202020202020202020202020
2020202020202020202020202020202020202020
3262202020202020202020202020202020202020
6635203162202020202020202020202020202020
2020202020202020202020202020202020202020
3230203339203438202020202020202020202020
2020202020202020202020202020202020202020
2020202020202020202020202020202020202020
3032203130203836202020202020202020202020
2020202020202020202020202020202020202020
2020202020202020202020202020202020202020
6435203633203432202020202020202020202020
2020202020202020202020202020202020202020
2020202020202020202020202020202020202020
3734203563202020202020202020202020202020
2020202020202020202020202020202020202020
3933202020202020202020202020202020202020
6635203633202020202020202020202020202020
2020202020202020202020202020202020202020
6333202020202020202020202020202020202020
6535203563202020202020202020202020202020
2020202020202020202020202020202020202020
3935203539202020202020202020202020202020
2020202020202020202020202020202020202020
3530203032202020202020202020202020202020
2020202020202020202020202020202020202020
6634202020202020202020202020202020202020
3034202020202020202020202020202020202020
3932203032202020202020202020202020202020
2020202020202020202020202020202020202020
3735206630203031202020202020202020202020
2020202020202020202020202020202020202020
2020202020202020202020202020202020202020
3330203338203066202020202020202020202020
2020202020202020202020202020202020202020
2020202020202020202020202020202020202020
6139203566202020202020202020202020202020
2020202020202020202020202020202020202020
6138203630202020202020202020202020202020
2020202020202020202020202020202020202020
3731206464202020202020202020202020202020
2020202020202020202020202020202020202020
3835203566206630202020202020202020202020
2020202020202020202020202020202020202020
2020202020202020202020202020202020202020
3839203566202020202020202020202020202020
2020202020202020202020202020202020202020
3838203630202020202020202020202020202020
2020202020202020202020202020202020202020
3830203064202020202020202020202020202020
2020202020202020202020202020202020202020
6139203631202020202020202020202020202020
2020202020202020202020202020202020202020
6138203632202020202020202020202020202020
2020202020202020202020202020202020202020
3731206464202020202020202020202020202020
2020202020202020202020202020202020202020
3835203631206630202020202020202020202020
2020202020202020202020202020202020202020
2020202020202020202020202020202020202020
3839203631202020202020202020202020202020
2020202020202020202020202020202020202020
3838203632202020202020202020202020202020
2020202020202020202020202020202020202020
6539202020202020202020202020202020202020
3738203063202020202020202020202020202020
2020202020202020202020202020202020202020
3230203338203032202020202020202020202020
2020202020202020202020202020202020202020
2020202020202020202020202020202020202020
3738203132202020202020202020202020202020
2020202020202020202020202020202020202020
6235206630203032202020202020202020202020
2020202020202020202020202020202020202020
2020202020202020202020202020202020202020
3830203033202020202020202020202020202020
2020202020202020202020202020202020202020
3132203164206632202020202020202020202020
2020202020202020202020202020202020202020
2020202020202020202020202020202020202020
3032203130203839202020202020202020202020
2020202020202020202020202020202020202020
2020202020202020202020202020202020202020
6333202020202020202020202020202020202020
6535203566202020202020202020202020202020
2020202020202020202020202020202020202020
3934203830202020202020202020202020202020
2020202020202020202020202020202020202020
3932206435202020202020202020202020202020
2020202020202020202020202020202020202020
3530203032202020202020202020202020202020
2020202020202020202020202020202020202020
6634202020202020202020202020202020202020
3034202020202020202020202020202020202020
6639202020202020202020202020202020202020
6162203337202020202020202020202020202020
2020202020202020202020202020202020202020
3835203337206630202020202020202020202020
2020202020202020202020202020202020202020
2020202020202020202020202020202020202020
3734203332202020202020202020202020202020
2020202020202020202020202020202020202020
3834202020202020202020202020202020202020
6666202020202020202020202020202020202020
3132203034206561202020202020202020202020
2020202020202020202020202020202020202020
2020202020202020202020202020202020202020
6665202020202020202020202020202020202020
6539202020202020202020202020202020202020
3132203034206439202020202020202020202020
2020202020202020202020202020202020202020
2020202020202020202020202020202020202020
6566202020202020202020202020202020202020
3630203032202020202020202020202020202020
2020202020202020202020202020202020202020
3765206666202020202020202020202020202020
2020202020202020202020202020202020202020
6565202020202020202020202020202020202020
6333202020202020202020202020202020202020
3133202020202020202020202020202020202020
3234203830202020202020202020202020202020
2020202020202020202020202020202020202020
3330206435203032202020202020202020202020
2020202020202020202020202020202020202020
2020202020202020202020202020202020202020
6634202020202020202020202020202020202020
3030202020202020202020202020202020202020
3235203631202020202020202020202020202020
2020202020202020202020202020202020202020
6233202020202020202020202020202020202020
3932206435202020202020202020202020202020
2020202020202020202020202020202020202020
3530203032202020202020202020202020202020
2020202020202020202020202020202020202020
6634202020202020202020202020202020202020
3030202020202020202020202020202020202020
3730203032202020202020202020202020202020
2020202020202020202020202020202020202020
6332206435202020202020202020202020202020
2020202020202020202020202020202020202020
6635203538202020202020202020202020202020
2020202020202020202020202020202020202020
6132206435202020202020202020202020202020
2020202020202020202020202020202020202020
3932203239202020202020202020202020202020
2020202020202020202020202020202020202020
3232202020202020202020202020202020202020
6535203439202020202020202020202020202020
2020202020202020202020202020202020202020
3835203337206630202020202020202020202020
2020202020202020202020202020202020202020
2020202020202020202020202020202020202020
6134202020202020202020202020202020202020
6166206630202020202020202020202020202020
2020202020202020202020202020202020202020
6665202020202020202020202020202020202020
3734206134202020202020202020202020202020
2020202020202020202020202020202020202020
3132203034206439202020202020202020202020
2020202020202020202020202020202020202020
2020202020202020202020202020202020202020
3734203032202020202020202020202020202020
2020202020202020202020202020202020202020
3132203035203039202020202020202020202020
2020202020202020202020202020202020202020
2020202020202020202020202020202020202020
3630203032202020202020202020202020202020
2020202020202020202020202020202020202020
3766206666202020202020202020202020202020
2020202020202020202020202020202020202020
6566202020202020202020202020202020202020
6663202020202020202020202020202020202020
6131206539202020202020202020202020202020
2020202020202020202020202020202020202020
3032203130203863202020202020202020202020
2020202020202020202020202020202020202020
2020202020202020202020202020202020202020
6333202020202020202020202020202020202020
3734203633202020202020202020202020202020
2020202020202020202020202020202020202020
3933202020202020202020202020202020202020
3963202020202020202020202020202020202020
3530203061202020202020202020202020202020
2020202020202020202020202020202020202020
3734203634202020202020202020202020202020
2020202020202020202020202020202020202020
3933202020202020202020202020202020202020
6333202020202020202020202020202020202020
3935203439202020202020202020202020202020
2020202020202020202020202020202020202020
3932203339202020202020202020202020202020
2020202020202020202020202020202020202020
3830203330202020202020202020202020202020
2020202020202020202020202020202020202020
3734203632202020202020202020202020202020
2020202020202020202020202020202020202020
3933202020202020202020202020202020202020
3935203337202020202020202020202020202020
2020202020202020202020202020202020202020
3430203039202020202020202020202020202020
2020202020202020202020202020202020202020
3734203631202020202020202020202020202020
2020202020202020202020202020202020202020
3933202020202020202020202020202020202020
3963202020202020202020202020202020202020
6233202020202020202020202020202020202020
3932203338202020202020202020202020202020
2020202020202020202020202020202020202020
3830203230202020202020202020202020202020
2020202020202020202020202020202020202020
3734203636202020202020202020202020202020
2020202020202020202020202020202020202020
3933202020202020202020202020202020202020
6333202020202020202020202020202020202020
3935203337202020202020202020202020202020
2020202020202020202020202020202020202020
3530203138202020202020202020202020202020
2020202020202020202020202020202020202020
3734203635202020202020202020202020202020
2020202020202020202020202020202020202020
3933202020202020202020202020202020202020
6333202020202020202020202020202020202020
3963202020202020202020202020202020202020
3430203131202020202020202020202020202020
2020202020202020202020202020202020202020
3734203637202020202020202020202020202020
2020202020202020202020202020202020202020
3933202020202020202020202020202020202020
3935203439202020202020202020202020202020
2020202020202020202020202020202020202020
3530203061202020202020202020202020202020
2020202020202020202020202020202020202020
3734203638202020202020202020202020202020
2020202020202020202020202020202020202020
3933202020202020202020202020202020202020
6333202020202020202020202020202020202020
3935203439202020202020202020202020202020
2020202020202020202020202020202020202020
3430203032202020202020202020202020202020
2020202020202020202020202020202020202020
6432203361202020202020202020202020202020
2020202020202020202020202020202020202020
6535203237202020202020202020202020202020
2020202020202020202020202020202020202020
3534203037202020202020202020202020202020
2020202020202020202020202020202020202020
3730203032202020202020202020202020202020
2020202020202020202020202020202020202020
6432203362202020202020202020202020202020
2020202020202020202020202020202020202020
3232202020202020202020202020202020202020
3734203539202020202020202020202020202020
2020202020202020202020202020202020202020
3933202020202020202020202020202020202020
6634202020202020202020202020202020202020
3034202020202020202020202020202020202020
3235203539202020202020202020202020202020
2020202020202020202020202020202020202020
3239202020202020202020202020202020202020
6639202020202020202020202020202020202020
3631203435202020202020202020202020202020
2020202020202020202020202020202020202020
6535203538202020202020202020202020202020
2020202020202020202020202020202020202020
3735206630203034202020202020202020202020
2020202020202020202020202020202020202020
2020202020202020202020202020202020202020
6134202020202020202020202020202020202020
3330203239203035202020202020202020202020
2020202020202020202020202020202020202020
2020202020202020202020202020202020202020
6233202020202020202020202020202020202020
6634202020202020202020202020202020202020
3633206630206666202020202020202020202020
2020202020202020202020202020202020202020
2020202020202020202020202020202020202020
3365202020202020202020202020202020202020
6665202020202020202020202020202020202020
6535206630202020202020202020202020202020
2020202020202020202020202020202020202020
3366202020202020202020202020202020202020
6666202020202020202020202020202020202020
6534202020202020202020202020202020202020
3230203239203032202020202020202020202020
2020202020202020202020202020202020202020
2020202020202020202020202020202020202020
6233202020202020202020202020202020202020
6634202020202020202020202020202020202020
3430203032202020202020202020202020202020
2020202020202020202020202020202020202020
6666202020202020202020202020202020202020
6665202020202020202020202020202020202020
3032203031206265202020202020202020202020
2020202020202020202020202020202020202020
2020202020202020202020202020202020202020
3735203839203131202020202020202020202020
2020202020202020202020202020202020202020
2020202020202020202020202020202020202020
3735206238203032202020202020202020202020
2020202020202020202020202020202020202020
2020202020202020202020202020202020202020
3433206138203835202020202020202020202020
2020202020202020202020202020202020202020
2020202020202020202020202020202020202020
3433203838203035202020202020202020202020
2020202020202020202020202020202020202020
2020202020202020202020202020202020202020
3930203131203630202020202020202020202020
2020202020202020202020202020202020202020
2020202020202020202020202020202020202020
3735203831203633202020202020202020202020
2020202020202020202020202020202020202020
2020202020202020202020202020202020202020
6332203932202020202020202020202020202020
2020202020202020202020202020202020202020
3734203064202020202020202020202020202020
2020202020202020202020202020202020202020
3933202020202020202020202020202020202020
6635203261202020202020202020202020202020
2020202020202020202020202020202020202020
3132203036203366202020202020202020202020
2020202020202020202020202020202020202020
2020202020202020202020202020202020202020
3132203130203161202020202020202020202020
2020202020202020202020202020202020202020
2020202020202020202020202020202020202020
3132203066206537202020202020202020202020
2020202020202020202020202020202020202020
2020202020202020202020202020202020202020
3132203036203539202020202020202020202020
2020202020202020202020202020202020202020
2020202020202020202020202020202020202020
3132203066206537202020202020202020202020
2020202020202020202020202020202020202020
2020202020202020202020202020202020202020
3132203036203866202020202020202020202020
2020202020202020202020202020202020202020
2020202020202020202020202020202020202020
3132203130203161202020202020202020202020
2020202020202020202020202020202020202020
2020202020202020202020202020202020202020
3132203066206537202020202020202020202020
2020202020202020202020202020202020202020
2020202020202020202020202020202020202020
3132203037206237202020202020202020202020
2020202020202020202020202020202020202020
2020202020202020202020202020202020202020
3132203066206537202020202020202020202020
2020202020202020202020202020202020202020
2020202020202020202020202020202020202020
3132203130203161202020202020202020202020
2020202020202020202020202020202020202020
2020202020202020202020202020202020202020
3132203037206265202020202020202020202020
2020202020202020202020202020202020202020
2020202020202020202020202020202020202020
3132203066206537202020202020202020202020
2020202020202020202020202020202020202020
2020202020202020202020202020202020202020
3032203130203164202020202020202020202020
2020202020202020202020202020202020202020
2020202020202020202020202020202020202020
3330203163206261202020202020202020202020
2020202020202020202020202020202020202020
2020202020202020202020202020202020202020
3132203032203164202020202020202020202020
2020202020202020202020202020202020202020
2020202020202020202020202020202020202020
3132203033203063202020202020202020202020
2020202020202020202020202020202020202020
2020202020202020202020202020202020202020
3232202020202020202020202020202020202020
3130203137203031202020202020202020202020
2020202020202020202020202020202020202020
2020202020202020202020202020202020202020
3232202020202020202020202020202020202020
3032203032206336202020202020202020202020
2020202020202020202020202020202020202020
2020202020202020202020202020202020202020
6666202020202020202020202020202020202020
6666202020202020202020202020202020202020
6666202020202020202020202020202020202020
6666202020202020202020202020202020202020
6666202020202020202020202020202020202020
6666202020202020202020202020202020202020
6666202020202020202020202020202020202020
6666202020202020202020202020202020202020
6666202020202020202020202020202020202020
6666202020202020202020202020202020202020
6666202020202020202020202020202020202020
6666202020202020202020202020202020202020
6666202020202020202020202020202020202020
6666202020202020202020202020202020202020
6666202020202020202020202020202020202020
6666202020202020202020202020202020202020
3030202020202020202020202020202020202020
3432202020202020202020202020202020202020
6332203935202020202020202020202020202020
2020202020202020202020202020202020202020
3032203063203666202020202020202020202020
2020202020202020202020202020202020202020
2020202020202020202020202020202020202020
3032203166203465202020202020202020202020
2020202020202020202020202020202020202020
2020202020202020202020202020202020202020
3032203166203361202020202020202020202020
2020202020202020202020202020202020202020
2020202020202020202020202020202020202020
3032203032203732202020202020202020202020
2020202020202020202020202020202020202020
2020202020202020202020202020202020202020
3132203165203533202020202020202020202020
2020202020202020202020202020202020202020
2020202020202020202020202020202020202020
3032203032203738202020202020202020202020
2020202020202020202020202020202020202020
2020202020202020202020202020202020202020
6666202020202020202020202020202020202020
6666202020202020202020202020202020202020
6666202020202020202020202020202020202020
3032203063203737202020202020202020202020
2020202020202020202020202020202020202020
2020202020202020202020202020202020202020
3032203165203664202020202020202020202020
2020202020202020202020202020202020202020
2020202020202020202020202020202020202020
3032203166203764202020202020202020202020
2020202020202020202020202020202020202020
2020202020202020202020202020202020202020
6666202020202020202020202020202020202020
6666202020202020202020202020202020202020
6666202020202020202020202020202020202020
6666202020202020202020202020202020202020
6666202020202020202020202020202020202020
6666202020202020202020202020202020202020
6666202020202020202020202020202020202020
6666202020202020202020202020202020202020
6666202020202020202020202020202020202020
3032203030206633202020202020202020202020
2020202020202020202020202020202020202020
2020202020202020202020202020202020202020
3032203031203737202020202020202020202020
2020202020202020202020202020202020202020
2020202020202020202020202020202020202020
3032203031206265202020202020202020202020
2020202020202020202020202020202020202020
2020202020202020202020202020202020202020
3032203034203038202020202020202020202020
2020202020202020202020202020202020202020
2020202020202020202020202020202020202020
3032203166203865202020202020202020202020
2020202020202020202020202020202020202020
2020202020202020202020202020202020202020
3032203162203330202020202020202020202020
2020202020202020202020202020202020202020
2020202020202020202020202020202020202020
3232202020202020202020202020202020202020
6666202020202020202020202020202020202020
6666202020202020202020202020202020202020
3032203063203537202020202020202020202020
2020202020202020202020202020202020202020
2020202020202020202020202020202020202020
6666202020202020202020202020202020202020
6666202020202020202020202020202020202020
6666202020202020202020202020202020202020
6666202020202020202020202020202020202020
6666202020202020202020202020202020202020
6666202020202020202020202020202020202020
3032203162206430202020202020202020202020
2020202020202020202020202020202020202020
2020202020202020202020202020202020202020
3032203163203866202020202020202020202020
2020202020202020202020202020202020202020
2020202020202020202020202020202020202020
3032203062206664202020202020202020202020
2020202020202020202020202020202020202020
2020202020202020202020202020202020202020
3032203164206530202020202020202020202020
2020202020202020202020202020202020202020
2020202020202020202020202020202020202020
3032203162203339202020202020202020202020
2020202020202020202020202020202020202020
2020202020202020202020202020202020202020
3032203038203932202020202020202020202020
2020202020202020202020202020202020202020
2020202020202020202020202020202020202020
3032203037203038202020202020202020202020
2020202020202020202020202020202020202020
2020202020202020202020202020202020202020
3032203163206237202020202020202020202020
2020202020202020202020202020202020202020
2020202020202020202020202020202020202020
3032203165203030202020202020202020202020
2020202020202020202020202020202020202020
2020202020202020202020202020202020202020
3032203062203435202020202020202020202020
2020202020202020202020202020202020202020
2020202020202020202020202020202020202020
3032203062206135202020202020202020202020
2020202020202020202020202020202020202020
2020202020202020202020202020202020202020
3032203038203935202020202020202020202020
2020202020202020202020202020202020202020
2020202020202020202020202020202020202020
3032203038206531202020202020202020202020
2020202020202020202020202020202020202020
2020202020202020202020202020202020202020
3032203039203037202020202020202020202020
2020202020202020202020202020202020202020
2020202020202020202020202020202020202020
3032203039203432202020202020202020202020
2020202020202020202020202020202020202020
2020202020202020202020202020202020202020
3032203162203832202020202020202020202020
2020202020202020202020202020202020202020
2020202020202020202020202020202020202020
3032203039206338202020202020202020202020
2020202020202020202020202020202020202020
2020202020202020202020202020202020202020
3032203039206566202020202020202020202020
2020202020202020202020202020202020202020
2020202020202020202020202020202020202020
3032203162203430202020202020202020202020
2020202020202020202020202020202020202020
2020202020202020202020202020202020202020
3032206666206666202020202020202020202020
2020202020202020202020202020202020202020
2020202020202020202020202020202020202020
3032206666206666202020202020202020202020
2020202020202020202020202020202020202020
2020202020202020202020202020202020202020
3032206666206666202020202020202020202020
2020202020202020202020202020202020202020
2020202020202020202020202020202020202020
3032206666206666202020202020202020202020
2020202020202020202020202020202020202020
2020202020202020202020202020202020202020
3032206666206666202020202020202020202020
2020202020202020202020202020202020202020
2020202020202020202020202020202020202020
6666202020202020202020202020202020202020
3030202020202020202020202020202020202020
3032203032203161202020202020202020202020
2020202020202020202020202020202020202020
2020202020202020202020202020202020202020
3130203734203736202020202020202020202020
2020202020202020202020202020202020202020
2020202020202020202020202020202020202020
3738203065202020202020202020202020202020
2020202020202020202020202020202020202020
3665202020202020202020202020202020202020
3730203732202020202020202020202020202020
2020202020202020202020202020202020202020
3063202020202020202020202020202020202020
3061202020202020202020202020202020202020
3038202020202020202020202020202020202020
3638202020202020202020202020202020202020
3661202020202020202020202020202020202020
3663202020202020202020202020202020202020
3132203761203763202020202020202020202020
2020202020202020202020202020202020202020
2020202020202020202020202020202020202020
3765206666202020202020202020202020202020
2020202020202020202020202020202020202020
6666202020202020202020202020202020202020
3139202020202020202020202020202020202020
3163202020202020202020202020202020202020
3338202020202020202020202020202020202020
3361202020202020202020202020202020202020
3434203432202020202020202020202020202020
2020202020202020202020202020202020202020
3965202020202020202020202020202020202020
6130206132202020202020202020202020202020
2020202020202020202020202020202020202020
3363202020202020202020202020202020202020
3365202020202020202020202020202020202020
3938202020202020202020202020202020202020
3961202020202020202020202020202020202020
3963202020202020202020202020202020202020
3431206666202020202020202020202020202020
2020202020202020202020202020202020202020
3265202020202020202020202020202020202020
3230203165203232202020202020202020202020
2020202020202020202020202020202020202020
2020202020202020202020202020202020202020
3830203832202020202020202020202020202020
2020202020202020202020202020202020202020
3834202020202020202020202020202020202020
3235203236202020202020202020202020202020
2020202020202020202020202020202020202020
3261202020202020202020202020202020202020
3863203865202020202020202020202020202020
2020202020202020202020202020202020202020
3930203436203438202020202020202020202020
2020202020202020202020202020202020202020
2020202020202020202020202020202020202020
3461202020202020202020202020202020202020
3463202020202020202020202020202020202020
3465202020202020202020202020202020202020
3530203532202020202020202020202020202020
2020202020202020202020202020202020202020
3535206666202020202020202020202020202020
2020202020202020202020202020202020202020
3539202020202020202020202020202020202020
3562202020202020202020202020202020202020
3564202020202020202020202020202020202020
3539202020202020202020202020202020202020
3562202020202020202020202020202020202020
3631203565202020202020202020202020202020
2020202020202020202020202020202020202020
6666202020202020202020202020202020202020
6666202020202020202020202020202020202020
6666202020202020202020202020202020202020
3034202020202020202020202020202020202020
3134202020202020202020202020202020202020
3136202020202020202020202020202020202020
3263202020202020202020202020202020202020
3932203934202020202020202020202020202020
2020202020202020202020202020202020202020
3936202020202020202020202020202020202020
3239202020202020202020202020202020202020
3837203839202020202020202020202020202020
2020202020202020202020202020202020202020
3862203330202020202020202020202020202020
2020202020202020202020202020202020202020
3332202020202020202020202020202020202020
3334203336202020202020202020202020202020
2020202020202020202020202020202020202020
3536202020202020202020202020202020202020
6134202020202020202020202020202020202020
6136206138202020202020202020202020202020
2020202020202020202020202020202020202020
3037202020202020202020202020202020202020
3633203635203637202020202020202020202020
2020202020202020202020202020202020202020
2020202020202020202020202020202020202020
6666202020202020202020202020202020202020
6666202020202020202020202020202020202020
6666202020202020202020202020202020202020
6666202020202020202020202020202020202020
6666202020202020202020202020202020202020
6165206130202020202020202020202020202020
2020202020202020202020202020202020202020
3933202020202020202020202020202020202020
3837206637202020202020202020202020202020
2020202020202020202020202020202020202020
6533202020202020202020202020202020202020
6430206266202020202020202020202020202020
2020202020202020202020202020202020202020
3031203032202020202020202020202020202020
2020202020202020202020202020202020202020
3033202020202020202020202020202020202020
3034202020202020202020202020202020202020
3034202020202020202020202020202020202020
3035203036202020202020202020202020202020
2020202020202020202020202020202020202020
3037202020202020202020202020202020202020
3831203834202020202020202020202020202020
2020202020202020202020202020202020202020
3836203839202020202020202020202020202020
2020202020202020202020202020202020202020
3862203865202020202020202020202020202020
2020202020202020202020202020202020202020
3931203934202020202020202020202020202020
2020202020202020202020202020202020202020
3936202020202020202020202020202020202020
3939202020202020202020202020202020202020
3963202020202020202020202020202020202020
3966202020202020202020202020202020202020
6132206135202020202020202020202020202020
2020202020202020202020202020202020202020
6139206163202020202020202020202020202020
2020202020202020202020202020202020202020
6166206232202020202020202020202020202020
2020202020202020202020202020202020202020
6236206239206264202020202020202020202020
2020202020202020202020202020202020202020
2020202020202020202020202020202020202020
6331206334202020202020202020202020202020
2020202020202020202020202020202020202020
6338202020202020202020202020202020202020
6363202020202020202020202020202020202020
6430206434202020202020202020202020202020
2020202020202020202020202020202020202020
6438206463202020202020202020202020202020
2020202020202020202020202020202020202020
6530202020202020202020202020202020202020
6534202020202020202020202020202020202020
6539202020202020202020202020202020202020
3136202020202020202020202020202020202020
3034202020202020202020202020202020202020
3839203266202020202020202020202020202020
2020202020202020202020202020202020202020
3266202020202020202020202020202020202020
3139202020202020202020202020202020202020
3033202020202020202020202020202020202020
3032203031203030202020202020202020202020
2020202020202020202020202020202020202020
2020202020202020202020202020202020202020
3137202020202020202020202020202020202020
3038202020202020202020202020202020202020
3233202020202020202020202020202020202020
3236202020202020202020202020202020202020
3164202020202020202020202020202020202020
3134202020202020202020202020202020202020
3065202020202020202020202020202020202020
3065202020202020202020202020202020202020
3061202020202020202020202020202020202020
3630203030202020202020202020202020202020
2020202020202020202020202020202020202020
3031203032202020202020202020202020202020
2020202020202020202020202020202020202020
3033202020202020202020202020202020202020
3034202020202020202020202020202020202020
3035203036202020202020202020202020202020
2020202020202020202020202020202020202020
3037202020202020202020202020202020202020
3561202020202020202020202020202020202020
3333202020202020202020202020202020202020
3437202020202020202020202020202020202020
3430203430202020202020202020202020202020
2020202020202020202020202020202020202020
3430203430202020202020202020202020202020
2020202020202020202020202020202020202020
3430203430202020202020202020202020202020
2020202020202020202020202020202020202020
3430203430202020202020202020202020202020
2020202020202020202020202020202020202020
3430203430202020202020202020202020202020
2020202020202020202020202020202020202020
3430203430202020202020202020202020202020
2020202020202020202020202020202020202020
3430203361202020202020202020202020202020
2020202020202020202020202020202020202020
3362202020202020202020202020202020202020
3364202020202020202020202020202020202020
3365202020202020202020202020202020202020
3366202020202020202020202020202020202020
3366202020202020202020202020202020202020
3366202020202020202020202020202020202020
3366202020202020202020202020202020202020
3366202020202020202020202020202020202020
3430203430202020202020202020202020202020
2020202020202020202020202020202020202020
3430203430202020202020202020202020202020
2020202020202020202020202020202020202020
3430203430202020202020202020202020202020
2020202020202020202020202020202020202020
3430203263202020202020202020202020202020
2020202020202020202020202020202020202020
3032206663203432202020202020202020202020
2020202020202020202020202020202020202020
2020202020202020202020202020202020202020
3432203030202020202020202020202020202020
2020202020202020202020202020202020202020
3030202020202020202020202020202020202020
3834202020202020202020202020202020202020
3834202020202020202020202020202020202020
3030202020202020202020202020202020202020
3030202020202020202020202020202020202020
3331203136202020202020202020202020202020
2020202020202020202020202020202020202020
3165202020202020202020202020202020202020
3061202020202020202020202020202020202020
3036202020202020202020202020202020202020
3034202020202020202020202020202020202020
6132203166202020202020202020202020202020
2020202020202020202020202020202020202020
6463203131202020202020202020202020202020
2020202020202020202020202020202020202020
3038202020202020202020202020202020202020
3031206666202020202020202020202020202020
2020202020202020202020202020202020202020
3430203561202020202020202020202020202020
2020202020202020202020202020202020202020
3063202020202020202020202020202020202020
3830203834202020202020202020202020202020
2020202020202020202020202020202020202020
3763203838202020202020202020202020202020
2020202020202020202020202020202020202020
6132203530202020202020202020202020202020
2020202020202020202020202020202020202020
3238202020202020202020202020202020202020
6663202020202020202020202020202020202020
3439202020202020202020202020202020202020
6639202020202020202020202020202020202020
3363202020202020202020202020202020202020
3134202020202020202020202020202020202020
3038202020202020202020202020202020202020
3031203031202020202020202020202020202020
2020202020202020202020202020202020202020
3038202020202020202020202020202020202020
3031203032202020202020202020202020202020
2020202020202020202020202020202020202020
3031203031202020202020202020202020202020
2020202020202020202020202020202020202020
6639202020202020202020202020202020202020
6666202020202020202020202020202020202020
3039202020202020202020202020202020202020
3039202020202020202020202020202020202020
3234203035202020202020202020202020202020
2020202020202020202020202020202020202020
3031203165202020202020202020202020202020
2020202020202020202020202020202020202020
3365202020202020202020202020202020202020
3034202020202020202020202020202020202020
3135203138202020202020202020202020202020
2020202020202020202020202020202020202020
3030202020202020202020202020202020202020
3137202020202020202020202020202020202020
6330203237202020202020202020202020202020
2020202020202020202020202020202020202020
3032203031203861202020202020202020202020
2020202020202020202020202020202020202020
2020202020202020202020202020202020202020
3432203432202020202020202020202020202020
2020202020202020202020202020202020202020
3039202020202020202020202020202020202020
6666202020202020202020202020202020202020
3933202020202020202020202020202020202020
3630203538202020202020202020202020202020
2020202020202020202020202020202020202020
3538202020202020202020202020202020202020
3037202020202020202020202020202020202020
3865203636202020202020202020202020202020
2020202020202020202020202020202020202020
3036202020202020202020202020202020202020
3462202020202020202020202020202020202020
3035206666202020202020202020202020202020
2020202020202020202020202020202020202020
3332202020202020202020202020202020202020
3161202020202020202020202020202020202020
3164202020202020202020202020202020202020
3061202020202020202020202020202020202020
6234206666206666202020202020202020202020
2020202020202020202020202020202020202020
2020202020202020202020202020202020202020
6666202020202020202020202020202020202020
6666202020202020202020202020202020202020
6666202020202020202020202020202020202020
6666202020202020202020202020202020202020
6666202020202020202020202020202020202020
6666202020202020202020202020202020202020
6666202020202020202020202020202020202020
6666202020202020202020202020202020202020
6666202020202020202020202020202020202020
6666202020202020202020202020202020202020
6666202020202020202020202020202020202020
6666202020202020202020202020202020202020
6666202020202020202020202020202020202020
6666202020202020202020202020202020202020
6666202020202020202020202020202020202020
6666202020202020202020202020202020202020
6666202020202020202020202020202020202020
6666202020202020202020202020202020202020
6666202020202020202020202020202020202020
3738206666202020202020202020202020202020
2020202020202020202020202020202020202020
3535203863202020202020202020202020202020
2020202020202020202020202020202020202020
3535206666202020202020202020202020202020
2020202020202020202020202020202020202020
3337202020202020202020202020202020202020
3331206666202020202020202020202020202020
2020202020202020202020202020202020202020
3133202020202020202020202020202020202020
3132203131203439202020202020202020202020
2020202020202020202020202020202020202020
2020202020202020202020202020202020202020
3266202020202020202020202020202020202020
3130203761203236202020202020202020202020
2020202020202020202020202020202020202020
2020202020202020202020202020202020202020
3238202020202020202020202020202020202020
3761203236202020202020202020202020202020
2020202020202020202020202020202020202020
3238202020202020202020202020202020202020
3132206130203132202020202020202020202020
2020202020202020202020202020202020202020
2020202020202020202020202020202020202020
6136203132202020202020202020202020202020
2020202020202020202020202020202020202020
6330203132202020202020202020202020202020
2020202020202020202020202020202020202020
6361202020202020202020202020202020202020
3133202020202020202020202020202020202020
3736203133202020202020202020202020202020
2020202020202020202020202020202020202020
3938202020202020202020202020202020202020
3133202020202020202020202020202020202020
6132203133202020202020202020202020202020
2020202020202020202020202020202020202020
6163203133202020202020202020202020202020
2020202020202020202020202020202020202020
6263203133206334202020202020202020202020
2020202020202020202020202020202020202020
2020202020202020202020202020202020202020
3133202020202020202020202020202020202020
6363202020202020202020202020202020202020
3133202020202020202020202020202020202020
6434202020202020202020202020202020202020
3133202020202020202020202020202020202020
6463203134202020202020202020202020202020
2020202020202020202020202020202020202020
3437202020202020202020202020202020202020
3134202020202020202020202020202020202020
3466202020202020202020202020202020202020
3134202020202020202020202020202020202020
3562202020202020202020202020202020202020
3135203730202020202020202020202020202020
2020202020202020202020202020202020202020
3134202020202020202020202020202020202020
3635203134202020202020202020202020202020
2020202020202020202020202020202020202020
3733202020202020202020202020202020202020
3134202020202020202020202020202020202020
3836203134202020202020202020202020202020
2020202020202020202020202020202020202020
3863203135202020202020202020202020202020
2020202020202020202020202020202020202020
3338202020202020202020202020202020202020
3135203434202020202020202020202020202020
2020202020202020202020202020202020202020
3135203636202020202020202020202020202020
2020202020202020202020202020202020202020
3135203761202020202020202020202020202020
2020202020202020202020202020202020202020
3135203834202020202020202020202020202020
2020202020202020202020202020202020202020
3135203861202020202020202020202020202020
2020202020202020202020202020202020202020
3135203930202020202020202020202020202020
2020202020202020202020202020202020202020
3135203938202020202020202020202020202020
2020202020202020202020202020202020202020
3135203965202020202020202020202020202020
2020202020202020202020202020202020202020
3135206163202020202020202020202020202020
2020202020202020202020202020202020202020
3135206232202020202020202020202020202020
2020202020202020202020202020202020202020
3135206263202020202020202020202020202020
2020202020202020202020202020202020202020
3135206433202020202020202020202020202020
2020202020202020202020202020202020202020
3135206462202020202020202020202020202020
2020202020202020202020202020202020202020
3135206535202020202020202020202020202020
2020202020202020202020202020202020202020
3135206566202020202020202020202020202020
2020202020202020202020202020202020202020
3135206639202020202020202020202020202020
2020202020202020202020202020202020202020
3136202020202020202020202020202020202020
3031203136202020202020202020202020202020
2020202020202020202020202020202020202020
3062202020202020202020202020202020202020
3136202020202020202020202020202020202020
3135203136202020202020202020202020202020
2020202020202020202020202020202020202020
3166202020202020202020202020202020202020
3136202020202020202020202020202020202020
3239202020202020202020202020202020202020
3136202020202020202020202020202020202020
3466202020202020202020202020202020202020
3136202020202020202020202020202020202020
3539202020202020202020202020202020202020
3136202020202020202020202020202020202020
3934203136202020202020202020202020202020
2020202020202020202020202020202020202020
6261203136206530202020202020202020202020
2020202020202020202020202020202020202020
2020202020202020202020202020202020202020
3138202020202020202020202020202020202020
6563202020202020202020202020202020202020
3136202020202020202020202020202020202020
6661202020202020202020202020202020202020
3132206361203139202020202020202020202020
2020202020202020202020202020202020202020
2020202020202020202020202020202020202020
3132203137206136202020202020202020202020
2020202020202020202020202020202020202020
2020202020202020202020202020202020202020
3133202020202020202020202020202020202020
3736203139202020202020202020202020202020
2020202020202020202020202020202020202020
6265203137206338202020202020202020202020
2020202020202020202020202020202020202020
2020202020202020202020202020202020202020
3133202020202020202020202020202020202020
6163203139202020202020202020202020202020
2020202020202020202020202020202020202020
6530202020202020202020202020202020202020
3137202020202020202020202020202020202020
6438203162202020202020202020202020202020
2020202020202020202020202020202020202020
3034202020202020202020202020202020202020
3139202020202020202020202020202020202020
6630202020202020202020202020202020202020
3137202020202020202020202020202020202020
6530202020202020202020202020202020202020
3162202020202020202020202020202020202020
3063202020202020202020202020202020202020
3139202020202020202020202020202020202020
6638202020202020202020202020202020202020
3137202020202020202020202020202020202020
6538202020202020202020202020202020202020
3162202020202020202020202020202020202020
3134202020202020202020202020202020202020
3161202020202020202020202020202020202020
3030202020202020202020202020202020202020
3137202020202020202020202020202020202020
6636202020202020202020202020202020202020
3134202020202020202020202020202020202020
3863203161202020202020202020202020202020
2020202020202020202020202020202020202020
3065202020202020202020202020202020202020
3138202020202020202020202020202020202020
6132203135202020202020202020202020202020
2020202020202020202020202020202020202020
3338202020202020202020202020202020202020
3161202020202020202020202020202020202020
6261203138206165202020202020202020202020
2020202020202020202020202020202020202020
2020202020202020202020202020202020202020
3135203434202020202020202020202020202020
2020202020202020202020202020202020202020
3161202020202020202020202020202020202020
6336202020202020202020202020202020202020
3138202020202020202020202020202020202020
6430203135202020202020202020202020202020
2020202020202020202020202020202020202020
6232203161202020202020202020202020202020
2020202020202020202020202020202020202020
6538202020202020202020202020202020202020
3138202020202020202020202020202020202020
6461203135202020202020202020202020202020
2020202020202020202020202020202020202020
6433202020202020202020202020202020202020
3161202020202020202020202020202020202020
6632202020202020202020202020202020202020
3138202020202020202020202020202020202020
6532202020202020202020202020202020202020
3136202020202020202020202020202020202020
3466202020202020202020202020202020202020
3161202020202020202020202020202020202020
6661202020202020202020202020202020202020
6666202020202020202020202020202020202020
6666202020202020202020202020202020202020
6666202020202020202020202020202020202020
6666202020202020202020202020202020202020
6666202020202020202020202020202020202020
6666202020202020202020202020202020202020
6666202020202020202020202020202020202020
6666202020202020202020202020202020202020
6666202020202020202020202020202020202020
6666202020202020202020202020202020202020
6666202020202020202020202020202020202020
6666202020202020202020202020202020202020
3134202020202020202020202020202020202020
3034202020202020202020202020202020202020
3265202020202020202020202020202020202020
3532203438202020202020202020202020202020
2020202020202020202020202020202020202020
3338202020202020202020202020202020202020
3031203033202020202020202020202020202020
2020202020202020202020202020202020202020
3032203030203133202020202020202020202020
2020202020202020202020202020202020202020
2020202020202020202020202020202020202020
3032203431203830202020202020202020202020
2020202020202020202020202020202020202020
2020202020202020202020202020202020202020
3830203830202020202020202020202020202020
2020202020202020202020202020202020202020
3034202020202020202020202020202020202020
3063202020202020202020202020202020202020
3034202020202020202020202020202020202020
3037202020202020202020202020202020202020
3038202020202020202020202020202020202020
3066202020202020202020202020202020202020
3161202020202020202020202020202020202020
3335203163202020202020202020202020202020
2020202020202020202020202020202020202020
3163202020202020202020202020202020202020
3130203037203033202020202020202020202020
2020202020202020202020202020202020202020
2020202020202020202020202020202020202020
3136202020202020202020202020202020202020
3032203133203235202020202020202020202020
2020202020202020202020202020202020202020
2020202020202020202020202020202020202020
3334203438202020202020202020202020202020
2020202020202020202020202020202020202020
3566202020202020202020202020202020202020
3839206132202020202020202020202020202020
2020202020202020202020202020202020202020
6333202020202020202020202020202020202020
6530202020202020202020202020202020202020
6633202020202020202020202020202020202020
6662202020202020202020202020202020202020
3337202020202020202020202020202020202020
3034202020202020202020202020202020202020
3138202020202020202020202020202020202020
3263202020202020202020202020202020202020
3438202020202020202020202020202020202020
3637202020202020202020202020202020202020
3131203134202020202020202020202020202020
2020202020202020202020202020202020202020
3139202020202020202020202020202020202020
3231203337202020202020202020202020202020
2020202020202020202020202020202020202020
3063202020202020202020202020202020202020
3034202020202020202020202020202020202020
3034202020202020202020202020202020202020
3038202020202020202020202020202020202020
3038202020202020202020202020202020202020
3038202020202020202020202020202020202020
3038202020202020202020202020202020202020
3138202020202020202020202020202020202020
3130203130203138202020202020202020202020
2020202020202020202020202020202020202020
2020202020202020202020202020202020202020
3130203634203439202020202020202020202020
2020202020202020202020202020202020202020
2020202020202020202020202020202020202020
3063202020202020202020202020202020202020
3035203062202020202020202020202020202020
2020202020202020202020202020202020202020
3035203036202020202020202020202020202020
2020202020202020202020202020202020202020
3035203061202020202020202020202020202020
2020202020202020202020202020202020202020
3130203062203061202020202020202020202020
2020202020202020202020202020202020202020
2020202020202020202020202020202020202020
3136202020202020202020202020202020202020
3134202020202020202020202020202020202020
3732203233202020202020202020202020202020
2020202020202020202020202020202020202020
3236202020202020202020202020202020202020
3263202020202020202020202020202020202020
3266202020202020202020202020202020202020
3331203331202020202020202020202020202020
2020202020202020202020202020202020202020
3331203331202020202020202020202020202020
2020202020202020202020202020202020202020
3331203331202020202020202020202020202020
2020202020202020202020202020202020202020
3331203331202020202020202020202020202020
2020202020202020202020202020202020202020
3233202020202020202020202020202020202020
3236202020202020202020202020202020202020
3263202020202020202020202020202020202020
3266202020202020202020202020202020202020
3331203331202020202020202020202020202020
2020202020202020202020202020202020202020
3331203331202020202020202020202020202020
2020202020202020202020202020202020202020
3331203331202020202020202020202020202020
2020202020202020202020202020202020202020
3331203331202020202020202020202020202020
2020202020202020202020202020202020202020
3233202020202020202020202020202020202020
3261202020202020202020202020202020202020
3331203339202020202020202020202020202020
2020202020202020202020202020202020202020
3430203430202020202020202020202020202020
2020202020202020202020202020202020202020
3333202020202020202020202020202020202020
3331203331202020202020202020202020202020
2020202020202020202020202020202020202020
3331203331202020202020202020202020202020
2020202020202020202020202020202020202020
3331203332202020202020202020202020202020
2020202020202020202020202020202020202020
3339202020202020202020202020202020202020
3430203430202020202020202020202020202020
2020202020202020202020202020202020202020
3430203431202020202020202020202020202020
2020202020202020202020202020202020202020
3334203331202020202020202020202020202020
2020202020202020202020202020202020202020
3264202020202020202020202020202020202020
3264202020202020202020202020202020202020
3264202020202020202020202020202020202020
3264202020202020202020202020202020202020
3337202020202020202020202020202020202020
3430203430202020202020202020202020202020
2020202020202020202020202020202020202020
3434203434202020202020202020202020202020
2020202020202020202020202020202020202020
3363202020202020202020202020202020202020
3339202020202020202020202020202020202020
3333202020202020202020202020202020202020
3265202020202020202020202020202020202020
3264202020202020202020202020202020202020
3264202020202020202020202020202020202020
3264202020202020202020202020202020202020
3363202020202020202020202020202020202020
3430203430202020202020202020202020202020
2020202020202020202020202020202020202020
3433203434203431202020202020202020202020
2020202020202020202020202020202020202020
2020202020202020202020202020202020202020
3362202020202020202020202020202020202020
3336202020202020202020202020202020202020
3334203264202020202020202020202020202020
2020202020202020202020202020202020202020
3239202020202020202020202020202020202020
3239202020202020202020202020202020202020
3430203437202020202020202020202020202020
2020202020202020202020202020202020202020
3437202020202020202020202020202020202020
3437202020202020202020202020202020202020
3437202020202020202020202020202020202020
3432203363202020202020202020202020202020
2020202020202020202020202020202020202020
3337202020202020202020202020202020202020
3334203264202020202020202020202020202020
2020202020202020202020202020202020202020
3239202020202020202020202020202020202020
3239202020202020202020202020202020202020
3436202020202020202020202020202020202020
3462202020202020202020202020202020202020
3466202020202020202020202020202020202020
3466202020202020202020202020202020202020
3466202020202020202020202020202020202020
3438202020202020202020202020202020202020
3435203430202020202020202020202020202020
2020202020202020202020202020202020202020
3339202020202020202020202020202020202020
3331203265202020202020202020202020202020
2020202020202020202020202020202020202020
3264202020202020202020202020202020202020
3436202020202020202020202020202020202020
3462202020202020202020202020202020202020
3466202020202020202020202020202020202020
3466202020202020202020202020202020202020
3466202020202020202020202020202020202020
3466202020202020202020202020202020202020
3438202020202020202020202020202020202020
3435203430202020202020202020202020202020
2020202020202020202020202020202020202020
3339202020202020202020202020202020202020
3336202020202020202020202020202020202020
3334203436202020202020202020202020202020
2020202020202020202020202020202020202020
3462202020202020202020202020202020202020
3466202020202020202020202020202020202020
3466202020202020202020202020202020202020
3466202020202020202020202020202020202020
3466202020202020202020202020202020202020
3466202020202020202020202020202020202020
3438202020202020202020202020202020202020
3432203364202020202020202020202020202020
2020202020202020202020202020202020202020
3339202020202020202020202020202020202020
3336202020202020202020202020202020202020
3436202020202020202020202020202020202020
3462202020202020202020202020202020202020
3466202020202020202020202020202020202020
3466202020202020202020202020202020202020
3466202020202020202020202020202020202020
3466202020202020202020202020202020202020
3466202020202020202020202020202020202020
3438202020202020202020202020202020202020
3435203365202020202020202020202020202020
2020202020202020202020202020202020202020
3361202020202020202020202020202020202020
3336202020202020202020202020202020202020
3436202020202020202020202020202020202020
3462202020202020202020202020202020202020
3466202020202020202020202020202020202020
3466202020202020202020202020202020202020
3466202020202020202020202020202020202020
3466202020202020202020202020202020202020
3466202020202020202020202020202020202020
3438202020202020202020202020202020202020
3435203365202020202020202020202020202020
2020202020202020202020202020202020202020
3361202020202020202020202020202020202020
3336202020202020202020202020202020202020
3337202020202020202020202020202020202020
3130203063203064202020202020202020202020
2020202020202020202020202020202020202020
2020202020202020202020202020202020202020
3033202020202020202020202020202020202020
3033202020202020202020202020202020202020
3037202020202020202020202020202020202020
3063202020202020202020202020202020202020
3037202020202020202020202020202020202020
3036202020202020202020202020202020202020
3063202020202020202020202020202020202020
3064202020202020202020202020202020202020
3063202020202020202020202020202020202020
3064202020202020202020202020202020202020
3037202020202020202020202020202020202020
3035203036202020202020202020202020202020
2020202020202020202020202020202020202020
3634203332202020202020202020202020202020
2020202020202020202020202020202020202020
3332202020202020202020202020202020202020
3264202020202020202020202020202020202020
3237202020202020202020202020202020202020
3237202020202020202020202020202020202020
3237202020202020202020202020202020202020
3261202020202020202020202020202020202020
3265202020202020202020202020202020202020
3265202020202020202020202020202020202020
3330203330203330202020202020202020202020
2020202020202020202020202020202020202020
2020202020202020202020202020202020202020
3330203332203332202020202020202020202020
2020202020202020202020202020202020202020
2020202020202020202020202020202020202020
3332202020202020202020202020202020202020
3132203034203036202020202020202020202020
2020202020202020202020202020202020202020
2020202020202020202020202020202020202020
3034202020202020202020202020202020202020
3032203366203134202020202020202020202020
2020202020202020202020202020202020202020
2020202020202020202020202020202020202020
3134202020202020202020202020202020202020
3134202020202020202020202020202020202020
3134202020202020202020202020202020202020
3133202020202020202020202020202020202020
3034202020202020202020202020202020202020
3136202020202020202020202020202020202020
3066202020202020202020202020202020202020
3532203466202020202020202020202020202020
2020202020202020202020202020202020202020
3134202020202020202020202020202020202020
3134202020202020202020202020202020202020
3134202020202020202020202020202020202020
3134202020202020202020202020202020202020
3337202020202020202020202020202020202020
3037202020202020202020202020202020202020
3034202020202020202020202020202020202020
3033202020202020202020202020202020202020
3065202020202020202020202020202020202020
3038202020202020202020202020202020202020
3130203138206163202020202020202020202020
2020202020202020202020202020202020202020
2020202020202020202020202020202020202020
3366202020202020202020202020202020202020
3162202020202020202020202020202020202020
3162202020202020202020202020202020202020
3163202020202020202020202020202020202020
3261202020202020202020202020202020202020
3261202020202020202020202020202020202020
3437202020202020202020202020202020202020
3133202020202020202020202020202020202020
3033202020202020202020202020202020202020
3465202020202020202020202020202020202020
3539202020202020202020202020202020202020
3466202020202020202020202020202020202020
3236202020202020202020202020202020202020
3064202020202020202020202020202020202020
3134202020202020202020202020202020202020
3133202020202020202020202020202020202020
3033202020202020202020202020202020202020
3065202020202020202020202020202020202020
3461202020202020202020202020202020202020
3565202020202020202020202020202020202020
3134202020202020202020202020202020202020
3036202020202020202020202020202020202020
3134202020202020202020202020202020202020
3337202020202020202020202020202020202020
3033202020202020202020202020202020202020
3037202020202020202020202020202020202020
3064202020202020202020202020202020202020
6539202020202020202020202020202020202020
3163202020202020202020202020202020202020
3332202020202020202020202020202020202020
3332202020202020202020202020202020202020
3133202020202020202020202020202020202020
3033202020202020202020202020202020202020
3465202020202020202020202020202020202020
3535203466202020202020202020202020202020
2020202020202020202020202020202020202020
3162202020202020202020202020202020202020
3134202020202020202020202020202020202020
3064202020202020202020202020202020202020
3337202020202020202020202020202020202020
3063202020202020202020202020202020202020
3033202020202020202020202020202020202020
3034202020202020202020202020202020202020
3034202020202020202020202020202020202020
3034202020202020202020202020202020202020
3034202020202020202020202020202020202020
3130203130203035202020202020202020202020
2020202020202020202020202020202020202020
2020202020202020202020202020202020202020
3237202020202020202020202020202020202020
3233202020202020202020202020202020202020
3166202020202020202020202020202020202020
3565202020202020202020202020202020202020
3131203037202020202020202020202020202020
2020202020202020202020202020202020202020
3164202020202020202020202020202020202020
3165202020202020202020202020202020202020
3164202020202020202020202020202020202020
3165202020202020202020202020202020202020
3164202020202020202020202020202020202020
3037202020202020202020202020202020202020
3065202020202020202020202020202020202020
3139202020202020202020202020202020202020
3161202020202020202020202020202020202020
3137202020202020202020202020202020202020
3130203063203061202020202020202020202020
2020202020202020202020202020202020202020
2020202020202020202020202020202020202020
3037202020202020202020202020202020202020
3439202020202020202020202020202020202020
3261202020202020202020202020202020202020
3137202020202020202020202020202020202020
3130203063203061202020202020202020202020
2020202020202020202020202020202020202020
2020202020202020202020202020202020202020
3037202020202020202020202020202020202020
3439202020202020202020202020202020202020
3261202020202020202020202020202020202020
3137202020202020202020202020202020202020
3130203063203061202020202020202020202020
2020202020202020202020202020202020202020
2020202020202020202020202020202020202020
3037202020202020202020202020202020202020
3531203265202020202020202020202020202020
2020202020202020202020202020202020202020
3139202020202020202020202020202020202020
3132203065203062202020202020202020202020
2020202020202020202020202020202020202020
2020202020202020202020202020202020202020
3037202020202020202020202020202020202020
3564202020202020202020202020202020202020
3335203164202020202020202020202020202020
2020202020202020202020202020202020202020
3134202020202020202020202020202020202020
3130203064203038202020202020202020202020
2020202020202020202020202020202020202020
2020202020202020202020202020202020202020
3661202020202020202020202020202020202020
3364202020202020202020202020202020202020
3231203137202020202020202020202020202020
2020202020202020202020202020202020202020
3132203066203039202020202020202020202020
2020202020202020202020202020202020202020
2020202020202020202020202020202020202020
3661202020202020202020202020202020202020
3631203335202020202020202020202020202020
2020202020202020202020202020202020202020
3235203163202020202020202020202020202020
2020202020202020202020202020202020202020
3138202020202020202020202020202020202020
3065202020202020202020202020202020202020
3661202020202020202020202020202020202020
3631203361202020202020202020202020202020
2020202020202020202020202020202020202020
3261202020202020202020202020202020202020
3231203162202020202020202020202020202020
2020202020202020202020202020202020202020
3130203661203661202020202020202020202020
2020202020202020202020202020202020202020
2020202020202020202020202020202020202020
3366202020202020202020202020202020202020
3265202020202020202020202020202020202020
3234203165202020202020202020202020202020
2020202020202020202020202020202020202020
3132203661203661202020202020202020202020
2020202020202020202020202020202020202020
2020202020202020202020202020202020202020
3661202020202020202020202020202020202020
3465202020202020202020202020202020202020
3364202020202020202020202020202020202020
3333202020202020202020202020202020202020
3165202020202020202020202020202020202020
3661202020202020202020202020202020202020
3661202020202020202020202020202020202020
3661202020202020202020202020202020202020
3661202020202020202020202020202020202020
3533203435203261202020202020202020202020
2020202020202020202020202020202020202020
2020202020202020202020202020202020202020
3661202020202020202020202020202020202020
3661202020202020202020202020202020202020
3661202020202020202020202020202020202020
3661202020202020202020202020202020202020
3637202020202020202020202020202020202020
3536202020202020202020202020202020202020
3333202020202020202020202020202020202020
3133202020202020202020202020202020202020
3033202020202020202020202020202020202020
3338202020202020202020202020202020202020
3432203763202020202020202020202020202020
2020202020202020202020202020202020202020
3132203134203134202020202020202020202020
2020202020202020202020202020202020202020
2020202020202020202020202020202020202020
3133202020202020202020202020202020202020
3035203663202020202020202020202020202020
2020202020202020202020202020202020202020
3139202020202020202020202020202020202020
3165202020202020202020202020202020202020
3165202020202020202020202020202020202020
3331203634202020202020202020202020202020
2020202020202020202020202020202020202020
3634203165202020202020202020202020202020
2020202020202020202020202020202020202020
3165202020202020202020202020202020202020
3165202020202020202020202020202020202020
3132203034203230202020202020202020202020
2020202020202020202020202020202020202020
2020202020202020202020202020202020202020
3265202020202020202020202020202020202020
3362202020202020202020202020202020202020
3664202020202020202020202020202020202020
3930203861203830202020202020202020202020
2020202020202020202020202020202020202020
2020202020202020202020202020202020202020
3830203133202020202020202020202020202020
2020202020202020202020202020202020202020
3036202020202020202020202020202020202020
3230203130203136202020202020202020202020
2020202020202020202020202020202020202020
2020202020202020202020202020202020202020
3038202020202020202020202020202020202020
3530203538202020202020202020202020202020
2020202020202020202020202020202020202020
6136203561202020202020202020202020202020
2020202020202020202020202020202020202020
3433203264203066202020202020202020202020
2020202020202020202020202020202020202020
2020202020202020202020202020202020202020
3030202020202020202020202020202020202020
3337202020202020202020202020202020202020
3033202020202020202020202020202020202020
3332202020202020202020202020202020202020
3332202020202020202020202020202020202020
3833202020202020202020202020202020202020
3439202020202020202020202020202020202020
3033202020202020202020202020202020202020
3238202020202020202020202020202020202020
3363202020202020202020202020202020202020
3734206666202020202020202020202020202020
2020202020202020202020202020202020202020
6666202020202020202020202020202020202020
6666202020202020202020202020202020202020
6666202020202020202020202020202020202020
6666202020202020202020202020202020202020
6330206666202020202020202020202020202020
2020202020202020202020202020202020202020
6233202020202020202020202020202020202020
3830203337202020202020202020202020202020
2020202020202020202020202020202020202020
3032203139206461202020202020202020202020
2020202020202020202020202020202020202020
2020202020202020202020202020202020202020
6666202020202020202020202020202020202020
6666202020202020202020202020202020202020
3337202020202020202020202020202020202020
3063202020202020202020202020202020202020
3034202020202020202020202020202020202020
3034202020202020202020202020202020202020
3038202020202020202020202020202020202020
3038202020202020202020202020202020202020
3038202020202020202020202020202020202020
3038202020202020202020202020202020202020
3138202020202020202020202020202020202020
3130203130203138202020202020202020202020
2020202020202020202020202020202020202020
2020202020202020202020202020202020202020
3130203634203439202020202020202020202020
2020202020202020202020202020202020202020
2020202020202020202020202020202020202020
3063202020202020202020202020202020202020
3035203062202020202020202020202020202020
2020202020202020202020202020202020202020
3035203036202020202020202020202020202020
2020202020202020202020202020202020202020
3035203061202020202020202020202020202020
2020202020202020202020202020202020202020
3130203062203061202020202020202020202020
2020202020202020202020202020202020202020
2020202020202020202020202020202020202020
3136202020202020202020202020202020202020
3134202020202020202020202020202020202020
3732203835202020202020202020202020202020
2020202020202020202020202020202020202020
3835203835203835202020202020202020202020
2020202020202020202020202020202020202020
2020202020202020202020202020202020202020
3835203835203834202020202020202020202020
2020202020202020202020202020202020202020
2020202020202020202020202020202020202020
3833202020202020202020202020202020202020
3833202020202020202020202020202020202020
3833202020202020202020202020202020202020
3833202020202020202020202020202020202020
3833202020202020202020202020202020202020
3835203835203835202020202020202020202020
2020202020202020202020202020202020202020
2020202020202020202020202020202020202020
3834202020202020202020202020202020202020
3834202020202020202020202020202020202020
3834202020202020202020202020202020202020
3834202020202020202020202020202020202020
3834202020202020202020202020202020202020
3834202020202020202020202020202020202020
3834202020202020202020202020202020202020
3834202020202020202020202020202020202020
3834202020202020202020202020202020202020
3835203835203835202020202020202020202020
2020202020202020202020202020202020202020
2020202020202020202020202020202020202020
3834202020202020202020202020202020202020
3834202020202020202020202020202020202020
3834202020202020202020202020202020202020
3834202020202020202020202020202020202020
3834202020202020202020202020202020202020
3834202020202020202020202020202020202020
3834202020202020202020202020202020202020
3834202020202020202020202020202020202020
3834202020202020202020202020202020202020
3835203836203836202020202020202020202020
2020202020202020202020202020202020202020
2020202020202020202020202020202020202020
3836203836202020202020202020202020202020
2020202020202020202020202020202020202020
3836203838202020202020202020202020202020
2020202020202020202020202020202020202020
3838203839202020202020202020202020202020
2020202020202020202020202020202020202020
3839203839202020202020202020202020202020
2020202020202020202020202020202020202020
3839203835202020202020202020202020202020
2020202020202020202020202020202020202020
3836203836202020202020202020202020202020
2020202020202020202020202020202020202020
3837203838202020202020202020202020202020
2020202020202020202020202020202020202020
3838203838202020202020202020202020202020
2020202020202020202020202020202020202020
3838203839202020202020202020202020202020
2020202020202020202020202020202020202020
3866203866202020202020202020202020202020
2020202020202020202020202020202020202020
3866203835202020202020202020202020202020
2020202020202020202020202020202020202020
3836203837202020202020202020202020202020
2020202020202020202020202020202020202020
3838203838202020202020202020202020202020
2020202020202020202020202020202020202020
3839203839202020202020202020202020202020
2020202020202020202020202020202020202020
3839203839202020202020202020202020202020
2020202020202020202020202020202020202020
3861203935202020202020202020202020202020
2020202020202020202020202020202020202020
3935203835202020202020202020202020202020
2020202020202020202020202020202020202020
3836203838202020202020202020202020202020
2020202020202020202020202020202020202020
3838203838202020202020202020202020202020
2020202020202020202020202020202020202020
3839203839202020202020202020202020202020
2020202020202020202020202020202020202020
3839203861202020202020202020202020202020
2020202020202020202020202020202020202020
3863203934202020202020202020202020202020
2020202020202020202020202020202020202020
3934203835202020202020202020202020202020
2020202020202020202020202020202020202020
3837203838202020202020202020202020202020
2020202020202020202020202020202020202020
3838203861202020202020202020202020202020
2020202020202020202020202020202020202020
3861203861202020202020202020202020202020
2020202020202020202020202020202020202020
3861203862202020202020202020202020202020
2020202020202020202020202020202020202020
3863203864202020202020202020202020202020
2020202020202020202020202020202020202020
3936202020202020202020202020202020202020
3835203837203838202020202020202020202020
2020202020202020202020202020202020202020
2020202020202020202020202020202020202020
3838203861202020202020202020202020202020
2020202020202020202020202020202020202020
3861203861202020202020202020202020202020
2020202020202020202020202020202020202020
3862203862202020202020202020202020202020
2020202020202020202020202020202020202020
3863203864202020202020202020202020202020
2020202020202020202020202020202020202020
3933202020202020202020202020202020202020
3835203837203839202020202020202020202020
2020202020202020202020202020202020202020
2020202020202020202020202020202020202020
3839203862202020202020202020202020202020
2020202020202020202020202020202020202020
3862203862202020202020202020202020202020
2020202020202020202020202020202020202020
3862203862202020202020202020202020202020
2020202020202020202020202020202020202020
3862203862202020202020202020202020202020
2020202020202020202020202020202020202020
3866203835202020202020202020202020202020
2020202020202020202020202020202020202020
3837203838202020202020202020202020202020
2020202020202020202020202020202020202020
3838203838202020202020202020202020202020
2020202020202020202020202020202020202020
3839203839202020202020202020202020202020
2020202020202020202020202020202020202020
3839203839202020202020202020202020202020
2020202020202020202020202020202020202020
3839203839202020202020202020202020202020
2020202020202020202020202020202020202020
3861203838202020202020202020202020202020
2020202020202020202020202020202020202020
3838203861202020202020202020202020202020
2020202020202020202020202020202020202020
3861203861202020202020202020202020202020
2020202020202020202020202020202020202020
3839203838202020202020202020202020202020
2020202020202020202020202020202020202020
3838203838202020202020202020202020202020
2020202020202020202020202020202020202020
3838203838202020202020202020202020202020
2020202020202020202020202020202020202020
3838203337202020202020202020202020202020
2020202020202020202020202020202020202020
3035203032202020202020202020202020202020
2020202020202020202020202020202020202020
3032203061203130202020202020202020202020
2020202020202020202020202020202020202020
2020202020202020202020202020202020202020
6430203830202020202020202020202020202020
2020202020202020202020202020202020202020
3833202020202020202020202020202020202020
3833202020202020202020202020202020202020
3834202020202020202020202020202020202020
3834202020202020202020202020202020202020
3337202020202020202020202020202020202020
3130203063203064202020202020202020202020
2020202020202020202020202020202020202020
2020202020202020202020202020202020202020
3033202020202020202020202020202020202020
3033202020202020202020202020202020202020
3037202020202020202020202020202020202020
3063202020202020202020202020202020202020
3037202020202020202020202020202020202020
3036202020202020202020202020202020202020
3063202020202020202020202020202020202020
3064202020202020202020202020202020202020
3063202020202020202020202020202020202020
3064202020202020202020202020202020202020
3037202020202020202020202020202020202020
3035203036202020202020202020202020202020
2020202020202020202020202020202020202020
3634203861202020202020202020202020202020
2020202020202020202020202020202020202020
3866203935202020202020202020202020202020
2020202020202020202020202020202020202020
3937202020202020202020202020202020202020
3961202020202020202020202020202020202020
3964202020202020202020202020202020202020
3964202020202020202020202020202020202020
3966202020202020202020202020202020202020
3966202020202020202020202020202020202020
3964202020202020202020202020202020202020
3964202020202020202020202020202020202020
3962202020202020202020202020202020202020
3962202020202020202020202020202020202020
3962202020202020202020202020202020202020
3962202020202020202020202020202020202020
3962202020202020202020202020202020202020
3133202020202020202020202020202020202020
3034202020202020202020202020202020202020
3265202020202020202020202020202020202020
3164202020202020202020202020202020202020
3165202020202020202020202020202020202020
3664202020202020202020202020202020202020
3561202020202020202020202020202020202020
3264202020202020202020202020202020202020
3333202020202020202020202020202020202020
3030202020202020202020202020202020202020
3132203034203136202020202020202020202020
2020202020202020202020202020202020202020
2020202020202020202020202020202020202020
3066202020202020202020202020202020202020
3066202020202020202020202020202020202020
3466202020202020202020202020202020202020
3030202020202020202020202020202020202020
3237202020202020202020202020202020202020
3237202020202020202020202020202020202020
3237202020202020202020202020202020202020
3133202020202020202020202020202020202020
3034202020202020202020202020202020202020
3461202020202020202020202020202020202020
3165202020202020202020202020202020202020
3231203639202020202020202020202020202020
2020202020202020202020202020202020202020
6236203163203132202020202020202020202020
2020202020202020202020202020202020202020
2020202020202020202020202020202020202020
3063202020202020202020202020202020202020
3133202020202020202020202020202020202020
3032203338206265202020202020202020202020
2020202020202020202020202020202020202020
2020202020202020202020202020202020202020
3066202020202020202020202020202020202020
3066202020202020202020202020202020202020
3464202020202020202020202020202020202020
3032203134206563202020202020202020202020
2020202020202020202020202020202020202020
2020202020202020202020202020202020202020
6662202020202020202020202020202020202020
3533203337203033202020202020202020202020
2020202020202020202020202020202020202020
2020202020202020202020202020202020202020
3033202020202020202020202020202020202020
3034202020202020202020202020202020202020
6631206638202020202020202020202020202020
2020202020202020202020202020202020202020
6362202020202020202020202020202020202020
3933202020202020202020202020202020202020
3131203032202020202020202020202020202020
2020202020202020202020202020202020202020
3735203135203564202020202020202020202020
2020202020202020202020202020202020202020
2020202020202020202020202020202020202020
3164202020202020202020202020202020202020
3337202020202020202020202020202020202020
3036202020202020202020202020202020202020
3033202020202020202020202020202020202020
3064202020202020202020202020202020202020
3065202020202020202020202020202020202020
3332202020202020202020202020202020202020
3332202020202020202020202020202020202020
3661202020202020202020202020202020202020
3430203430202020202020202020202020202020
2020202020202020202020202020202020202020
3830203830202020202020202020202020202020
2020202020202020202020202020202020202020
3830203830202020202020202020202020202020
2020202020202020202020202020202020202020
3033202020202020202020202020202020202020
3032203331206364202020202020202020202020
2020202020202020202020202020202020202020
2020202020202020202020202020202020202020
3030202020202020202020202020202020202020
6666202020202020202020202020202020202020
3133202020202020202020202020202020202020
3034202020202020202020202020202020202020
3165202020202020202020202020202020202020
3164202020202020202020202020202020202020
3165202020202020202020202020202020202020
3664202020202020202020202020202020202020
3236202020202020202020202020202020202020
3236202020202020202020202020202020202020
3133202020202020202020202020202020202020
3030202020202020202020202020202020202020
3337202020202020202020202020202020202020
3033202020202020202020202020202020202020
3139202020202020202020202020202020202020
3139202020202020202020202020202020202020
6235203439203034202020202020202020202020
2020202020202020202020202020202020202020
2020202020202020202020202020202020202020
3165202020202020202020202020202020202020
3165202020202020202020202020202020202020
3165202020202020202020202020202020202020
3765206666202020202020202020202020202020
2020202020202020202020202020202020202020
6666202020202020202020202020202020202020
6666202020202020202020202020202020202020
6364202020202020202020202020202020202020
6666202020202020202020202020202020202020
6666202020202020202020202020202020202020
6666202020202020202020202020202020202020
6364202020202020202020202020202020202020
6666202020202020202020202020202020202020
6666202020202020202020202020202020202020
6364202020202020202020202020202020202020
6233202020202020202020202020202020202020
3133202020202020202020202020202020202020
3033202020202020202020202020202020202020
3238202020202020202020202020202020202020
3264202020202020202020202020202020202020
3833202020202020202020202020202020202020
3362202020202020202020202020202020202020
3263202020202020202020202020202020202020
3030202020202020202020202020202020202020
3033202020202020202020202020202020202020
3034202020202020202020202020202020202020
3064202020202020202020202020202020202020
3130203130206430202020202020202020202020
2020202020202020202020202020202020202020
2020202020202020202020202020202020202020
3030202020202020202020202020202020202020
3030202020202020202020202020202020202020
3430206666202020202020202020202020202020
2020202020202020202020202020202020202020
3133202020202020202020202020202020202020
3034202020202020202020202020202020202020
3066202020202020202020202020202020202020
3666202020202020202020202020202020202020
3136202020202020202020202020202020202020
3565202020202020202020202020202020202020
3238202020202020202020202020202020202020
3139202020202020202020202020202020202020
3137202020202020202020202020202020202020
3134202020202020202020202020202020202020
3133202020202020202020202020202020202020
3034202020202020202020202020202020202020
3462202020202020202020202020202020202020
3164202020202020202020202020202020202020
3336202020202020202020202020202020202020
3464202020202020202020202020202020202020
3134202020202020202020202020202020202020
3134202020202020202020202020202020202020
3134202020202020202020202020202020202020
3134202020202020202020202020202020202020
3133202020202020202020202020202020202020
3033202020202020202020202020202020202020
3664202020202020202020202020202020202020
3237202020202020202020202020202020202020
3464202020202020202020202020202020202020
3139202020202020202020202020202020202020
3137202020202020202020202020202020202020
3135203033202020202020202020202020202020
2020202020202020202020202020202020202020
3034202020202020202020202020202020202020
3032203062203033202020202020202020202020
2020202020202020202020202020202020202020
2020202020202020202020202020202020202020
6630202020202020202020202020202020202020
3032203061203130202020202020202020202020
2020202020202020202020202020202020202020
2020202020202020202020202020202020202020
3031203033202020202020202020202020202020
2020202020202020202020202020202020202020
3034202020202020202020202020202020202020
3032203036203035202020202020202020202020
2020202020202020202020202020202020202020
2020202020202020202020202020202020202020
6633202020202020202020202020202020202020
3032203061203061202020202020202020202020
2020202020202020202020202020202020202020
2020202020202020202020202020202020202020
3130203033203034202020202020202020202020
2020202020202020202020202020202020202020
2020202020202020202020202020202020202020
3031203038202020202020202020202020202020
2020202020202020202020202020202020202020
3036202020202020202020202020202020202020
6630202020202020202020202020202020202020
3030202020202020202020202020202020202020
3165202020202020202020202020202020202020
3530203530202020202020202020202020202020
2020202020202020202020202020202020202020
3337202020202020202020202020202020202020
3034202020202020202020202020202020202020
3031203064202020202020202020202020202020
2020202020202020202020202020202020202020
3132206331203030202020202020202020202020
2020202020202020202020202020202020202020
2020202020202020202020202020202020202020
3161202020202020202020202020202020202020
3161202020202020202020202020202020202020
3161202020202020202020202020202020202020
3337202020202020202020202020202020202020
3036202020202020202020202020202020202020
3035203035202020202020202020202020202020
2020202020202020202020202020202020202020
3039202020202020202020202020202020202020
3062202020202020202020202020202020202020
3332202020202020202020202020202020202020
3963202020202020202020202020202020202020
3133202020202020202020202020202020202020
3034202020202020202020202020202020202020
3330203136203633202020202020202020202020
2020202020202020202020202020202020202020
2020202020202020202020202020202020202020
3464202020202020202020202020202020202020
6666202020202020202020202020202020202020
3630203539202020202020202020202020202020
2020202020202020202020202020202020202020
3137202020202020202020202020202020202020
6666202020202020202020202020202020202020
3630203539202020202020202020202020202020
2020202020202020202020202020202020202020
3137202020202020202020202020202020202020
6666202020202020202020202020202020202020
3630203539202020202020202020202020202020
2020202020202020202020202020202020202020
3137202020202020202020202020202020202020
6666202020202020202020202020202020202020
3665202020202020202020202020202020202020
3561202020202020202020202020202020202020
3161202020202020202020202020202020202020
6666202020202020202020202020202020202020
3939202020202020202020202020202020202020
3839203333202020202020202020202020202020
2020202020202020202020202020202020202020
6666202020202020202020202020202020202020
6338202020202020202020202020202020202020
6261203830203133202020202020202020202020
2020202020202020202020202020202020202020
2020202020202020202020202020202020202020
3034202020202020202020202020202020202020
3464202020202020202020202020202020202020
3164202020202020202020202020202020202020
3261202020202020202020202020202020202020
3565202020202020202020202020202020202020
3238202020202020202020202020202020202020
3162202020202020202020202020202020202020
3136202020202020202020202020202020202020
3134202020202020202020202020202020202020
3337202020202020202020202020202020202020
3037202020202020202020202020202020202020
3061202020202020202020202020202020202020
3061202020202020202020202020202020202020
3061202020202020202020202020202020202020
3061202020202020202020202020202020202020
3134202020202020202020202020202020202020
3139202020202020202020202020202020202020
3963202020202020202020202020202020202020
3439202020202020202020202020202020202020
3036202020202020202020202020202020202020
3061202020202020202020202020202020202020
3061202020202020202020202020202020202020
3061202020202020202020202020202020202020
3134202020202020202020202020202020202020
3134202020202020202020202020202020202020
3963202020202020202020202020202020202020
3034202020202020202020202020202020202020
3037202020202020202020202020202020202020
3061202020202020202020202020202020202020
3061202020202020202020202020202020202020
3065202020202020202020202020202020202020
3065202020202020202020202020202020202020
3038202020202020202020202020202020202020
3066202020202020202020202020202020202020
3132203136203136202020202020202020202020
2020202020202020202020202020202020202020
2020202020202020202020202020202020202020
3136202020202020202020202020202020202020
3063202020202020202020202020202020202020
3133202020202020202020202020202020202020
3138202020202020202020202020202020202020
3164202020202020202020202020202020202020
3233202020202020202020202020202020202020
3233202020202020202020202020202020202020
3134202020202020202020202020202020202020
3230203233203237202020202020202020202020
2020202020202020202020202020202020202020
2020202020202020202020202020202020202020
3264202020202020202020202020202020202020
3264202020202020202020202020202020202020
3165202020202020202020202020202020202020
3230203237203264202020202020202020202020
2020202020202020202020202020202020202020
2020202020202020202020202020202020202020
3264202020202020202020202020202020202020
3264202020202020202020202020202020202020
3238202020202020202020202020202020202020
3238202020202020202020202020202020202020
3264202020202020202020202020202020202020
3264202020202020202020202020202020202020
3264202020202020202020202020202020202020
3264202020202020202020202020202020202020
3238202020202020202020202020202020202020
3238202020202020202020202020202020202020
3264202020202020202020202020202020202020
3264202020202020202020202020202020202020
3264202020202020202020202020202020202020
3264202020202020202020202020202020202020
3337202020202020202020202020202020202020
3034202020202020202020202020202020202020
3061202020202020202020202020202020202020
3061202020202020202020202020202020202020
3061202020202020202020202020202020202020
6339202020202020202020202020202020202020
3439202020202020202020202020202020202020
3036202020202020202020202020202020202020
3061202020202020202020202020202020202020
3061202020202020202020202020202020202020
3061202020202020202020202020202020202020
3134202020202020202020202020202020202020
3134202020202020202020202020202020202020
3963202020202020202020202020202020202020
3238202020202020202020202020202020202020
3363202020202020202020202020202020202020
3436202020202020202020202020202020202020
3530203561202020202020202020202020202020
2020202020202020202020202020202020202020
3561202020202020202020202020202020202020
3238202020202020202020202020202020202020
3431203530202020202020202020202020202020
2020202020202020202020202020202020202020
3566202020202020202020202020202020202020
3566202020202020202020202020202020202020
3566202020202020202020202020202020202020
3334203464202020202020202020202020202020
2020202020202020202020202020202020202020
3634203634202020202020202020202020202020
2020202020202020202020202020202020202020
3634203634202020202020202020202020202020
2020202020202020202020202020202020202020
3462202020202020202020202020202020202020
3634203634202020202020202020202020202020
2020202020202020202020202020202020202020
3634203634202020202020202020202020202020
2020202020202020202020202020202020202020
3634203337202020202020202020202020202020
2020202020202020202020202020202020202020
3034202020202020202020202020202020202020
3061202020202020202020202020202020202020
3061202020202020202020202020202020202020
3061202020202020202020202020202020202020
6339202020202020202020202020202020202020
3439202020202020202020202020202020202020
3036202020202020202020202020202020202020
3061202020202020202020202020202020202020
3061202020202020202020202020202020202020
3061202020202020202020202020202020202020
3134202020202020202020202020202020202020
3134202020202020202020202020202020202020
3963202020202020202020202020202020202020
3035203035202020202020202020202020202020
2020202020202020202020202020202020202020
3035203035202020202020202020202020202020
2020202020202020202020202020202020202020
3035203035202020202020202020202020202020
2020202020202020202020202020202020202020
3035203035202020202020202020202020202020
2020202020202020202020202020202020202020
3035203035202020202020202020202020202020
2020202020202020202020202020202020202020
3035203035202020202020202020202020202020
2020202020202020202020202020202020202020
3039202020202020202020202020202020202020
3039202020202020202020202020202020202020
3039202020202020202020202020202020202020
3039202020202020202020202020202020202020
3063202020202020202020202020202020202020
3063202020202020202020202020202020202020
3035203038202020202020202020202020202020
2020202020202020202020202020202020202020
3061202020202020202020202020202020202020
3063202020202020202020202020202020202020
3130203130203337202020202020202020202020
2020202020202020202020202020202020202020
2020202020202020202020202020202020202020
3063202020202020202020202020202020202020
3064202020202020202020202020202020202020
3036202020202020202020202020202020202020
3036202020202020202020202020202020202020
3064202020202020202020202020202020202020
3139202020202020202020202020202020202020
3063202020202020202020202020202020202020
3064202020202020202020202020202020202020
3063202020202020202020202020202020202020
3037202020202020202020202020202020202020
3036202020202020202020202020202020202020
3036202020202020202020202020202020202020
3634206666202020202020202020202020202020
2020202020202020202020202020202020202020
6666202020202020202020202020202020202020
6666202020202020202020202020202020202020
6666202020202020202020202020202020202020
6666202020202020202020202020202020202020
6666202020202020202020202020202020202020
6666202020202020202020202020202020202020
6666202020202020202020202020202020202020
6666202020202020202020202020202020202020
6666202020202020202020202020202020202020
6666202020202020202020202020202020202020
6666202020202020202020202020202020202020
3337202020202020202020202020202020202020
3063202020202020202020202020202020202020
3034202020202020202020202020202020202020
3034202020202020202020202020202020202020
3038202020202020202020202020202020202020
3038202020202020202020202020202020202020
3038202020202020202020202020202020202020
3038202020202020202020202020202020202020
3138202020202020202020202020202020202020
3130203130203138202020202020202020202020
2020202020202020202020202020202020202020
2020202020202020202020202020202020202020
3130203634203439202020202020202020202020
2020202020202020202020202020202020202020
2020202020202020202020202020202020202020
3063202020202020202020202020202020202020
3035203062202020202020202020202020202020
2020202020202020202020202020202020202020
3035203036202020202020202020202020202020
2020202020202020202020202020202020202020
3035203061202020202020202020202020202020
2020202020202020202020202020202020202020
3130203062203061202020202020202020202020
2020202020202020202020202020202020202020
2020202020202020202020202020202020202020
3136202020202020202020202020202020202020
3134202020202020202020202020202020202020
3732203233202020202020202020202020202020
2020202020202020202020202020202020202020
3236202020202020202020202020202020202020
3263202020202020202020202020202020202020
3266202020202020202020202020202020202020
3331203331202020202020202020202020202020
2020202020202020202020202020202020202020
3331203331202020202020202020202020202020
2020202020202020202020202020202020202020
3331203331202020202020202020202020202020
2020202020202020202020202020202020202020
3331203331202020202020202020202020202020
2020202020202020202020202020202020202020
3233202020202020202020202020202020202020
3236202020202020202020202020202020202020
3263202020202020202020202020202020202020
3266202020202020202020202020202020202020
3331203331202020202020202020202020202020
2020202020202020202020202020202020202020
3331203331202020202020202020202020202020
2020202020202020202020202020202020202020
3331203331202020202020202020202020202020
2020202020202020202020202020202020202020
3331203331202020202020202020202020202020
2020202020202020202020202020202020202020
3233202020202020202020202020202020202020
3261202020202020202020202020202020202020
3331203339202020202020202020202020202020
2020202020202020202020202020202020202020
3430203430202020202020202020202020202020
2020202020202020202020202020202020202020
3337202020202020202020202020202020202020
3331203331202020202020202020202020202020
2020202020202020202020202020202020202020
3331203331202020202020202020202020202020
2020202020202020202020202020202020202020
3331203332202020202020202020202020202020
2020202020202020202020202020202020202020
3339202020202020202020202020202020202020
3434203435202020202020202020202020202020
2020202020202020202020202020202020202020
3438202020202020202020202020202020202020
3432203337202020202020202020202020202020
2020202020202020202020202020202020202020
3331203331202020202020202020202020202020
2020202020202020202020202020202020202020
3331203331202020202020202020202020202020
2020202020202020202020202020202020202020
3331203337202020202020202020202020202020
2020202020202020202020202020202020202020
3430203461202020202020202020202020202020
2020202020202020202020202020202020202020
3466202020202020202020202020202020202020
3466202020202020202020202020202020202020
3435203363202020202020202020202020202020
2020202020202020202020202020202020202020
3337202020202020202020202020202020202020
3331203331202020202020202020202020202020
2020202020202020202020202020202020202020
3331203331202020202020202020202020202020
2020202020202020202020202020202020202020
3363202020202020202020202020202020202020
3433203461203466202020202020202020202020
2020202020202020202020202020202020202020
2020202020202020202020202020202020202020
3466202020202020202020202020202020202020
3438202020202020202020202020202020202020
3432203362202020202020202020202020202020
2020202020202020202020202020202020202020
3335203331202020202020202020202020202020
2020202020202020202020202020202020202020
3264202020202020202020202020202020202020
3264202020202020202020202020202020202020
3430203439202020202020202020202020202020
2020202020202020202020202020202020202020
3466202020202020202020202020202020202020
3466202020202020202020202020202020202020
3466202020202020202020202020202020202020
3438202020202020202020202020202020202020
3432203363202020202020202020202020202020
2020202020202020202020202020202020202020
3334203264202020202020202020202020202020
2020202020202020202020202020202020202020
3239202020202020202020202020202020202020
3239202020202020202020202020202020202020
3436202020202020202020202020202020202020
3462202020202020202020202020202020202020
3466202020202020202020202020202020202020
3466202020202020202020202020202020202020
3466202020202020202020202020202020202020
3438202020202020202020202020202020202020
3435203432202020202020202020202020202020
2020202020202020202020202020202020202020
3339202020202020202020202020202020202020
3332202020202020202020202020202020202020
3265202020202020202020202020202020202020
3264202020202020202020202020202020202020
3436202020202020202020202020202020202020
3462202020202020202020202020202020202020
3466202020202020202020202020202020202020
3466202020202020202020202020202020202020
3466202020202020202020202020202020202020
3466202020202020202020202020202020202020
3438202020202020202020202020202020202020
3435203430202020202020202020202020202020
2020202020202020202020202020202020202020
3339202020202020202020202020202020202020
3336202020202020202020202020202020202020
3334203436202020202020202020202020202020
2020202020202020202020202020202020202020
3462202020202020202020202020202020202020
3466202020202020202020202020202020202020
3466202020202020202020202020202020202020
3466202020202020202020202020202020202020
3466202020202020202020202020202020202020
3466202020202020202020202020202020202020
3438202020202020202020202020202020202020
3432203364202020202020202020202020202020
2020202020202020202020202020202020202020
3339202020202020202020202020202020202020
3336202020202020202020202020202020202020
3436202020202020202020202020202020202020
3462202020202020202020202020202020202020
3466202020202020202020202020202020202020
3466202020202020202020202020202020202020
3466202020202020202020202020202020202020
3466202020202020202020202020202020202020
3466202020202020202020202020202020202020
3438202020202020202020202020202020202020
3435203365202020202020202020202020202020
2020202020202020202020202020202020202020
3361202020202020202020202020202020202020
3336202020202020202020202020202020202020
3436202020202020202020202020202020202020
3462202020202020202020202020202020202020
3466202020202020202020202020202020202020
3466202020202020202020202020202020202020
3466202020202020202020202020202020202020
3466202020202020202020202020202020202020
3466202020202020202020202020202020202020
3438202020202020202020202020202020202020
3435203365202020202020202020202020202020
2020202020202020202020202020202020202020
3361202020202020202020202020202020202020
3336202020202020202020202020202020202020
3337202020202020202020202020202020202020
3130203063203064202020202020202020202020
2020202020202020202020202020202020202020
2020202020202020202020202020202020202020
3033202020202020202020202020202020202020
3033202020202020202020202020202020202020
3037202020202020202020202020202020202020
3063202020202020202020202020202020202020
3037202020202020202020202020202020202020
3036202020202020202020202020202020202020
3063202020202020202020202020202020202020
3064202020202020202020202020202020202020
3063202020202020202020202020202020202020
3064202020202020202020202020202020202020
3037202020202020202020202020202020202020
3035203036202020202020202020202020202020
2020202020202020202020202020202020202020
3634203332202020202020202020202020202020
2020202020202020202020202020202020202020
3332202020202020202020202020202020202020
3264202020202020202020202020202020202020
3237202020202020202020202020202020202020
3237202020202020202020202020202020202020
3237202020202020202020202020202020202020
3261202020202020202020202020202020202020
3265202020202020202020202020202020202020
3265202020202020202020202020202020202020
3330203330203330202020202020202020202020
2020202020202020202020202020202020202020
2020202020202020202020202020202020202020
3330203332203332202020202020202020202020
2020202020202020202020202020202020202020
2020202020202020202020202020202020202020
3332202020202020202020202020202020202020
3337202020202020202020202020202020202020
3037202020202020202020202020202020202020
3032203033203065202020202020202020202020
2020202020202020202020202020202020202020
2020202020202020202020202020202020202020
3038202020202020202020202020202020202020
3130203138206163202020202020202020202020
2020202020202020202020202020202020202020
2020202020202020202020202020202020202020
3430203162202020202020202020202020202020
2020202020202020202020202020202020202020
3162202020202020202020202020202020202020
3163202020202020202020202020202020202020
3261202020202020202020202020202020202020
3261202020202020202020202020202020202020
3437202020202020202020202020202020202020
3133202020202020202020202020202020202020
3033202020202020202020202020202020202020
3465202020202020202020202020202020202020
3539202020202020202020202020202020202020
3466202020202020202020202020202020202020
3236202020202020202020202020202020202020
3134202020202020202020202020202020202020
3134202020202020202020202020202020202020
3133202020202020202020202020202020202020
3033202020202020202020202020202020202020
3733202020202020202020202020202020202020
3235203565202020202020202020202020202020
2020202020202020202020202020202020202020
3134202020202020202020202020202020202020
3134202020202020202020202020202020202020
3134202020202020202020202020202020202020
3133202020202020202020202020202020202020
3036202020202020202020202020202020202020
3230203130203165202020202020202020202020
2020202020202020202020202020202020202020
2020202020202020202020202020202020202020
3164202020202020202020202020202020202020
3335203536202020202020202020202020202020
2020202020202020202020202020202020202020
6136203561202020202020202020202020202020
2020202020202020202020202020202020202020
3433203231203133202020202020202020202020
2020202020202020202020202020202020202020
2020202020202020202020202020202020202020
3030202020202020202020202020202020202020
3337202020202020202020202020202020202020
3063202020202020202020202020202020202020
3034202020202020202020202020202020202020
3034202020202020202020202020202020202020
3038202020202020202020202020202020202020
3038202020202020202020202020202020202020
3038202020202020202020202020202020202020
3038202020202020202020202020202020202020
3138202020202020202020202020202020202020
3130203130203138202020202020202020202020
2020202020202020202020202020202020202020
2020202020202020202020202020202020202020
3130203634203439202020202020202020202020
2020202020202020202020202020202020202020
2020202020202020202020202020202020202020
3063202020202020202020202020202020202020
3035203062202020202020202020202020202020
2020202020202020202020202020202020202020
3035203036202020202020202020202020202020
2020202020202020202020202020202020202020
3035203061202020202020202020202020202020
2020202020202020202020202020202020202020
3130203062203061202020202020202020202020
2020202020202020202020202020202020202020
2020202020202020202020202020202020202020
3136202020202020202020202020202020202020
3134202020202020202020202020202020202020
3732203830202020202020202020202020202020
2020202020202020202020202020202020202020
3830203830202020202020202020202020202020
2020202020202020202020202020202020202020
3830203830202020202020202020202020202020
2020202020202020202020202020202020202020
3765203763202020202020202020202020202020
2020202020202020202020202020202020202020
3763203765202020202020202020202020202020
2020202020202020202020202020202020202020
3765203765202020202020202020202020202020
2020202020202020202020202020202020202020
3765203830202020202020202020202020202020
2020202020202020202020202020202020202020
3830203830202020202020202020202020202020
2020202020202020202020202020202020202020
3830203830202020202020202020202020202020
2020202020202020202020202020202020202020
3765203763202020202020202020202020202020
2020202020202020202020202020202020202020
3763203765202020202020202020202020202020
2020202020202020202020202020202020202020
3765203765202020202020202020202020202020
2020202020202020202020202020202020202020
3765203763202020202020202020202020202020
2020202020202020202020202020202020202020
3763203765202020202020202020202020202020
2020202020202020202020202020202020202020
3765203765202020202020202020202020202020
2020202020202020202020202020202020202020
3765203764202020202020202020202020202020
2020202020202020202020202020202020202020
3764203765202020202020202020202020202020
2020202020202020202020202020202020202020
3765203765202020202020202020202020202020
2020202020202020202020202020202020202020
3765203763202020202020202020202020202020
2020202020202020202020202020202020202020
3765203766202020202020202020202020202020
2020202020202020202020202020202020202020
3830203766202020202020202020202020202020
2020202020202020202020202020202020202020
3766203830202020202020202020202020202020
2020202020202020202020202020202020202020
3830203830202020202020202020202020202020
2020202020202020202020202020202020202020
3839203863202020202020202020202020202020
2020202020202020202020202020202020202020
3863203763202020202020202020202020202020
2020202020202020202020202020202020202020
3765203830202020202020202020202020202020
2020202020202020202020202020202020202020
3830203832202020202020202020202020202020
2020202020202020202020202020202020202020
3832203832202020202020202020202020202020
2020202020202020202020202020202020202020
3832203833202020202020202020202020202020
2020202020202020202020202020202020202020
3862203866202020202020202020202020202020
2020202020202020202020202020202020202020
3866203763202020202020202020202020202020
2020202020202020202020202020202020202020
3765203830202020202020202020202020202020
2020202020202020202020202020202020202020
3832203832202020202020202020202020202020
2020202020202020202020202020202020202020
3832203832202020202020202020202020202020
2020202020202020202020202020202020202020
3832203833202020202020202020202020202020
2020202020202020202020202020202020202020
3833202020202020202020202020202020202020
3935203935202020202020202020202020202020
2020202020202020202020202020202020202020
3763203765202020202020202020202020202020
2020202020202020202020202020202020202020
3831203832202020202020202020202020202020
2020202020202020202020202020202020202020
3832203832202020202020202020202020202020
2020202020202020202020202020202020202020
3832203832202020202020202020202020202020
2020202020202020202020202020202020202020
3833202020202020202020202020202020202020
3835203864203935202020202020202020202020
2020202020202020202020202020202020202020
2020202020202020202020202020202020202020
3766203830202020202020202020202020202020
2020202020202020202020202020202020202020
3832203833202020202020202020202020202020
2020202020202020202020202020202020202020
3834202020202020202020202020202020202020
3833202020202020202020202020202020202020
3833202020202020202020202020202020202020
3833202020202020202020202020202020202020
3833202020202020202020202020202020202020
3837203864202020202020202020202020202020
2020202020202020202020202020202020202020
3935203831202020202020202020202020202020
2020202020202020202020202020202020202020
3832203833202020202020202020202020202020
2020202020202020202020202020202020202020
3834202020202020202020202020202020202020
3834202020202020202020202020202020202020
3833202020202020202020202020202020202020
3833202020202020202020202020202020202020
3833202020202020202020202020202020202020
3834202020202020202020202020202020202020
3837203864202020202020202020202020202020
2020202020202020202020202020202020202020
3933202020202020202020202020202020202020
3833202020202020202020202020202020202020
3834202020202020202020202020202020202020
3834202020202020202020202020202020202020
3834202020202020202020202020202020202020
3834202020202020202020202020202020202020
3834202020202020202020202020202020202020
3833202020202020202020202020202020202020
3834202020202020202020202020202020202020
3834202020202020202020202020202020202020
3837203864202020202020202020202020202020
2020202020202020202020202020202020202020
3864203835202020202020202020202020202020
2020202020202020202020202020202020202020
3835203835203835202020202020202020202020
2020202020202020202020202020202020202020
2020202020202020202020202020202020202020
3835203835203834202020202020202020202020
2020202020202020202020202020202020202020
2020202020202020202020202020202020202020
3834202020202020202020202020202020202020
3834202020202020202020202020202020202020
3836203839202020202020202020202020202020
2020202020202020202020202020202020202020
3863203838202020202020202020202020202020
2020202020202020202020202020202020202020
3838203838202020202020202020202020202020
2020202020202020202020202020202020202020
3838203838202020202020202020202020202020
2020202020202020202020202020202020202020
3836203836202020202020202020202020202020
2020202020202020202020202020202020202020
3836203836202020202020202020202020202020
2020202020202020202020202020202020202020
3836203836202020202020202020202020202020
2020202020202020202020202020202020202020
3837203337202020202020202020202020202020
2020202020202020202020202020202020202020
3035203032202020202020202020202020202020
2020202020202020202020202020202020202020
3032203061203130202020202020202020202020
2020202020202020202020202020202020202020
2020202020202020202020202020202020202020
6430203830202020202020202020202020202020
2020202020202020202020202020202020202020
3833202020202020202020202020202020202020
3833202020202020202020202020202020202020
3834202020202020202020202020202020202020
3834202020202020202020202020202020202020
3337202020202020202020202020202020202020
3130203063203064202020202020202020202020
2020202020202020202020202020202020202020
2020202020202020202020202020202020202020
3033202020202020202020202020202020202020
3033202020202020202020202020202020202020
3037202020202020202020202020202020202020
3063202020202020202020202020202020202020
3037202020202020202020202020202020202020
3036202020202020202020202020202020202020
3063202020202020202020202020202020202020
3064202020202020202020202020202020202020
3063202020202020202020202020202020202020
3064202020202020202020202020202020202020
3037202020202020202020202020202020202020
3035203036202020202020202020202020202020
2020202020202020202020202020202020202020
3634203861202020202020202020202020202020
2020202020202020202020202020202020202020
3866203935202020202020202020202020202020
2020202020202020202020202020202020202020
3937202020202020202020202020202020202020
3961202020202020202020202020202020202020
3964202020202020202020202020202020202020
3964202020202020202020202020202020202020
3966202020202020202020202020202020202020
3966202020202020202020202020202020202020
3964202020202020202020202020202020202020
3964202020202020202020202020202020202020
3938202020202020202020202020202020202020
3864203861202020202020202020202020202020
2020202020202020202020202020202020202020
3861203861202020202020202020202020202020
2020202020202020202020202020202020202020
3133202020202020202020202020202020202020
3034202020202020202020202020202020202020
3165202020202020202020202020202020202020
3164202020202020202020202020202020202020
3165202020202020202020202020202020202020
3664202020202020202020202020202020202020
3236202020202020202020202020202020202020
3236202020202020202020202020202020202020
3133202020202020202020202020202020202020
3133202020202020202020202020202020202020
3133202020202020202020202020202020202020
3033202020202020202020202020202020202020
3264202020202020202020202020202020202020
3462202020202020202020202020202020202020
3565202020202020202020202020202020202020
3362202020202020202020202020202020202020
3263202020202020202020202020202020202020
3030202020202020202020202020202020202020
3133202020202020202020202020202020202020
3034202020202020202020202020202020202020
3464202020202020202020202020202020202020
3164202020202020202020202020202020202020
3261202020202020202020202020202020202020
3565202020202020202020202020202020202020
3238202020202020202020202020202020202020
3162202020202020202020202020202020202020
3136202020202020202020202020202020202020
3134202020202020202020202020202020202020
3337202020202020202020202020202020202020
3034202020202020202020202020202020202020
3061202020202020202020202020202020202020
3061202020202020202020202020202020202020
3061202020202020202020202020202020202020
6339202020202020202020202020202020202020
3439202020202020202020202020202020202020
3036202020202020202020202020202020202020
3061202020202020202020202020202020202020
3061202020202020202020202020202020202020
3061202020202020202020202020202020202020
3134202020202020202020202020202020202020
3134202020202020202020202020202020202020
3963202020202020202020202020202020202020
3061202020202020202020202020202020202020
3061202020202020202020202020202020202020
3061202020202020202020202020202020202020
3063202020202020202020202020202020202020
3066202020202020202020202020202020202020
3066202020202020202020202020202020202020
3061202020202020202020202020202020202020
3061202020202020202020202020202020202020
3132203134203139202020202020202020202020
2020202020202020202020202020202020202020
2020202020202020202020202020202020202020
3139202020202020202020202020202020202020
3066202020202020202020202020202020202020
3136202020202020202020202020202020202020
3139202020202020202020202020202020202020
3164202020202020202020202020202020202020
3164202020202020202020202020202020202020
3164202020202020202020202020202020202020
3066202020202020202020202020202020202020
3139202020202020202020202020202020202020
3165202020202020202020202020202020202020
3231203231202020202020202020202020202020
2020202020202020202020202020202020202020
3231203337202020202020202020202020202020
2020202020202020202020202020202020202020
3063202020202020202020202020202020202020
3034202020202020202020202020202020202020
3034202020202020202020202020202020202020
3038202020202020202020202020202020202020
3038202020202020202020202020202020202020
3038202020202020202020202020202020202020
3038202020202020202020202020202020202020
3138202020202020202020202020202020202020
3130203130203138202020202020202020202020
2020202020202020202020202020202020202020
2020202020202020202020202020202020202020
3130203634203439202020202020202020202020
2020202020202020202020202020202020202020
2020202020202020202020202020202020202020
3063202020202020202020202020202020202020
3035203062202020202020202020202020202020
2020202020202020202020202020202020202020
3035203036202020202020202020202020202020
2020202020202020202020202020202020202020
3035203061202020202020202020202020202020
2020202020202020202020202020202020202020
3130203062203061202020202020202020202020
2020202020202020202020202020202020202020
2020202020202020202020202020202020202020
3136202020202020202020202020202020202020
3134202020202020202020202020202020202020
3732203233202020202020202020202020202020
2020202020202020202020202020202020202020
3236202020202020202020202020202020202020
3263202020202020202020202020202020202020
3266202020202020202020202020202020202020
3331203331202020202020202020202020202020
2020202020202020202020202020202020202020
3331203331202020202020202020202020202020
2020202020202020202020202020202020202020
3331203331202020202020202020202020202020
2020202020202020202020202020202020202020
3331203331202020202020202020202020202020
2020202020202020202020202020202020202020
3233202020202020202020202020202020202020
3236202020202020202020202020202020202020
3262202020202020202020202020202020202020
3262202020202020202020202020202020202020
3262202020202020202020202020202020202020
3262202020202020202020202020202020202020
3262202020202020202020202020202020202020
3262202020202020202020202020202020202020
3262202020202020202020202020202020202020
3331203331202020202020202020202020202020
2020202020202020202020202020202020202020
3331203233202020202020202020202020202020
2020202020202020202020202020202020202020
3261202020202020202020202020202020202020
3262202020202020202020202020202020202020
3263202020202020202020202020202020202020
3263202020202020202020202020202020202020
3263202020202020202020202020202020202020
3239202020202020202020202020202020202020
3239202020202020202020202020202020202020
3239202020202020202020202020202020202020
3331203331202020202020202020202020202020
2020202020202020202020202020202020202020
3331203332202020202020202020202020202020
2020202020202020202020202020202020202020
3332202020202020202020202020202020202020
3331203266202020202020202020202020202020
2020202020202020202020202020202020202020
3263202020202020202020202020202020202020
3263202020202020202020202020202020202020
3239202020202020202020202020202020202020
3239202020202020202020202020202020202020
3239202020202020202020202020202020202020
3331203331202020202020202020202020202020
2020202020202020202020202020202020202020
3331203336202020202020202020202020202020
2020202020202020202020202020202020202020
3332202020202020202020202020202020202020
3331203266202020202020202020202020202020
2020202020202020202020202020202020202020
3265202020202020202020202020202020202020
3263202020202020202020202020202020202020
3239202020202020202020202020202020202020
3239202020202020202020202020202020202020
3239202020202020202020202020202020202020
3331203331202020202020202020202020202020
2020202020202020202020202020202020202020
3331203338202020202020202020202020202020
2020202020202020202020202020202020202020
3335203331202020202020202020202020202020
2020202020202020202020202020202020202020
3331203266202020202020202020202020202020
2020202020202020202020202020202020202020
3264202020202020202020202020202020202020
3261202020202020202020202020202020202020
3261202020202020202020202020202020202020
3239202020202020202020202020202020202020
3264202020202020202020202020202020202020
3264202020202020202020202020202020202020
3264202020202020202020202020202020202020
3364202020202020202020202020202020202020
3336202020202020202020202020202020202020
3331203331202020202020202020202020202020
2020202020202020202020202020202020202020
3266202020202020202020202020202020202020
3266202020202020202020202020202020202020
3265202020202020202020202020202020202020
3264202020202020202020202020202020202020
3239202020202020202020202020202020202020
3239202020202020202020202020202020202020
3239202020202020202020202020202020202020
3239202020202020202020202020202020202020
3430203430202020202020202020202020202020
2020202020202020202020202020202020202020
3430203430202020202020202020202020202020
2020202020202020202020202020202020202020
3430203431202020202020202020202020202020
2020202020202020202020202020202020202020
3339202020202020202020202020202020202020
3339202020202020202020202020202020202020
3339202020202020202020202020202020202020
3332202020202020202020202020202020202020
3265202020202020202020202020202020202020
3264202020202020202020202020202020202020
3436202020202020202020202020202020202020
3462202020202020202020202020202020202020
3466202020202020202020202020202020202020
3466202020202020202020202020202020202020
3466202020202020202020202020202020202020
3466202020202020202020202020202020202020
3438202020202020202020202020202020202020
3435203430202020202020202020202020202020
2020202020202020202020202020202020202020
3339202020202020202020202020202020202020
3336202020202020202020202020202020202020
3334203436202020202020202020202020202020
2020202020202020202020202020202020202020
3462202020202020202020202020202020202020
3466202020202020202020202020202020202020
3466202020202020202020202020202020202020
3466202020202020202020202020202020202020
3466202020202020202020202020202020202020
3466202020202020202020202020202020202020
3438202020202020202020202020202020202020
3432203364202020202020202020202020202020
2020202020202020202020202020202020202020
3339202020202020202020202020202020202020
3336202020202020202020202020202020202020
3436202020202020202020202020202020202020
3462202020202020202020202020202020202020
3466202020202020202020202020202020202020
3466202020202020202020202020202020202020
3466202020202020202020202020202020202020
3466202020202020202020202020202020202020
3466202020202020202020202020202020202020
3438202020202020202020202020202020202020
3435203365202020202020202020202020202020
2020202020202020202020202020202020202020
3361202020202020202020202020202020202020
3336202020202020202020202020202020202020
3436202020202020202020202020202020202020
3462202020202020202020202020202020202020
3466202020202020202020202020202020202020
3466202020202020202020202020202020202020
3466202020202020202020202020202020202020
3466202020202020202020202020202020202020
3466202020202020202020202020202020202020
3438202020202020202020202020202020202020
3435203365202020202020202020202020202020
2020202020202020202020202020202020202020
3361202020202020202020202020202020202020
3336202020202020202020202020202020202020
3337202020202020202020202020202020202020
3130203063203064202020202020202020202020
2020202020202020202020202020202020202020
2020202020202020202020202020202020202020
3033202020202020202020202020202020202020
3033202020202020202020202020202020202020
3037202020202020202020202020202020202020
3063202020202020202020202020202020202020
3037202020202020202020202020202020202020
3036202020202020202020202020202020202020
3063202020202020202020202020202020202020
3064202020202020202020202020202020202020
3063202020202020202020202020202020202020
3064202020202020202020202020202020202020
3037202020202020202020202020202020202020
3035203036202020202020202020202020202020
2020202020202020202020202020202020202020
3634203332202020202020202020202020202020
2020202020202020202020202020202020202020
3332202020202020202020202020202020202020
3264202020202020202020202020202020202020
3237202020202020202020202020202020202020
3237202020202020202020202020202020202020
3237202020202020202020202020202020202020
3261202020202020202020202020202020202020
3265202020202020202020202020202020202020
3265202020202020202020202020202020202020
3330203330203330202020202020202020202020
2020202020202020202020202020202020202020
2020202020202020202020202020202020202020
3330203332203332202020202020202020202020
2020202020202020202020202020202020202020
2020202020202020202020202020202020202020
3332202020202020202020202020202020202020
3337202020202020202020202020202020202020
3037202020202020202020202020202020202020
3032203033203065202020202020202020202020
2020202020202020202020202020202020202020
2020202020202020202020202020202020202020
3038202020202020202020202020202020202020
3130203138206163202020202020202020202020
2020202020202020202020202020202020202020
2020202020202020202020202020202020202020
3430203162202020202020202020202020202020
2020202020202020202020202020202020202020
3162202020202020202020202020202020202020
3163202020202020202020202020202020202020
3261202020202020202020202020202020202020
3261202020202020202020202020202020202020
3437202020202020202020202020202020202020
3133202020202020202020202020202020202020
3033202020202020202020202020202020202020
3465202020202020202020202020202020202020
3539202020202020202020202020202020202020
3466202020202020202020202020202020202020
3236202020202020202020202020202020202020
3134202020202020202020202020202020202020
3134202020202020202020202020202020202020
3133202020202020202020202020202020202020
3033202020202020202020202020202020202020
3733202020202020202020202020202020202020
3235203565202020202020202020202020202020
2020202020202020202020202020202020202020
3134202020202020202020202020202020202020
3134202020202020202020202020202020202020
3134202020202020202020202020202020202020
3133202020202020202020202020202020202020
3036202020202020202020202020202020202020
3230203130203165202020202020202020202020
2020202020202020202020202020202020202020
2020202020202020202020202020202020202020
3164202020202020202020202020202020202020
3335203536202020202020202020202020202020
2020202020202020202020202020202020202020
6136203561202020202020202020202020202020
2020202020202020202020202020202020202020
3433203231203133202020202020202020202020
2020202020202020202020202020202020202020
2020202020202020202020202020202020202020
3030202020202020202020202020202020202020
3337202020202020202020202020202020202020
3063202020202020202020202020202020202020
3034202020202020202020202020202020202020
3034202020202020202020202020202020202020
3038202020202020202020202020202020202020
3038202020202020202020202020202020202020
3038202020202020202020202020202020202020
3038202020202020202020202020202020202020
3138202020202020202020202020202020202020
3130203130203138202020202020202020202020
2020202020202020202020202020202020202020
2020202020202020202020202020202020202020
3130203634203439202020202020202020202020
2020202020202020202020202020202020202020
2020202020202020202020202020202020202020
3063202020202020202020202020202020202020
3035203062202020202020202020202020202020
2020202020202020202020202020202020202020
3035203036202020202020202020202020202020
2020202020202020202020202020202020202020
3035203061202020202020202020202020202020
2020202020202020202020202020202020202020
3130203062203061202020202020202020202020
2020202020202020202020202020202020202020
2020202020202020202020202020202020202020
3136202020202020202020202020202020202020
3134202020202020202020202020202020202020
3732203830202020202020202020202020202020
2020202020202020202020202020202020202020
3830203830202020202020202020202020202020
2020202020202020202020202020202020202020
3830203830202020202020202020202020202020
2020202020202020202020202020202020202020
3765203763202020202020202020202020202020
2020202020202020202020202020202020202020
3763203765202020202020202020202020202020
2020202020202020202020202020202020202020
3765203765202020202020202020202020202020
2020202020202020202020202020202020202020
3765203830202020202020202020202020202020
2020202020202020202020202020202020202020
3830203830202020202020202020202020202020
2020202020202020202020202020202020202020
3830203830202020202020202020202020202020
2020202020202020202020202020202020202020
3765203763202020202020202020202020202020
2020202020202020202020202020202020202020
3763203765202020202020202020202020202020
2020202020202020202020202020202020202020
3765203765202020202020202020202020202020
2020202020202020202020202020202020202020
3765203763202020202020202020202020202020
2020202020202020202020202020202020202020
3763203765202020202020202020202020202020
2020202020202020202020202020202020202020
3765203765202020202020202020202020202020
2020202020202020202020202020202020202020
3765203764202020202020202020202020202020
2020202020202020202020202020202020202020
3764203765202020202020202020202020202020
2020202020202020202020202020202020202020
3765203765202020202020202020202020202020
2020202020202020202020202020202020202020
3765203763202020202020202020202020202020
2020202020202020202020202020202020202020
3765203766202020202020202020202020202020
2020202020202020202020202020202020202020
3830203766202020202020202020202020202020
2020202020202020202020202020202020202020
3766203830202020202020202020202020202020
2020202020202020202020202020202020202020
3830203830202020202020202020202020202020
2020202020202020202020202020202020202020
3839203863202020202020202020202020202020
2020202020202020202020202020202020202020
3863203763202020202020202020202020202020
2020202020202020202020202020202020202020
3765203830202020202020202020202020202020
2020202020202020202020202020202020202020
3830203832202020202020202020202020202020
2020202020202020202020202020202020202020
3832203832202020202020202020202020202020
2020202020202020202020202020202020202020
3832203833202020202020202020202020202020
2020202020202020202020202020202020202020
3862203866202020202020202020202020202020
2020202020202020202020202020202020202020
3866203763202020202020202020202020202020
2020202020202020202020202020202020202020
3765203830202020202020202020202020202020
2020202020202020202020202020202020202020
3832203832202020202020202020202020202020
2020202020202020202020202020202020202020
3832203832202020202020202020202020202020
2020202020202020202020202020202020202020
3832203833202020202020202020202020202020
2020202020202020202020202020202020202020
3833202020202020202020202020202020202020
3935203935202020202020202020202020202020
2020202020202020202020202020202020202020
3763203765202020202020202020202020202020
2020202020202020202020202020202020202020
3831203832202020202020202020202020202020
2020202020202020202020202020202020202020
3832203832202020202020202020202020202020
2020202020202020202020202020202020202020
3832203832202020202020202020202020202020
2020202020202020202020202020202020202020
3833202020202020202020202020202020202020
3835203864203935202020202020202020202020
2020202020202020202020202020202020202020
2020202020202020202020202020202020202020
3766203830202020202020202020202020202020
2020202020202020202020202020202020202020
3832203833202020202020202020202020202020
2020202020202020202020202020202020202020
3834202020202020202020202020202020202020
3833202020202020202020202020202020202020
3833202020202020202020202020202020202020
3833202020202020202020202020202020202020
3833202020202020202020202020202020202020
3837203864202020202020202020202020202020
2020202020202020202020202020202020202020
3935203831202020202020202020202020202020
2020202020202020202020202020202020202020
3832203833202020202020202020202020202020
2020202020202020202020202020202020202020
3834202020202020202020202020202020202020
3834202020202020202020202020202020202020
3833202020202020202020202020202020202020
3833202020202020202020202020202020202020
3833202020202020202020202020202020202020
3834202020202020202020202020202020202020
3837203864202020202020202020202020202020
2020202020202020202020202020202020202020
3933202020202020202020202020202020202020
3833202020202020202020202020202020202020
3834202020202020202020202020202020202020
3834202020202020202020202020202020202020
3834202020202020202020202020202020202020
3834202020202020202020202020202020202020
3834202020202020202020202020202020202020
3833202020202020202020202020202020202020
3834202020202020202020202020202020202020
3834202020202020202020202020202020202020
3837203864202020202020202020202020202020
2020202020202020202020202020202020202020
3864203835202020202020202020202020202020
2020202020202020202020202020202020202020
3835203835203835202020202020202020202020
2020202020202020202020202020202020202020
2020202020202020202020202020202020202020
3835203835203834202020202020202020202020
2020202020202020202020202020202020202020
2020202020202020202020202020202020202020
3834202020202020202020202020202020202020
3834202020202020202020202020202020202020
3836203839202020202020202020202020202020
2020202020202020202020202020202020202020
3863203838202020202020202020202020202020
2020202020202020202020202020202020202020
3838203838202020202020202020202020202020
2020202020202020202020202020202020202020
3838203838202020202020202020202020202020
2020202020202020202020202020202020202020
3836203836202020202020202020202020202020
2020202020202020202020202020202020202020
3836203836202020202020202020202020202020
2020202020202020202020202020202020202020
3836203836202020202020202020202020202020
2020202020202020202020202020202020202020
3837203337202020202020202020202020202020
2020202020202020202020202020202020202020
3035203032202020202020202020202020202020
2020202020202020202020202020202020202020
3032203061203130202020202020202020202020
2020202020202020202020202020202020202020
2020202020202020202020202020202020202020
6430203830202020202020202020202020202020
2020202020202020202020202020202020202020
3833202020202020202020202020202020202020
3833202020202020202020202020202020202020
3834202020202020202020202020202020202020
3834202020202020202020202020202020202020
3337202020202020202020202020202020202020
3130203063203064202020202020202020202020
2020202020202020202020202020202020202020
2020202020202020202020202020202020202020
3033202020202020202020202020202020202020
3033202020202020202020202020202020202020
3037202020202020202020202020202020202020
3063202020202020202020202020202020202020
3037202020202020202020202020202020202020
3036202020202020202020202020202020202020
3063202020202020202020202020202020202020
3064202020202020202020202020202020202020
3063202020202020202020202020202020202020
3064202020202020202020202020202020202020
3037202020202020202020202020202020202020
3035203036202020202020202020202020202020
2020202020202020202020202020202020202020
3634203861202020202020202020202020202020
2020202020202020202020202020202020202020
3866203935202020202020202020202020202020
2020202020202020202020202020202020202020
3937202020202020202020202020202020202020
3961202020202020202020202020202020202020
3964202020202020202020202020202020202020
3964202020202020202020202020202020202020
3966202020202020202020202020202020202020
3966202020202020202020202020202020202020
3964202020202020202020202020202020202020
3964202020202020202020202020202020202020
3938202020202020202020202020202020202020
3864203861202020202020202020202020202020
2020202020202020202020202020202020202020
3861203861202020202020202020202020202020
2020202020202020202020202020202020202020
3133202020202020202020202020202020202020
3034202020202020202020202020202020202020
3165202020202020202020202020202020202020
3164202020202020202020202020202020202020
3165202020202020202020202020202020202020
3664202020202020202020202020202020202020
3236202020202020202020202020202020202020
3236202020202020202020202020202020202020
3133202020202020202020202020202020202020
3133202020202020202020202020202020202020
3133202020202020202020202020202020202020
3033202020202020202020202020202020202020
3264202020202020202020202020202020202020
3462202020202020202020202020202020202020
3565202020202020202020202020202020202020
3362202020202020202020202020202020202020
3263202020202020202020202020202020202020
3030202020202020202020202020202020202020
3133202020202020202020202020202020202020
3034202020202020202020202020202020202020
3464202020202020202020202020202020202020
3164202020202020202020202020202020202020
3261202020202020202020202020202020202020
3565202020202020202020202020202020202020
3238202020202020202020202020202020202020
3162202020202020202020202020202020202020
3136202020202020202020202020202020202020
3134202020202020202020202020202020202020
3133202020202020202020202020202020202020
3033202020202020202020202020202020202020
3465202020202020202020202020202020202020
3539202020202020202020202020202020202020
3466202020202020202020202020202020202020
3236202020202020202020202020202020202020
3064202020202020202020202020202020202020
3134202020202020202020202020202020202020
3133202020202020202020202020202020202020
3033202020202020202020202020202020202020
3733202020202020202020202020202020202020
3235203565202020202020202020202020202020
2020202020202020202020202020202020202020
3134202020202020202020202020202020202020
3134202020202020202020202020202020202020
3134202020202020202020202020202020202020
3133202020202020202020202020202020202020
3036202020202020202020202020202020202020
3230203130203165202020202020202020202020
2020202020202020202020202020202020202020
2020202020202020202020202020202020202020
3164202020202020202020202020202020202020
3335203536202020202020202020202020202020
2020202020202020202020202020202020202020
6136203561202020202020202020202020202020
2020202020202020202020202020202020202020
3433203235203136202020202020202020202020
2020202020202020202020202020202020202020
2020202020202020202020202020202020202020
3030202020202020202020202020202020202020
6666202020202020202020202020202020202020
6666202020202020202020202020202020202020
6666202020202020202020202020202020202020
6666202020202020202020202020202020202020
6666202020202020202020202020202020202020
6666202020202020202020202020202020202020
6666202020202020202020202020202020202020
6666202020202020202020202020202020202020
6666202020202020202020202020202020202020
6666202020202020202020202020202020202020
6666202020202020202020202020202020202020
6666202020202020202020202020202020202020
6666202020202020202020202020202020202020
6666202020202020202020202020202020202020
3330203037203033202020202020202020202020
2020202020202020202020202020202020202020
2020202020202020202020202020202020202020
3032203061203735202020202020202020202020
2020202020202020202020202020202020202020
2020202020202020202020202020202020202020
3032203130203566202020202020202020202020
2020202020202020202020202020202020202020
2020202020202020202020202020202020202020
3330203037203033202020202020202020202020
2020202020202020202020202020202020202020
2020202020202020202020202020202020202020
3032203164203135202020202020202020202020
2020202020202020202020202020202020202020
2020202020202020202020202020202020202020
3232202020202020202020202020202020202020
6166203031202020202020202020202020202020
2020202020202020202020202020202020202020
6165203030202020202020202020202020202020
2020202020202020202020202020202020202020
3734203031202020202020202020202020202020
2020202020202020202020202020202020202020
3132203035203039202020202020202020202020
2020202020202020202020202020202020202020
2020202020202020202020202020202020202020
3866203762202020202020202020202020202020
2020202020202020202020202020202020202020
3734203431202020202020202020202020202020
2020202020202020202020202020202020202020
3933202020202020202020202020202020202020
3132203034206439202020202020202020202020
2020202020202020202020202020202020202020
2020202020202020202020202020202020202020
3734203432202020202020202020202020202020
2020202020202020202020202020202020202020
3933202020202020202020202020202020202020
3266202020202020202020202020202020202020
6666202020202020202020202020202020202020
3734203062202020202020202020202020202020
2020202020202020202020202020202020202020
3933202020202020202020202020202020202020
6638202020202020202020202020202020202020
3734203063202020202020202020202020202020
2020202020202020202020202020202020202020
3933202020202020202020202020202020202020
6639202020202020202020202020202020202020
3132203034203535202020202020202020202020
2020202020202020202020202020202020202020
2020202020202020202020202020202020202020
6565202020202020202020202020202020202020
6634202020202020202020202020202020202020
6638202020202020202020202020202020202020
6566202020202020202020202020202020202020
6634202020202020202020202020202020202020
6639202020202020202020202020202020202020
3734203062202020202020202020202020202020
2020202020202020202020202020202020202020
3933202020202020202020202020202020202020
6662202020202020202020202020202020202020
3734203063202020202020202020202020202020
2020202020202020202020202020202020202020
3933202020202020202020202020202020202020
6663202020202020202020202020202020202020
6433202020202020202020202020202020202020
6565202020202020202020202020202020202020
3962202020202020202020202020202020202020
6366202020202020202020202020202020202020
3963202020202020202020202020202020202020
6662202020202020202020202020202020202020
6332206166202020202020202020202020202020
2020202020202020202020202020202020202020
3866203434202020202020202020202020202020
2020202020202020202020202020202020202020
3862203435202020202020202020202020202020
2020202020202020202020202020202020202020
3838203432202020202020202020202020202020
2020202020202020202020202020202020202020
3839203433202020202020202020202020202020
2020202020202020202020202020202020202020
6432206166202020202020202020202020202020
2020202020202020202020202020202020202020
3232202020202020202020202020202020202020
6539202020202020202020202020202020202020
6333202020202020202020202020202020202020
3330206537203133202020202020202020202020
2020202020202020202020202020202020202020
2020202020202020202020202020202020202020
3230203161203166202020202020202020202020
2020202020202020202020202020202020202020
2020202020202020202020202020202020202020
3734203364202020202020202020202020202020
2020202020202020202020202020202020202020
3933202020202020202020202020202020202020
3133202020202020202020202020202020202020
3234203830202020202020202020202020202020
2020202020202020202020202020202020202020
6235203031203030202020202020202020202020
2020202020202020202020202020202020202020
2020202020202020202020202020202020202020
3530203134202020202020202020202020202020
2020202020202020202020202020202020202020
6639202020202020202020202020202020202020
6432203033202020202020202020202020202020
2020202020202020202020202020202020202020
3830203066202020202020202020202020202020
2020202020202020202020202020202020202020
3734203365202020202020202020202020202020
2020202020202020202020202020202020202020
3933202020202020202020202020202020202020
3133202020202020202020202020202020202020
6634202020202020202020202020202020202020
3234203830202020202020202020202020202020
2020202020202020202020202020202020202020
6235203031203030202020202020202020202020
2020202020202020202020202020202020202020
2020202020202020202020202020202020202020
3430203033202020202020202020202020202020
2020202020202020202020202020202020202020
6639202020202020202020202020202020202020
6432203034202020202020202020202020202020
2020202020202020202020202020202020202020
3761203537202020202020202020202020202020
2020202020202020202020202020202020202020
6631206632202020202020202020202020202020
2020202020202020202020202020202020202020
3132203035203164202020202020202020202020
2020202020202020202020202020202020202020
2020202020202020202020202020202020202020
6235203439203030202020202020202020202020
2020202020202020202020202020202020202020
2020202020202020202020202020202020202020
3430203032202020202020202020202020202020
2020202020202020202020202020202020202020
6432203034202020202020202020202020202020
2020202020202020202020202020202020202020
6539202020202020202020202020202020202020
6333202020202020202020202020202020202020
3934203830202020202020202020202020202020
2020202020202020202020202020202020202020
3932203035202020202020202020202020202020
2020202020202020202020202020202020202020
6639202020202020202020202020202020202020
3032203130203737202020202020202020202020
2020202020202020202020202020202020202020
2020202020202020202020202020202020202020
3930203131203234202020202020202020202020
2020202020202020202020202020202020202020
2020202020202020202020202020202020202020
3132203035206364202020202020202020202020
2020202020202020202020202020202020202020
2020202020202020202020202020202020202020
3133202020202020202020202020202020202020
3932203139202020202020202020202020202020
2020202020202020202020202020202020202020
3133202020202020202020202020202020202020
3932203138202020202020202020202020202020
2020202020202020202020202020202020202020
3032203130203437202020202020202020202020
2020202020202020202020202020202020202020
2020202020202020202020202020202020202020
6535203135202020202020202020202020202020
2020202020202020202020202020202020202020
6234203830203030202020202020202020202020
2020202020202020202020202020202020202020
2020202020202020202020202020202020202020
6233202020202020202020202020202020202020
3932203162202020202020202020202020202020
2020202020202020202020202020202020202020
3930203132203936202020202020202020202020
2020202020202020202020202020202020202020
2020202020202020202020202020202020202020
3132203035206364202020202020202020202020
2020202020202020202020202020202020202020
2020202020202020202020202020202020202020
3133202020202020202020202020202020202020
3932203266202020202020202020202020202020
2020202020202020202020202020202020202020
3133202020202020202020202020202020202020
3932203265202020202020202020202020202020
2020202020202020202020202020202020202020
3030202020202020202020202020202020202020
3030202020202020202020202020202020202020
3030202020202020202020202020202020202020
3330203265203034202020202020202020202020
2020202020202020202020202020202020202020
2020202020202020202020202020202020202020
6332203037202020202020202020202020202020
2020202020202020202020202020202020202020
3631206630202020202020202020202020202020
2020202020202020202020202020202020202020
6432203037202020202020202020202020202020
2020202020202020202020202020202020202020
3734203130202020202020202020202020202020
2020202020202020202020202020202020202020
3933202020202020202020202020202020202020
6333202020202020202020202020202020202020
3935203337202020202020202020202020202020
2020202020202020202020202020202020202020
3530203062202020202020202020202020202020
2020202020202020202020202020202020202020
3761203033202020202020202020202020202020
2020202020202020202020202020202020202020
3132203035203164202020202020202020202020
2020202020202020202020202020202020202020
2020202020202020202020202020202020202020
6333202020202020202020202020202020202020
3935203337202020202020202020202020202020
2020202020202020202020202020202020202020
3430203166202020202020202020202020202020
2020202020202020202020202020202020202020
3232202020202020202020202020202020202020
6432203161202020202020202020202020202020
2020202020202020202020202020202020202020
3330203037203134202020202020202020202020
2020202020202020202020202020202020202020
2020202020202020202020202020202020202020
3734203666202020202020202020202020202020
2020202020202020202020202020202020202020
3933202020202020202020202020202020202020
6235203133203030202020202020202020202020
2020202020202020202020202020202020202020
2020202020202020202020202020202020202020
6233202020202020202020202020202020202020
3932203264202020202020202020202020202020
2020202020202020202020202020202020202020
3734203664202020202020202020202020202020
2020202020202020202020202020202020202020
3933202020202020202020202020202020202020
6235203133203030202020202020202020202020
2020202020202020202020202020202020202020
2020202020202020202020202020202020202020
6233202020202020202020202020202020202020
3932203263202020202020202020202020202020
2020202020202020202020202020202020202020
3831203230202020202020202020202020202020
2020202020202020202020202020202020202020
6332203263202020202020202020202020202020
2020202020202020202020202020202020202020
6332203264202020202020202020202020202020
2020202020202020202020202020202020202020
3232202020202020202020202020202020202020
6332203161202020202020202020202020202020
2020202020202020202020202020202020202020
3232202020202020202020202020202020202020
3764203030202020202020202020202020202020
2020202020202020202020202020202020202020
6333202020202020202020202020202020202020
3330203161203038202020202020202020202020
2020202020202020202020202020202020202020
2020202020202020202020202020202020202020
3761203439202020202020202020202020202020
2020202020202020202020202020202020202020
3931206165202020202020202020202020202020
2020202020202020202020202020202020202020
3931206165202020202020202020202020202020
2020202020202020202020202020202020202020
3831203863202020202020202020202020202020
2020202020202020202020202020202020202020
3330203138203132202020202020202020202020
2020202020202020202020202020202020202020
2020202020202020202020202020202020202020
3761203034202020202020202020202020202020
2020202020202020202020202020202020202020
3230203263203034202020202020202020202020
2020202020202020202020202020202020202020
2020202020202020202020202020202020202020
6631206632202020202020202020202020202020
2020202020202020202020202020202020202020
3831203431202020202020202020202020202020
2020202020202020202020202020202020202020
3132203164203130202020202020202020202020
2020202020202020202020202020202020202020
2020202020202020202020202020202020202020
3931206165202020202020202020202020202020
2020202020202020202020202020202020202020
3761203038202020202020202020202020202020
2020202020202020202020202020202020202020
3831203838202020202020202020202020202020
2020202020202020202020202020202020202020
3330203139203036202020202020202020202020
2020202020202020202020202020202020202020
2020202020202020202020202020202020202020
3761203063202020202020202020202020202020
2020202020202020202020202020202020202020
3931206165202020202020202020202020202020
2020202020202020202020202020202020202020
3831203639202020202020202020202020202020
2020202020202020202020202020202020202020
3761203132202020202020202020202020202020
2020202020202020202020202020202020202020
3230203263203034202020202020202020202020
2020202020202020202020202020202020202020
2020202020202020202020202020202020202020
6631206632202020202020202020202020202020
2020202020202020202020202020202020202020
3831203563202020202020202020202020202020
2020202020202020202020202020202020202020
3132203164203130202020202020202020202020
2020202020202020202020202020202020202020
2020202020202020202020202020202020202020
3931206165202020202020202020202020202020
2020202020202020202020202020202020202020
3734203230202020202020202020202020202020
2020202020202020202020202020202020202020
3933202020202020202020202020202020202020
3935203439202020202020202020202020202020
2020202020202020202020202020202020202020
3430203034202020202020202020202020202020
2020202020202020202020202020202020202020
3761203562202020202020202020202020202020
2020202020202020202020202020202020202020
3831203838202020202020202020202020202020
2020202020202020202020202020202020202020
3761203064202020202020202020202020202020
2020202020202020202020202020202020202020
3931206165202020202020202020202020202020
2020202020202020202020202020202020202020
3230203139203032202020202020202020202020
2020202020202020202020202020202020202020
2020202020202020202020202020202020202020
3761203562202020202020202020202020202020
2020202020202020202020202020202020202020
3930203131203265202020202020202020202020
2020202020202020202020202020202020202020
2020202020202020202020202020202020202020
3132203035206364202020202020202020202020
2020202020202020202020202020202020202020
2020202020202020202020202020202020202020
3330206532203064202020202020202020202020
2020202020202020202020202020202020202020
2020202020202020202020202020202020202020
3734203231202020202020202020202020202020
2020202020202020202020202020202020202020
3933202020202020202020202020202020202020
6333202020202020202020202020202020202020
3935203337202020202020202020202020202020
2020202020202020202020202020202020202020
3530203035202020202020202020202020202020
2020202020202020202020202020202020202020
3734203232202020202020202020202020202020
2020202020202020202020202020202020202020
3933202020202020202020202020202020202020
3264202020202020202020202020202020202020
6664202020202020202020202020202020202020
6631206632202020202020202020202020202020
2020202020202020202020202020202020202020
3931206165202020202020202020202020202020
2020202020202020202020202020202020202020
3032203130203461202020202020202020202020
2020202020202020202020202020202020202020
2020202020202020202020202020202020202020
3761203438202020202020202020202020202020
2020202020202020202020202020202020202020
3931206165202020202020202020202020202020
2020202020202020202020202020202020202020
6638202020202020202020202020202020202020
6132206537202020202020202020202020202020
2020202020202020202020202020202020202020
3734203233202020202020202020202020202020
2020202020202020202020202020202020202020
3530203031202020202020202020202020202020
2020202020202020202020202020202020202020
3034202020202020202020202020202020202020
3933202020202020202020202020202020202020
6639202020202020202020202020202020202020
3530203031202020202020202020202020202020
2020202020202020202020202020202020202020
6338202020202020202020202020202020202020
6333202020202020202020202020202020202020
3938202020202020202020202020202020202020
3530203032202020202020202020202020202020
2020202020202020202020202020202020202020
6539202020202020202020202020202020202020
6664202020202020202020202020202020202020
6564202020202020202020202020202020202020
6132206537202020202020202020202020202020
2020202020202020202020202020202020202020
3133202020202020202020202020202020202020
6664202020202020202020202020202020202020
3032203130203464202020202020202020202020
2020202020202020202020202020202020202020
2020202020202020202020202020202020202020
3132203035203164202020202020202020202020
2020202020202020202020202020202020202020
2020202020202020202020202020202020202020
3264202020202020202020202020202020202020
6333202020202020202020202020202020202020
3934203134202020202020202020202020202020
2020202020202020202020202020202020202020
6664202020202020202020202020202020202020
3232202020202020202020202020202020202020
3230203161203531202020202020202020202020
2020202020202020202020202020202020202020
2020202020202020202020202020202020202020
3230203139203465202020202020202020202020
2020202020202020202020202020202020202020
2020202020202020202020202020202020202020
3230203164203462202020202020202020202020
2020202020202020202020202020202020202020
2020202020202020202020202020202020202020
3030202020202020202020202020202020202020
3030202020202020202020202020202020202020
3030202020202020202020202020202020202020
3734203462202020202020202020202020202020
2020202020202020202020202020202020202020
3933202020202020202020202020202020202020
6235203337203030202020202020202020202020
2020202020202020202020202020202020202020
2020202020202020202020202020202020202020
3430203430202020202020202020202020202020
2020202020202020202020202020202020202020
3734203463202020202020202020202020202020
2020202020202020202020202020202020202020
3933202020202020202020202020202020202020
6235203439203030202020202020202020202020
2020202020202020202020202020202020202020
2020202020202020202020202020202020202020
3530203135202020202020202020202020202020
2020202020202020202020202020202020202020
3330203235203335202020202020202020202020
2020202020202020202020202020202020202020
2020202020202020202020202020202020202020
3230203231203039202020202020202020202020
2020202020202020202020202020202020202020
2020202020202020202020202020202020202020
6432203231202020202020202020202020202020
2020202020202020202020202020202020202020
6332203232202020202020202020202020202020
2020202020202020202020202020202020202020
3734203464202020202020202020202020202020
2020202020202020202020202020202020202020
3933202020202020202020202020202020202020
6635203366202020202020202020202020202020
2020202020202020202020202020202020202020
6535203366202020202020202020202020202020
2020202020202020202020202020202020202020
3630203235202020202020202020202020202020
2020202020202020202020202020202020202020
3830203032202020202020202020202020202020
2020202020202020202020202020202020202020
6332203231202020202020202020202020202020
2020202020202020202020202020202020202020
3330203263203034202020202020202020202020
2020202020202020202020202020202020202020
2020202020202020202020202020202020202020
3734203665202020202020202020202020202020
2020202020202020202020202020202020202020
3830203037202020202020202020202020202020
2020202020202020202020202020202020202020
3734203439202020202020202020202020202020
2020202020202020202020202020202020202020
3230203138203032202020202020202020202020
2020202020202020202020202020202020202020
2020202020202020202020202020202020202020
3734203438202020202020202020202020202020
2020202020202020202020202020202020202020
3933202020202020202020202020202020202020
6661202020202020202020202020202020202020
3230203235203034202020202020202020202020
2020202020202020202020202020202020202020
2020202020202020202020202020202020202020
3734203461202020202020202020202020202020
2020202020202020202020202020202020202020
3933202020202020202020202020202020202020
3261202020202020202020202020202020202020
6333202020202020202020202020202020202020
3935203133202020202020202020202020202020
2020202020202020202020202020202020202020
3932203235202020202020202020202020202020
2020202020202020202020202020202020202020
3132203062203530202020202020202020202020
2020202020202020202020202020202020202020
2020202020202020202020202020202020202020
3830203032202020202020202020202020202020
2020202020202020202020202020202020202020
6332203235202020202020202020202020202020
2020202020202020202020202020202020202020
3032203061206662202020202020202020202020
2020202020202020202020202020202020202020
2020202020202020202020202020202020202020
3734203032202020202020202020202020202020
2020202020202020202020202020202020202020
3261202020202020202020202020202020202020
6661202020202020202020202020202020202020
3232202020202020202020202020202020202020
3761203365202020202020202020202020202020
2020202020202020202020202020202020202020
3230203265203035202020202020202020202020
2020202020202020202020202020202020202020
2020202020202020202020202020202020202020
3330206234203032202020202020202020202020
2020202020202020202020202020202020202020
2020202020202020202020202020202020202020
3761203431202020202020202020202020202020
2020202020202020202020202020202020202020
3032203061203635202020202020202020202020
2020202020202020202020202020202020202020
2020202020202020202020202020202020202020
6666202020202020202020202020202020202020
3930203131203265202020202020202020202020
2020202020202020202020202020202020202020
2020202020202020202020202020202020202020
3132203035206364202020202020202020202020
2020202020202020202020202020202020202020
2020202020202020202020202020202020202020
6332206532202020202020202020202020202020
2020202020202020202020202020202020202020
3234203162202020202020202020202020202020
2020202020202020202020202020202020202020
3933202020202020202020202020202020202020
6635206630202020202020202020202020202020
2020202020202020202020202020202020202020
3761203261202020202020202020202020202020
2020202020202020202020202020202020202020
3132203035203164202020202020202020202020
2020202020202020202020202020202020202020
2020202020202020202020202020202020202020
6134202020202020202020202020202020202020
6166206630202020202020202020202020202020
2020202020202020202020202020202020202020
6665202020202020202020202020202020202020
3735203530203032202020202020202020202020
2020202020202020202020202020202020202020
2020202020202020202020202020202020202020
3330203266203035202020202020202020202020
2020202020202020202020202020202020202020
2020202020202020202020202020202020202020
3734203662202020202020202020202020202020
2020202020202020202020202020202020202020
3933202020202020202020202020202020202020
6231206630202020202020202020202020202020
2020202020202020202020202020202020202020
3330203161203632202020202020202020202020
2020202020202020202020202020202020202020
2020202020202020202020202020202020202020
3761203238202020202020202020202020202020
2020202020202020202020202020202020202020
3734203166202020202020202020202020202020
2020202020202020202020202020202020202020
3933202020202020202020202020202020202020
6235203133203030202020202020202020202020
2020202020202020202020202020202020202020
2020202020202020202020202020202020202020
3530203031202020202020202020202020202020
2020202020202020202020202020202020202020
3061202020202020202020202020202020202020
3132203035203164202020202020202020202020
2020202020202020202020202020202020202020
2020202020202020202020202020202020202020
6635203363202020202020202020202020202020
2020202020202020202020202020202020202020
3761203533202020202020202020202020202020
2020202020202020202020202020202020202020
3132203035203164202020202020202020202020
2020202020202020202020202020202020202020
2020202020202020202020202020202020202020
6663202020202020202020202020202020202020
3762203035202020202020202020202020202020
2020202020202020202020202020202020202020
3739203038202020202020202020202020202020
2020202020202020202020202020202020202020
3230203063203134202020202020202020202020
2020202020202020202020202020202020202020
2020202020202020202020202020202020202020
3132203035203164202020202020202020202020
2020202020202020202020202020202020202020
2020202020202020202020202020202020202020
6333202020202020202020202020202020202020
3935203337202020202020202020202020202020
2020202020202020202020202020202020202020
3430203037202020202020202020202020202020
2020202020202020202020202020202020202020
3734203161202020202020202020202020202020
2020202020202020202020202020202020202020
3933202020202020202020202020202020202020
3935203464202020202020202020202020202020
2020202020202020202020202020202020202020
3530203232202020202020202020202020202020
2020202020202020202020202020202020202020
6432203063202020202020202020202020202020
2020202020202020202020202020202020202020
3735203464203030202020202020202020202020
2020202020202020202020202020202020202020
2020202020202020202020202020202020202020
3761203535202020202020202020202020202020
2020202020202020202020202020202020202020
3132203035203164202020202020202020202020
2020202020202020202020202020202020202020
2020202020202020202020202020202020202020
6635206630202020202020202020202020202020
2020202020202020202020202020202020202020
3132203035203164202020202020202020202020
2020202020202020202020202020202020202020
2020202020202020202020202020202020202020
6134202020202020202020202020202020202020
6563202020202020202020202020202020202020
3230206537203037202020202020202020202020
2020202020202020202020202020202020202020
2020202020202020202020202020202020202020
3233202020202020202020202020202020202020
6339202020202020202020202020202020202020
3233202020202020202020202020202020202020
6339202020202020202020202020202020202020
3162202020202020202020202020202020202020
3830206636202020202020202020202020202020
2020202020202020202020202020202020202020
6134202020202020202020202020202020202020
6163206630202020202020202020202020202020
2020202020202020202020202020202020202020
3330206537203031202020202020202020202020
2020202020202020202020202020202020202020
2020202020202020202020202020202020202020
3063202020202020202020202020202020202020
6563202020202020202020202020202020202020
6235203031203030202020202020202020202020
2020202020202020202020202020202020202020
2020202020202020202020202020202020202020
3430203062202020202020202020202020202020
2020202020202020202020202020202020202020
3132203034206439202020202020202020202020
2020202020202020202020202020202020202020
2020202020202020202020202020202020202020
6535203530202020202020202020202020202020
2020202020202020202020202020202020202020
3262202020202020202020202020202020202020
3132203035203039202020202020202020202020
2020202020202020202020202020202020202020
2020202020202020202020202020202020202020
6635203530202020202020202020202020202020
2020202020202020202020202020202020202020
3032203164206464202020202020202020202020
2020202020202020202020202020202020202020
2020202020202020202020202020202020202020
3230203264203034202020202020202020202020
2020202020202020202020202020202020202020
2020202020202020202020202020202020202020
6631206632202020202020202020202020202020
2020202020202020202020202020202020202020
6131206233202020202020202020202020202020
2020202020202020202020202020202020202020
3132203164203130202020202020202020202020
2020202020202020202020202020202020202020
2020202020202020202020202020202020202020
3132203035203164202020202020202020202020
2020202020202020202020202020202020202020
2020202020202020202020202020202020202020
6635206630202020202020202020202020202020
2020202020202020202020202020202020202020
3761203266202020202020202020202020202020
2020202020202020202020202020202020202020
3330203138203031202020202020202020202020
2020202020202020202020202020202020202020
2020202020202020202020202020202020202020
3061202020202020202020202020202020202020
3132203035203164202020202020202020202020
2020202020202020202020202020202020202020
2020202020202020202020202020202020202020
6134202020202020202020202020202020202020
6535206630202020202020202020202020202020
2020202020202020202020202020202020202020
6231206537202020202020202020202020202020
2020202020202020202020202020202020202020
6535203363202020202020202020202020202020
2020202020202020202020202020202020202020
6231206537202020202020202020202020202020
2020202020202020202020202020202020202020
3761203331202020202020202020202020202020
2020202020202020202020202020202020202020
3230203138203037202020202020202020202020
2020202020202020202020202020202020202020
2020202020202020202020202020202020202020
3761203462202020202020202020202020202020
2020202020202020202020202020202020202020
3230203139203032202020202020202020202020
2020202020202020202020202020202020202020
2020202020202020202020202020202020202020
3761203466202020202020202020202020202020
2020202020202020202020202020202020202020
6631206632202020202020202020202020202020
2020202020202020202020202020202020202020
3132203035203164202020202020202020202020
2020202020202020202020202020202020202020
2020202020202020202020202020202020202020
6231206630202020202020202020202020202020
2020202020202020202020202020202020202020
3032203130203530202020202020202020202020
2020202020202020202020202020202020202020
2020202020202020202020202020202020202020
3865203465202020202020202020202020202020
2020202020202020202020202020202020202020
3866203466202020202020202020202020202020
2020202020202020202020202020202020202020
3032203130203533202020202020202020202020
2020202020202020202020202020202020202020
2020202020202020202020202020202020202020
3630203132202020202020202020202020202020
2020202020202020202020202020202020202020
3234203830202020202020202020202020202020
2020202020202020202020202020202020202020
3530203033202020202020202020202020202020
2020202020202020202020202020202020202020
3133202020202020202020202020202020202020
3035203530202020202020202020202020202020
2020202020202020202020202020202020202020
3132203034206439202020202020202020202020
2020202020202020202020202020202020202020
2020202020202020202020202020202020202020
6535203530202020202020202020202020202020
2020202020202020202020202020202020202020
3034202020202020202020202020202020202020
3132203035203039202020202020202020202020
2020202020202020202020202020202020202020
2020202020202020202020202020202020202020
6635203530202020202020202020202020202020
2020202020202020202020202020202020202020
3232202020202020202020202020202020202020
6666202020202020202020202020202020202020
6666202020202020202020202020202020202020
6666202020202020202020202020202020202020
6666202020202020202020202020202020202020
3838206630202020202020202020202020202020
2020202020202020202020202020202020202020
3735206130203139202020202020202020202020
2020202020202020202020202020202020202020
2020202020202020202020202020202020202020
3738203162202020202020202020202020202020
2020202020202020202020202020202020202020
6238203162203034202020202020202020202020
2020202020202020202020202020202020202020
2020202020202020202020202020202020202020
6432206435202020202020202020202020202020
2020202020202020202020202020202020202020
3830203264202020202020202020202020202020
2020202020202020202020202020202020202020
6536202020202020202020202020202020202020
6632202020202020202020202020202020202020
3735206130203162202020202020202020202020
2020202020202020202020202020202020202020
2020202020202020202020202020202020202020
3738203331202020202020202020202020202020
2020202020202020202020202020202020202020
6238203331203036202020202020202020202020
2020202020202020202020202020202020202020
2020202020202020202020202020202020202020
6536202020202020202020202020202020202020
3234203061202020202020202020202020202020
2020202020202020202020202020202020202020
3233202020202020202020202020202020202020
3830203031202020202020202020202020202020
2020202020202020202020202020202020202020
6536202020202020202020202020202020202020
6632202020202020202020202020202020202020
3035206130202020202020202020202020202020
2020202020202020202020202020202020202020
6535203337202020202020202020202020202020
2020202020202020202020202020202020202020
6632202020202020202020202020202020202020
3035206130202020202020202020202020202020
2020202020202020202020202020202020202020
6535203439202020202020202020202020202020
2020202020202020202020202020202020202020
6632202020202020202020202020202020202020
3035206130202020202020202020202020202020
2020202020202020202020202020202020202020
6535203130202020202020202020202020202020
2020202020202020202020202020202020202020
6632202020202020202020202020202020202020
3035206130202020202020202020202020202020
2020202020202020202020202020202020202020
6535203133202020202020202020202020202020
2020202020202020202020202020202020202020
6632202020202020202020202020202020202020
3830203161202020202020202020202020202020
2020202020202020202020202020202020202020
3735206130203938202020202020202020202020
2020202020202020202020202020202020202020
2020202020202020202020202020202020202020
6332206435202020202020202020202020202020
2020202020202020202020202020202020202020
3734203630202020202020202020202020202020
2020202020202020202020202020202020202020
6634202020202020202020202020202020202020
3034202020202020202020202020202020202020
3235203162202020202020202020202020202020
2020202020202020202020202020202020202020
3233202020202020202020202020202020202020
3233202020202020202020202020202020202020
6638202020202020202020202020202020202020
6535203163202020202020202020202020202020
2020202020202020202020202020202020202020
3333202020202020202020202020202020202020
3333202020202020202020202020202020202020
3333202020202020202020202020202020202020
3534203033202020202020202020202020202020
2020202020202020202020202020202020202020
3338202020202020202020202020202020202020
6632202020202020202020202020202020202020
3130206435206330202020202020202020202020
2020202020202020202020202020202020202020
2020202020202020202020202020202020202020
6138206630202020202020202020202020202020
2020202020202020202020202020202020202020
3232202020202020202020202020202020202020
3735203238203830202020202020202020202020
2020202020202020202020202020202020202020
2020202020202020202020202020202020202020
3735203236203030202020202020202020202020
2020202020202020202020202020202020202020
2020202020202020202020202020202020202020
3735203239206666202020202020202020202020
2020202020202020202020202020202020202020
2020202020202020202020202020202020202020
6432203262202020202020202020202020202020
2020202020202020202020202020202020202020
6432203962202020202020202020202020202020
2020202020202020202020202020202020202020
6332203939202020202020202020202020202020
2020202020202020202020202020202020202020
3735203939206666202020202020202020202020
2020202020202020202020202020202020202020
2020202020202020202020202020202020202020
3330203939206664202020202020202020202020
2020202020202020202020202020202020202020
2020202020202020202020202020202020202020
6332203962202020202020202020202020202020
2020202020202020202020202020202020202020
6332203938202020202020202020202020202020
2020202020202020202020202020202020202020
3232202020202020202020202020202020202020
3330203166203031202020202020202020202020
2020202020202020202020202020202020202020
2020202020202020202020202020202020202020
3232202020202020202020202020202020202020
3330203165203031202020202020202020202020
2020202020202020202020202020202020202020
2020202020202020202020202020202020202020
3232202020202020202020202020202020202020
3330203262203235202020202020202020202020
2020202020202020202020202020202020202020
2020202020202020202020202020202020202020
6332203262202020202020202020202020202020
2020202020202020202020202020202020202020
3230203938203033202020202020202020202020
2020202020202020202020202020202020202020
2020202020202020202020202020202020202020
6432203166202020202020202020202020202020
2020202020202020202020202020202020202020
3232202020202020202020202020202020202020
6535203939202020202020202020202020202020
2020202020202020202020202020202020202020
6234206565203065202020202020202020202020
2020202020202020202020202020202020202020
2020202020202020202020202020202020202020
6432203165202020202020202020202020202020
2020202020202020202020202020202020202020
6332203939202020202020202020202020202020
2020202020202020202020202020202020202020
3735203939206666202020202020202020202020
2020202020202020202020202020202020202020
2020202020202020202020202020202020202020
3330203939206664202020202020202020202020
2020202020202020202020202020202020202020
2020202020202020202020202020202020202020
3735203938206230202020202020202020202020
2020202020202020202020202020202020202020
2020202020202020202020202020202020202020
3232202020202020202020202020202020202020
6535203939202020202020202020202020202020
2020202020202020202020202020202020202020
6333202020202020202020202020202020202020
3934206666202020202020202020202020202020
2020202020202020202020202020202020202020
3630203136202020202020202020202020202020
2020202020202020202020202020202020202020
6432203166202020202020202020202020202020
2020202020202020202020202020202020202020
3232202020202020202020202020202020202020
3330203938203130202020202020202020202020
2020202020202020202020202020202020202020
2020202020202020202020202020202020202020
6535203239202020202020202020202020202020
2020202020202020202020202020202020202020
6333202020202020202020202020202020202020
3934206666202020202020202020202020202020
2020202020202020202020202020202020202020
3630203039202020202020202020202020202020
2020202020202020202020202020202020202020
3930203131206461202020202020202020202020
2020202020202020202020202020202020202020
2020202020202020202020202020202020202020
6535203239202020202020202020202020202020
2020202020202020202020202020202020202020
3933202020202020202020202020202020202020
6639202020202020202020202020202020202020
6137203939202020202020202020202020202020
2020202020202020202020202020202020202020
3930203131206431202020202020202020202020
2020202020202020202020202020202020202020
2020202020202020202020202020202020202020
6534202020202020202020202020202020202020
3933202020202020202020202020202020202020
3132203165206639202020202020202020202020
2020202020202020202020202020202020202020
2020202020202020202020202020202020202020
6133202020202020202020202020202020202020
6534202020202020202020202020202020202020
3933202020202020202020202020202020202020
3132203165206639202020202020202020202020
2020202020202020202020202020202020202020
2020202020202020202020202020202020202020
6133202020202020202020202020202020202020
6534202020202020202020202020202020202020
3933202020202020202020202020202020202020
3132203165206639202020202020202020202020
2020202020202020202020202020202020202020
2020202020202020202020202020202020202020
6139203761202020202020202020202020202020
2020202020202020202020202020202020202020
6332203939202020202020202020202020202020
2020202020202020202020202020202020202020
6537202020202020202020202020202020202020
6635203939202020202020202020202020202020
2020202020202020202020202020202020202020
3330203939206664202020202020202020202020
2020202020202020202020202020202020202020
2020202020202020202020202020202020202020
6432203962202020202020202020202020202020
2020202020202020202020202020202020202020
3035203239202020202020202020202020202020
2020202020202020202020202020202020202020
6535203239202020202020202020202020202020
2020202020202020202020202020202020202020
6234203036203038202020202020202020202020
2020202020202020202020202020202020202020
2020202020202020202020202020202020202020
3735203239206666202020202020202020202020
2020202020202020202020202020202020202020
2020202020202020202020202020202020202020
3734206666202020202020202020202020202020
2020202020202020202020202020202020202020
3032203165206561202020202020202020202020
2020202020202020202020202020202020202020
2020202020202020202020202020202020202020
3930203131206434202020202020202020202020
2020202020202020202020202020202020202020
2020202020202020202020202020202020202020
3933202020202020202020202020202020202020
6639202020202020202020202020202020202020
6537202020202020202020202020202020202020
6234206666203032202020202020202020202020
2020202020202020202020202020202020202020
2020202020202020202020202020202020202020
3734206665202020202020202020202020202020
2020202020202020202020202020202020202020
6332203939202020202020202020202020202020
2020202020202020202020202020202020202020
6635203939202020202020202020202020202020
2020202020202020202020202020202020202020
3330203939206664202020202020202020202020
2020202020202020202020202020202020202020
2020202020202020202020202020202020202020
6332203962202020202020202020202020202020
2020202020202020202020202020202020202020
6332203938202020202020202020202020202020
2020202020202020202020202020202020202020
3930203131203630202020202020202020202020
2020202020202020202020202020202020202020
2020202020202020202020202020202020202020
3232202020202020202020202020202020202020
6234206666203162202020202020202020202020
2020202020202020202020202020202020202020
2020202020202020202020202020202020202020
3330203164203034202020202020202020202020
2020202020202020202020202020202020202020
2020202020202020202020202020202020202020
6534202020202020202020202020202020202020
3032203166203139202020202020202020202020
2020202020202020202020202020202020202020
2020202020202020202020202020202020202020
6535203462202020202020202020202020202020
2020202020202020202020202020202020202020
6132206534202020202020202020202020202020
2020202020202020202020202020202020202020
3534203066202020202020202020202020202020
2020202020202020202020202020202020202020
6334202020202020202020202020202020202020
6635206630202020202020202020202020202020
2020202020202020202020202020202020202020
6535203461202020202020202020202020202020
2020202020202020202020202020202020202020
3534206630202020202020202020202020202020
2020202020202020202020202020202020202020
6334202020202020202020202020202020202020
3435206630202020202020202020202020202020
2020202020202020202020202020202020202020
3133202020202020202020202020202020202020
3032203166203139202020202020202020202020
2020202020202020202020202020202020202020
2020202020202020202020202020202020202020
6639202020202020202020202020202020202020
6537202020202020202020202020202020202020
6332203939202020202020202020202020202020
2020202020202020202020202020202020202020
6635203939202020202020202020202020202020
2020202020202020202020202020202020202020
3330203939206664202020202020202020202020
2020202020202020202020202020202020202020
2020202020202020202020202020202020202020
3232202020202020202020202020202020202020
3230203166203037202020202020202020202020
2020202020202020202020202020202020202020
2020202020202020202020202020202020202020
3230203165203034202020202020202020202020
2020202020202020202020202020202020202020
2020202020202020202020202020202020202020
6535203236202020202020202020202020202020
2020202020202020202020202020202020202020
3264202020202020202020202020202020202020
6664202020202020202020202020202020202020
3831203866202020202020202020202020202020
2020202020202020202020202020202020202020
3230203166203037202020202020202020202020
2020202020202020202020202020202020202020
2020202020202020202020202020202020202020
3230203165203034202020202020202020202020
2020202020202020202020202020202020202020
2020202020202020202020202020202020202020
6535203238202020202020202020202020202020
2020202020202020202020202020202020202020
6231206630202020202020202020202020202020
2020202020202020202020202020202020202020
3032203164206530202020202020202020202020
2020202020202020202020202020202020202020
2020202020202020202020202020202020202020
3735203839203131202020202020202020202020
2020202020202020202020202020202020202020
2020202020202020202020202020202020202020
3735206238203032202020202020202020202020
2020202020202020202020202020202020202020
2020202020202020202020202020202020202020
3433206138203835202020202020202020202020
2020202020202020202020202020202020202020
2020202020202020202020202020202020202020
3433203838203035202020202020202020202020
2020202020202020202020202020202020202020
2020202020202020202020202020202020202020
3930203131203630202020202020202020202020
2020202020202020202020202020202020202020
2020202020202020202020202020202020202020
3735203831203633202020202020202020202020
2020202020202020202020202020202020202020
2020202020202020202020202020202020202020
6332203932202020202020202020202020202020
2020202020202020202020202020202020202020
6635203261202020202020202020202020202020
2020202020202020202020202020202020202020
2020202020202020202020202020202020202020
2020202020202020202020202020202020202020
2020202020202020202020202020202020202020
3132203036203366202020202020202020202020
2020202020202020202020202020202020202020
2020202020202020202020202020202020202020
3132203130203161202020202020202020202020
2020202020202020202020202020202020202020
2020202020202020202020202020202020202020
3132203166203837202020202020202020202020
2020202020202020202020202020202020202020
2020202020202020202020202020202020202020
3132203162206331202020202020202020202020
2020202020202020202020202020202020202020
2020202020202020202020202020202020202020
3132203166203837202020202020202020202020
2020202020202020202020202020202020202020
2020202020202020202020202020202020202020
3132203163203234202020202020202020202020
2020202020202020202020202020202020202020
2020202020202020202020202020202020202020
3132203130203161202020202020202020202020
2020202020202020202020202020202020202020
2020202020202020202020202020202020202020
3132203166203837202020202020202020202020
2020202020202020202020202020202020202020
2020202020202020202020202020202020202020
3132203037206237202020202020202020202020
2020202020202020202020202020202020202020
2020202020202020202020202020202020202020
3132203166203837202020202020202020202020
2020202020202020202020202020202020202020
2020202020202020202020202020202020202020
3132203130203161202020202020202020202020
2020202020202020202020202020202020202020
2020202020202020202020202020202020202020
3132203164203233202020202020202020202020
2020202020202020202020202020202020202020
2020202020202020202020202020202020202020
3132203166203837202020202020202020202020
2020202020202020202020202020202020202020
2020202020202020202020202020202020202020
3032203130203164202020202020202020202020
2020202020202020202020202020202020202020
2020202020202020202020202020202020202020
3330203163206261202020202020202020202020
2020202020202020202020202020202020202020
2020202020202020202020202020202020202020
3132203032203164202020202020202020202020
2020202020202020202020202020202020202020
2020202020202020202020202020202020202020
3132203033203063202020202020202020202020
2020202020202020202020202020202020202020
2020202020202020202020202020202020202020
3232202020202020202020202020202020202020
3130203137203031202020202020202020202020
2020202020202020202020202020202020202020
2020202020202020202020202020202020202020
3232202020202020202020202020202020202020
3032203032206336202020202020202020202020
2020202020202020202020202020202020202020
2020202020202020202020202020202020202020
3230203161203530202020202020202020202020
2020202020202020202020202020202020202020
2020202020202020202020202020202020202020
3230203138203464202020202020202020202020
2020202020202020202020202020202020202020
2020202020202020202020202020202020202020
6333202020202020202020202020202020202020
6535203130202020202020202020202020202020
2020202020202020202020202020202020202020
3935203533202020202020202020202020202020
2020202020202020202020202020202020202020
3430203436202020202020202020202020202020
2020202020202020202020202020202020202020
6635203033202020202020202020202020202020
2020202020202020202020202020202020202020
3734203337202020202020202020202020202020
2020202020202020202020202020202020202020
3933202020202020202020202020202020202020
6333202020202020202020202020202020202020
3935203337202020202020202020202020202020
2020202020202020202020202020202020202020
3530203035202020202020202020202020202020
2020202020202020202020202020202020202020
3735206630203030202020202020202020202020
2020202020202020202020202020202020202020
2020202020202020202020202020202020202020
6531206237202020202020202020202020202020
2020202020202020202020202020202020202020
3761203163202020202020202020202020202020
2020202020202020202020202020202020202020
3132203035203164202020202020202020202020
2020202020202020202020202020202020202020
2020202020202020202020202020202020202020
6635206630202020202020202020202020202020
2020202020202020202020202020202020202020
6631206632202020202020202020202020202020
2020202020202020202020202020202020202020
3132203035203164202020202020202020202020
2020202020202020202020202020202020202020
2020202020202020202020202020202020202020
6134202020202020202020202020202020202020
3230203066203033202020202020202020202020
2020202020202020202020202020202020202020
2020202020202020202020202020202020202020
3835206630203463202020202020202020202020
2020202020202020202020202020202020202020
2020202020202020202020202020202020202020
3761203231202020202020202020202020202020
2020202020202020202020202020202020202020
3132203035203164202020202020202020202020
2020202020202020202020202020202020202020
2020202020202020202020202020202020202020
3630203164202020202020202020202020202020
2020202020202020202020202020202020202020
6635206630202020202020202020202020202020
2020202020202020202020202020202020202020
6535203463202020202020202020202020202020
2020202020202020202020202020202020202020
3630203032202020202020202020202020202020
2020202020202020202020202020202020202020
6432203066202020202020202020202020202020
2020202020202020202020202020202020202020
6631206632202020202020202020202020202020
2020202020202020202020202020202020202020
3132203035203164202020202020202020202020
2020202020202020202020202020202020202020
2020202020202020202020202020202020202020
6134202020202020202020202020202020202020
3761203236202020202020202020202020202020
2020202020202020202020202020202020202020
3132203035203164202020202020202020202020
2020202020202020202020202020202020202020
2020202020202020202020202020202020202020
6134202020202020202020202020202020202020
6535206630202020202020202020202020202020
2020202020202020202020202020202020202020
6235203364203030202020202020202020202020
2020202020202020202020202020202020202020
2020202020202020202020202020202020202020
3430203032202020202020202020202020202020
2020202020202020202020202020202020202020
6635203364202020202020202020202020202020
2020202020202020202020202020202020202020
3835203532203533202020202020202020202020
2020202020202020202020202020202020202020
2020202020202020202020202020202020202020
3835203531203532202020202020202020202020
2020202020202020202020202020202020202020
2020202020202020202020202020202020202020
3835203130203531202020202020202020202020
2020202020202020202020202020202020202020
2020202020202020202020202020202020202020
6535203364202020202020202020202020202020
2020202020202020202020202020202020202020
3132203164206537202020202020202020202020
2020202020202020202020202020202020202020
2020202020202020202020202020202020202020
3032203034203064202020202020202020202020
2020202020202020202020202020202020202020
2020202020202020202020202020202020202020
6534202020202020202020202020202020202020
6132206234202020202020202020202020202020
2020202020202020202020202020202020202020
3333202020202020202020202020202020202020
6132203265202020202020202020202020202020
2020202020202020202020202020202020202020
3530203033202020202020202020202020202020
2020202020202020202020202020202020202020
3333202020202020202020202020202020202020
3261202020202020202020202020202020202020
6661202020202020202020202020202020202020
3232202020202020202020202020202020202020
3031206564202020202020202020202020202020