7273745f74617220202020202020202020202020
2020202020202020202020202020202020202020
2020202020202020202020202020202020202020
4945312020202020202020202020202020202020
2020202020202020202020202020202020202020
657830696e745f6a202020202020202020202020
2020202020202020202020202020202020202020
52372c2041202020202020202020202020202020
52372c2041202020202020202020202020202020
52372c2041202020202020202020202020202020
52372c2041202020202020202020202020202020
494e4a4543544f525f4f55542020202020202020
2020202020202020202020202020202020202020
494e4a4543544f52535f4f4e2020202020202020
2020202020202020202020202020202020202020
2020202020202020202020202020202020202020
52372c2041202020202020202020202020202020
52372c2041202020202020202020202020202020
52372c2041202020202020202020202020202020
5350445f50554c53455f434e5420202020202020
2020202020202020202020202020202020202020
535441525455505f464c41472c206578315f696e
2020202020202020202020202020202020202020
2020202020202020202020202020202020202020
2020202020202020202020202020202020202020
52372c2041202020202020202020202020202020
52372c2041202020202020202020202020202020
52455345525645445f3241482c207431696e745f
2020202020202020202020202020202020202020
2020202020202020202020202020202020202020
74315f7265746920202020202020202020202020
2020202020202020202020202020202020202020
7273745f74617220202020202020202020202020
2020202020202020202020202020202020202020
2020202020202020202020202020202020202020
54492c206c6162656c3520202020202020202020
2020202020202020202020202020202020202020
2020202020202020202020202020202020202020
52302c2053425546202020202020202020202020
2020202020202020202020202020202020202020
5442382020202020202020202020202020202020
2020202020202020202020202020202020202020
534255462c204052302020202020202020202020
2020202020202020202020202020202020202020
5249202020202020202020202020202020202020
2020202020202020202020202020202020202020
4945302020202020202020202020202020202020
2020202020202020202020202020202020202020
2020202020202020202020202020202020202020
49646c6553706565642c207431696e745f746172
2020202020202020202020202020202020202020
2020202020202020202020202020202020202020
49646c6553706565642020202020202020202020
2020202020202020202020202020202020202020
5448312c204953565f4f4e5f54494d455f484920
2020202020202020202020202020202020202020
2020202020202020202020202020202020202020
544c312c2052455345525645445f343048202020
2020202020202020202020202020202020202020
2020202020202020202020202020202020202020
535441525455505f464c41472c207431696e745f
2020202020202020202020202020202020202020
2020202020202020202020202020202020202020
4945302020202020202020202020202020202020
2020202020202020202020202020202020202020
2020202020202020202020202020202020202020
5448312c204953565f4f46465f54494d455f4849
2020202020202020202020202020202020202020
2020202020202020202020202020202020202020
544c312c204953565f4f46465f54494d455f4c4f
2020202020202020202020202020202020202020
2020202020202020202020202020202020202020
4953565f4f4e5f54494d455f48492c2052455345
2020202020202020202020202020202020202020
2020202020202020202020202020202020202020
52455345525645445f3430482c204953565f4f4e
2020202020202020202020202020202020202020
2020202020202020202020202020202020202020
454e47494e455f52504d5f5241572c205350445f
2020202020202020202020202020202020202020
2020202020202020202020202020202020202020
5350445f50554c53455f434e542c202330682020
2020202020202020202020202020202020202020
2020202020202020202020202020202020202020
54696d6531466c61674c6f7749646c6520202020
2020202020202020202020202020202020202020
535441525455505f464c41472c206c6162656c38
2020202020202020202020202020202020202020
2020202020202020202020202020202020202020
4945302020202020202020202020202020202020
2020202020202020202020202020202020202020
2020202020202020202020202020202020202020
49474e5f4556454e545f434e542c206c6162656c
2020202020202020202020202020202020202020
2020202020202020202020202020202020202020
4b4c525f545249474745525f434e542c206c6162
2020202020202020202020202020202020202020
2020202020202020202020202020202020202020
6b6c725f6f7574305f3220202020202020202020
2020202020202020202020202020202020202020
2020202020202020202020202020202020202020
49452c2023304541682020202020202020202020
2020202020202020202020202020202020202020
2020202020202020202020202020202020202020
6578315f72657469202020202020202020202020
2020202020202020202020202020202020202020
4945312c20242020202020202020202020202020
2020202020202020202020202020202020202020
2020202020202020202020202020202020202020
5350445f50554c53455f434e5420202020202020
2020202020202020202020202020202020202020
4945312020202020202020202020202020202020
2020202020202020202020202020202020202020
4b4c525f545249474745525f434e542c206c6162
2020202020202020202020202020202020202020
2020202020202020202020202020202020202020
6b6c725f6f7574305f3220202020202020202020
2020202020202020202020202020202020202020
2020202020202020202020202020202020202020
49474e5f48414c46544f4f54485f434f52522c20
2020202020202020202020202020202020202020
2020202020202020202020202020202020202020
494e54312c20746f67676c655f69676e5f312020
2020202020202020202020202020202020202020
2020202020202020202020202020202020202020
4945312c206c6162656c31362020202020202020
2020202020202020202020202020202020202020
2020202020202020202020202020202020202020
49474e4954494f4e5f4f55542020202020202020
2020202020202020202020202020202020202020
4945312c206c6162656c31372020202020202020
2020202020202020202020202020202020202020
2020202020202020202020202020202020202020
6c6162656c313820202020202020202020202020
2020202020202020202020202020202020202020
4945312c20242020202020202020202020202020
2020202020202020202020202020202020202020
2020202020202020202020202020202020202020
49474e4954494f4e5f4f55542020202020202020
2020202020202020202020202020202020202020
4558312020202020202020202020202020202020
2020202020202020202020202020202020202020
69676e5f6477656c6c5f31202020202020202020
2020202020202020202020202020202020202020
4b4c525f545249474745525f434e542c20657831
2020202020202020202020202020202020202020
2020202020202020202020202020202020202020
6b6c725f6f7574305f3220202020202020202020
2020202020202020202020202020202020202020
2020202020202020202020202020202020202020
2020202020202020202020202020202020202020
4143432020202020202020202020202020202020
2020202020202020202020202020202020202020
5053572020202020202020202020202020202020
2020202020202020202020202020202020202020
49474e4954494f4e5f4f55542c2069676e5f6477
2020202020202020202020202020202020202020
2020202020202020202020202020202020202020
4120202020202020202020202020202020202020
432c2049474e5f48414c46544f4f54485f434f52
2020202020202020202020202020202020202020
412c204457454c4c5f4455524154494f4e5f5350
2020202020202020202020202020202020202020
4120202020202020202020202020202020202020
4120202020202020202020202020202020202020
49474e5f48414c46544f4f54485f434f52522c20
2020202020202020202020202020202020202020
4558312020202020202020202020202020202020
2020202020202020202020202020202020202020
412c2049474e5f4556454e545f434e5420202020
2020202020202020202020202020202020202020
49474e5f4556454e545f434e542c204120202020
2020202020202020202020202020202020202020
4558312020202020202020202020202020202020
2020202020202020202020202020202020202020
4945302020202020202020202020202020202020
2020202020202020202020202020202020202020
4558302020202020202020202020202020202020
2020202020202020202020202020202020202020
5053572020202020202020202020202020202020
2020202020202020202020202020202020202020
4143432020202020202020202020202020202020
2020202020202020202020202020202020202020
2020202020202020202020202020202020202020
4450482020202020202020202020202020202020
2020202020202020202020202020202020202020
44504c2020202020202020202020202020202020
2020202020202020202020202020202020202020
4220202020202020202020202020202020202020
2020202020202020202020202020202020202020
445054522c202331313630682020202020202020
2020202020202020202020202020202020202020
2020202020202020202020202020202020202020
4120202020202020202020202020202020202020
432c2049474e5f48414c46544f4f54485f434f52
2020202020202020202020202020202020202020
412c205444435f434f554e54444f574e20202020
2020202020202020202020202020202020202020
412c2049474e5f414456414e43455f4355522020
2020202020202020202020202020202020202020
4320202020202020202020202020202020202020
412c2049474e5f414343454c5f41444a20202020
2020202020202020202020202020202020202020
4320202020202020202020202020202020202020
412c204457454c4c5f414e474c45202020202020
2020202020202020202020202020202020202020
4120202020202020202020202020202020202020
4120202020202020202020202020202020202020
49474e5f48414c46544f4f54485f434f52522c20
2020202020202020202020202020202020202020
4558312020202020202020202020202020202020
2020202020202020202020202020202020202020
412c2049474e5f4556454e545f434e5420202020
2020202020202020202020202020202020202020
49474e5f4556454e545f434e542c204120202020
2020202020202020202020202020202020202020
4558312020202020202020202020202020202020
2020202020202020202020202020202020202020
412c202333682020202020202020202020202020
2020202020202020202020202020202020202020
412c2043594c5f464952455f494e444558202020
2020202020202020202020202020202020202020
412c2040412b4450545220202020202020202020
4558312020202020202020202020202020202020
2020202020202020202020202020202020202020
412c204b4c525f545249474745525f434e542020
2020202020202020202020202020202020202020
4b4c525f545249474745525f434e542c20412020
2020202020202020202020202020202020202020
4558312020202020202020202020202020202020
2020202020202020202020202020202020202020
7265665f726573796e6320202020202020202020
2020202020202020202020202020202020202020
4945302020202020202020202020202020202020
2020202020202020202020202020202020202020
4558302020202020202020202020202020202020
2020202020202020202020202020202020202020
5053572c20233138682020202020202020202020
2020202020202020202020202020202020202020
2020202020202020202020202020202020202020
6c6162656c323220202020202020202020202020
2020202020202020202020202020202020202020
2020202020202020202020202020202020202020
49474e5f535445505f434f554e54444f574e2c20
2020202020202020202020202020202020202020
2020202020202020202020202020202020202020
52352c2023324468202020202020202020202020
2020202020202020202020202020202020202020
54494d494e475f524154455f53454c5f48494748
2020202020202020202020202020202020202020
2020202020202020202020202020202020202020
52352c2023324268202020202020202020202020
2020202020202020202020202020202020202020
54494d494e475f524154455f53454c5f4d45442c
2020202020202020202020202020202020202020
2020202020202020202020202020202020202020
52352c2023323968202020202020202020202020
2020202020202020202020202020202020202020
54494d494e475f524154455f53454c5f4c4f572c
2020202020202020202020202020202020202020
2020202020202020202020202020202020202020
52352c2023323768202020202020202020202020
2020202020202020202020202020202020202020
412c205235202020202020202020202020202020
412c2040412b4450545220202020202020202020
49474e5f535445505f434f554e54444f574e2c20
2020202020202020202020202020202020202020
5235202020202020202020202020202020202020
412c205235202020202020202020202020202020
412c2040412b4450545220202020202020202020
52352c2041202020202020202020202020202020
412c2049474e5f414456414e43455f5441524745
2020202020202020202020202020202020202020
52362c2041202020202020202020202020202020
52372c2049474e5f414456414e43455f43555220
2020202020202020202020202020202020202020
4320202020202020202020202020202020202020
412c205237202020202020202020202020202020
4320202020202020202020202020202020202020
412e372c206c6162656c32352020202020202020
2020202020202020202020202020202020202020
2020202020202020202020202020202020202020
4120202020202020202020202020202020202020
4120202020202020202020202020202020202020
412c205235202020202020202020202020202020
412c205236202020202020202020202020202020
6c6162656c323620202020202020202020202020
2020202020202020202020202020202020202020
412c205237202020202020202020202020202020
412c205235202020202020202020202020202020
6c6162656c323620202020202020202020202020
2020202020202020202020202020202020202020
412c205235202020202020202020202020202020
412c205236202020202020202020202020202020
6c6162656c323620202020202020202020202020
2020202020202020202020202020202020202020
412c205237202020202020202020202020202020
412c205235202020202020202020202020202020
49474e5f414456414e43455f4355522c20412020
2020202020202020202020202020202020202020
412c202331682020202020202020202020202020
2020202020202020202020202020202020202020
412c2040412b4450545220202020202020202020
43594c5f464952455f494e444558202020202020
2020202020202020202020202020202020202020
412c2043594c5f464952455f494e4445582c206c
2020202020202020202020202020202020202020
2020202020202020202020202020202020202020
43594c5f464952455f494e4445582c2023306820
2020202020202020202020202020202020202020
2020202020202020202020202020202020202020
445054522c202330303068202020202020202020
2020202020202020202020202020202020202020
2020202020202020202020202020202020202020
40445054522c2041202020202020202020202020
40445054522c2041202020202020202020202020
40445054522c2041202020202020202020202020
40445054522c2041202020202020202020202020
445054522c202331313630682020202020202020
2020202020202020202020202020202020202020
2020202020202020202020202020202020202020
6c6162656c323820202020202020202020202020
2020202020202020202020202020202020202020
4352414e4b494e475f464c41472c206c6162656c
2020202020202020202020202020202020202020
2020202020202020202020202020202020202020
414343454c5f50554d505f53484f545f4c415443
2020202020202020202020202020202020202020
2020202020202020202020202020202020202020
6c6162656c333020202020202020202020202020
2020202020202020202020202020202020202020
422c202334306820202020202020202020202020
2020202020202020202020202020202020202020
2020202020202020202020202020202020202020
412c20414343454c5f454e525f4c4f5752504d20
2020202020202020202020202020202020202020
4142202020202020202020202020202020202020
52362c2041202020202020202020202020202020
52372c2042202020202020202020202020202020
2020202020202020202020202020202020202020
494e4a4543544f52535f4f4e2c206c6162656c33
2020202020202020202020202020202020202020
2020202020202020202020202020202020202020
5452302020202020202020202020202020202020
2020202020202020202020202020202020202020
4320202020202020202020202020202020202020
412c20544c302020202020202020202020202020
2020202020202020202020202020202020202020
412c205236202020202020202020202020202020
544c302c20412020202020202020202020202020
2020202020202020202020202020202020202020
412c205448302020202020202020202020202020
2020202020202020202020202020202020202020
412c205237202020202020202020202020202020
5448302c20412020202020202020202020202020
2020202020202020202020202020202020202020
6c6162656c333220202020202020202020202020
2020202020202020202020202020202020202020
4320202020202020202020202020202020202020
412c202331316820202020202020202020202020
2020202020202020202020202020202020202020
412c2040412b4450545220202020202020202020
412c20454e47494e455f52504d5f524157202020
2020202020202020202020202020202020202020
432c204655454c5f4355545f464c414720202020
2020202020202020202020202020202020202020
6c6162656c333320202020202020202020202020
2020202020202020202020202020202020202020
52362c204655454c5f50554c53455f4c4f202020
2020202020202020202020202020202020202020
52372c204655454c5f50554c53455f4849202020
2020202020202020202020202020202020202020
6c6162656c333420202020202020202020202020
2020202020202020202020202020202020202020
2020202020202020202020202020202020202020
4352414e4b494e475f464c41472c206c6162656c
2020202020202020202020202020202020202020
2020202020202020202020202020202020202020
4655454c5f52454143545f5452414e535f414354
2020202020202020202020202020202020202020
2020202020202020202020202020202020202020
412c20494e4a5f4556454e545f434e5420202020
2020202020202020202020202020202020202020
412c20233130682c206c6162656c333620202020
2020202020202020202020202020202020202020
2020202020202020202020202020202020202020
6c6162656c333720202020202020202020202020
2020202020202020202020202020202020202020
4655454c5f52454143545f5452414e535f414354
2020202020202020202020202020202020202020
54494d494e475f524154455f53454c5f48494748
2020202020202020202020202020202020202020
2020202020202020202020202020202020202020
54494d494e475f524154455f53454c5f48494748
2020202020202020202020202020202020202020
49474e5f535445505f434f554e54444f574e2c20
2020202020202020202020202020202020202020
2020202020202020202020202020202020202020
6c6162656c333520202020202020202020202020
2020202020202020202020202020202020202020
445054522c202331313430682020202020202020
2020202020202020202020202020202020202020
2020202020202020202020202020202020202020
4655454c4355545f52454143545f4d4f44452c20
2020202020202020202020202020202020202020
2020202020202020202020202020202020202020
412c202331306820202020202020202020202020
2020202020202020202020202020202020202020
412c2040412b4450545220202020202020202020
412c2023307834302c2030783031613420202020
2020202020202020202020202020202020202020
2020202020202020202020202020202020202020
54494d494e475f524154455f53454c5f48494748
2020202020202020202020202020202020202020
2020202020202020202020202020202020202020
54494d494e475f524154455f53454c5f48494748
2020202020202020202020202020202020202020
49474e5f535445505f434f554e54444f574e2c20
2020202020202020202020202020202020202020
2020202020202020202020202020202020202020
6d756c7438783136202020202020202020202020
2020202020202020202020202020202020202020
412c202332682020202020202020202020202020
2020202020202020202020202020202020202020
73686966746c6566743234202020202020202020
2020202020202020202020202020202020202020
414343454c5f50554d505f53484f545f4c415443
2020202020202020202020202020202020202020
2020202020202020202020202020202020202020
414343454c5f50554d505f53484f545f4c415443
2020202020202020202020202020202020202020
422c202334306820202020202020202020202020
2020202020202020202020202020202020202020
2020202020202020202020202020202020202020
412c20414343454c5f454e525f4c4f5752504d20
2020202020202020202020202020202020202020
4142202020202020202020202020202020202020
412c205236202020202020202020202020202020
52362c2041202020202020202020202020202020
412c204220202020202020202020202020202020
2020202020202020202020202020202020202020
412c205237202020202020202020202020202020
52372c2041202020202020202020202020202020
6c6162656c343320202020202020202020202020
2020202020202020202020202020202020202020
2020202020202020202020202020202020202020
412c20494e4a5f4445414454494d452020202020
2020202020202020202020202020202020202020
422c202335682020202020202020202020202020
2020202020202020202020202020202020202020
2020202020202020202020202020202020202020
4142202020202020202020202020202020202020
5452302020202020202020202020202020202020
2020202020202020202020202020202020202020
412c205236202020202020202020202020202020
4120202020202020202020202020202020202020
544c302c20412020202020202020202020202020
2020202020202020202020202020202020202020
412c204220202020202020202020202020202020
2020202020202020202020202020202020202020
412c205237202020202020202020202020202020
4120202020202020202020202020202020202020
5448302c20412020202020202020202020202020
2020202020202020202020202020202020202020
4541202020202020202020202020202020202020
2020202020202020202020202020202020202020
494e4a4543544f525f4f55542020202020202020
2020202020202020202020202020202020202020
494e4a4543544f52535f4f4e2020202020202020
2020202020202020202020202020202020202020
5452302020202020202020202020202020202020
2020202020202020202020202020202020202020
4554302020202020202020202020202020202020
2020202020202020202020202020202020202020
4945302020202020202020202020202020202020
2020202020202020202020202020202020202020
4541202020202020202020202020202020202020
2020202020202020202020202020202020202020
412c20494e4a5f4556454e545f434e5420202020
2020202020202020202020202020202020202020
412e372c206c6162656c33302020202020202020
2020202020202020202020202020202020202020
2020202020202020202020202020202020202020
494e4a5f4556454e545f434e5420202020202020
2020202020202020202020202020202020202020
4220202020202020202020202020202020202020
2020202020202020202020202020202020202020
44504c2020202020202020202020202020202020
2020202020202020202020202020202020202020
4450482020202020202020202020202020202020
2020202020202020202020202020202020202020
5053572020202020202020202020202020202020
2020202020202020202020202020202020202020
4143432020202020202020202020202020202020
2020202020202020202020202020202020202020
2020202020202020202020202020202020202020
5053572020202020202020202020202020202020
2020202020202020202020202020202020202020
432c20494e543120202020202020202020202020
2020202020202020202020202020202020202020
432c204945312020202020202020202020202020
2020202020202020202020202020202020202020
49474e5f4556454e545f434e542c2049474e5f45
2020202020202020202020202020202020202020
2020202020202020202020202020202020202020
4b4c525f545249474745525f434e542c204b4c52
2020202020202020202020202020202020202020
2020202020202020202020202020202020202020
6c6162656c343420202020202020202020202020
2020202020202020202020202020202020202020
432c2049474e5f48414c46544f4f54485f524f55
2020202020202020202020202020202020202020
6c6162656c343520202020202020202020202020
2020202020202020202020202020202020202020
432c202f49474e5f48414c46544f4f54485f524f
2020202020202020202020202020202020202020
6c6162656c34353a202020202020202020202020
2020202020202020202020202020202020202020
49474e5f4556454e545f434e5420202020202020
2020202020202020202020202020202020202020
49474e5f48414c46544f4f54485f434f52522c20
2020202020202020202020202020202020202020
49474e5f4556454e545f434e542c206c6162656c
2020202020202020202020202020202020202020
2020202020202020202020202020202020202020
49474e5f4556454e545f434e5420202020202020
2020202020202020202020202020202020202020
4457454c4c5f4455524154494f4e5f5350442020
2020202020202020202020202020202020202020
4457454c4c5f4455524154494f4e5f5350442020
2020202020202020202020202020202020202020
43594c5f464952455f494e4445582c2023306820
2020202020202020202020202020202020202020
2020202020202020202020202020202020202020
432c20434f494c5f53544154455f524546202020
2020202020202020202020202020202020202020
49474e4954494f4e5f4f55542c20432020202020
2020202020202020202020202020202020202020
5053572020202020202020202020202020202020
2020202020202020202020202020202020202020
2020202020202020202020202020202020202020
412c202332682020202020202020202020202020
2020202020202020202020202020202020202020
412c2040412b4450545220202020202020202020
4b4c525f545249474745525f434e545f5245462c
2020202020202020202020202020202020202020
434f494c5f53544154455f524546202020202020
2020202020202020202020202020202020202020
412c202330682020202020202020202020202020
2020202020202020202020202020202020202020
412c2040412b4450545220202020202020202020
4320202020202020202020202020202020202020
412c2049474e5f414456414e43455f4355522020
2020202020202020202020202020202020202020
4320202020202020202020202020202020202020
412c2049474e5f414343454c5f41444a20202020
2020202020202020202020202020202020202020
4320202020202020202020202020202020202020
412c204457454c4c5f414e474c45202020202020
2020202020202020202020202020202020202020
6c6162656c343720202020202020202020202020
2020202020202020202020202020202020202020
4320202020202020202020202020202020202020
434f494c5f53544154455f524546202020202020
2020202020202020202020202020202020202020
412c204457454c4c5f414e474c45202020202020
2020202020202020202020202020202020202020
4320202020202020202020202020202020202020
4120202020202020202020202020202020202020
6c6162656c343820202020202020202020202020
2020202020202020202020202020202020202020
49474e5f4556454e545f434e545f5245462c2041
2020202020202020202020202020202020202020
49474e5f48414c46544f4f54485f524f554e445f
2020202020202020202020202020202020202020
412c202337682020202020202020202020202020
2020202020202020202020202020202020202020
412c2043594c5f464952455f494e444558202020
2020202020202020202020202020202020202020
412c2040412b4450545220202020202020202020
412c2049474e5f414456414e43455f4355522020
2020202020202020202020202020202020202020
412c2049474e5f414343454c5f41444a20202020
2020202020202020202020202020202020202020
5444435f434f554e54444f574e2c204120202020
2020202020202020202020202020202020202020
4457454c4c5f4455524154494f4e5f5350442c20
2020202020202020202020202020202020202020
2020202020202020202020202020202020202020
2020202020202020202020202020202020202020
49452c2023383068202020202020202020202020
2020202020202020202020202020202020202020
2020202020202020202020202020202020202020
50312c2023304646682020202020202020202020
2020202020202020202020202020202020202020
2020202020202020202020202020202020202020
50332c2023304646682020202020202020202020
2020202020202020202020202020202020202020
2020202020202020202020202020202020202020
544d4f442c202331316820202020202020202020
2020202020202020202020202020202020202020
2020202020202020202020202020202020202020
49502c2023326820202020202020202020202020
2020202020202020202020202020202020202020
2020202020202020202020202020202020202020
54434f4e2c202335682020202020202020202020
2020202020202020202020202020202020202020
2020202020202020202020202020202020202020
53434f4e2c202339306820202020202020202020
2020202020202020202020202020202020202020
2020202020202020202020202020202020202020
53502c2023363368202020202020202020202020
2020202020202020202020202020202020202020
2020202020202020202020202020202020202020
445054522c202331313630682020202020202020
2020202020202020202020202020202020202020
2020202020202020202020202020202020202020
5053572c20233068202020202020202020202020
2020202020202020202020202020202020202020
2020202020202020202020202020202020202020
52302c2023363468202020202020202020202020
2020202020202020202020202020202020202020
4120202020202020202020202020202020202020
6a6d705f746f5f7a65726f5f72616d2020202020
2020202020202020202020202020202020202020
2020202020202020202020202020202020202020
4052302c20412020202020202020202020202020
52302c207a65726f5f72616d5f6c6f6f70202020
2020202020202020202020202020202020202020
6c6162656c353120202020202020202020202020
2020202020202020202020202020202020202020
2020202020202020202020202020202020202020
535441525455505f464c41472020202020202020
2020202020202020202020202020202020202020
52302c2023306820202020202020202020202020
2020202020202020202020202020202020202020
52312c2023343068202020202020202020202020
2020202020202020202020202020202020202020
6c6f616474696d6572315f6a6d70312020202020
2020202020202020202020202020202020202020
2020202020202020202020202020202020202020
5452312020202020202020202020202020202020
2020202020202020202020202020202020202020
4554312020202020202020202020202020202020
2020202020202020202020202020202020202020
4558312020202020202020202020202020202020
2020202020202020202020202020202020202020
5446312020202020202020202020202020202020
2020202020202020202020202020202020202020
54696d6531466c61674c6f7749646c652c202420
2020202020202020202020202020202020202020
2020202020202020202020202020202020202020
54696d6531466c61674c6f7749646c6520202020
2020202020202020202020202020202020202020
54696d6531466c61674c6f7749646c652c202420
2020202020202020202020202020202020202020
2020202020202020202020202020202020202020
3141482020202020202020202020202020202020
2020202020202020202020202020202020202020
6d61696e5f315f6a6d7020202020202020202020
2020202020202020202020202020202020202020
2020202020202020202020202020202020202020
412c202330456820202020202020202020202020
2020202020202020202020202020202020202020
412c2040412b4450545220202020202020202020
52302c2041202020202020202020202020202020
70756c73655f73796e6320202020202020202020
2020202020202020202020202020202020202020
52302c206c6162656c3535202020202020202020
2020202020202020202020202020202020202020
6c6162656c353620202020202020202020202020
2020202020202020202020202020202020202020
2020202020202020202020202020202020202020
4945302020202020202020202020202020202020
2020202020202020202020202020202020202020
50322c2023306820202020202020202020202020
2020202020202020202020202020202020202020
2020202020202020202020202020202020202020
4052302c20412020202020202020202020202020
4052302c20412020202020202020202020202020
4052302c20412020202020202020202020202020
4052302c20412020202020202020202020202020
412c202330446820202020202020202020202020
2020202020202020202020202020202020202020
412c2040412b4450545220202020202020202020
52455345525645445f3241482c20412020202020
2020202020202020202020202020202020202020
54696d6531466c61674c6f7749646c652c206c61
2020202020202020202020202020202020202020
2020202020202020202020202020202020202020
54696d6531466c61674c6f7749646c6520202020
2020202020202020202020202020202020202020
4052302c20412020202020202020202020202020
4945302c206c6162656c35382020202020202020
2020202020202020202020202020202020202020
2020202020202020202020202020202020202020
4558302020202020202020202020202020202020
2020202020202020202020202020202020202020
535441525455505f464c41472020202020202020
2020202020202020202020202020202020202020
6c6162656c353920202020202020202020202020
2020202020202020202020202020202020202020
2020202020202020202020202020202020202020
494e54312c202420202020202020202020202020
2020202020202020202020202020202020202020
2020202020202020202020202020202020202020
494e54312c202420202020202020202020202020
2020202020202020202020202020202020202020
2020202020202020202020202020202020202020
2020202020202020202020202020202020202020
50322c2023306820202020202020202020202020
2020202020202020202020202020202020202020
2020202020202020202020202020202020202020
412c204052302020202020202020202020202020
52322c2023333268202020202020202020202020
2020202020202020202020202020202020202020
52302c2023313068202020202020202020202020
2020202020202020202020202020202020202020
52332c2023386820202020202020202020202020
2020202020202020202020202020202020202020
412c204052302020202020202020202020202020
52322c2024202020202020202020202020202020
2020202020202020202020202020202020202020
5032202020202020202020202020202020202020
2020202020202020202020202020202020202020
412c204052302020202020202020202020202020
4052302c20412020202020202020202020202020
5230202020202020202020202020202020202020
52322c2023333268202020202020202020202020
2020202020202020202020202020202020202020
412c204052302020202020202020202020202020
52332c726561645f6164635f6c696e6573202020
2020202020202020202020202020202020202020
412c2041495254454d505f4e5443312020202020
2020202020202020202020202020202020202020
4120202020202020202020202020202020202020
52342c2041202020202020202020202020202020
52322c2023316820202020202020202020202020
2020202020202020202020202020202020202020
6d61705f6c6f6f6b757020202020202020202020
2020202020202020202020202020202020202020
41495254454d505f4e5443312c20412020202020
2020202020202020202020202020202020202020
412c20434f4f4c414e545f4e5443322020202020
2020202020202020202020202020202020202020
4120202020202020202020202020202020202020
52342c2041202020202020202020202020202020
6d61705f6c6f6f6b757020202020202020202020
2020202020202020202020202020202020202020
434f4f4c414e545f4e5443322c20412020202020
2020202020202020202020202020202020202020
52302c2023333868202020202020202020202020
2020202020202020202020202020202020202020
52312c2023334368202020202020202020202020
2020202020202020202020202020202020202020
52322c2023346820202020202020202020202020
2020202020202020202020202020202020202020
52332c2023333368202020202020202020202020
2020202020202020202020202020202020202020
535441525455505f464c41472c206c6162656c36
2020202020202020202020202020202020202020
2020202020202020202020202020202020202020
412c204052302020202020202020202020202020
4120202020202020202020202020202020202020
4052302c20412020202020202020202020202020
6c6162656c363320202020202020202020202020
2020202020202020202020202020202020202020
412c205233202020202020202020202020202020
412c2040412b4450545220202020202020202020
4052302c20412020202020202020202020202020
412c204052312020202020202020202020202020
6c6162656c363320202020202020202020202020
2020202020202020202020202020202020202020
4120202020202020202020202020202020202020
4052312c20412020202020202020202020202020
5230202020202020202020202020202020202020
5231202020202020202020202020202020202020
5233202020202020202020202020202020202020
52322c206c6162656c3634202020202020202020
2020202020202020202020202020202020202020
412c202331386820202020202020202020202020
2020202020202020202020202020202020202020
412c2040412b4450545220202020202020202020
412c20454e47494e455f52504d5f5241572c206c
2020202020202020202020202020202020202020
2020202020202020202020202020202020202020
6c6162656c363620202020202020202020202020
2020202020202020202020202020202020202020
535441525455505f464c41472c206c6162656c36
2020202020202020202020202020202020202020
2020202020202020202020202020202020202020
52352c2052504d5f4c41475f5245462020202020
2020202020202020202020202020202020202020
412c20454e47494e455f52504d5f524157202020
2020202020202020202020202020202020202020
4320202020202020202020202020202020202020
412c205235202020202020202020202020202020
46302c2043202020202020202020202020202020
2020202020202020202020202020202020202020
6c6162656c363720202020202020202020202020
2020202020202020202020202020202020202020
4120202020202020202020202020202020202020
4120202020202020202020202020202020202020
412c204220202020202020202020202020202020
2020202020202020202020202020202020202020
412c202331356820202020202020202020202020
2020202020202020202020202020202020202020
412c2040412b4450545220202020202020202020
4142202020202020202020202020202020202020
52362c2041202020202020202020202020202020
412e372c206c6162656c36382020202020202020
2020202020202020202020202020202020202020
2020202020202020202020202020202020202020
412c204220202020202020202020202020202020
2020202020202020202020202020202020202020
6c6162656c363920202020202020202020202020
2020202020202020202020202020202020202020
52362c2023374668202020202020202020202020
2020202020202020202020202020202020202020
412c2052504d5f4c41475f414343554d20202020
2020202020202020202020202020202020202020
46302c206c6162656c3730202020202020202020
2020202020202020202020202020202020202020
2020202020202020202020202020202020202020
4320202020202020202020202020202020202020
412c205236202020202020202020202020202020
6c6162656c373120202020202020202020202020
2020202020202020202020202020202020202020
412c202338306820202020202020202020202020
2020202020202020202020202020202020202020
52352c202330682c206c6162656c373220202020
2020202020202020202020202020202020202020
2020202020202020202020202020202020202020
6c6162656c373120202020202020202020202020
2020202020202020202020202020202020202020
52504d5f4c41475f524546202020202020202020
2020202020202020202020202020202020202020
6c6162656c373120202020202020202020202020
2020202020202020202020202020202020202020
412c205236202020202020202020202020202020
6c6162656c373120202020202020202020202020
2020202020202020202020202020202020202020
412c202338306820202020202020202020202020
2020202020202020202020202020202020202020
52352c2023304646682c206c6162656c37332020
2020202020202020202020202020202020202020
2020202020202020202020202020202020202020
6c6162656c373120202020202020202020202020
2020202020202020202020202020202020202020
52504d5f4c41475f524546202020202020202020
2020202020202020202020202020202020202020
52504d5f4c41475f414343554d2c204120202020
2020202020202020202020202020202020202020
412c202331396820202020202020202020202020
2020202020202020202020202020202020202020
412c2040412b4450545220202020202020202020
412c204c4f41445f56414c55452c206c6162656c
2020202020202020202020202020202020202020
2020202020202020202020202020202020202020
412c202330682020202020202020202020202020
2020202020202020202020202020202020202020
6c6162656c373520202020202020202020202020
2020202020202020202020202020202020202020
412c2052504d5f4c41475f524546202020202020
2020202020202020202020202020202020202020
412c20454e47494e455f52504d5f5241572c206c
2020202020202020202020202020202020202020
2020202020202020202020202020202020202020
6c6162656c373720202020202020202020202020
2020202020202020202020202020202020202020
6c6162656c373820202020202020202020202020
2020202020202020202020202020202020202020
412c202331366820202020202020202020202020
2020202020202020202020202020202020202020
412c2040412b4450545220202020202020202020
6c6162656c373520202020202020202020202020
2020202020202020202020202020202020202020
412c202330682020202020202020202020202020
2020202020202020202020202020202020202020
6c6162656c373520202020202020202020202020
2020202020202020202020202020202020202020
412c202331376820202020202020202020202020
2020202020202020202020202020202020202020
412c2040412b4450545220202020202020202020
49474e5f414343454c5f41444a2c204120202020
2020202020202020202020202020202020202020
6c6f616463616c63202020202020202020202020
2020202020202020202020202020202020202020
52504d5f4c41475f5245462c20454e47494e455f
2020202020202020202020202020202020202020
2020202020202020202020202020202020202020
52504d5f4c41475f414343554d2c202338306820
2020202020202020202020202020202020202020
2020202020202020202020202020202020202020
49474e5f414343454c5f41444a2c202330682020
2020202020202020202020202020202020202020
2020202020202020202020202020202020202020
4352414e4b494e475f464c41472c206c6162656c
2020202020202020202020202020202020202020
2020202020202020202020202020202020202020
52352c2023306820202020202020202020202020
2020202020202020202020202020202020202020
412c202331326820202020202020202020202020
2020202020202020202020202020202020202020
412c2040412b4450545220202020202020202020
4c4f41445f56414c55452c204120202020202020
2020202020202020202020202020202020202020
422c202331396820202020202020202020202020
2020202020202020202020202020202020202020
2020202020202020202020202020202020202020
4142202020202020202020202020202020202020
52362c2041202020202020202020202020202020
52372c2042202020202020202020202020202020
2020202020202020202020202020202020202020
412c202331682020202020202020202020202020
2020202020202020202020202020202020202020
412c2040412b4450545220202020202020202020
422c204c4f41445f56414c554520202020202020
2020202020202020202020202020202020202020
2020202020202020202020202020202020202020
4142202020202020202020202020202020202020
422c202331396820202020202020202020202020
2020202020202020202020202020202020202020
2020202020202020202020202020202020202020
4142202020202020202020202020202020202020
4c4f41445f534d4f4f544845445f48492c204220
2020202020202020202020202020202020202020
2020202020202020202020202020202020202020
4c4f41445f534d4f4f544845445f4d49442c2041
2020202020202020202020202020202020202020
4c4f41445f534d4f4f544845445f4c4f2c202330
2020202020202020202020202020202020202020
2020202020202020202020202020202020202020
6c6162656c383120202020202020202020202020
2020202020202020202020202020202020202020
52332c20454e47494e455f52504d5f5241572020
2020202020202020202020202020202020202020
412c202333326820202020202020202020202020
2020202020202020202020202020202020202020
422c205233202020202020202020202020202020
2020202020202020202020202020202020202020
4142202020202020202020202020202020202020
52372c2041202020202020202020202020202020
6469763136202020202020202020202020202020
2020202020202020202020202020202020202020
52362c2041202020202020202020202020202020
412c2041464d5f52415720202020202020202020
2020202020202020202020202020202020202020
422c202332306820202020202020202020202020
2020202020202020202020202020202020202020
2020202020202020202020202020202020202020
4142202020202020202020202020202020202020
52322c2041202020202020202020202020202020
52332c2042202020202020202020202020202020
2020202020202020202020202020202020202020
445054522c202331304634682020202020202020
2020202020202020202020202020202020202020
2020202020202020202020202020202020202020
412c2040412b4450545220202020202020202020
6d756c7438783136202020202020202020202020
2020202020202020202020202020202020202020
445054522c202331304643682020202020202020
2020202020202020202020202020202020202020
2020202020202020202020202020202020202020
412c205232202020202020202020202020202020
412c2040412b4450545220202020202020202020
73686966746c6566743234202020202020202020
2020202020202020202020202020202020202020
445054522c202331313034682020202020202020
2020202020202020202020202020202020202020
2020202020202020202020202020202020202020
412c205233202020202020202020202020202020
412c2040412b4450545220202020202020202020
6d756c7438783136202020202020202020202020
2020202020202020202020202020202020202020
445054522c202331313630682020202020202020
2020202020202020202020202020202020202020
2020202020202020202020202020202020202020
412c202331336820202020202020202020202020
2020202020202020202020202020202020202020
636c616d70202020202020202020202020202020
2020202020202020202020202020202020202020
412c202331346820202020202020202020202020
2020202020202020202020202020202020202020
636c616d70312020202020202020202020202020
2020202020202020202020202020202020202020
412c205236202020202020202020202020202020
52332c2041202020202020202020202020202020
412c205237202020202020202020202020202020
52342c2041202020202020202020202020202020
52322c2023314268202020202020202020202020
2020202020202020202020202020202020202020
6d61705f6c6f6f6b757020202020202020202020
2020202020202020202020202020202020202020
2020202020202020202020202020202020202020
52352c2041202020202020202020202020202020
52322c204c4f41445f534d4f4f544845445f4849
2020202020202020202020202020202020202020
52312c204c4f41445f534d4f4f544845445f4d49
2020202020202020202020202020202020202020
52302c204c4f41445f534d4f4f544845445f4c4f
2020202020202020202020202020202020202020
6c6f777061737332342020202020202020202020
2020202020202020202020202020202020202020
2020202020202020202020202020202020202020
4c4f41445f534d4f4f544845445f48492c205232
2020202020202020202020202020202020202020
4c4f41445f534d4f4f544845445f4d49442c2052
2020202020202020202020202020202020202020
4c4f41445f534d4f4f544845445f4c4f2c205230
2020202020202020202020202020202020202020
52372c204c4f41445f534d4f4f544845445f4849
2020202020202020202020202020202020202020
52362c204c4f41445f534d4f4f544845445f4d49
2020202020202020202020202020202020202020
412c202330413468202020202020202020202020
2020202020202020202020202020202020202020
6d756c7438783136202020202020202020202020
2020202020202020202020202020202020202020
412c202334682020202020202020202020202020
2020202020202020202020202020202020202020
73686966746c6566743234202020202020202020
2020202020202020202020202020202020202020
4c4f41445f56414c55452c205237202020202020
2020202020202020202020202020202020202020
52372c204c4f41445f534d4f4f544845445f4849
2020202020202020202020202020202020202020
52362c204c4f41445f534d4f4f544845445f4d49
2020202020202020202020202020202020202020
6c6162656c383620202020202020202020202020
2020202020202020202020202020202020202020
2020202020202020202020202020202020202020
4655454c5f41444a5f53484946545f434e542020
2020202020202020202020202020202020202020
6c6162656c383720202020202020202020202020
2020202020202020202020202020202020202020
2020202020202020202020202020202020202020
52302c204655454c5f41444a5f414343554d5f4c
2020202020202020202020202020202020202020
52312c204655454c5f41444a5f414343554d5f48
2020202020202020202020202020202020202020
6d756c7431367831362020202020202020202020
2020202020202020202020202020202020202020
412c204655454c5f41444a5f53484946545f434e
2020202020202020202020202020202020202020
73686966746c6566743234202020202020202020
2020202020202020202020202020202020202020
4655454c5f41444a5f53484946545f434e542020
2020202020202020202020202020202020202020
616972666c6f7731202020202020202020202020
2020202020202020202020202020202020202020
2020202020202020202020202020202020202020
52322c2023314168202020202020202020202020
2020202020202020202020202020202020202020
6d61705f6c6f6f6b757020202020202020202020
2020202020202020202020202020202020202020
494e4a5f4445414454494d452c20412020202020
2020202020202020202020202020202020202020
4541202020202020202020202020202020202020
2020202020202020202020202020202020202020
4655454c5f50554c53455f48492c205237202020
2020202020202020202020202020202020202020
4655454c5f50554c53455f4c4f2c205236202020
2020202020202020202020202020202020202020
4945302020202020202020202020202020202020
2020202020202020202020202020202020202020
4541202020202020202020202020202020202020
2020202020202020202020202020202020202020
64756d6d795f3130336220202020202020202020
2020202020202020202020202020202020202020
2020202020202020202020202020202020202020
5452475f49444c455f464c4152452c206c616265
2020202020202020202020202020202020202020
2020202020202020202020202020202020202020
52312c2023353068202020202020202020202020
2020202020202020202020202020202020202020
4553202020202020202020202020202020202020
2020202020202020202020202020202020202020
52312c206c6162656c3932202020202020202020
2020202020202020202020202020202020202020
4553202020202020202020202020202020202020
2020202020202020202020202020202020202020
6c6162656c393320202020202020202020202020
2020202020202020202020202020202020202020
2020202020202020202020202020202020202020
4630202020202020202020202020202020202020
2020202020202020202020202020202020202020
412c2040412b4450545220202020202020202020
422c202331396820202020202020202020202020
2020202020202020202020202020202020202020
2020202020202020202020202020202020202020
4142202020202020202020202020202020202020
52332c2041202020202020202020202020202020
412c205236202020202020202020202020202020
412c204220202020202020202020202020202020
2020202020202020202020202020202020202020
412c205237202020202020202020202020202020
46302c206c6162656c3934202020202020202020
2020202020202020202020202020202020202020
2020202020202020202020202020202020202020
4320202020202020202020202020202020202020
6c6162656c393520202020202020202020202020
2020202020202020202020202020202020202020
412c205233202020202020202020202020202020
52362c2041202020202020202020202020202020
412c204220202020202020202020202020202020
2020202020202020202020202020202020202020
52372c2041202020202020202020202020202020
2020202020202020202020202020202020202020
412c205230202020202020202020202020202020
422c205236202020202020202020202020202020
2020202020202020202020202020202020202020
4142202020202020202020202020202020202020
52352c2042202020202020202020202020202020
2020202020202020202020202020202020202020
412c205231202020202020202020202020202020
422c205236202020202020202020202020202020
2020202020202020202020202020202020202020
4142202020202020202020202020202020202020
412c205235202020202020202020202020202020
52352c2041202020202020202020202020202020
4120202020202020202020202020202020202020
412c204220202020202020202020202020202020
2020202020202020202020202020202020202020
52362c2041202020202020202020202020202020
412c205230202020202020202020202020202020
422c205237202020202020202020202020202020
2020202020202020202020202020202020202020
4142202020202020202020202020202020202020
412c205235202020202020202020202020202020
52352c2041202020202020202020202020202020
412c205236202020202020202020202020202020
412c204220202020202020202020202020202020
2020202020202020202020202020202020202020
52362c2041202020202020202020202020202020
4120202020202020202020202020202020202020
4120202020202020202020202020202020202020
412c205237202020202020202020202020202020
422c204120202020202020202020202020202020
2020202020202020202020202020202020202020
412c205231202020202020202020202020202020
4142202020202020202020202020202020202020
412c205236202020202020202020202020202020
52362c2041202020202020202020202020202020
412c205237202020202020202020202020202020
412c204220202020202020202020202020202020
2020202020202020202020202020202020202020
52372c2041202020202020202020202020202020
2020202020202020202020202020202020202020
4352414e4b494e475f464c41472c206c6162656c
2020202020202020202020202020202020202020
2020202020202020202020202020202020202020
5450535f41545f49444c452c206c6162656c3936
2020202020202020202020202020202020202020
2020202020202020202020202020202020202020
4320202020202020202020202020202020202020
412c2041464d5f52415720202020202020202020
2020202020202020202020202020202020202020
412c2041464d5f484953545f3320202020202020
2020202020202020202020202020202020202020
6c6162656c393620202020202020202020202020
2020202020202020202020202020202020202020
7230332c20412020202020202020202020202020
2020202020202020202020202020202020202020
412c202333376820202020202020202020202020
2020202020202020202020202020202020202020
412c2040412b4450545220202020202020202020
4320202020202020202020202020202020202020
412c20454e47494e455f52504d5f524157202020
2020202020202020202020202020202020202020
6c6162656c393720202020202020202020202020
2020202020202020202020202020202020202020
422c202330682020202020202020202020202020
2020202020202020202020202020202020202020
2020202020202020202020202020202020202020
6c6162656c393820202020202020202020202020
2020202020202020202020202020202020202020
52322c2023314368202020202020202020202020
2020202020202020202020202020202020202020
6d61705f6c6f6f6b757020202020202020202020
2020202020202020202020202020202020202020
2020202020202020202020202020202020202020
422c204120202020202020202020202020202020
2020202020202020202020202020202020202020
6d61705f6c6f6f6b757020202020202020202020
2020202020202020202020202020202020202020
2020202020202020202020202020202020202020
4142202020202020202020202020202020202020
414343454c5f50554d505f53484f545f4c415443
2020202020202020202020202020202020202020
2020202020202020202020202020202020202020
414343454c5f454e525f4c4f5752504d2c204220
2020202020202020202020202020202020202020
2020202020202020202020202020202020202020
52322c2023314568202020202020202020202020
2020202020202020202020202020202020202020
6d61705f6c6f6f6b757020202020202020202020
2020202020202020202020202020202020202020
2020202020202020202020202020202020202020
6c6162656c393620202020202020202020202020
2020202020202020202020202020202020202020
422c204120202020202020202020202020202020
2020202020202020202020202020202020202020
412c20414343454c5f454e525f4c4f5752504d20
2020202020202020202020202020202020202020
6c6162656c313030202020202020202020202020
2020202020202020202020202020202020202020
414343454c5f50554d505f53484f545f4c415443
2020202020202020202020202020202020202020
6d61705f6c6f6f6b757020202020202020202020
2020202020202020202020202020202020202020
2020202020202020202020202020202020202020
4142202020202020202020202020202020202020
6d61705f6c6f6f6b757020202020202020202020
2020202020202020202020202020202020202020
4142202020202020202020202020202020202020
412c204220202020202020202020202020202020
2020202020202020202020202020202020202020
412c20414343454c5f454e525f54494d45522c20
2020202020202020202020202020202020202020
2020202020202020202020202020202020202020
6c6162656c393620202020202020202020202020
2020202020202020202020202020202020202020
414343454c5f454e525f54494d45522c20412020
2020202020202020202020202020202020202020
41464d5f484953545f332c2041464d5f48495354
2020202020202020202020202020202020202020
2020202020202020202020202020202020202020
41464d5f484953545f322c2041464d5f48495354
2020202020202020202020202020202020202020
2020202020202020202020202020202020202020
41464d5f484953545f312c2041464d5f52415720
2020202020202020202020202020202020202020
2020202020202020202020202020202020202020
412c20414343454c5f454e525f54494d45522020
2020202020202020202020202020202020202020
7072657363616c655f6c6f202020202020202020
2020202020202020202020202020202020202020
2020202020202020202020202020202020202020
6c6162656c313033202020202020202020202020
2020202020202020202020202020202020202020
52352c2041202020202020202020202020202020
422c205236202020202020202020202020202020
2020202020202020202020202020202020202020
4142202020202020202020202020202020202020
52362c2042202020202020202020202020202020
2020202020202020202020202020202020202020
412c205235202020202020202020202020202020
422c205237202020202020202020202020202020
2020202020202020202020202020202020202020
4142202020202020202020202020202020202020
412c205236202020202020202020202020202020
52362c2041202020202020202020202020202020
4120202020202020202020202020202020202020
412c204220202020202020202020202020202020
2020202020202020202020202020202020202020
52372c2041202020202020202020202020202020
2020202020202020202020202020202020202020
4120202020202020202020202020202020202020
52342c2023386820202020202020202020202020
2020202020202020202020202020202020202020
4320202020202020202020202020202020202020
4120202020202020202020202020202020202020
412c204220202020202020202020202020202020
2020202020202020202020202020202020202020
4120202020202020202020202020202020202020
43592c2064697631365f33202020202020202020
2020202020202020202020202020202020202020
2020202020202020202020202020202020202020
412c205233202020202020202020202020202020
64697631365f3220202020202020202020202020
2020202020202020202020202020202020202020
412c205233202020202020202020202020202020
412c204220202020202020202020202020202020
2020202020202020202020202020202020202020
52342c64697631365f3120202020202020202020
2020202020202020202020202020202020202020
4120202020202020202020202020202020202020
4120202020202020202020202020202020202020
2020202020202020202020202020202020202020
412c205233202020202020202020202020202020
4320202020202020202020202020202020202020
412c204220202020202020202020202020202020
2020202020202020202020202020202020202020
52342c2064697631365f31202020202020202020
2020202020202020202020202020202020202020
4120202020202020202020202020202020202020
4120202020202020202020202020202020202020
2020202020202020202020202020202020202020
7265745f73686966746c65667420202020202020
2020202020202020202020202020202020202020
412c205237202020202020202020202020202020
412e372c2073686966746c65667432345f322020
2020202020202020202020202020202020202020
2020202020202020202020202020202020202020
412c205237202020202020202020202020202020
2020202020202020202020202020202020202020
4320202020202020202020202020202020202020
412c205235202020202020202020202020202020
4120202020202020202020202020202020202020
412c205235202020202020202020202020202020
412c205236202020202020202020202020202020
4120202020202020202020202020202020202020
412c205236202020202020202020202020202020
4120202020202020202020202020202020202020
412c205237202020202020202020202020202020
4120202020202020202020202020202020202020
73686966746c6566743234202020202020202020
2020202020202020202020202020202020202020
4220202020202020202020202020202020202020
2020202020202020202020202020202020202020
445054522c202331303930682020202020202020
2020202020202020202020202020202020202020
2020202020202020202020202020202020202020
412c205232202020202020202020202020202020
5232202020202020202020202020202020202020
5253302020202020202020202020202020202020
2020202020202020202020202020202020202020
412c2040412b4450545220202020202020202020
412c2023304646682c206c6162656c3130392020
2020202020202020202020202020202020202020
2020202020202020202020202020202020202020
4d61704c6f6f6b4661696c202020202020202020
2020202020202020202020202020202020202020
6d61705f6c6f6f6b75705f636c65616e20202020
2020202020202020202020202020202020202020
4d61704c6f6f6b4661696c202020202020202020
2020202020202020202020202020202020202020
432c20412e302020202020202020202020202020
2020202020202020202020202020202020202020
412e302020202020202020202020202020202020
2020202020202020202020202020202020202020
445054522c202331314530682020202020202020
2020202020202020202020202020202020202020
2020202020202020202020202020202020202020
52372c2041202020202020202020202020202020
5237202020202020202020202020202020202020
412c2040412b4450545220202020202020202020
412c205237202020202020202020202020202020
412c2040412b4450545220202020202020202020
44504c2c20412020202020202020202020202020
2020202020202020202020202020202020202020
4450482c20523720202020202020202020202020
2020202020202020202020202020202020202020
33444d6170202020202020202020202020202020
2020202020202020202020202020202020202020
4765745f4d61705f416464722020202020202020
2020202020202020202020202020202020202020
4765745f4d61705f76616c202020202020202020
2020202020202020202020202020202020202020
6d61705f6c6f6f6b75705f636c65616e20202020
2020202020202020202020202020202020202020
4765745f4d61705f416464722020202020202020
2020202020202020202020202020202020202020
422c205231202020202020202020202020202020
2020202020202020202020202020202020202020
412c205230202020202020202020202020202020
52362c2041202020202020202020202020202020
412c205233202020202020202020202020202020
52372c2041202020202020202020202020202020
4765745f4d61705f416464722020202020202020
2020202020202020202020202020202020202020
412c205232202020202020202020202020202020
4142202020202020202020202020202020202020
412c205231202020202020202020202020202020
52312c2041202020202020202020202020202020
412c205237202020202020202020202020202020
6c6162656c313134202020202020202020202020
2020202020202020202020202020202020202020
4765745f4d61705f76616c202020202020202020
2020202020202020202020202020202020202020
412c205232202020202020202020202020202020
4120202020202020202020202020202020202020
4120202020202020202020202020202020202020
412c205231202020202020202020202020202020
52312c2041202020202020202020202020202020
4765745f4d61705f76616c202020202020202020
2020202020202020202020202020202020202020
412c205237202020202020202020202020202020
6c6162656c313135202020202020202020202020
2020202020202020202020202020202020202020
412c205237202020202020202020202020202020
6d61705f6c6f6f6b75705f636c65616e20202020
2020202020202020202020202020202020202020
52332c2041202020202020202020202020202020
422c205236202020202020202020202020202020
2020202020202020202020202020202020202020
412c205237202020202020202020202020202020
52352c2041202020202020202020202020202020
412c205232202020202020202020202020202020
696e746572705f7369676e65645f6d756c202020
2020202020202020202020202020202020202020
5253302020202020202020202020202020202020
2020202020202020202020202020202020202020
4220202020202020202020202020202020202020
2020202020202020202020202020202020202020
445054522c202331313630682020202020202020
2020202020202020202020202020202020202020
2020202020202020202020202020202020202020
2020202020202020202020202020202020202020
4120202020202020202020202020202020202020
412c2040412b4450545220202020202020202020
52302c2041202020202020202020202020202020
4450545220202020202020202020202020202020
4120202020202020202020202020202020202020
412c2040412b4450545220202020202020202020
52322c2041202020202020202020202020202020
52312c2041202020202020202020202020202020
412c204052302020202020202020202020202020
52302c2041202020202020202020202020202020
412c205231202020202020202020202020202020
412c2040412b4450545220202020202020202020
412c205230202020202020202020202020202020
52302c2041202020202020202020202020202020
6765745f6d61705f613120202020202020202020
2020202020202020202020202020202020202020
52312c20696e725f6765745f6d61705f61646472
2020202020202020202020202020202020202020
5231202020202020202020202020202020202020
4120202020202020202020202020202020202020
6765745f6d61705f613220202020202020202020
2020202020202020202020202020202020202020
412c205231202020202020202020202020202020
412c205232202020202020202020202020202020
6765745f6d61705f613220202020202020202020
2020202020202020202020202020202020202020
412c205231202020202020202020202020202020
412c2040412b4450545220202020202020202020
52332c2041202020202020202020202020202020
4450545220202020202020202020202020202020
412c205232202020202020202020202020202020
412c2044504c2020202020202020202020202020
2020202020202020202020202020202020202020
44504c2c20412020202020202020202020202020
2020202020202020202020202020202020202020
4120202020202020202020202020202020202020
412c204450482020202020202020202020202020
2020202020202020202020202020202020202020
4450482c20412020202020202020202020202020
2020202020202020202020202020202020202020
2020202020202020202020202020202020202020
412c205233202020202020202020202020202020
6d61705f76616c5f696e7472706c746520202020
2020202020202020202020202020202020202020
412c205231202020202020202020202020202020
4120202020202020202020202020202020202020
412c2040412b4450545220202020202020202020
2020202020202020202020202020202020202020
422c205230202020202020202020202020202020
2020202020202020202020202020202020202020
412c205231202020202020202020202020202020
4120202020202020202020202020202020202020
412c2040412b4450545220202020202020202020
52352c2041202020202020202020202020202020
412c205231202020202020202020202020202020
412c2040412b4450545220202020202020202020
4320202020202020202020202020202020202020
412c205235202020202020202020202020202020
46302c2043202020202020202020202020202020
2020202020202020202020202020202020202020
6578315f72657469312020202020202020202020
2020202020202020202020202020202020202020
4120202020202020202020202020202020202020
4120202020202020202020202020202020202020
4142202020202020202020202020202020202020
6d61705f64697620202020202020202020202020
2020202020202020202020202020202020202020
412c204220202020202020202020202020202020
2020202020202020202020202020202020202020
4320202020202020202020202020202020202020
4120202020202020202020202020202020202020
6c6162656c313233202020202020202020202020
2020202020202020202020202020202020202020
412c205233202020202020202020202020202020
4320202020202020202020202020202020202020
4120202020202020202020202020202020202020
412c204220202020202020202020202020202020
2020202020202020202020202020202020202020
46302c206c6162656c3132342020202020202020
2020202020202020202020202020202020202020
2020202020202020202020202020202020202020
4120202020202020202020202020202020202020
4120202020202020202020202020202020202020
412c205235202020202020202020202020202020
2020202020202020202020202020202020202020
5253302020202020202020202020202020202020
2020202020202020202020202020202020202020
4765745f4d61705f416464722020202020202020
2020202020202020202020202020202020202020
5231202020202020202020202020202020202020
412c205231202020202020202020202020202020
412c2040412b4450545220202020202020202020
445054522c202331313630682020202020202020
2020202020202020202020202020202020202020
2020202020202020202020202020202020202020
5253302020202020202020202020202020202020
2020202020202020202020202020202020202020
2020202020202020202020202020202020202020
52342c2023386820202020202020202020202020
2020202020202020202020202020202020202020
4320202020202020202020202020202020202020
4120202020202020202020202020202020202020
412c204220202020202020202020202020202020
2020202020202020202020202020202020202020
4120202020202020202020202020202020202020
43592c206578315f726574693520202020202020
2020202020202020202020202020202020202020
2020202020202020202020202020202020202020
412c205233202020202020202020202020202020
6578315f72657469362020202020202020202020
2020202020202020202020202020202020202020
412c205233202020202020202020202020202020
412c204220202020202020202020202020202020
2020202020202020202020202020202020202020
52342c206d61705f6469765f6c6f6f7020202020
2020202020202020202020202020202020202020
4120202020202020202020202020202020202020
4120202020202020202020202020202020202020
6c6162656c313238202020202020202020202020
2020202020202020202020202020202020202020
412c205233202020202020202020202020202020
4320202020202020202020202020202020202020
412c204220202020202020202020202020202020
2020202020202020202020202020202020202020
52342c206d61705f6469765f6c6f6f7020202020
2020202020202020202020202020202020202020
4120202020202020202020202020202020202020
4120202020202020202020202020202020202020
6c6162656c313238202020202020202020202020
2020202020202020202020202020202020202020
412c205233202020202020202020202020202020
4320202020202020202020202020202020202020
412c205231202020202020202020202020202020
52362c2041202020202020202020202020202020
412c205234202020202020202020202020202020
412c205232202020202020202020202020202020
52372c2041202020202020202020202020202020
6c6162656c313239202020202020202020202020
2020202020202020202020202020202020202020
412c205236202020202020202020202020202020
6c6162656c313239202020202020202020202020
2020202020202020202020202020202020202020
52302c2041202020202020202020202020202020
6c6162656c313330202020202020202020202020
2020202020202020202020202020202020202020
412c205235202020202020202020202020202020
6d756c7438783136202020202020202020202020
2020202020202020202020202020202020202020
4320202020202020202020202020202020202020
412c205235202020202020202020202020202020
412c205230202020202020202020202020202020
52302c2041202020202020202020202020202020
412c205236202020202020202020202020202020
412c205231202020202020202020202020202020
52312c2041202020202020202020202020202020
412c205237202020202020202020202020202020
412c205232202020202020202020202020202020
52322c2041202020202020202020202020202020
6c6162656c313331202020202020202020202020
2020202020202020202020202020202020202020
2020202020202020202020202020202020202020
4320202020202020202020202020202020202020
412c205236202020202020202020202020202020
4120202020202020202020202020202020202020
412c202331682020202020202020202020202020
2020202020202020202020202020202020202020
52362c2041202020202020202020202020202020
412c205237202020202020202020202020202020
4120202020202020202020202020202020202020
412c202330682020202020202020202020202020
2020202020202020202020202020202020202020
52372c2041202020202020202020202020202020
412c205235202020202020202020202020202020
6d756c7438783136202020202020202020202020
2020202020202020202020202020202020202020
4320202020202020202020202020202020202020
412c205230202020202020202020202020202020
412c205235202020202020202020202020202020
52302c2041202020202020202020202020202020
412c205231202020202020202020202020202020
412c205236202020202020202020202020202020
52312c2041202020202020202020202020202020
412c205232202020202020202020202020202020
412c205237202020202020202020202020202020
52322c2041202020202020202020202020202020
2020202020202020202020202020202020202020
4120202020202020202020202020202020202020
432c204f325f434f4d505f524943482020202020
2020202020202020202020202020202020202020
4120202020202020202020202020202020202020
6c6162656c313332202020202020202020202020
2020202020202020202020202020202020202020
4120202020202020202020202020202020202020
432c205430202020202020202020202020202020
2020202020202020202020202020202020202020
4120202020202020202020202020202020202020
412c205232202020202020202020202020202020
52322c2041202020202020202020202020202020
2020202020202020202020202020202020202020
696e74315f70726f632020202020202020202020
2020202020202020202020202020202020202020
412c202330466820202020202020202020202020
2020202020202020202020202020202020202020
412c2040412b4450545220202020202020202020
52302c2023306820202020202020202020202020
2020202020202020202020202020202020202020
52312c2041202020202020202020202020202020
636865636b5f74696d655f6c6566742020202020
2020202020202020202020202020202020202020
494e54312c206c6f6f705f666f725f696e74315f
2020202020202020202020202020202020202020
2020202020202020202020202020202020202020
636865636b5f74696d655f6c6566742020202020
2020202020202020202020202020202020202020
494e54312c206c6f6f705f666f725f696e74315f
2020202020202020202020202020202020202020
2020202020202020202020202020202020202020
2020202020202020202020202020202020202020
52302c20696e74315f70726f635f726574202020
2020202020202020202020202020202020202020
52312c20696e74315f70726f635f726574202020
2020202020202020202020202020202020202020
7273745f74617220202020202020202020202020
2020202020202020202020202020202020202020
2020202020202020202020202020202020202020
445054522c202331313234682020202020202020
2020202020202020202020202020202020202020
2020202020202020202020202020202020202020
6c696e6561725f6c6f6f6b757020202020202020
2020202020202020202020202020202020202020
4120202020202020202020202020202020202020
574f545f464c41472c2043202020202020202020
2020202020202020202020202020202020202020
4120202020202020202020202020202020202020
5450535f41545f49444c452c2043202020202020
2020202020202020202020202020202020202020
6c6162656c313339202020202020202020202020
2020202020202020202020202020202020202020
2020202020202020202020202020202020202020
412c2052455345525645445f3135482020202020
2020202020202020202020202020202020202020
412c20233830682c206c6162656c313430202020
2020202020202020202020202020202020202020
2020202020202020202020202020202020202020
4320202020202020202020202020202020202020
4953565f414c545f504154482c20432020202020
2020202020202020202020202020202020202020
412c20414c545f524547494f4e5f414443202020
2020202020202020202020202020202020202020
412c20233830682c206c6162656c313431202020
2020202020202020202020202020202020202020
2020202020202020202020202020202020202020
4320202020202020202020202020202020202020
524547494f4e5f434f44452c2043202020202020
2020202020202020202020202020202020202020
412c202331306820202020202020202020202020
2020202020202020202020202020202020202020
412c2040412b4450545220202020202020202020
4320202020202020202020202020202020202020
412c20454e47494e455f52504d5f524157202020
2020202020202020202020202020202020202020
6c6162656c313432202020202020202020202020
2020202020202020202020202020202020202020
52322c2023336820202020202020202020202020
2020202020202020202020202020202020202020
6d61705f6c6f6f6b757020202020202020202020
2020202020202020202020202020202020202020
4320202020202020202020202020202020202020
412c20454e47494e455f52504d5f524157202020
2020202020202020202020202020202020202020
6c6162656c313433202020202020202020202020
2020202020202020202020202020202020202020
2020202020202020202020202020202020202020
4352414e4b494e475f464c414720202020202020
2020202020202020202020202020202020202020
2020202020202020202020202020202020202020
4352414e4b494e475f464c414720202020202020
2020202020202020202020202020202020202020
2020202020202020202020202020202020202020
52352c2023306820202020202020202020202020
2020202020202020202020202020202020202020
4320202020202020202020202020202020202020
4352414e4b494e475f464c41472c206c6162656c
2020202020202020202020202020202020202020
2020202020202020202020202020202020202020
52322c2023346820202020202020202020202020
2020202020202020202020202020202020202020
6765745f696e6a5f707720202020202020202020
2020202020202020202020202020202020202020
6c6162656c313436202020202020202020202020
2020202020202020202020202020202020202020
5450535f41545f49444c452c206c6162656c3134
2020202020202020202020202020202020202020
2020202020202020202020202020202020202020
52322c2023376820202020202020202020202020
2020202020202020202020202020202020202020
6765745f696e6a5f707720202020202020202020
2020202020202020202020202020202020202020
54305f76617269616e745f6f6666736574202020
2020202020202020202020202020202020202020
6c6162656c313439202020202020202020202020
2020202020202020202020202020202020202020
574f545f464c41472c206c6162656c3135302020
2020202020202020202020202020202020202020
2020202020202020202020202020202020202020
52322c2023304268202020202020202020202020
2020202020202020202020202020202020202020
6765745f696e6a5f707720202020202020202020
2020202020202020202020202020202020202020
54305f76617269616e745f6f6666736574202020
2020202020202020202020202020202020202020
696e6a5f72706d5f636f72722020202020202020
2020202020202020202020202020202020202020
52322c2023313168202020202020202020202020
2020202020202020202020202020202020202020
412c202332306820202020202020202020202020
2020202020202020202020202020202020202020
412c2040412b4450545220202020202020202020
412c204c4f41445f56414c554520202020202020
2020202020202020202020202020202020202020
6c6162656c313532202020202020202020202020
2020202020202020202020202020202020202020
6765745f696e6a5f707720202020202020202020
2020202020202020202020202020202020202020
63686b5f6c616d6264615f6c6f77202020202020
2020202020202020202020202020202020202020
6c6162656c313439202020202020202020202020
2020202020202020202020202020202020202020
5232202020202020202020202020202020202020
6765745f696e6a5f707720202020202020202020
2020202020202020202020202020202020202020
63686b5f6c616d6264615f6c6f77202020202020
2020202020202020202020202020202020202020
445054522c202331313245682020202020202020
2020202020202020202020202020202020202020
2020202020202020202020202020202020202020
6c696e6561725f6c6f6f6b757020202020202020
2020202020202020202020202020202020202020
412e322c206c6162656c31343920202020202020
2020202020202020202020202020202020202020
2020202020202020202020202020202020202020
412c202332316820202020202020202020202020
2020202020202020202020202020202020202020
412c2040412b4450545220202020202020202020
4320202020202020202020202020202020202020
412c20454e47494e455f52504d5f524157202020
2020202020202020202020202020202020202020
6c6162656c313439202020202020202020202020
2020202020202020202020202020202020202020
412c202332326820202020202020202020202020
2020202020202020202020202020202020202020
412c2040412b4450545220202020202020202020
412c205235202020202020202020202020202020
52352c2041202020202020202020202020202020
6d61705f6c6f6f6b757020202020202020202020
2020202020202020202020202020202020202020
412c205235202020202020202020202020202020
4320202020202020202020202020202020202020
412c202331346820202020202020202020202020
2020202020202020202020202020202020202020
52352c2041202020202020202020202020202020
6c6162656c313534202020202020202020202020
2020202020202020202020202020202020202020
2020202020202020202020202020202020202020
52322c2023313768202020202020202020202020
2020202020202020202020202020202020202020
6d61705f6c6f6f6b757020202020202020202020
2020202020202020202020202020202020202020
412c205235202020202020202020202020202020
4320202020202020202020202020202020202020
412c202331346820202020202020202020202020
2020202020202020202020202020202020202020
52352c2041202020202020202020202020202020
52302c2041202020202020202020202020202020
432c20412e372020202020202020202020202020
2020202020202020202020202020202020202020
412c202332336820202020202020202020202020
2020202020202020202020202020202020202020
6c6162656c313535202020202020202020202020
2020202020202020202020202020202020202020
4120202020202020202020202020202020202020
412c2040412b4450545220202020202020202020
52312c2041202020202020202020202020202020
6c6162656c313536202020202020202020202020
2020202020202020202020202020202020202020
412c205230202020202020202020202020202020
4320202020202020202020202020202020202020
412c205230202020202020202020202020202020
6c6162656c313537202020202020202020202020
2020202020202020202020202020202020202020
412c205231202020202020202020202020202020
52352c2041202020202020202020202020202020
412c205235202020202020202020202020202020
432c20412e372020202020202020202020202020
2020202020202020202020202020202020202020
4120202020202020202020202020202020202020
52352c2041202020202020202020202020202020
6c6162656c313538202020202020202020202020
2020202020202020202020202020202020202020
2020202020202020202020202020202020202020
4352414e4b494e475f464c41472c206c6162656c
2020202020202020202020202020202020202020
2020202020202020202020202020202020202020
5450535f41545f49444c452c206c6162656c3136
2020202020202020202020202020202020202020
2020202020202020202020202020202020202020
52322c2023313968202020202020202020202020
2020202020202020202020202020202020202020
6d61705f6c6f6f6b757020202020202020202020
2020202020202020202020202020202020202020
4320202020202020202020202020202020202020
412c20454e47494e455f52504d5f524157202020
2020202020202020202020202020202020202020
6c6162656c313631202020202020202020202020
2020202020202020202020202020202020202020
52332c2041202020202020202020202020202020
412c202333326820202020202020202020202020
2020202020202020202020202020202020202020
4655454c4355545f52454143545f4d4f44452c20
2020202020202020202020202020202020202020
2020202020202020202020202020202020202020
412c202333316820202020202020202020202020
2020202020202020202020202020202020202020
412c2040412b4450545220202020202020202020
412c205233202020202020202020202020202020
6c6162656c313539202020202020202020202020
2020202020202020202020202020202020202020
54494d494e475f524154455f53454c5f4d454420
2020202020202020202020202020202020202020
412c205235202020202020202020202020202020
412c2049474e5f414456414e43455f4355522c20
2020202020202020202020202020202020202020
2020202020202020202020202020202020202020
4655454c5f4355545f464c414720202020202020
2020202020202020202020202020202020202020
54494d494e475f524154455f53454c5f4d454420
2020202020202020202020202020202020202020
49474e5f414456414e43455f5441524745542c20
2020202020202020202020202020202020202020
49474e5f414456414e43455f4355522c20412020
2020202020202020202020202020202020202020
2020202020202020202020202020202020202020
4655454c4355545f52454143545f4d4f44452020
2020202020202020202020202020202020202020
54494d494e475f524154455f53454c5f4d454420
2020202020202020202020202020202020202020
4655454c5f4355545f464c41472c206c6162656c
2020202020202020202020202020202020202020
2020202020202020202020202020202020202020
412c202332466820202020202020202020202020
2020202020202020202020202020202020202020
412c2040412b4450545220202020202020202020
6c6162656c313633202020202020202020202020
2020202020202020202020202020202020202020
54494d494e475f524154455f53454c5f4d454420
2020202020202020202020202020202020202020
4655454c5f4355545f464c41472c206c6162656c
2020202020202020202020202020202020202020
2020202020202020202020202020202020202020
4655454c4355545f52454143545f4d4f44452020
2020202020202020202020202020202020202020
412c202333306820202020202020202020202020
2020202020202020202020202020202020202020
412c2040412b4450545220202020202020202020
412c2049474e5f414456414e43455f4355522020
2020202020202020202020202020202020202020
49474e5f414456414e43455f4355522c20412020
2020202020202020202020202020202020202020
49474e5f414456414e43455f5441524745542c20
2020202020202020202020202020202020202020
4320202020202020202020202020202020202020
412c205235202020202020202020202020202020
412c2049474e5f414456414e43455f4355522020
2020202020202020202020202020202020202020
412e372c206c6162656c31363420202020202020
2020202020202020202020202020202020202020
2020202020202020202020202020202020202020
49474e5f535445505f434f554e54444f574e2c20
2020202020202020202020202020202020202020
2020202020202020202020202020202020202020
494e4a5f4556454e545f434e542c202330682020
2020202020202020202020202020202020202020
2020202020202020202020202020202020202020
4655454c5f52454143545f5452414e535f414354
2020202020202020202020202020202020202020
4655454c5f4355545f464c414720202020202020
2020202020202020202020202020202020202020
6c6162656c313539202020202020202020202020
2020202020202020202020202020202020202020
412c202332446820202020202020202020202020
2020202020202020202020202020202020202020
412c2040412b4450545220202020202020202020
49474e5f535445505f434f554e54444f574e2c20
2020202020202020202020202020202020202020
54494d494e475f524154455f53454c5f48494748
2020202020202020202020202020202020202020
494e4a5f4556454e545f434e542c202330682020
2020202020202020202020202020202020202020
2020202020202020202020202020202020202020
4655454c5f52454143545f5452414e535f414354
2020202020202020202020202020202020202020
4655454c5f4355545f464c414720202020202020
2020202020202020202020202020202020202020
2020202020202020202020202020202020202020
4320202020202020202020202020202020202020
412c202332356820202020202020202020202020
2020202020202020202020202020202020202020
412c2040412b4450545220202020202020202020
412c204c4f41445f56414c554520202020202020
2020202020202020202020202020202020202020
6c6162656c313635202020202020202020202020
2020202020202020202020202020202020202020
412c202332366820202020202020202020202020
2020202020202020202020202020202020202020
412c2040412b4450545220202020202020202020
412c20454e47494e455f52504d5f524157202020
2020202020202020202020202020202020202020
4320202020202020202020202020202020202020
54494d494e475f524154455f53454c5f4c4f572c
2020202020202020202020202020202020202020
2020202020202020202020202020202020202020
4320202020202020202020202020202020202020
6c6162656c313637202020202020202020202020
2020202020202020202020202020202020202020
54494d494e475f524154455f53454c5f4c4f5720
2020202020202020202020202020202020202020
54494d494e475f524154455f53454c5f48494748
2020202020202020202020202020202020202020
2020202020202020202020202020202020202020
54494d494e475f524154455f53454c5f4d45442c
2020202020202020202020202020202020202020
2020202020202020202020202020202020202020
49474e5f535445505f434f554e54444f574e2c20
2020202020202020202020202020202020202020
2020202020202020202020202020202020202020
412c205235202020202020202020202020202020
535441525455505f464c41472c206c6162656c31
2020202020202020202020202020202020202020
2020202020202020202020202020202020202020
49474e5f414456414e43455f4355522c20412020
2020202020202020202020202020202020202020
49474e5f535445505f434f554e54444f574e2c20
2020202020202020202020202020202020202020
2020202020202020202020202020202020202020
412c205235202020202020202020202020202020
54494d494e475f524154455f53454c5f48494748
2020202020202020202020202020202020202020
2020202020202020202020202020202020202020
4320202020202020202020202020202020202020
412c2049474e5f414456414e43455f4355522020
2020202020202020202020202020202020202020
412e372c206c6162656c31363920202020202020
2020202020202020202020202020202020202020
2020202020202020202020202020202020202020
54494d494e475f524154455f53454c5f48494748
2020202020202020202020202020202020202020
49474e5f535445505f434f554e54444f574e2c20
2020202020202020202020202020202020202020
2020202020202020202020202020202020202020
49474e5f414456414e43455f5441524745542c20
2020202020202020202020202020202020202020
2020202020202020202020202020202020202020
6d61705f6c6f6f6b757020202020202020202020
2020202020202020202020202020202020202020
4d61704c6f6f6b4661696c2c206c6162656c3137
2020202020202020202020202020202020202020
2020202020202020202020202020202020202020
412c205235202020202020202020202020202020
4320202020202020202020202020202020202020
412c202331346820202020202020202020202020
2020202020202020202020202020202020202020
52352c2041202020202020202020202020202020
6765745f696e6a5f707720202020202020202020
2020202020202020202020202020202020202020
2020202020202020202020202020202020202020
52322c2023313868202020202020202020202020
2020202020202020202020202020202020202020
6d61705f6c6f6f6b757020202020202020202020
2020202020202020202020202020202020202020
4457454c4c5f414e474c452c2041202020202020
2020202020202020202020202020202020202020
2020202020202020202020202020202020202020
445054522c202331313245682020202020202020
2020202020202020202020202020202020202020
2020202020202020202020202020202020202020
6c696e6561725f6c6f6f6b757020202020202020
2020202020202020202020202020202020202020
412e322020202020202020202020202020202020
2020202020202020202020202020202020202020
412c202331426820202020202020202020202020
2020202020202020202020202020202020202020
412c2040412b4450545220202020202020202020
422c204120202020202020202020202020202020
2020202020202020202020202020202020202020
52322c2023323168202020202020202020202020
2020202020202020202020202020202020202020
6d61705f6c6f6f6b757020202020202020202020
2020202020202020202020202020202020202020
4142202020202020202020202020202020202020
52372c2042202020202020202020202020202020
2020202020202020202020202020202020202020
52362c2041202020202020202020202020202020
4655454c5f41444a5f53484946545f434e542c20
2020202020202020202020202020202020202020
2020202020202020202020202020202020202020
6d61705f6c6f6f6b757020202020202020202020
2020202020202020202020202020202020202020
6d756c745f7363616c6520202020202020202020
2020202020202020202020202020202020202020
2020202020202020202020202020202020202020
4352414e4b494e475f464c41472c206c6162656c
2020202020202020202020202020202020202020
2020202020202020202020202020202020202020
52322c2023324668202020202020202020202020
2020202020202020202020202020202020202020
412c202331466820202020202020202020202020
2020202020202020202020202020202020202020
412c2040412b4450545220202020202020202020
412c20434f4f4c414e545f4e5443322c206c6162
2020202020202020202020202020202020202020
2020202020202020202020202020202020202020
6c6162656c313734202020202020202020202020
2020202020202020202020202020202020202020
5232202020202020202020202020202020202020
6d61705f6c6f6f6b757020202020202020202020
2020202020202020202020202020202020202020
504f53545f53544152545f454e525f54494d4552
2020202020202020202020202020202020202020
52322c2023333168202020202020202020202020
2020202020202020202020202020202020202020
6d61705f6c6f6f6b757020202020202020202020
2020202020202020202020202020202020202020
52342c2041202020202020202020202020202020
52332c2023356820202020202020202020202020
2020202020202020202020202020202020202020
52312c2023386820202020202020202020202020
2020202020202020202020202020202020202020
4352414e4b5f454e525f50484153454f55545f4c
2020202020202020202020202020202020202020
2020202020202020202020202020202020202020
6d61705f6c6f6f6b757020202020202020202020
2020202020202020202020202020202020202020
4320202020202020202020202020202020202020
412c20454e47494e455f52504d5f524157202020
2020202020202020202020202020202020202020
6c6162656c313736202020202020202020202020
2020202020202020202020202020202020202020
412c202331416820202020202020202020202020
2020202020202020202020202020202020202020
412c2040412b4450545220202020202020202020
412c20494e4a5f4556454e545f434e5420202020
2020202020202020202020202020202020202020
6c6162656c313737202020202020202020202020
2020202020202020202020202020202020202020
4352414e4b5f454e525f50484153454f55545f4c
2020202020202020202020202020202020202020
494e4a5f4556454e545f434e542c202330682020
2020202020202020202020202020202020202020
2020202020202020202020202020202020202020
52322c2023333368202020202020202020202020
2020202020202020202020202020202020202020
6d61705f6c6f6f6b757020202020202020202020
2020202020202020202020202020202020202020
2020202020202020202020202020202020202020
422c204120202020202020202020202020202020
2020202020202020202020202020202020202020
6d61705f6c6f6f6b757020202020202020202020
2020202020202020202020202020202020202020
2020202020202020202020202020202020202020
4142202020202020202020202020202020202020
412c205234202020202020202020202020202020
412e372c206c6162656c31373820202020202020
2020202020202020202020202020202020202020
2020202020202020202020202020202020202020
4120202020202020202020202020202020202020
412c205231202020202020202020202020202020
4120202020202020202020202020202020202020
412c205231202020202020202020202020202020
5233202020202020202020202020202020202020
6c6162656c313739202020202020202020202020
2020202020202020202020202020202020202020
4142202020202020202020202020202020202020
52342c2042202020202020202020202020202020
2020202020202020202020202020202020202020
412e372c206c6162656c31373720202020202020
2020202020202020202020202020202020202020
2020202020202020202020202020202020202020
5234202020202020202020202020202020202020
412c205234202020202020202020202020202020
412c207230312c206c6162656c31383020202020
2020202020202020202020202020202020202020
2020202020202020202020202020202020202020
6c6162656c313831202020202020202020202020
2020202020202020202020202020202020202020
6d756c7438783136202020202020202020202020
2020202020202020202020202020202020202020
2020202020202020202020202020202020202020
412c204655454c5f41444a5f53484946545f434e
2020202020202020202020202020202020202020
412c205233202020202020202020202020202020
73686966746c6566743234202020202020202020
2020202020202020202020202020202020202020
2020202020202020202020202020202020202020
4655454c5f41444a5f53484946545f434e542c20
2020202020202020202020202020202020202020
6c6162656c313832202020202020202020202020
2020202020202020202020202020202020202020
2020202020202020202020202020202020202020
54305f76617269616e745f6f6666736574202020
2020202020202020202020202020202020202020
2020202020202020202020202020202020202020
6d61705f6c6f6f6b757020202020202020202020
2020202020202020202020202020202020202020
2020202020202020202020202020202020202020
422c204120202020202020202020202020202020
2020202020202020202020202020202020202020
52322c2023323568202020202020202020202020
2020202020202020202020202020202020202020
5450535f41545f49444c452c206c6162656c3138
2020202020202020202020202020202020202020
2020202020202020202020202020202020202020
5232202020202020202020202020202020202020
6d61705f6c6f6f6b757020202020202020202020
2020202020202020202020202020202020202020
2020202020202020202020202020202020202020
4142202020202020202020202020202020202020
412c204220202020202020202020202020202020
2020202020202020202020202020202020202020
7072657363616c655f6c6f202020202020202020
2020202020202020202020202020202020202020
2020202020202020202020202020202020202020
412c20504f53545f53544152545f454e525f5449
2020202020202020202020202020202020202020
7072657363616c655f6c6f202020202020202020
2020202020202020202020202020202020202020
2020202020202020202020202020202020202020
52322c2023323768202020202020202020202020
2020202020202020202020202020202020202020
54305f76617269616e745f6f6666736574202020
2020202020202020202020202020202020202020
2020202020202020202020202020202020202020
5450535f41545f49444c452c206c6162656c3138
2020202020202020202020202020202020202020
2020202020202020202020202020202020202020
52322c2023323968202020202020202020202020
2020202020202020202020202020202020202020
54305f76617269616e745f6f6666736574202020
2020202020202020202020202020202020202020
2020202020202020202020202020202020202020
574f545f464c41472c206c6162656c3138342020
2020202020202020202020202020202020202020
2020202020202020202020202020202020202020
52322c2023324268202020202020202020202020
2020202020202020202020202020202020202020
63686b5f6c616d6264615f6c6f77202020202020
2020202020202020202020202020202020202020
2020202020202020202020202020202020202020
6d61705f6c6f6f6b757020202020202020202020
2020202020202020202020202020202020202020
2020202020202020202020202020202020202020
6d756c745f7363616c6520202020202020202020
2020202020202020202020202020202020202020
2020202020202020202020202020202020202020
6c6162656c313835202020202020202020202020
2020202020202020202020202020202020202020
2020202020202020202020202020202020202020
4655454c5f41444a5f414343554d5f4c4f2c2052
2020202020202020202020202020202020202020
4655454c5f41444a5f414343554d5f48492c2052
2020202020202020202020202020202020202020
6c6162656c313836202020202020202020202020
2020202020202020202020202020202020202020
2020202020202020202020202020202020202020
6c6162656c313837202020202020202020202020
2020202020202020202020202020202020202020
412c202338306820202020202020202020202020
2020202020202020202020202020202020202020
6d756c745f7363616c6520202020202020202020
2020202020202020202020202020202020202020
4120202020202020202020202020202020202020
4655454c5f41444a5f53484946545f434e542020
2020202020202020202020202020202020202020
6d756c7438783136202020202020202020202020
2020202020202020202020202020202020202020
2020202020202020202020202020202020202020
412c204655454c5f41444a5f53484946545f434e
2020202020202020202020202020202020202020
4120202020202020202020202020202020202020
73686966746c6566743234202020202020202020
2020202020202020202020202020202020202020
2020202020202020202020202020202020202020
4655454c5f41444a5f53484946545f434e542c20
2020202020202020202020202020202020202020
2020202020202020202020202020202020202020
6c6162656c313838202020202020202020202020
2020202020202020202020202020202020202020
2020202020202020202020202020202020202020
535441525455505f464c41472c206c6162656c31
2020202020202020202020202020202020202020
2020202020202020202020202020202020202020
6973765f72657365742020202020202020202020
2020202020202020202020202020202020202020
2020202020202020202020202020202020202020
52455345525645445f3230482c20233068202020
2020202020202020202020202020202020202020
2020202020202020202020202020202020202020
4953565f464c4152455f4e454544454420202020
2020202020202020202020202020202020202020
696e69745f666c61672c206973765f70745f6f72
2020202020202020202020202020202020202020
2020202020202020202020202020202020202020
696e69745f666c61672020202020202020202020
2020202020202020202020202020202020202020
2020202020202020202020202020202020202020
4352414e4b494e475f464c41472c206973765f63
2020202020202020202020202020202020202020
2020202020202020202020202020202020202020
4655454c5f4355545f464c41472c206973765f63
2020202020202020202020202020202020202020
2020202020202020202020202020202020202020
432c20574f545f464c4147202020202020202020
2020202020202020202020202020202020202020
432c205450535f41545f49444c45202020202020
2020202020202020202020202020202020202020
6973765f69646c655f616e645f776f7420202020
2020202020202020202020202020202020202020
5450535f41545f49444c452c206973765f69646c
2020202020202020202020202020202020202020
2020202020202020202020202020202020202020
6973765f72657365742020202020202020202020
2020202020202020202020202020202020202020
2020202020202020202020202020202020202020
4953565f464c4152455f4e454544454420202020
2020202020202020202020202020202020202020
4953565f464c4152455f56415249414e54202020
2020202020202020202020202020202020202020
6c6162656c313936202020202020202020202020
2020202020202020202020202020202020202020
4953565f464c4152455f4e454544454420202020
2020202020202020202020202020202020202020
4953565f464c4152455f56415249414e54202020
2020202020202020202020202020202020202020
52322c2023333568202020202020202020202020
2020202020202020202020202020202020202020
6d61705f6c6f6f6b757020202020202020202020
2020202020202020202020202020202020202020
2020202020202020202020202020202020202020
4953565f5441524745545f52504d2c2041202020
2020202020202020202020202020202020202020
6973765f636c6f7365645f6c6f6f702020202020
2020202020202020202020202020202020202020
4953565f464c4152455f4e454544454420202020
2020202020202020202020202020202020202020
4953565f464c4152455f56415249414e54202020
2020202020202020202020202020202020202020
6973765f72657365742020202020202020202020
2020202020202020202020202020202020202020
2020202020202020202020202020202020202020
6c6162656c313936202020202020202020202020
2020202020202020202020202020202020202020
412c202333436820202020202020202020202020
2020202020202020202020202020202020202020
412c2040412b4450545220202020202020202020
4320202020202020202020202020202020202020
4120202020202020202020202020202020202020
52312c2041202020202020202020202020202020
52302c2023306820202020202020202020202020
2020202020202020202020202020202020202020
6c6f616474696d6572315f6a6d70312020202020
2020202020202020202020202020202020202020
6c6162656c313938202020202020202020202020
2020202020202020202020202020202020202020
2020202020202020202020202020202020202020
4953565f414c545f504154482c206c6162656c31
2020202020202020202020202020202020202020
2020202020202020202020202020202020202020
52322c2023333668202020202020202020202020
2020202020202020202020202020202020202020
6d61705f6c6f6f6b757020202020202020202020
2020202020202020202020202020202020202020
2020202020202020202020202020202020202020
4953565f5441524745545f52504d2c2041202020
2020202020202020202020202020202020202020
6973765f636c6f7365645f6c6f6f702020202020
2020202020202020202020202020202020202020
52322c2023333768202020202020202020202020
2020202020202020202020202020202020202020
6d61705f6c6f6f6b757020202020202020202020
2020202020202020202020202020202020202020
2020202020202020202020202020202020202020
422c204120202020202020202020202020202020
2020202020202020202020202020202020202020
54312c206c6162656c3230302020202020202020
2020202020202020202020202020202020202020
2020202020202020202020202020202020202020
412c202333396820202020202020202020202020
2020202020202020202020202020202020202020
412c2040412b4450545220202020202020202020
412c20422c206c6162656c323031202020202020
2020202020202020202020202020202020202020
2020202020202020202020202020202020202020
6c6162656c323030202020202020202020202020
2020202020202020202020202020202020202020
422c204120202020202020202020202020202020
2020202020202020202020202020202020202020
4953565f464c4152455f4e45454445442c206c61
2020202020202020202020202020202020202020
2020202020202020202020202020202020202020
6c6162656c323033202020202020202020202020
2020202020202020202020202020202020202020
2020202020202020202020202020202020202020
4953565f464c4152455f56415249414e542c206c
2020202020202020202020202020202020202020
2020202020202020202020202020202020202020
4953565f5441524745545f52504d2c20454e4749
2020202020202020202020202020202020202020
2020202020202020202020202020202020202020
4953565f464c4152455f484f4c445f434e542c20
2020202020202020202020202020202020202020
2020202020202020202020202020202020202020
4953565f464c4152455f4e454544454420202020
2020202020202020202020202020202020202020
412c204220202020202020202020202020202020
2020202020202020202020202020202020202020
412c204953565f5441524745545f52504d2c206c
2020202020202020202020202020202020202020
2020202020202020202020202020202020202020
6c6162656c323036202020202020202020202020
2020202020202020202020202020202020202020
4953565f464c4152455f484f4c445f434e542c20
2020202020202020202020202020202020202020
2020202020202020202020202020202020202020
4953565f5441524745545f52504d202020202020
2020202020202020202020202020202020202020
412c202333466820202020202020202020202020
2020202020202020202020202020202020202020
432c204953565f464c4152455f56415249414e54
2020202020202020202020202020202020202020
412c202330682020202020202020202020202020
2020202020202020202020202020202020202020
412c2040412b4450545220202020202020202020
4953565f464c4152455f484f4c445f434e542c20
2020202020202020202020202020202020202020
422c204953565f5441524745545f52504d202020
2020202020202020202020202020202020202020
2020202020202020202020202020202020202020
4953565f5441524745545f52504d2c2042202020
2020202020202020202020202020202020202020
2020202020202020202020202020202020202020
412c202333386820202020202020202020202020
2020202020202020202020202020202020202020
412c2040412b4450545220202020202020202020
412c20454e47494e455f52504d5f524157202020
2020202020202020202020202020202020202020
4320202020202020202020202020202020202020
412c204953565f5441524745545f52504d202020
2020202020202020202020202020202020202020
6c6162656c323038202020202020202020202020
2020202020202020202020202020202020202020
412c202338306820202020202020202020202020
2020202020202020202020202020202020202020
412c204953565f494e54454752414c5f48492020
2020202020202020202020202020202020202020
6c6162656c323038202020202020202020202020
2020202020202020202020202020202020202020
6973765f72657365742020202020202020202020
2020202020202020202020202020202020202020
6c6162656c323039202020202020202020202020
2020202020202020202020202020202020202020
2020202020202020202020202020202020202020
412c204953565f5441524745545f52504d202020
2020202020202020202020202020202020202020
4320202020202020202020202020202020202020
412c20454e47494e455f52504d5f524157202020
2020202020202020202020202020202020202020
4953565f52504d5f4552525f5349474e5f4c414d
2020202020202020202020202020202020202020
6c6162656c323130202020202020202020202020
2020202020202020202020202020202020202020
4953565f494e545f424c4f434b5f504f53202020
2020202020202020202020202020202020202020
4120202020202020202020202020202020202020
4120202020202020202020202020202020202020
6c6162656c323131202020202020202020202020
2020202020202020202020202020202020202020
4953565f494e545f424c4f434b5f4e4547202020
2020202020202020202020202020202020202020
52332c2041202020202020202020202020202020
52312c204953565f494e54454752414c5f484920
2020202020202020202020202020202020202020
52302c204953565f494e54454752414c5f4c4f20
2020202020202020202020202020202020202020
4953565f494e545f424c4f434b5f504f532c206c
2020202020202020202020202020202020202020
2020202020202020202020202020202020202020
4953565f494e545f424c4f434b5f4e45472c206c
2020202020202020202020202020202020202020
2020202020202020202020202020202020202020
52322c2023333868202020202020202020202020
2020202020202020202020202020202020202020
4953565f52504d5f4552525f5349474e5f4c414d
2020202020202020202020202020202020202020
2020202020202020202020202020202020202020
5232202020202020202020202020202020202020
6d61705f6c6f6f6b757020202020202020202020
2020202020202020202020202020202020202020
2020202020202020202020202020202020202020
422c204120202020202020202020202020202020
2020202020202020202020202020202020202020
412c205233202020202020202020202020202020
6973765f6572726f725f636f7272202020202020
2020202020202020202020202020202020202020
2020202020202020202020202020202020202020
4953565f494e54454752414c5f4c4f2c20523020
2020202020202020202020202020202020202020
4953565f494e54454752414c5f48492c20523120
2020202020202020202020202020202020202020
4953565f52504d5f4552525f5349474e5f4c414d
2020202020202020202020202020202020202020
2020202020202020202020202020202020202020
52322c2023334168202020202020202020202020
2020202020202020202020202020202020202020
6d61705f6c6f6f6b757020202020202020202020
2020202020202020202020202020202020202020
2020202020202020202020202020202020202020
422c204120202020202020202020202020202020
2020202020202020202020202020202020202020
412c205233202020202020202020202020202020
412c20233346682c206c6162656c323136202020
2020202020202020202020202020202020202020
2020202020202020202020202020202020202020
6c6162656c323137202020202020202020202020
2020202020202020202020202020202020202020
412c204c414d4244415f4c4f41445f54494d4552
2020202020202020202020202020202020202020
4120202020202020202020202020202020202020
4120202020202020202020202020202020202020
6973765f6572726f725f636f7272202020202020
2020202020202020202020202020202020202020
2020202020202020202020202020202020202020
6c6162656c323138202020202020202020202020
2020202020202020202020202020202020202020
2020202020202020202020202020202020202020
412c205231202020202020202020202020202020
4320202020202020202020202020202020202020
412e372c206c6162656c32313920202020202020
2020202020202020202020202020202020202020
2020202020202020202020202020202020202020
4352414e4b494e475f464c41472c206c6162656c
2020202020202020202020202020202020202020
2020202020202020202020202020202020202020
412c202333446820202020202020202020202020
2020202020202020202020202020202020202020
412c2040412b4450545220202020202020202020
4120202020202020202020202020202020202020
412c202338306820202020202020202020202020
2020202020202020202020202020202020202020
412c207230312c206c6162656c32323120202020
2020202020202020202020202020202020202020
2020202020202020202020202020202020202020
6c6162656c323230202020202020202020202020
2020202020202020202020202020202020202020
52312c2041202020202020202020202020202020
4953565f494e545f424c4f434b5f504f53202020
2020202020202020202020202020202020202020
6c6162656c323230202020202020202020202020
2020202020202020202020202020202020202020
412c202333456820202020202020202020202020
2020202020202020202020202020202020202020
412c2040412b4450545220202020202020202020
4120202020202020202020202020202020202020
4120202020202020202020202020202020202020
412c202338306820202020202020202020202020
2020202020202020202020202020202020202020
412c207230312c206c6162656c32323220202020
2020202020202020202020202020202020202020
2020202020202020202020202020202020202020
6c6162656c323230202020202020202020202020
2020202020202020202020202020202020202020
52312c2041202020202020202020202020202020
4953565f494e545f424c4f434b5f4e4547202020
2020202020202020202020202020202020202020
52322c2023334468202020202020202020202020
2020202020202020202020202020202020202020
6d61705f6c6f6f6b757020202020202020202020
2020202020202020202020202020202020202020
2020202020202020202020202020202020202020
412c204c4f41445f56414c55452c206c6162656c
2020202020202020202020202020202020202020
2020202020202020202020202020202020202020
6c6162656c323234202020202020202020202020
2020202020202020202020202020202020202020
4953565f494e545f424c4f434b5f4e4547202020
2020202020202020202020202020202020202020
412c205231202020202020202020202020202020
4320202020202020202020202020202020202020
412c202338306820202020202020202020202020
2020202020202020202020202020202020202020
4953565f50574d5f4f56465f5349474e2c204320
2020202020202020202020202020202020202020
52312c2041202020202020202020202020202020
6c6162656c323235202020202020202020202020
2020202020202020202020202020202020202020
2020202020202020202020202020202020202020
52322c2023334368202020202020202020202020
2020202020202020202020202020202020202020
6d61705f6c6f6f6b757020202020202020202020
2020202020202020202020202020202020202020
2020202020202020202020202020202020202020
422c204120202020202020202020202020202020
2020202020202020202020202020202020202020
4655454c5f4355545f464c41472c206c6162656c
2020202020202020202020202020202020202020
2020202020202020202020202020202020202020
52322c2023334268202020202020202020202020
2020202020202020202020202020202020202020
6d61705f6c6f6f6b757020202020202020202020
2020202020202020202020202020202020202020
2020202020202020202020202020202020202020
73617475725f6164642020202020202020202020
2020202020202020202020202020202020202020
4953565f414c545f504154482c206c6162656c32
2020202020202020202020202020202020202020
2020202020202020202020202020202020202020
412c202333426820202020202020202020202020
2020202020202020202020202020202020202020
412c2040412b4450545220202020202020202020
73617475725f6164642020202020202020202020
2020202020202020202020202020202020202020
54312c206c6162656c3232392020202020202020
2020202020202020202020202020202020202020
2020202020202020202020202020202020202020
412c202333416820202020202020202020202020
2020202020202020202020202020202020202020
412c2040412b4450545220202020202020202020
73617475725f6164642020202020202020202020
2020202020202020202020202020202020202020
412c202338306820202020202020202020202020
2020202020202020202020202020202020202020
4142202020202020202020202020202020202020
6c6162656c323330202020202020202020202020
2020202020202020202020202020202020202020
2020202020202020202020202020202020202020
412c205230202020202020202020202020202020
52302c2041202020202020202020202020202020
412c204220202020202020202020202020202020
2020202020202020202020202020202020202020
412c205231202020202020202020202020202020
52312c2041202020202020202020202020202020
412e372c206c6f616474696d6572315f6a6d7031
2020202020202020202020202020202020202020
2020202020202020202020202020202020202020
4953565f50574d5f4f56465f5349474e2c206c61
2020202020202020202020202020202020202020
2020202020202020202020202020202020202020
52312c2023306820202020202020202020202020
2020202020202020202020202020202020202020
52302c2023306820202020202020202020202020
2020202020202020202020202020202020202020
6c6f616474696d6572315f6a6d70312020202020
2020202020202020202020202020202020202020
52312c2023374668202020202020202020202020
2020202020202020202020202020202020202020
52302c2023304646682020202020202020202020
2020202020202020202020202020202020202020
6c6f616474696d6572315f6a6d70322020202020
2020202020202020202020202020202020202020
2020202020202020202020202020202020202020
52372c2072303120202020202020202020202020
2020202020202020202020202020202020202020
52362c2072303020202020202020202020202020
2020202020202020202020202020202020202020
412c202331682020202020202020202020202020
2020202020202020202020202020202020202020
73686966746c6566743234202020202020202020
2020202020202020202020202020202020202020
2020202020202020202020202020202020202020
4953565f434f52525f44424c5f48492c20523720
2020202020202020202020202020202020202020
412c202334316820202020202020202020202020
2020202020202020202020202020202020202020
412c2040412b4450545220202020202020202020
6d756c7438783136202020202020202020202020
2020202020202020202020202020202020202020
2020202020202020202020202020202020202020
412c202334326820202020202020202020202020
2020202020202020202020202020202020202020
412c2040412b4450545220202020202020202020
412c205237202020202020202020202020202020
52372c2041202020202020202020202020202020
412c202330426820202020202020202020202020
2020202020202020202020202020202020202020
412c2040412b4450545220202020202020202020
52302c2041202020202020202020202020202020
412c202330436820202020202020202020202020
2020202020202020202020202020202020202020
412c2040412b4450545220202020202020202020
52312c2041202020202020202020202020202020
6d756c7431367831362020202020202020202020
2020202020202020202020202020202020202020
2020202020202020202020202020202020202020
412c205236202020202020202020202020202020
4120202020202020202020202020202020202020
52302c2041202020202020202020202020202020
412c205237202020202020202020202020202020
4120202020202020202020202020202020202020
52312c2041202020202020202020202020202020
412c202330426820202020202020202020202020
2020202020202020202020202020202020202020
412c2040412b4450545220202020202020202020
52332c2041202020202020202020202020202020
412c202330436820202020202020202020202020
2020202020202020202020202020202020202020
412c2040412b4450545220202020202020202020
52342c2041202020202020202020202020202020
4320202020202020202020202020202020202020
412c205236202020202020202020202020202020
412c205233202020202020202020202020202020
412c205237202020202020202020202020202020
412c205234202020202020202020202020202020
52332c2041202020202020202020202020202020
4554312020202020202020202020202020202020
2020202020202020202020202020202020202020
4953565f4f46465f54494d455f4c4f2c20523720
2020202020202020202020202020202020202020
4953565f4f46465f54494d455f48492c20523320
2020202020202020202020202020202020202020
4953565f4f4e5f54494d455f4c4f2c2052302020
2020202020202020202020202020202020202020
52455345525645445f3433482c20523120202020
2020202020202020202020202020202020202020
4554312020202020202020202020202020202020
2020202020202020202020202020202020202020
2020202020202020202020202020202020202020
4953565f494e54454752414c5f48492c20233830
2020202020202020202020202020202020202020
2020202020202020202020202020202020202020
4953565f494e54454752414c5f4c4f2c20233068
2020202020202020202020202020202020202020
2020202020202020202020202020202020202020
52312c2023306820202020202020202020202020
2020202020202020202020202020202020202020
52302c2023306820202020202020202020202020
2020202020202020202020202020202020202020
2020202020202020202020202020202020202020
412c204220202020202020202020202020202020
2020202020202020202020202020202020202020
6c6162656c323333202020202020202020202020
2020202020202020202020202020202020202020
412c203046466820202020202020202020202020
2020202020202020202020202020202020202020
422c204120202020202020202020202020202020
2020202020202020202020202020202020202020
2020202020202020202020202020202020202020
52322c2023334568202020202020202020202020
2020202020202020202020202020202020202020
54302c206c6162656c3233342020202020202020
2020202020202020202020202020202020202020
2020202020202020202020202020202020202020
52322c2023343168202020202020202020202020
2020202020202020202020202020202020202020
6d61705f6c6f6f6b757020202020202020202020
2020202020202020202020202020202020202020
2020202020202020202020202020202020202020
4c414d4244415f535445505f554e4348414e4745
2020202020202020202020202020202020202020
6d61705f6c6f6f6b757020202020202020202020
2020202020202020202020202020202020202020
2020202020202020202020202020202020202020
4c414d4244415f535445505f544f5f4c45414e2c
2020202020202020202020202020202020202020
6d61705f6c6f6f6b757020202020202020202020
2020202020202020202020202020202020202020
2020202020202020202020202020202020202020
4c414d4244415f535445505f544f5f4e4f544c45
2020202020202020202020202020202020202020
2020202020202020202020202020202020202020
535441525455505f464c41472c206c6162656c32
2020202020202020202020202020202020202020
2020202020202020202020202020202020202020
4c414d4244415f434f52525f48492c2023383068
2020202020202020202020202020202020202020
2020202020202020202020202020202020202020
52302c204c414d4244415f434f52525f4c4f2020
2020202020202020202020202020202020202020
52312c204c414d4244415f434f52525f48492020
2020202020202020202020202020202020202020
432c204f325f434f4d505f4c45414e2020202020
2020202020202020202020202020202020202020
4320202020202020202020202020202020202020
4953565f52504d5f4552525f5349474e5f4c414d
2020202020202020202020202020202020202020
6c6162656c323336202020202020202020202020
2020202020202020202020202020202020202020
4c414d4244415f434f4e445f505245562c206c61
2020202020202020202020202020202020202020
2020202020202020202020202020202020202020
6973765f737465705f6f70656e20202020202020
2020202020202020202020202020202020202020
2020202020202020202020202020202020202020
6c6162656c323339202020202020202020202020
2020202020202020202020202020202020202020
4120202020202020202020202020202020202020
6973765f737465705f636c6f7365202020202020
2020202020202020202020202020202020202020
2020202020202020202020202020202020202020
6c6162656c323339202020202020202020202020
2020202020202020202020202020202020202020
4c414d4244415f434f4e445f505245562c206c61
2020202020202020202020202020202020202020
2020202020202020202020202020202020202020
6973765f737465705f6f70656e20202020202020
2020202020202020202020202020202020202020
2020202020202020202020202020202020202020
6c6162656c323339202020202020202020202020
2020202020202020202020202020202020202020
412c204c414d4244415f535445505f544f5f4e4f
2020202020202020202020202020202020202020
6973765f737465705f636c6f7365202020202020
2020202020202020202020202020202020202020
2020202020202020202020202020202020202020
4c414d4244415f434f52525f4c4f2c2052302020
2020202020202020202020202020202020202020
4c414d4244415f434f52525f48492c2052312020
2020202020202020202020202020202020202020
432c204953565f52504d5f4552525f5349474e5f
2020202020202020202020202020202020202020
4c414d4244415f434f4e445f505245562c204320
2020202020202020202020202020202020202020
6c6162656c323432202020202020202020202020
2020202020202020202020202020202020202020
2020202020202020202020202020202020202020
4352414e4b494e475f464c41472c206c6162656c
2020202020202020202020202020202020202020
2020202020202020202020202020202020202020
574f545f464c41472c206c6162656c3234332020
2020202020202020202020202020202020202020
2020202020202020202020202020202020202020
4655454c5f4355545f464c41472c206c6162656c
2020202020202020202020202020202020202020
2020202020202020202020202020202020202020
2020202020202020202020202020202020202020
2020202020202020202020202020202020202020
2020202020202020202020202020202020202020
412c202334426820202020202020202020202020
2020202020202020202020202020202020202020
412c2040412b4450545220202020202020202020
412c20454e47494e455f52504d5f5241572c206c
2020202020202020202020202020202020202020
2020202020202020202020202020202020202020
6c6162656c323433202020202020202020202020
2020202020202020202020202020202020202020
412c202334436820202020202020202020202020
2020202020202020202020202020202020202020
412c2040412b4450545220202020202020202020
412c204c4f41445f56414c55452c206c6162656c
2020202020202020202020202020202020202020
2020202020202020202020202020202020202020
6c6162656c323436202020202020202020202020
2020202020202020202020202020202020202020
4c414d4244415f434f4e445f4d45542c206c6162
2020202020202020202020202020202020202020
2020202020202020202020202020202020202020
4c414d4244415f4c4f41445f54494d45525f5255
2020202020202020202020202020202020202020
2020202020202020202020202020202020202020
4c414d4244415f4c4f41445f54494d45525f5255
2020202020202020202020202020202020202020
4c414d4244415f5741544348444f475f41435449
2020202020202020202020202020202020202020
412c202334446820202020202020202020202020
2020202020202020202020202020202020202020
412c2040412b4450545220202020202020202020
4c414d4244415f4c4f41445f54494d45522c2041
2020202020202020202020202020202020202020
412c204c414d4244415f4c4f41445f54494d4552
2020202020202020202020202020202020202020
6c6162656c323433202020202020202020202020
2020202020202020202020202020202020202020
6c6162656c323438202020202020202020202020
2020202020202020202020202020202020202020
4c414d4244415f4c4f41445f54494d45525f5255
2020202020202020202020202020202020202020
412c202334396820202020202020202020202020
2020202020202020202020202020202020202020
5450535f41545f49444c452c206c6162656c3234
2020202020202020202020202020202020202020
2020202020202020202020202020202020202020
412c202334386820202020202020202020202020
2020202020202020202020202020202020202020
412c2040412b4450545220202020202020202020
52322c2041202020202020202020202020202020
4c414d4244415f434f4e445f4d45542c206c6162
2020202020202020202020202020202020202020
2020202020202020202020202020202020202020
412c202334416820202020202020202020202020
2020202020202020202020202020202020202020
412c2040412b4450545220202020202020202020
412c205232202020202020202020202020202020
4320202020202020202020202020202020202020
412c20434f4f4c414e545f4e5443322020202020
2020202020202020202020202020202020202020
4c414d4244415f434f4e445f4d45542c20432020
2020202020202020202020202020202020202020
73617475725f7375622020202020202020202020
2020202020202020202020202020202020202020
2020202020202020202020202020202020202020
6c6162656c323532202020202020202020202020
2020202020202020202020202020202020202020
4c414d4244415f434f4e445f4d45542020202020
2020202020202020202020202020202020202020
646961675f736e617073686f745f6a6d70202020
2020202020202020202020202020202020202020
2020202020202020202020202020202020202020
4f325f434f4d505f524943482c206c6162656c32
2020202020202020202020202020202020202020
2020202020202020202020202020202020202020
4f325f434f4d505f4c45414e2c206c6162656c32
2020202020202020202020202020202020202020
2020202020202020202020202020202020202020
4c414d4244415f4e45555452414c5f5048415345
2020202020202020202020202020202020202020
2020202020202020202020202020202020202020
4c414d4244415f4e45555452414c5f5048415345
2020202020202020202020202020202020202020
4c414d4244415f524943484c45414e5f50484153
2020202020202020202020202020202020202020
412c202334336820202020202020202020202020
2020202020202020202020202020202020202020
412c2040412b4450545220202020202020202020
4c414d4244415f54494d45522c20412020202020
2020202020202020202020202020202020202020
412c204c414d4244415f54494d45522020202020
2020202020202020202020202020202020202020
6c6162656c323536202020202020202020202020
2020202020202020202020202020202020202020
4c414d4244415f434f4e445f5045525349535445
2020202020202020202020202020202020202020
6c6162656c323536202020202020202020202020
2020202020202020202020202020202020202020
4c414d4244415f524943484c45414e5f50484153
2020202020202020202020202020202020202020
2020202020202020202020202020202020202020
4c414d4244415f524943484c45414e5f50484153
2020202020202020202020202020202020202020
4c414d4244415f4e45555452414c5f5048415345
2020202020202020202020202020202020202020
4c414d4244415f5741544348444f475f41435449
2020202020202020202020202020202020202020
4c414d4244415f5741544348444f475f454e2020
2020202020202020202020202020202020202020
412c202334346820202020202020202020202020
2020202020202020202020202020202020202020
412c2040412b4450545220202020202020202020
4c414d4244415f54494d45522c20412020202020
2020202020202020202020202020202020202020
412c204c414d4244415f54494d45522020202020
2020202020202020202020202020202020202020
6c6162656c323536202020202020202020202020
2020202020202020202020202020202020202020
4c414d4244415f434f4e445f5045525349535445
2020202020202020202020202020202020202020
432c204c414d4244415f434f4e445f4d45542020
2020202020202020202020202020202020202020
432c204c414d4244415f434f4e445f5045525349
2020202020202020202020202020202020202020
432c204c414d4244415f5741544348444f475f45
2020202020202020202020202020202020202020
4c414d4244415f434f4e445f4d45542c20432020
2020202020202020202020202020202020202020
6c6162656c323538202020202020202020202020
2020202020202020202020202020202020202020
52302c2023306820202020202020202020202020
2020202020202020202020202020202020202020
52312c2023383068202020202020202020202020
2020202020202020202020202020202020202020
4c414d4244415f434f52525f4c4f2c2052302020
2020202020202020202020202020202020202020
4c414d4244415f434f52525f48492c2052312020
2020202020202020202020202020202020202020
4c414d4244415f5741544348444f475f41435449
2020202020202020202020202020202020202020
6c6162656c323539202020202020202020202020
2020202020202020202020202020202020202020
2020202020202020202020202020202020202020
6d756c7431367831362020202020202020202020
2020202020202020202020202020202020202020
2020202020202020202020202020202020202020
412c202331682020202020202020202020202020
2020202020202020202020202020202020202020
73686966746c6566743234202020202020202020
2020202020202020202020202020202020202020
2020202020202020202020202020202020202020
6c6162656c323630202020202020202020202020
2020202020202020202020202020202020202020
2020202020202020202020202020202020202020
412c202334366820202020202020202020202020
2020202020202020202020202020202020202020
412c2040412b4450545220202020202020202020
52332c2041202020202020202020202020202020
4320202020202020202020202020202020202020
412c205231202020202020202020202020202020
412c205233202020202020202020202020202020
6c6162656c323631202020202020202020202020
2020202020202020202020202020202020202020
52302c2023306820202020202020202020202020
2020202020202020202020202020202020202020
6c6162656c323632202020202020202020202020
2020202020202020202020202020202020202020
412c202334376820202020202020202020202020
2020202020202020202020202020202020202020
412c2040412b4450545220202020202020202020
52332c2041202020202020202020202020202020
4320202020202020202020202020202020202020
412c205231202020202020202020202020202020
6c6162656c323633202020202020202020202020
2020202020202020202020202020202020202020
52302c2023304646682020202020202020202020
2020202020202020202020202020202020202020
412c205233202020202020202020202020202020
52312c2041202020202020202020202020202020
4c414d4244415f434f52525f4c4f2c2052302020
2020202020202020202020202020202020202020
4c414d4244415f434f52525f48492c2052312020
2020202020202020202020202020202020202020
4c414d4244415f4c4f41445f54494d45525f5255
2020202020202020202020202020202020202020
2020202020202020202020202020202020202020
4c414d4244415f5741544348444f475f41435449
2020202020202020202020202020202020202020
2020202020202020202020202020202020202020
412c202334356820202020202020202020202020
2020202020202020202020202020202020202020
412c2040412b4450545220202020202020202020
412c2023304646682c206c6162656c3236352020
2020202020202020202020202020202020202020
2020202020202020202020202020202020202020
4c414d4244415f5741544348444f475f41435449
2020202020202020202020202020202020202020
4c414d4244415f5741544348444f475f454e2020
2020202020202020202020202020202020202020
6c6162656c323633202020202020202020202020
2020202020202020202020202020202020202020
4c414d4244415f5741544348444f475f41435449
2020202020202020202020202020202020202020
4c414d4244415f4c4f41445f54494d45522c2041
2020202020202020202020202020202020202020
412c204c414d4244415f4c4f41445f54494d4552
2020202020202020202020202020202020202020
6c6162656c323633202020202020202020202020
2020202020202020202020202020202020202020
4c414d4244415f5741544348444f475f454e2020
2020202020202020202020202020202020202020
2020202020202020202020202020202020202020
52322c2023344568202020202020202020202020
2020202020202020202020202020202020202020
412c205232202020202020202020202020202020
412c2040412b4450545220202020202020202020
412c20454e47494e455f52504d5f5241572c206c
2020202020202020202020202020202020202020
2020202020202020202020202020202020202020
6b6c725f6f757430202020202020202020202020
2020202020202020202020202020202020202020
412c205232202020202020202020202020202020
4120202020202020202020202020202020202020
412c2040412b4450545220202020202020202020
412c205232202020202020202020202020202020
412c205232202020202020202020202020202020
412c20454e47494e455f52504d5f5241572c206c
2020202020202020202020202020202020202020
2020202020202020202020202020202020202020
6b6c725f6f757431202020202020202020202020
2020202020202020202020202020202020202020
69676e5f6f75745f746f5f6b6c72202020202020
2020202020202020202020202020202020202020
4b4c524f75742020202020202020202020202020
2020202020202020202020202020202020202020
69676e5f6f75745f746f5f6b6c72202020202020
2020202020202020202020202020202020202020
4b4c524f75742020202020202020202020202020
2020202020202020202020202020202020202020
5458444c616d626461446961672c206c6162656c
2020202020202020202020202020202020202020
2020202020202020202020202020202020202020
412c204c414d4244415f434f52525f4849202020
2020202020202020202020202020202020202020
432c20412e372020202020202020202020202020
2020202020202020202020202020202020202020
2020202020202020202020202020202020202020
5458442c20432020202020202020202020202020
2020202020202020202020202020202020202020
2020202020202020202020202020202020202020
4c414d4244415f434f4e445f4d45542c206c6162
2020202020202020202020202020202020202020
2020202020202020202020202020202020202020
4b4c524f75742020202020202020202020202020
2020202020202020202020202020202020202020
52455345525645445f3231485f33202020202020
2020202020202020202020202020202020202020
69676e5f6f75745f746f5f6b6c72202020202020
2020202020202020202020202020202020202020
52455345525645445f3231485f332c206c616265
2020202020202020202020202020202020202020
2020202020202020202020202020202020202020
412c202335306820202020202020202020202020
2020202020202020202020202020202020202020
412c2040412b4450545220202020202020202020
4c414d4244415f4c4f41445f54494d45522c2041
2020202020202020202020202020202020202020
4b4c524f75742020202020202020202020202020
2020202020202020202020202020202020202020
52455345525645445f3231485f33202020202020
2020202020202020202020202020202020202020
412c204c414d4244415f4c4f41445f54494d4552
2020202020202020202020202020202020202020
6c6162656c323734202020202020202020202020
2020202020202020202020202020202020202020
4b4c524f75742020202020202020202020202020
2020202020202020202020202020202020202020
69676e5f6f75745f746f5f6b6c72202020202020
2020202020202020202020202020202020202020
412c204c414d4244415f535445505f554e434841
2020202020202020202020202020202020202020
422c202331682020202020202020202020202020
2020202020202020202020202020202020202020
2020202020202020202020202020202020202020
6973765f6572726f725f636f7272202020202020
2020202020202020202020202020202020202020
4120202020202020202020202020202020202020
4120202020202020202020202020202020202020
412c204c414d4244415f535445505f544f5f4c45
2020202020202020202020202020202020202020
422c202331306820202020202020202020202020
2020202020202020202020202020202020202020
2020202020202020202020202020202020202020
4c414d4244415f524943484c45414e5f50484153
2020202020202020202020202020202020202020
4142202020202020202020202020202020202020
422e372c206c6162656c32373520202020202020
2020202020202020202020202020202020202020
2020202020202020202020202020202020202020
422c202337466820202020202020202020202020
2020202020202020202020202020202020202020
2020202020202020202020202020202020202020
4953565f52504d5f4552525f5349474e5f4c414d
2020202020202020202020202020202020202020
2020202020202020202020202020202020202020
4320202020202020202020202020202020202020
4120202020202020202020202020202020202020
422c202330464668202020202020202020202020
2020202020202020202020202020202020202020
2020202020202020202020202020202020202020
412c205230202020202020202020202020202020
52302c2041202020202020202020202020202020
412c204220202020202020202020202020202020
2020202020202020202020202020202020202020
412c205231202020202020202020202020202020
52312c2041202020202020202020202020202020
4120202020202020202020202020202020202020
4953565f52504d5f4552525f5349474e5f4c414d
2020202020202020202020202020202020202020
2020202020202020202020202020202020202020
4320202020202020202020202020202020202020
4120202020202020202020202020202020202020
6c6162656c323738202020202020202020202020
2020202020202020202020202020202020202020
52302c2041202020202020202020202020202020
52312c2041202020202020202020202020202020
2020202020202020202020202020202020202020
4352414e4b494e475f464c41472c206c6162656c
2020202020202020202020202020202020202020
2020202020202020202020202020202020202020
52322c2023343468202020202020202020202020
2020202020202020202020202020202020202020
6d61705f6c6f6f6b757020202020202020202020
2020202020202020202020202020202020202020
2020202020202020202020202020202020202020
52332c2041202020202020202020202020202020
4f5645524c4f41445f4c4f434b4f55545f52554e
2020202020202020202020202020202020202020
2020202020202020202020202020202020202020
412c204c4f41445f56414c55452c206c6162656c
2020202020202020202020202020202020202020
2020202020202020202020202020202020202020
6c6162656c323832202020202020202020202020
2020202020202020202020202020202020202020
4f5645524c4f41445f50524554494d45525f5255
2020202020202020202020202020202020202020
6c6162656c323739202020202020202020202020
2020202020202020202020202020202020202020
412c202335326820202020202020202020202020
2020202020202020202020202020202020202020
4f5645524c4f41445f50524554494d45525f5255
2020202020202020202020202020202020202020
2020202020202020202020202020202020202020
4f5645524c4f41445f50524554494d45525f5255
2020202020202020202020202020202020202020
412c2040412b4450545220202020202020202020
4f5645524c4f41445f54494d45522c2041202020
2020202020202020202020202020202020202020
412c202335346820202020202020202020202020
2020202020202020202020202020202020202020
412c2040412b4450545220202020202020202020
4f5645524c4f41445f5052455343414c452c2041
2020202020202020202020202020202020202020
412c204f5645524c4f41445f54494d4552202020
2020202020202020202020202020202020202020
6c6162656c323739202020202020202020202020
2020202020202020202020202020202020202020
4f5645524c4f41445f4c4f434b4f55545f52554e
2020202020202020202020202020202020202020
412c202335336820202020202020202020202020
2020202020202020202020202020202020202020
412c2040412b4450545220202020202020202020
4f5645524c4f41445f54494d45522c2041202020
2020202020202020202020202020202020202020
412c202335356820202020202020202020202020
2020202020202020202020202020202020202020
412c2040412b4450545220202020202020202020
4f5645524c4f41445f5052455343414c452c2041
2020202020202020202020202020202020202020
4655454c5f4355545f464c414720202020202020
2020202020202020202020202020202020202020
49474e5f414456414e43455f5441524745542c20
2020202020202020202020202020202020202020
49474e5f414456414e43455f4355522c20523520
2020202020202020202020202020202020202020
2020202020202020202020202020202020202020
412c204f5645524c4f41445f54494d4552202020
2020202020202020202020202020202020202020
6c6162656c323834202020202020202020202020
2020202020202020202020202020202020202020
4f5645524c4f41445f50524554494d45525f5255
2020202020202020202020202020202020202020
4f5645524c4f41445f4c4f434b4f55545f52554e
2020202020202020202020202020202020202020
6c6162656c323739202020202020202020202020
2020202020202020202020202020202020202020
412c202335316820202020202020202020202020
2020202020202020202020202020202020202020
412c2040412b4450545220202020202020202020
4120202020202020202020202020202020202020
4120202020202020202020202020202020202020
412c205233202020202020202020202020202020
4320202020202020202020202020202020202020
412c204c4f41445f56414c554520202020202020
2020202020202020202020202020202020202020
6c6162656c323739202020202020202020202020
2020202020202020202020202020202020202020
4655454c5f4355545f464c414720202020202020
2020202020202020202020202020202020202020
49474e5f414456414e43455f5441524745542c20
2020202020202020202020202020202020202020
49474e5f414456414e43455f4355522c20523520
2020202020202020202020202020202020202020
2020202020202020202020202020202020202020
6c6162656c323835202020202020202020202020
2020202020202020202020202020202020202020
2020202020202020202020202020202020202020
4f5645524c4f41445f5052455343414c45202020
2020202020202020202020202020202020202020
412c204f5645524c4f41445f5052455343414c45
2020202020202020202020202020202020202020
6c6162656c323836202020202020202020202020
2020202020202020202020202020202020202020
412c202335346820202020202020202020202020
2020202020202020202020202020202020202020
4f5645524c4f41445f4c4f434b4f55545f52554e
2020202020202020202020202020202020202020
2020202020202020202020202020202020202020
4120202020202020202020202020202020202020
412c2040412b4450545220202020202020202020
4f5645524c4f41445f5052455343414c452c2041
2020202020202020202020202020202020202020
412c204f5645524c4f41445f54494d4552202020
2020202020202020202020202020202020202020
6c6162656c323836202020202020202020202020
2020202020202020202020202020202020202020
4f5645524c4f41445f54494d4552202020202020
2020202020202020202020202020202020202020
6c6162656c323838202020202020202020202020
2020202020202020202020202020202020202020
2020202020202020202020202020202020202020
2020202020202020202020202020202020202020
2020202020202020202020202020202020202020
2020202020202020202020202020202020202020
2020202020202020202020202020202020202020
2020202020202020202020202020202020202020
4b4c524f75742020202020202020202020202020
2020202020202020202020202020202020202020
2020202020202020202020202020202020202020
4945302020202020202020202020202020202020
2020202020202020202020202020202020202020
50322c2023306820202020202020202020202020
2020202020202020202020202020202020202020
2020202020202020202020202020202020202020
4052302c20412020202020202020202020202020
4052302c20412020202020202020202020202020
4052302c20412020202020202020202020202020
4052302c20412020202020202020202020202020
412c202330446820202020202020202020202020
2020202020202020202020202020202020202020
412c2040412b4450545220202020202020202020
422c204120202020202020202020202020202020
2020202020202020202020202020202020202020
432c20494e543120202020202020202020202020
2020202020202020202020202020202020202020
412e302c20432020202020202020202020202020
2020202020202020202020202020202020202020
52352c2023306820202020202020202020202020
2020202020202020202020202020202020202020
52362c2023326820202020202020202020202020
2020202020202020202020202020202020202020
52372c2023326820202020202020202020202020
2020202020202020202020202020202020202020
4120202020202020202020202020202020202020
52455345525645445f3241482c20422020202020
2020202020202020202020202020202020202020
2020202020202020202020202020202020202020
54696d6531466c61674c6f7749646c652c206c61
2020202020202020202020202020202020202020
2020202020202020202020202020202020202020
54696d6531466c61674c6f7749646c6520202020
2020202020202020202020202020202020202020
4052302c20412020202020202020202020202020
52352c206372616e6b5f65646765202020202020
2020202020202020202020202020202020202020
412e302c206c6162656c32393120202020202020
2020202020202020202020202020202020202020
2020202020202020202020202020202020202020
52372c2023326820202020202020202020202020
2020202020202020202020202020202020202020
52362c206372616e6b5f65646765202020202020
2020202020202020202020202020202020202020
7273745f74617220202020202020202020202020
2020202020202020202020202020202020202020
2020202020202020202020202020202020202020
52362c2023326820202020202020202020202020
2020202020202020202020202020202020202020
52372c206372616e6b5f65646765202020202020
2020202020202020202020202020202020202020
7273745f74617220202020202020202020202020
2020202020202020202020202020202020202020
2020202020202020202020202020202020202020
432c20494e543120202020202020202020202020
2020202020202020202020202020202020202020
412e302c20432020202020202020202020202020
2020202020202020202020202020202020202020
432c20412e312020202020202020202020202020
2020202020202020202020202020202020202020
6c6162656c323932202020202020202020202020
2020202020202020202020202020202020202020
432c20412e302020202020202020202020202020
2020202020202020202020202020202020202020
432c20412e312020202020202020202020202020
2020202020202020202020202020202020202020
6c6162656c323932202020202020202020202020
2020202020202020202020202020202020202020
52352c2023306820202020202020202020202020
2020202020202020202020202020202020202020
52362c2023326820202020202020202020202020
2020202020202020202020202020202020202020
52372c2023326820202020202020202020202020
2020202020202020202020202020202020202020
4120202020202020202020202020202020202020
4945302c206372616e6b5f73796e635f6c6f6f70
2020202020202020202020202020202020202020
2020202020202020202020202020202020202020
4558302020202020202020202020202020202020
2020202020202020202020202020202020202020
535441525455505f464c41472020202020202020
2020202020202020202020202020202020202020
6d61696e5f636f6e745f6a6d7020202020202020
2020202020202020202020202020202020202020
2020202020202020202020202020202020202020
494e54312c202420202020202020202020202020
2020202020202020202020202020202020202020
2020202020202020202020202020202020202020
494e54312c202420202020202020202020202020
2020202020202020202020202020202020202020
2020202020202020202020202020202020202020
2020202020202020202020202020202020202020
54302c206c6162656c3239342020202020202020
2020202020202020202020202020202020202020
2020202020202020202020202020202020202020
3331682020202020202020202020202020202020
2020202020202020202020202020202020202020
3330682020202020202020202020202020202020
2020202020202020202020202020202020202020
6c6162656c323935202020202020202020202020
2020202020202020202020202020202020202020
2020202020202020202020202020202020202020
3331682020202020202020202020202020202020
2020202020202020202020202020202020202020
3330682020202020202020202020202020202020
2020202020202020202020202020202020202020
6c6162656c323936202020202020202020202020
2020202020202020202020202020202020202020
2020202020202020202020202020202020202020
535441525455505f464c41472c206c6162656c32
2020202020202020202020202020202020202020
2020202020202020202020202020202020202020
412c2072616d5f646961675f6164647220202020
2020202020202020202020202020202020202020
6c6162656c323938202020202020202020202020
2020202020202020202020202020202020202020
4120202020202020202020202020202020202020
72616d5f646961675f616464722c204120202020
2020202020202020202020202020202020202020
54302c206c6162656c3239392020202020202020
2020202020202020202020202020202020202020
2020202020202020202020202020202020202020
3336682020202020202020202020202020202020
2020202020202020202020202020202020202020
3331682c206c6162656c33303020202020202020
2020202020202020202020202020202020202020
2020202020202020202020202020202020202020
3330682c206c6162656c33303120202020202020
2020202020202020202020202020202020202020
2020202020202020202020202020202020202020
3334682c206c6162656c33303220202020202020
2020202020202020202020202020202020202020
2020202020202020202020202020202020202020
3332682020202020202020202020202020202020
2020202020202020202020202020202020202020
3333682020202020202020202020202020202020
2020202020202020202020202020202020202020
6c6162656c333033202020202020202020202020
2020202020202020202020202020202020202020
3332682020202020202020202020202020202020
2020202020202020202020202020202020202020
3333682020202020202020202020202020202020
2020202020202020202020202020202020202020
3330682020202020202020202020202020202020
2020202020202020202020202020202020202020
3331682020202020202020202020202020202020
2020202020202020202020202020202020202020
6c6162656c323937202020202020202020202020
2020202020202020202020202020202020202020
52322c2023343668202020202020202020202020
2020202020202020202020202020202020202020
3331682c206c6162656c33303420202020202020
2020202020202020202020202020202020202020
2020202020202020202020202020202020202020
412c202335386820202020202020202020202020
2020202020202020202020202020202020202020
412c2040412b4450545220202020202020202020
72616d5f646961675f616464722c204120202020
2020202020202020202020202020202020202020
4655454c5f4355545f464c41472c206c6162656c
2020202020202020202020202020202020202020
2020202020202020202020202020202020202020
3336682c206c6162656c33303620202020202020
2020202020202020202020202020202020202020
2020202020202020202020202020202020202020
432c203334682020202020202020202020202020
2020202020202020202020202020202020202020
3335682c20432020202020202020202020202020
2020202020202020202020202020202020202020
6c6162656c333036202020202020202020202020
2020202020202020202020202020202020202020
3330682c206c6162656c33303120202020202020
2020202020202020202020202020202020202020
2020202020202020202020202020202020202020
3335682c206c6162656c33303720202020202020
2020202020202020202020202020202020202020
2020202020202020202020202020202020202020
5232202020202020202020202020202020202020
6d61705f6c6f6f6b757020202020202020202020
2020202020202020202020202020202020202020
2020202020202020202020202020202020202020
4320202020202020202020202020202020202020
412c202331346820202020202020202020202020
2020202020202020202020202020202020202020
432c20412e372020202020202020202020202020
2020202020202020202020202020202020202020
4120202020202020202020202020202020202020
3331682020202020202020202020202020202020
2020202020202020202020202020202020202020
3330682020202020202020202020202020202020
2020202020202020202020202020202020202020
49474e5f414456414e43455f4355522c20412020
2020202020202020202020202020202020202020
412c2072616d5f646961675f6164647220202020
2020202020202020202020202020202020202020
6c6162656c323937202020202020202020202020
2020202020202020202020202020202020202020
3330682020202020202020202020202020202020
2020202020202020202020202020202020202020
3332682020202020202020202020202020202020
2020202020202020202020202020202020202020
3333682020202020202020202020202020202020
2020202020202020202020202020202020202020
6c6162656c323937202020202020202020202020
2020202020202020202020202020202020202020
3330682020202020202020202020202020202020
2020202020202020202020202020202020202020
3331682020202020202020202020202020202020
2020202020202020202020202020202020202020
3332682020202020202020202020202020202020
2020202020202020202020202020202020202020
3333682020202020202020202020202020202020
2020202020202020202020202020202020202020
3336682c206c6162656c32393720202020202020
2020202020202020202020202020202020202020
2020202020202020202020202020202020202020
432c203334682020202020202020202020202020
2020202020202020202020202020202020202020
3335682c20432020202020202020202020202020
2020202020202020202020202020202020202020
3336682020202020202020202020202020202020
2020202020202020202020202020202020202020
2020202020202020202020202020202020202020
535441525455505f464c41472c206c6162656c33
2020202020202020202020202020202020202020
2020202020202020202020202020202020202020
3330682c206c6162656c33303820202020202020
2020202020202020202020202020202020202020
2020202020202020202020202020202020202020
3332682c206c6162656c33303920202020202020
2020202020202020202020202020202020202020
2020202020202020202020202020202020202020
3333682c206c6162656c33303920202020202020
2020202020202020202020202020202020202020
2020202020202020202020202020202020202020
6c6162656c333038202020202020202020202020
2020202020202020202020202020202020202020
49474e5f535445505f434f554e54444f574e2c20
2020202020202020202020202020202020202020
2020202020202020202020202020202020202020
445054522c202331313630682020202020202020
2020202020202020202020202020202020202020
2020202020202020202020202020202020202020
412c202335366820202020202020202020202020
2020202020202020202020202020202020202020
3332682c206c6162656c33313020202020202020
2020202020202020202020202020202020202020
2020202020202020202020202020202020202020
412c202335376820202020202020202020202020
2020202020202020202020202020202020202020
412c2040412b4450545220202020202020202020
49474e5f535445505f434f554e54444f574e2c20
2020202020202020202020202020202020202020
52322c2023343568202020202020202020202020
2020202020202020202020202020202020202020
6d61705f6c6f6f6b757020202020202020202020
2020202020202020202020202020202020202020
2020202020202020202020202020202020202020
52352c2041202020202020202020202020202020
412c2049474e5f414456414e43455f5441524745
2020202020202020202020202020202020202020
52362c2041202020202020202020202020202020
52372c2049474e5f414456414e43455f43555220
2020202020202020202020202020202020202020
4320202020202020202020202020202020202020
412c205237202020202020202020202020202020
4320202020202020202020202020202020202020
412e372c206c6162656c33313120202020202020
2020202020202020202020202020202020202020
2020202020202020202020202020202020202020
412c205235202020202020202020202020202020
6c6162656c333131202020202020202020202020
2020202020202020202020202020202020202020
412c205237202020202020202020202020202020
412c205235202020202020202020202020202020
6c6162656c333132202020202020202020202020
2020202020202020202020202020202020202020
3332682020202020202020202020202020202020
2020202020202020202020202020202020202020
3333682020202020202020202020202020202020
2020202020202020202020202020202020202020
49474e5f535445505f434f554e54444f574e2c20
2020202020202020202020202020202020202020
2020202020202020202020202020202020202020
412c2049474e5f414456414e43455f5441524745
2020202020202020202020202020202020202020
49474e5f414456414e43455f4355522c20412020
2020202020202020202020202020202020202020
2020202020202020202020202020202020202020
412c2052455345525645445f3238482020202020
2020202020202020202020202020202020202020
4320202020202020202020202020202020202020
412c20454e47494e455f52504d5f524157202020
2020202020202020202020202020202020202020
6c6162656c333133202020202020202020202020
2020202020202020202020202020202020202020
422c204120202020202020202020202020202020
2020202020202020202020202020202020202020
412c202336446820202020202020202020202020
2020202020202020202020202020202020202020
412c2040412b4450545220202020202020202020
412c204220202020202020202020202020202020
2020202020202020202020202020202020202020
6c6162656c333133202020202020202020202020
2020202020202020202020202020202020202020
3334682020202020202020202020202020202020
2020202020202020202020202020202020202020
6c6162656c333134202020202020202020202020
2020202020202020202020202020202020202020
3334682020202020202020202020202020202020
2020202020202020202020202020202020202020
52455345525645445f3238482c20454e47494e45
2020202020202020202020202020202020202020
2020202020202020202020202020202020202020
2020202020202020202020202020202020202020
535441525455505f464c41472c206c6162656c33
2020202020202020202020202020202020202020
2020202020202020202020202020202020202020
3330682c206c6162656c33313620202020202020
2020202020202020202020202020202020202020
2020202020202020202020202020202020202020
54494d494e475f524154455f53454c5f48494748
2020202020202020202020202020202020202020
2020202020202020202020202020202020202020
3332682c206c6162656c33313620202020202020
2020202020202020202020202020202020202020
2020202020202020202020202020202020202020
3333682c206c6162656c33313620202020202020
2020202020202020202020202020202020202020
2020202020202020202020202020202020202020
73706565645f73656e736f725f69737220202020
2020202020202020202020202020202020202020
2020202020202020202020202020202020202020
3332682020202020202020202020202020202020
2020202020202020202020202020202020202020
3333682020202020202020202020202020202020
2020202020202020202020202020202020202020
73706565645f73656e736f725f69737220202020
2020202020202020202020202020202020202020
2020202020202020202020202020202020202020
6c6162656c323320202020202020202020202020
2020202020202020202020202020202020202020
2020202020202020202020202020202020202020
535441525455505f464c41472c206c6162656c33
2020202020202020202020202020202020202020
2020202020202020202020202020202020202020
4655454c5f4355545f464c41472c206c6162656c
2020202020202020202020202020202020202020
2020202020202020202020202020202020202020
3330682c206c6162656c33313920202020202020
2020202020202020202020202020202020202020
2020202020202020202020202020202020202020
54494d494e475f524154455f53454c5f4d454420
2020202020202020202020202020202020202020
54494d494e475f524154455f53454c5f48494748
2020202020202020202020202020202020202020
6c6162656c313639202020202020202020202020
2020202020202020202020202020202020202020
2020202020202020202020202020202020202020
3332682020202020202020202020202020202020
2020202020202020202020202020202020202020
3333682020202020202020202020202020202020
2020202020202020202020202020202020202020
696e6a5f6c616d6264615f7472696d2020202020
2020202020202020202020202020202020202020
2020202020202020202020202020202020202020
6c6162656c333232202020202020202020202020
2020202020202020202020202020202020202020
2020202020202020202020202020202020202020
6c6162656c333233202020202020202020202020
2020202020202020202020202020202020202020
52455345525645445f3237482c20233068202020
2020202020202020202020202020202020202020
2020202020202020202020202020202020202020
52455345525645445f3235485f30202020202020
2020202020202020202020202020202020202020
696e746572706f6c202020202020202020202020
2020202020202020202020202020202020202020
412c202335466820202020202020202020202020
2020202020202020202020202020202020202020
412c2040412b4450545220202020202020202020
412c20434f4f4c414e545f4e5443322020202020
2020202020202020202020202020202020202020
4320202020202020202020202020202020202020
3343682c20432020202020202020202020202020
2020202020202020202020202020202020202020
432c204c414d4244415f434f4e445f4d45542020
2020202020202020202020202020202020202020
4320202020202020202020202020202020202020
3344682c20432020202020202020202020202020
2020202020202020202020202020202020202020
412c202336306820202020202020202020202020
2020202020202020202020202020202020202020
412c2040412b4450545220202020202020202020
412c2041495254454d505f4e5443312020202020
2020202020202020202020202020202020202020
3345682c20432020202020202020202020202020
2020202020202020202020202020202020202020
52302c2023354368202020202020202020202020
2020202020202020202020202020202020202020
412c202335446820202020202020202020202020
2020202020202020202020202020202020202020
3339682c206c6162656c33323520202020202020
2020202020202020202020202020202020202020
2020202020202020202020202020202020202020
52302c2023353968202020202020202020202020
2020202020202020202020202020202020202020
4120202020202020202020202020202020202020
412c2040412b4450545220202020202020202020
422c204120202020202020202020202020202020
2020202020202020202020202020202020202020
6c6162656c333236202020202020202020202020
2020202020202020202020202020202020202020
2020202020202020202020202020202020202020
412c2052455345525645445f3237482020202020
2020202020202020202020202020202020202020
412c202337386820202020202020202020202020
2020202020202020202020202020202020202020
6c6162656c333237202020202020202020202020
2020202020202020202020202020202020202020
6c6162656c333238202020202020202020202020
2020202020202020202020202020202020202020
412c202335396820202020202020202020202020
2020202020202020202020202020202020202020
412c2040412b4450545220202020202020202020
4120202020202020202020202020202020202020
4120202020202020202020202020202020202020
412c204f5645524c4f41445f5052455343414c45
2020202020202020202020202020202020202020
412c204c414d4244415f434f52525f4849202020
2020202020202020202020202020202020202020
52332c2041202020202020202020202020202020
4320202020202020202020202020202020202020
412c204052302020202020202020202020202020
4953565f52504d5f4552525f5349474e5f4c414d
2020202020202020202020202020202020202020
6c6162656c333239202020202020202020202020
2020202020202020202020202020202020202020
4120202020202020202020202020202020202020
4120202020202020202020202020202020202020
4142202020202020202020202020202020202020
52362c2042202020202020202020202020202020
2020202020202020202020202020202020202020
52352c2041202020202020202020202020202020
5230202020202020202020202020202020202020
4953565f52504d5f4552525f5349474e5f4c414d
2020202020202020202020202020202020202020
2020202020202020202020202020202020202020
412c204052302020202020202020202020202020
412c205235202020202020202020202020202020
4052302c20412020202020202020202020202020
5230202020202020202020202020202020202020
412c204052302020202020202020202020202020
412c205236202020202020202020202020202020
4052302c20412020202020202020202020202020
6c6162656c333331202020202020202020202020
2020202020202020202020202020202020202020
4320202020202020202020202020202020202020
412c202338306820202020202020202020202020
2020202020202020202020202020202020202020
4052302c20412020202020202020202020202020
5230202020202020202020202020202020202020
5230202020202020202020202020202020202020
412c202335416820202020202020202020202020
2020202020202020202020202020202020202020
412c2040412b4450545220202020202020202020
4320202020202020202020202020202020202020
412c204052302020202020202020202020202020
6c6162656c333331202020202020202020202020
2020202020202020202020202020202020202020
4052302020202020202020202020202020202020
6c6162656c333332202020202020202020202020
2020202020202020202020202020202020202020
4320202020202020202020202020202020202020
412c204052302020202020202020202020202020
412c205235202020202020202020202020202020
4052302c20412020202020202020202020202020
5230202020202020202020202020202020202020
412c204052302020202020202020202020202020
412c205236202020202020202020202020202020
4052302c20412020202020202020202020202020
6c6162656c333331202020202020202020202020
2020202020202020202020202020202020202020
412c202338306820202020202020202020202020
2020202020202020202020202020202020202020
4052302c20412020202020202020202020202020
5230202020202020202020202020202020202020
5230202020202020202020202020202020202020
412c202335426820202020202020202020202020
2020202020202020202020202020202020202020
412c2040412b4450545220202020202020202020
4320202020202020202020202020202020202020
412c204052302020202020202020202020202020
6c6162656c333331202020202020202020202020
2020202020202020202020202020202020202020
4052302020202020202020202020202020202020
3339682c206c6162656c33333120202020202020
2020202020202020202020202020202020202020
2020202020202020202020202020202020202020
412c204052302020202020202020202020202020
52302c2023366820202020202020202020202020
2020202020202020202020202020202020202020
6973765f64656c74615f7363616c652020202020
2020202020202020202020202020202020202020
2020202020202020202020202020202020202020
4320202020202020202020202020202020202020
412c202335396820202020202020202020202020
2020202020202020202020202020202020202020
412c2040412b4450545220202020202020202020
412c204f5645524c4f41445f5052455343414c45
2020202020202020202020202020202020202020
412c205233202020202020202020202020202020
4c414d4244415f434f52525f48492c2041202020
2020202020202020202020202020202020202020
3339682c206c6162656c33323820202020202020
2020202020202020202020202020202020202020
2020202020202020202020202020202020202020
6c6162656c333334202020202020202020202020
2020202020202020202020202020202020202020
2020202020202020202020202020202020202020
737461636b5f302c206c6162656c333238202020
2020202020202020202020202020202020202020
2020202020202020202020202020202020202020
412c202335436820202020202020202020202020
2020202020202020202020202020202020202020
412c2040412b4450545220202020202020202020
737461636b5f302c204120202020202020202020
2020202020202020202020202020202020202020
4320202020202020202020202020202020202020
412c2052455345525645445f3543482020202020
2020202020202020202020202020202020202020
412c204f5645524c4f41445f5052455343414c45
2020202020202020202020202020202020202020
6c6162656c333335202020202020202020202020
2020202020202020202020202020202020202020
4120202020202020202020202020202020202020
4120202020202020202020202020202020202020
4953565f52504d5f4552525f5349474e5f4c414d
2020202020202020202020202020202020202020
422c202331682020202020202020202020202020
2020202020202020202020202020202020202020
2020202020202020202020202020202020202020
3338682c206c6162656c33333620202020202020
2020202020202020202020202020202020202020
2020202020202020202020202020202020202020
52312c2052455345525645445f35464820202020
2020202020202020202020202020202020202020
52302c2052455345525645445f36304820202020
2020202020202020202020202020202020202020
6973765f6572726f725f636f7272202020202020
2020202020202020202020202020202020202020
422c2052455345525645445f3546482020202020
2020202020202020202020202020202020202020
2020202020202020202020202020202020202020
52455345525645445f3546482c20523120202020
2020202020202020202020202020202020202020
52455345525645445f3630482c20523020202020
2020202020202020202020202020202020202020
6c6162656c333337202020202020202020202020
2020202020202020202020202020202020202020
52312c2052455345525645445f36314820202020
2020202020202020202020202020202020202020
52302c2052455345525645445f36324820202020
2020202020202020202020202020202020202020
6973765f6572726f725f636f7272202020202020
2020202020202020202020202020202020202020
422c2052455345525645445f3631482020202020
2020202020202020202020202020202020202020
2020202020202020202020202020202020202020
52455345525645445f3631482c20523120202020
2020202020202020202020202020202020202020
52455345525645445f3632482c20523020202020
2020202020202020202020202020202020202020
412c205231202020202020202020202020202020
52302c2023304368202020202020202020202020
2020202020202020202020202020202020202020
3338682c206c6162656c33333820202020202020
2020202020202020202020202020202020202020
2020202020202020202020202020202020202020
52302c2023313268202020202020202020202020
2020202020202020202020202020202020202020
412c20422c206c6162656c333339202020202020
2020202020202020202020202020202020202020
2020202020202020202020202020202020202020
6c6162656c333238202020202020202020202020
2020202020202020202020202020202020202020
6973765f64656c74615f7363616c652020202020
2020202020202020202020202020202020202020
2020202020202020202020202020202020202020
6c6162656c333430202020202020202020202020
2020202020202020202020202020202020202020
2020202020202020202020202020202020202020
4320202020202020202020202020202020202020
412c2052455345525645445f3546482020202020
2020202020202020202020202020202020202020
412c202338306820202020202020202020202020
2020202020202020202020202020202020202020
46302c2043202020202020202020202020202020
2020202020202020202020202020202020202020
6c6162656c333431202020202020202020202020
2020202020202020202020202020202020202020
4120202020202020202020202020202020202020
4120202020202020202020202020202020202020
52312c2041202020202020202020202020202020
52332c20454e47494e455f52504d5f5241572020
2020202020202020202020202020202020202020
422c20454e47494e455f52504d5f524157202020
2020202020202020202020202020202020202020
2020202020202020202020202020202020202020
412c202333326820202020202020202020202020
2020202020202020202020202020202020202020
4142202020202020202020202020202020202020
52372c2041202020202020202020202020202020
6469763136202020202020202020202020202020
2020202020202020202020202020202020202020
2020202020202020202020202020202020202020
52362c2041202020202020202020202020202020
412c205231202020202020202020202020202020
6d756c7438783136202020202020202020202020
2020202020202020202020202020202020202020
2020202020202020202020202020202020202020
412c205237202020202020202020202020202020
6c6162656c333432202020202020202020202020
2020202020202020202020202020202020202020
52362c2023304646682020202020202020202020
2020202020202020202020202020202020202020
412c205236202020202020202020202020202020
4320202020202020202020202020202020202020
4120202020202020202020202020202020202020
412c202338306820202020202020202020202020
2020202020202020202020202020202020202020
46302c206c6162656c3334332020202020202020
2020202020202020202020202020202020202020
2020202020202020202020202020202020202020
4120202020202020202020202020202020202020
2020202020202020202020202020202020202020
412c2052455345525645445f3631482020202020
2020202020202020202020202020202020202020
4320202020202020202020202020202020202020
46302c2043202020202020202020202020202020
2020202020202020202020202020202020202020
6c6162656c333434202020202020202020202020
2020202020202020202020202020202020202020
4120202020202020202020202020202020202020
2020202020202020202020202020202020202020
6c6162656c333435202020202020202020202020
2020202020202020202020202020202020202020
4630202020202020202020202020202020202020
2020202020202020202020202020202020202020
4f5645524c4f41445f54494d45522c2041202020
2020202020202020202020202020202020202020
432c204630202020202020202020202020202020
2020202020202020202020202020202020202020
52455345525645445f3235485f312c2043202020
2020202020202020202020202020202020202020
2020202020202020202020202020202020202020
412c204c4f41445f56414c554520202020202020
2020202020202020202020202020202020202020
422c20454e47494e455f52504d5f524157202020
2020202020202020202020202020202020202020
2020202020202020202020202020202020202020
4142202020202020202020202020202020202020
52372c2042202020202020202020202020202020
2020202020202020202020202020202020202020
52362c2041202020202020202020202020202020
412c202330413468202020202020202020202020
2020202020202020202020202020202020202020
6d756c7438783136202020202020202020202020
2020202020202020202020202020202020202020
2020202020202020202020202020202020202020
412c202332682020202020202020202020202020
2020202020202020202020202020202020202020
73686966746c6566743234202020202020202020
2020202020202020202020202020202020202020
2020202020202020202020202020202020202020
6c6162656c333436202020202020202020202020
2020202020202020202020202020202020202020
52372c2023304646682020202020202020202020
2020202020202020202020202020202020202020
412c205237202020202020202020202020202020
52342c2041202020202020202020202020202020
6c6162656c333437202020202020202020202020
2020202020202020202020202020202020202020
6c6162656c333438202020202020202020202020
2020202020202020202020202020202020202020
2020202020202020202020202020202020202020
4320202020202020202020202020202020202020
412c202336336820202020202020202020202020
2020202020202020202020202020202020202020
412c2040412b4450545220202020202020202020
412c205234202020202020202020202020202020
6c6162656c333439202020202020202020202020
2020202020202020202020202020202020202020
412c202336346820202020202020202020202020
2020202020202020202020202020202020202020
412c2040412b4450545220202020202020202020
4320202020202020202020202020202020202020
412c204c4f41445f56414c554520202020202020
2020202020202020202020202020202020202020
3339682c20432020202020202020202020202020
2020202020202020202020202020202020202020
6c6162656c333530202020202020202020202020
2020202020202020202020202020202020202020
412c202336326820202020202020202020202020
2020202020202020202020202020202020202020
412c2040412b4450545220202020202020202020
412c20454e47494e455f52504d5f524157202020
2020202020202020202020202020202020202020
6c6162656c333531202020202020202020202020
2020202020202020202020202020202020202020
412c202336316820202020202020202020202020
2020202020202020202020202020202020202020
412c2040412b4450545220202020202020202020
412c205234202020202020202020202020202020
4320202020202020202020202020202020202020
3338682c20432020202020202020202020202020
2020202020202020202020202020202020202020
6c6162656c333530202020202020202020202020
2020202020202020202020202020202020202020
412c202336366820202020202020202020202020
2020202020202020202020202020202020202020
412c2040412b4450545220202020202020202020
4320202020202020202020202020202020202020
412c20454e47494e455f52504d5f524157202020
2020202020202020202020202020202020202020
6c6162656c333530202020202020202020202020
2020202020202020202020202020202020202020
412c202336356820202020202020202020202020
2020202020202020202020202020202020202020
412c2040412b4450545220202020202020202020
4320202020202020202020202020202020202020
412c205234202020202020202020202020202020
6c6162656c333530202020202020202020202020
2020202020202020202020202020202020202020
412c202336376820202020202020202020202020
2020202020202020202020202020202020202020
412c2040412b4450545220202020202020202020
412c204c4f41445f56414c554520202020202020
2020202020202020202020202020202020202020
6c6162656c333530202020202020202020202020
2020202020202020202020202020202020202020
412c202336386820202020202020202020202020
2020202020202020202020202020202020202020
412c2040412b4450545220202020202020202020
4320202020202020202020202020202020202020
412c204c4f41445f56414c554520202020202020
2020202020202020202020202020202020202020
6c6162656c333530202020202020202020202020
2020202020202020202020202020202020202020
3341682020202020202020202020202020202020
2020202020202020202020202020202020202020
412c2052455345525645445f3237482020202020
2020202020202020202020202020202020202020
412c202337682020202020202020202020202020
2020202020202020202020202020202020202020
6c6162656c333532202020202020202020202020
2020202020202020202020202020202020202020
3342682020202020202020202020202020202020
2020202020202020202020202020202020202020
2020202020202020202020202020202020202020
412c202335396820202020202020202020202020
2020202020202020202020202020202020202020
412c2040412b4450545220202020202020202020
4120202020202020202020202020202020202020
4120202020202020202020202020202020202020
412c204f5645524c4f41445f5052455343414c45
2020202020202020202020202020202020202020
412c205231202020202020202020202020202020
52312c2041202020202020202020202020202020
6d756c7431367831365f73686966742020202020
2020202020202020202020202020202020202020
412c204f5645524c4f41445f54494d4552202020
2020202020202020202020202020202020202020
422c202334682020202020202020202020202020
2020202020202020202020202020202020202020
2020202020202020202020202020202020202020
4142202020202020202020202020202020202020
52455345525645445f3235485f312c206c616265
2020202020202020202020202020202020202020
2020202020202020202020202020202020202020
4320202020202020202020202020202020202020
4120202020202020202020202020202020202020
422c202330464668202020202020202020202020
2020202020202020202020202020202020202020
2020202020202020202020202020202020202020
412c205236202020202020202020202020202020
52362c2041202020202020202020202020202020
412c204220202020202020202020202020202020
2020202020202020202020202020202020202020
412c205237202020202020202020202020202020
52372c2041202020202020202020202020202020
4120202020202020202020202020202020202020
52455345525645445f3235485f312c206c616265
2020202020202020202020202020202020202020
2020202020202020202020202020202020202020
4320202020202020202020202020202020202020
4120202020202020202020202020202020202020
6c6162656c333536202020202020202020202020
2020202020202020202020202020202020202020
52372c2041202020202020202020202020202020
52362c2041202020202020202020202020202020
666972655f696e6a202020202020202020202020
2020202020202020202020202020202020202020
2020202020202020202020202020202020202020
544d4f442c202331316820202020202020202020
2020202020202020202020202020202020202020
2020202020202020202020202020202020202020
49502c2023326820202020202020202020202020
2020202020202020202020202020202020202020
2020202020202020202020202020202020202020
49452c2023383568202020202020202020202020
2020202020202020202020202020202020202020
2020202020202020202020202020202020202020
54434f4e2c202335682020202020202020202020
2020202020202020202020202020202020202020
2020202020202020202020202020202020202020
445054522c202331313630682020202020202020
2020202020202020202020202020202020202020
2020202020202020202020202020202020202020
53502c2023363368202020202020202020202020
2020202020202020202020202020202020202020
2020202020202020202020202020202020202020
444d4552656c6179202020202020202020202020
2020202020202020202020202020202020202020
412c202330446820202020202020202020202020
2020202020202020202020202020202020202020
412c2040412b4450545220202020202020202020
52455345525645445f3241482c20412020202020
2020202020202020202020202020202020202020
776169745f32785f696e74312020202020202020
2020202020202020202020202020202020202020
2020202020202020202020202020202020202020
64656c6179313063792020202020202020202020
2020202020202020202020202020202020202020
2020202020202020202020202020202020202020
6d756c74325f3136622020202020202020202020
2020202020202020202020202020202020202020
2020202020202020202020202020202020202020
696e6a5f70756c73652020202020202020202020
2020202020202020202020202020202020202020
2020202020202020202020202020202020202020
6d756c74325f3136622020202020202020202020
2020202020202020202020202020202020202020
2020202020202020202020202020202020202020
6675656c5f6d61705f73656c2020202020202020
2020202020202020202020202020202020202020
2020202020202020202020202020202020202020
64656c6179313063792020202020202020202020
2020202020202020202020202020202020202020
2020202020202020202020202020202020202020
6d756c74325f3136622020202020202020202020
2020202020202020202020202020202020202020
2020202020202020202020202020202020202020
6477656c6c5f616e676c655f63616c6320202020
2020202020202020202020202020202020202020
2020202020202020202020202020202020202020
6d756c74325f3136622020202020202020202020
2020202020202020202020202020202020202020
2020202020202020202020202020202020202020
64656c6179313063792020202020202020202020
2020202020202020202020202020202020202020
2020202020202020202020202020202020202020
6675656c5f63616c635f636f7272202020202020
2020202020202020202020202020202020202020
2020202020202020202020202020202020202020
6d756c74325f3136622020202020202020202020
2020202020202020202020202020202020202020
2020202020202020202020202020202020202020
6a6d705f6164765f6f7574202020202020202020
2020202020202020202020202020202020202020
2020202020202020202020202020202020202020
535441525455505f464c41472c206c6162656c32
2020202020202020202020202020202020202020
2020202020202020202020202020202020202020
7265665f726573796e6320202020202020202020
2020202020202020202020202020202020202020
2020202020202020202020202020202020202020
66696e616c5f6c6f61645f72706d202020202020
2020202020202020202020202020202020202020
2020202020202020202020202020202020202020
2020202020202020202020202020202020202020
54696d6531466c61674c6f7749646c652c206c61
2020202020202020202020202020202020202020
2020202020202020202020202020202020202020
2020202020202020202020202020202020202020
726561645f6164635f70726f6320202020202020
2020202020202020202020202020202020202020
2020202020202020202020202020202020202020
52372c2041202020202020202020202020202020
52372c2041202020202020202020202020202020
52372c2041202020202020202020202020202020
52372c2041202020202020202020202020202020
52372c2041202020202020202020202020202020
52372c2041202020202020202020202020202020
52372c2041202020202020202020202020202020
52372c2041202020202020202020202020202020
52372c2041202020202020202020202020202020
52372c2041202020202020202020202020202020
52372c2041202020202020202020202020202020
52372c2041202020202020202020202020202020
52372c2041202020202020202020202020202020
52372c2041202020202020202020202020202020
52372c2041202020202020202020202020202020
52372c2041202020202020202020202020202020
2020202020202020202020202020202020202020
2020202020202020202020202020202020202020
4b4c524f75742020202020202020202020202020
2020202020202020202020202020202020202020
6b6c725f6f75745f646c79202020202020202020
2020202020202020202020202020202020202020
2020202020202020202020202020202020202020
6d61696e5f6c6f6f705f31782020202020202020
2020202020202020202020202020202020202020
2020202020202020202020202020202020202020
6d61696e5f6c6f6f705f636f6e74202020202020
2020202020202020202020202020202020202020
2020202020202020202020202020202020202020
7a65726f5f72616d5f6c6f6f7020202020202020
2020202020202020202020202020202020202020
2020202020202020202020202020202020202020
696e69745f73657269616c202020202020202020
2020202020202020202020202020202020202020
2020202020202020202020202020202020202020
696e69745f696e74657272757074732020202020
2020202020202020202020202020202020202020
2020202020202020202020202020202020202020
52372c2041202020202020202020202020202020
52372c2041202020202020202020202020202020
52372c2041202020202020202020202020202020
6372616e6b5f73796e6320202020202020202020
2020202020202020202020202020202020202020
2020202020202020202020202020202020202020
73656e645f646961675f31202020202020202020
2020202020202020202020202020202020202020
2020202020202020202020202020202020202020
656e675f73796e635f636865636b202020202020
2020202020202020202020202020202020202020
2020202020202020202020202020202020202020
52372c2041202020202020202020202020202020
52372c2041202020202020202020202020202020
52372c2041202020202020202020202020202020
52372c2041202020202020202020202020202020
52372c2041202020202020202020202020202020
52372c2041202020202020202020202020202020
52372c2041202020202020202020202020202020
52372c2041202020202020202020202020202020
52372c2041202020202020202020202020202020
73706565645f73656e736f725f69737220202020
2020202020202020202020202020202020202020
2020202020202020202020202020202020202020
696e6a5f646561645f74696d6520202020202020
2020202020202020202020202020202020202020
2020202020202020202020202020202020202020
666972655f696e6a202020202020202020202020
2020202020202020202020202020202020202020
2020202020202020202020202020202020202020
616972666c6f775f707265702020202020202020
2020202020202020202020202020202020202020
2020202020202020202020202020202020202020
616972666c6f775f63616c632020202020202020
2020202020202020202020202020202020202020
2020202020202020202020202020202020202020
616972666c6f7732202020202020202020202020
2020202020202020202020202020202020202020
2020202020202020202020202020202020202020
2020202020202020202020202020202020202020
52372c2041202020202020202020202020202020
52372c2041202020202020202020202020202020
7761726d75705f74696d65722020202020202020
2020202020202020202020202020202020202020
2020202020202020202020202020202020202020
52372c2041202020202020202020202020202020
52372c2041202020202020202020202020202020
52372c2041202020202020202020202020202020
52372c2041202020202020202020202020202020
52372c2041202020202020202020202020202020
52372c2041202020202020202020202020202020
6765745f656e675f737461746520202020202020
2020202020202020202020202020202020202020
2020202020202020202020202020202020202020
69646c655f70775f63616c632020202020202020
2020202020202020202020202020202020202020
2020202020202020202020202020202020202020
6c616d6264615f73746174657570647465202020
2020202020202020202020202020202020202020
2020202020202020202020202020202020202020
736176655f6675656c5f736574746e6720202020
2020202020202020202020202020202020202020
2020202020202020202020202020202020202020
6c616d6264615f61646a75737420202020202020
2020202020202020202020202020202020202020
2020202020202020202020202020202020202020
6a756d705f746f6973765f656e74727920202020
2020202020202020202020202020202020202020
2020202020202020202020202020202020202020
696e6a5f6c616d6264615f7472696d2020202020
2020202020202020202020202020202020202020
2020202020202020202020202020202020202020
736c6f775f6675656c5f63757420202020202020
2020202020202020202020202020202020202020
2020202020202020202020202020202020202020
73656e645f64696167735f703220202020202020
2020202020202020202020202020202020202020
2020202020202020202020202020202020202020
6d756c7431367831365f73686966742020202020
2020202020202020202020202020202020202020
2020202020202020202020202020202020202020
69676e5f6f75745f746f5f6b6c72202020202020
2020202020202020202020202020202020202020
2020202020202020202020202020202020202020
6973765f656e7472792020202020202020202020
2020202020202020202020202020202020202020
2020202020202020202020202020202020202020
69646c655f686967685f6c6f6164202020202020
2020202020202020202020202020202020202020
2020202020202020202020202020202020202020
69646c655f666c6172655f707265762020202020
2020202020202020202020202020202020202020
2020202020202020202020202020202020202020
6973765f70695f636f7272202020202020202020
2020202020202020202020202020202020202020
2020202020202020202020202020202020202020
72706d5f636f7272656374696f6e202020202020
2020202020202020202020202020202020202020
2020202020202020202020202020202020202020
6973765f6f70656e5f6c6f6f7020202020202020
2020202020202020202020202020202020202020
2020202020202020202020202020202020202020
69676e5f6164765f6f7574202020202020202020
2020202020202020202020202020202020202020
2020202020202020202020202020202020202020
6c6f616474696d65723120202020202020202020
2020202020202020202020202020202020202020
2020202020202020202020202020202020202020
6c6162656c333937202020202020202020202020
2020202020202020202020202020202020202020
2020202020202020202020202020202020202020
6c6162656c333937202020202020202020202020
2020202020202020202020202020202020202020
2020202020202020202020202020202020202020
6c6162656c333937202020202020202020202020
2020202020202020202020202020202020202020
2020202020202020202020202020202020202020
6c6162656c333937202020202020202020202020
2020202020202020202020202020202020202020
2020202020202020202020202020202020202020
6c6162656c333937202020202020202020202020
2020202020202020202020202020202020202020
2020202020202020202020202020202020202020
52372c2041202020202020202020202020202020
2020202020202020202020202020202020202020
6c6162656c333938202020202020202020202020
2020202020202020202020202020202020202020
2020202020202020202020202020202020202020
3734682c206c6162656c33393920202020202020
2020202020202020202020202020202020202020
2020202020202020202020202020202020202020
52302c2023304568202020202020202020202020
2020202020202020202020202020202020202020
412c205236202020202020202020202020202020
6c6162656c343030202020202020202020202020
2020202020202020202020202020202020202020
5234202020202020202020202020202020202020
5232202020202020202020202020202020202020
5230202020202020202020202020202020202020
412c205230202020202020202020202020202020
412c205232202020202020202020202020202020
412c205234202020202020202020202020202020
6c6162656c343031202020202020202020202020
2020202020202020202020202020202020202020
2020202020202020202020202020202020202020
52362c2023304646682020202020202020202020
2020202020202020202020202020202020202020
52372c2041202020202020202020202020202020
5231202020202020202020202020202020202020
5234202020202020202020202020202020202020
412c205230202020202020202020202020202020
412c205232202020202020202020202020202020
412c202334326820202020202020202020202020
2020202020202020202020202020202020202020
412c205236202020202020202020202020202020
432c202f506f72745f322e322020202020202020
2020202020202020202020202020202020202020
412c205234202020202020202020202020202020
412c205236202020202020202020202020202020
412c205230202020202020202020202020202020
412c205232202020202020202020202020202020
412c205234202020202020202020202020202020
6c6162656c343032202020202020202020202020
2020202020202020202020202020202020202020
412c205236202020202020202020202020202020
5452475f49444c455f464c4152452c206c616265
2020202020202020202020202020202020202020
2020202020202020202020202020202020202020
6c6162656c343034202020202020202020202020
2020202020202020202020202020202020202020
4142202020202020202020202020202020202020
412c2052455345525645445f3236482020202020
2020202020202020202020202020202020202020
412c205232202020202020202020202020202020
415558522c205234202020202020202020202020
2020202020202020202020202020202020202020
445054522c202334363438682020202020202020
2020202020202020202020202020202020202020
2020202020202020202020202020202020202020
412c205232202020202020202020202020202020
412c205234202020202020202020202020202020
412c205236202020202020202020202020202020
6c6162656c343035202020202020202020202020
2020202020202020202020202020202020202020
412c203046466820202020202020202020202020
2020202020202020202020202020202020202020
412c205231202020202020202020202020202020
412c205233202020202020202020202020202020
412c205235202020202020202020202020202020
412c205231202020202020202020202020202020
412c205233202020202020202020202020202020
6c6162656c343036202020202020202020202020
2020202020202020202020202020202020202020
52372c2041202020202020202020202020202020
52372c2041202020202020202020202020202020
52372c2041202020202020202020202020202020
4120202020202020202020202020202020202020
4120202020202020202020202020202020202020
4052302020202020202020202020202020202020
412c205234202020202020202020202020202020
49646c6553706565642c20432020202020202020
2020202020202020202020202020202020202020
412c204052302020202020202020202020202020
412c205231202020202020202020202020202020
544d4f442c204052312020202020202020202020
2020202020202020202020202020202020202020
4457454c4c5f4455524154494f4e5f5350442c20
2020202020202020202020202020202020202020
2020202020202020202020202020202020202020
412c202333366820202020202020202020202020
2020202020202020202020202020202020202020
412c204052302020202020202020202020202020
4142202020202020202020202020202020202020
4052302c20494520202020202020202020202020
2020202020202020202020202020202020202020
4052312020202020202020202020202020202020
737461636b5f322c202336376820202020202020
2020202020202020202020202020202020202020
2020202020202020202020202020202020202020
52372c2041202020202020202020202020202020
52372c2041202020202020202020202020202020
52372c2041202020202020202020202020202020
52372c2041202020202020202020202020202020
52372c2041202020202020202020202020202020
52362c2050322020202020202020202020202020
2020202020202020202020202020202020202020
412c2040412b4450545220202020202020202020
304637682c204052312020202020202020202020
2020202020202020202020202020202020202020
412c204052312020202020202020202020202020
3042466820202020202020202020202020202020
2020202020202020202020202020202020202020
6c6162656c343037202020202020202020202020
2020202020202020202020202020202020202020
4120202020202020202020202020202020202020
4120202020202020202020202020202020202020
4120202020202020202020202020202020202020
7230362020202020202020202020202020202020
2020202020202020202020202020202020202020
4052312020202020202020202020202020202020
6c6162656c343038202020202020202020202020
2020202020202020202020202020202020202020
544d4f442c204052302020202020202020202020
2020202020202020202020202020202020202020
415558522c205233202020202020202020202020
2020202020202020202020202020202020202020
6c6162656c343039202020202020202020202020
2020202020202020202020202020202020202020
412c204052302020202020202020202020202020
412c205231202020202020202020202020202020
412c205234202020202020202020202020202020
412c205237202020202020202020202020202020
432c20506f72745f322e35202020202020202020
2020202020202020202020202020202020202020
52312c2030414368202020202020202020202020
2020202020202020202020202020202020202020
52372c2049504c31202020202020202020202020
2020202020202020202020202020202020202020
6c6162656c343039202020202020202020202020
2020202020202020202020202020202020202020
2020202020202020202020202020202020202020
6c6162656c343131202020202020202020202020
2020202020202020202020202020202020202020
412c205230202020202020202020202020202020
412c205234202020202020202020202020202020
50314d3120202020202020202020202020202020
2020202020202020202020202020202020202020
52302c206c6162656c3430392020202020202020
2020202020202020202020202020202020202020
412c204044505452202020202020202020202020
4120202020202020202020202020202020202020
412c205231202020202020202020202020202020
4052302020202020202020202020202020202020
4120202020202020202020202020202020202020
4457454c4c5f414e474c452c2052312020202020
2020202020202020202020202020202020202020
412c205237202020202020202020202020202020
5231202020202020202020202020202020202020
4120202020202020202020202020202020202020
6c6162656c343133202020202020202020202020
2020202020202020202020202020202020202020
2020202020202020202020202020202020202020
4052312020202020202020202020202020202020
5230202020202020202020202020202020202020
4120202020202020202020202020202020202020
412c204052302020202020202020202020202020
5235202020202020202020202020202020202020
4120202020202020202020202020202020202020
5236202020202020202020202020202020202020
5236202020202020202020202020202020202020
5232202020202020202020202020202020202020
6c6162656c343134202020202020202020202020
2020202020202020202020202020202020202020
6c6162656c343037202020202020202020202020
2020202020202020202020202020202020202020
4120202020202020202020202020202020202020
4120202020202020202020202020202020202020
7230362020202020202020202020202020202020
2020202020202020202020202020202020202020
4052312020202020202020202020202020202020
412c205232202020202020202020202020202020
4120202020202020202020202020202020202020
412c204052312020202020202020202020202020
6c6162656c343135202020202020202020202020
2020202020202020202020202020202020202020
6c6162656c343136202020202020202020202020
2020202020202020202020202020202020202020
6c6162656c343137202020202020202020202020
2020202020202020202020202020202020202020
6c6162656c343138202020202020202020202020
2020202020202020202020202020202020202020
6c6162656c343139202020202020202020202020
2020202020202020202020202020202020202020
6c6162656c343230202020202020202020202020
2020202020202020202020202020202020202020
6c6162656c343138202020202020202020202020
2020202020202020202020202020202020202020
412c205233202020202020202020202020202020
412c205235202020202020202020202020202020
412c205236202020202020202020202020202020
412c205237202020202020202020202020202020
412c205237202020202020202020202020202020
412c205237202020202020202020202020202020
412c205237202020202020202020202020202020
412c205237202020202020202020202020202020
6c6162656c343231202020202020202020202020
2020202020202020202020202020202020202020
6c6162656c343232202020202020202020202020
2020202020202020202020202020202020202020
6c6162656c343233202020202020202020202020
2020202020202020202020202020202020202020
6c6162656c343139202020202020202020202020
2020202020202020202020202020202020202020
6c6162656c343234202020202020202020202020
2020202020202020202020202020202020202020
2020202020202020202020202020202020202020
7230302c20412020202020202020202020202020
2020202020202020202020202020202020202020
2020202020202020202020202020202020202020
4142202020202020202020202020202020202020
4142202020202020202020202020202020202020
2020202020202020202020202020202020202020
2020202020202020202020202020202020202020
6c6162656c343235202020202020202020202020
2020202020202020202020202020202020202020
5236202020202020202020202020202020202020
5232202020202020202020202020202020202020
4052302020202020202020202020202020202020
4120202020202020202020202020202020202020
432c205458444c616d6264614469616720202020
2020202020202020202020202020202020202020
52342c206c6162656c3432362020202020202020
2020202020202020202020202020202020202020
5230202020202020202020202020202020202020
6c6162656c343237202020202020202020202020
2020202020202020202020202020202020202020
6c6162656c343238202020202020202020202020
2020202020202020202020202020202020202020
5234202020202020202020202020202020202020
6c6162656c343239202020202020202020202020
2020202020202020202020202020202020202020
52342c2023383868202020202020202020202020
2020202020202020202020202020202020202020
432c203530682020202020202020202020202020
2020202020202020202020202020202020202020
412c205230202020202020202020202020202020
52342c2041202020202020202020202020202020
412c205231202020202020202020202020202020
52312c2041202020202020202020202020202020
412c205234202020202020202020202020202020
4120202020202020202020202020202020202020
5230202020202020202020202020202020202020
6c6162656c343330202020202020202020202020
2020202020202020202020202020202020202020
5230202020202020202020202020202020202020
6c6162656c343037202020202020202020202020
2020202020202020202020202020202020202020
6c6162656c343330202020202020202020202020
2020202020202020202020202020202020202020
52312c2041202020202020202020202020202020
52372c2041202020202020202020202020202020
5231202020202020202020202020202020202020
5231202020202020202020202020202020202020
412c202335682020202020202020202020202020
2020202020202020202020202020202020202020
6c6162656c343331202020202020202020202020
2020202020202020202020202020202020202020
412c205236202020202020202020202020202020
4120202020202020202020202020202020202020
4c414d4244415f535445505f554e4348414e4745
2020202020202020202020202020202020202020
2020202020202020202020202020202020202020
4052312020202020202020202020202020202020
52455345525645445f3237482020202020202020
2020202020202020202020202020202020202020
6c6162656c343332202020202020202020202020
2020202020202020202020202020202020202020
2020202020202020202020202020202020202020
4953565f4f4e5f54494d455f4c4f2c2041202020
2020202020202020202020202020202020202020
5231202020202020202020202020202020202020
52372c2041202020202020202020202020202020
412c2040412b4450545220202020202020202020
6c6162656c343333202020202020202020202020
2020202020202020202020202020202020202020
412c205230202020202020202020202020202020
4052312020202020202020202020202020202020
737461636b5f332c205236202020202020202020
2020202020202020202020202020202020202020
4052302020202020202020202020202020202020
412c205233202020202020202020202020202020
3046466820202020202020202020202020202020
2020202020202020202020202020202020202020
2020202020202020202020202020202020202020
5232202020202020202020202020202020202020
5235202020202020202020202020202020202020
5232202020202020202020202020202020202020
412c2023304646682c206c6162656c3433342020
2020202020202020202020202020202020202020
2020202020202020202020202020202020202020
52372c2041202020202020202020202020202020
52372c2041202020202020202020202020202020
52372c2041202020202020202020202020202020
52372c2041202020202020202020202020202020
52372c2041202020202020202020202020202020
52372c2041202020202020202020202020202020
52372c2041202020202020202020202020202020
52372c2041202020202020202020202020202020
52372c2041202020202020202020202020202020
52372c2041202020202020202020202020202020
52372c2041202020202020202020202020202020
52372c2041202020202020202020202020202020
52372c2041202020202020202020202020202020
52372c2041202020202020202020202020202020
52372c2041202020202020202020202020202020
52372c2041202020202020202020202020202020
52372c2041202020202020202020202020202020
52372c2041202020202020202020202020202020
52372c2041202020202020202020202020202020
52302c2023304646682020202020202020202020
2020202020202020202020202020202020202020
412c205448302020202020202020202020202020
2020202020202020202020202020202020202020
412c203046466820202020202020202020202020
2020202020202020202020202020202020202020
412c204052312020202020202020202020202020
6c6162656c343335202020202020202020202020
2020202020202020202020202020202020202020
4120202020202020202020202020202020202020
6c6162656c343336202020202020202020202020
2020202020202020202020202020202020202020
2020202020202020202020202020202020202020
412c205237202020202020202020202020202020
3741682c206c6162656c34333720202020202020
2020202020202020202020202020202020202020
2020202020202020202020202020202020202020
412c205230202020202020202020202020202020
52322c2023323668202020202020202020202020
2020202020202020202020202020202020202020
412c205230202020202020202020202020202020
6c6162656c343338202020202020202020202020
2020202020202020202020202020202020202020
2020202020202020202020202020202020202020
4052302c2041495254454d505f4e544331202020
2020202020202020202020202020202020202020
41495254454d505f4e5443312020202020202020
2020202020202020202020202020202020202020
412c205232202020202020202020202020202020
4120202020202020202020202020202020202020
4052302c20233133682020202020202020202020
2020202020202020202020202020202020202020
412c205230202020202020202020202020202020
4120202020202020202020202020202020202020
432c20434f494c5f53544154455f524546202020
2020202020202020202020202020202020202020
52342c20434f4f4c414e545f4e54433220202020
2020202020202020202020202020202020202020
52342c20233133682c206c6162656c3433392020
2020202020202020202020202020202020202020
2020202020202020202020202020202020202020
4120202020202020202020202020202020202020
412c205234202020202020202020202020202020
4120202020202020202020202020202020202020
4120202020202020202020202020202020202020
4120202020202020202020202020202020202020
52342c206c6162656c3434302020202020202020
2020202020202020202020202020202020202020
412c204052312020202020202020202020202020
4120202020202020202020202020202020202020
412c205237202020202020202020202020202020
4120202020202020202020202020202020202020
412c205233202020202020202020202020202020
737461636b5f4420202020202020202020202020
2020202020202020202020202020202020202020
4120202020202020202020202020202020202020
412c20414c545f524547494f4e5f414443202020
2020202020202020202020202020202020202020
40412b4450545220202020202020202020202020
4120202020202020202020202020202020202020
414c545f524547494f4e5f4144432c2040523020
2020202020202020202020202020202020202020
52455345525645445f3135482c20523420202020
2020202020202020202020202020202020202020
412c205230202020202020202020202020202020
4953565f4f46465f54494d455f4c4f2020202020
2020202020202020202020202020202020202020
737461636b5f3320202020202020202020202020
2020202020202020202020202020202020202020
52455345525645445f3741482020202020202020
2020202020202020202020202020202020202020
4450314c20202020202020202020202020202020
2020202020202020202020202020202020202020
544c302020202020202020202020202020202020
2020202020202020202020202020202020202020
5031202020202020202020202020202020202020
2020202020202020202020202020202020202020
53434f4e20202020202020202020202020202020
2020202020202020202020202020202020202020
4b42462020202020202020202020202020202020
2020202020202020202020202020202020202020
3041436820202020202020202020202020202020
2020202020202020202020202020202020202020
49504c3120202020202020202020202020202020
2020202020202020202020202020202020202020
3042436820202020202020202020202020202020
2020202020202020202020202020202020202020
3044336820202020202020202020202020202020
2020202020202020202020202020202020202020
434341504d312020202020202020202020202020
2020202020202020202020202020202020202020
3045356820202020202020202020202020202020
2020202020202020202020202020202020202020
3045466820202020202020202020202020202020
2020202020202020202020202020202020202020
4348202020202020202020202020202020202020
2020202020202020202020202020202020202020
4052302020202020202020202020202020202020
6c6162656c343431202020202020202020202020
2020202020202020202020202020202020202020
5233202020202020202020202020202020202020
4052302020202020202020202020202020202020
4144435f54505320202020202020202020202020
2020202020202020202020202020202020202020
5237202020202020202020202020202020202020
4052302020202020202020202020202020202020
412c205231202020202020202020202020202020
4052302020202020202020202020202020202020
412c205237202020202020202020202020202020
4052302020202020202020202020202020202020
412c205231202020202020202020202020202020
4052302020202020202020202020202020202020
412c202331366820202020202020202020202020
2020202020202020202020202020202020202020
52322c20233136682c206c6162656c3434322020
2020202020202020202020202020202020202020
2020202020202020202020202020202020202020
5230202020202020202020202020202020202020
412c205234202020202020202020202020202020
4052302020202020202020202020202020202020
52322c2041202020202020202020202020202020
6c6162656c343433202020202020202020202020
2020202020202020202020202020202020202020
2020202020202020202020202020202020202020
6c6162656c343434202020202020202020202020
2020202020202020202020202020202020202020
2020202020202020202020202020202020202020
4120202020202020202020202020202020202020
4052302c20233139682020202020202020202020
2020202020202020202020202020202020202020
52362c20233137682c206c6162656c3434352020
2020202020202020202020202020202020202020
2020202020202020202020202020202020202020
4120202020202020202020202020202020202020
52342c204c414d4244415f535445505f544f5f4c
2020202020202020202020202020202020202020
412c204044505452202020202020202020202020
4052312020202020202020202020202020202020
52302c206c6162656c3434362020202020202020
2020202020202020202020202020202020202020
4120202020202020202020202020202020202020
5231202020202020202020202020202020202020
40445054522c2041202020202020202020202020
4052312020202020202020202020202020202020
412c204044505452202020202020202020202020
5233202020202020202020202020202020202020
5234202020202020202020202020202020202020
5231202020202020202020202020202020202020
52302c2041202020202020202020202020202020
4052312020202020202020202020202020202020
412c205230202020202020202020202020202020
5233202020202020202020202020202020202020
4120202020202020202020202020202020202020
5232202020202020202020202020202020202020
2020202020202020202020202020202020202020
4052312020202020202020202020202020202020
4052302c20412020202020202020202020202020
4120202020202020202020202020202020202020
4c414d4244415f535445505f544f5f4e4f544c45
2020202020202020202020202020202020202020
5236202020202020202020202020202020202020
5230202020202020202020202020202020202020
432c2054494d494e475f524154455f53454c5f4d
2020202020202020202020202020202020202020
412c205230202020202020202020202020202020
5232202020202020202020202020202020202020
52322c20233138682c206c6162656c3434372020
2020202020202020202020202020202020202020
2020202020202020202020202020202020202020
4953565f4f46465f54494d455f4c4f2020202020
2020202020202020202020202020202020202020
5232202020202020202020202020202020202020
412c204052302020202020202020202020202020
5230202020202020202020202020202020202020
52455345525645445f3135482020202020202020
2020202020202020202020202020202020202020
4352414e4b494e475f464c414720202020202020
2020202020202020202020202020202020202020
412c205230202020202020202020202020202020
5230202020202020202020202020202020202020
52322c206c6162656c3434382020202020202020
2020202020202020202020202020202020202020
4320202020202020202020202020202020202020
5232202020202020202020202020202020202020
4052302c20412020202020202020202020202020
5230202020202020202020202020202020202020
412c204052302020202020202020202020202020
4052302020202020202020202020202020202020
412c205237202020202020202020202020202020
5232202020202020202020202020202020202020
52322c2041202020202020202020202020202020
52372c2041202020202020202020202020202020
52372c2041202020202020202020202020202020
52372c2041202020202020202020202020202020
52372c2041202020202020202020202020202020
52372c2041202020202020202020202020202020
52372c2041202020202020202020202020202020
52372c2041202020202020202020202020202020
52372c2041202020202020202020202020202020
52372c2041202020202020202020202020202020
52372c2041202020202020202020202020202020
52372c2041202020202020202020202020202020
52372c2041202020202020202020202020202020
4120202020202020202020202020202020202020
4120202020202020202020202020202020202020
412c205236202020202020202020202020202020
4c4f41445f534d4f4f544845445f4c4f2c204120
2020202020202020202020202020202020202020
412c205230202020202020202020202020202020
6c6162656c343439202020202020202020202020
2020202020202020202020202020202020202020
657831696e742020202020202020202020202020
2020202020202020202020202020202020202020
2020202020202020202020202020202020202020
6c6162656c343531202020202020202020202020
2020202020202020202020202020202020202020
2020202020202020202020202020202020202020
6c6162656c343532202020202020202020202020
2020202020202020202020202020202020202020
4120202020202020202020202020202020202020
5234202020202020202020202020202020202020
4120202020202020202020202020202020202020
4052312020202020202020202020202020202020
5230202020202020202020202020202020202020
5237202020202020202020202020202020202020
5232202020202020202020202020202020202020
412c204c414d4244415f434f52525f4c4f202020
2020202020202020202020202020202020202020
5234202020202020202020202020202020202020
4c414d4244415f454e41424c452c206c6162656c
2020202020202020202020202020202020202020
2020202020202020202020202020202020202020
4052302020202020202020202020202020202020
6c6162656c343534202020202020202020202020
2020202020202020202020202020202020202020
2020202020202020202020202020202020202020
412c202334386820202020202020202020202020
2020202020202020202020202020202020202020
412c205237202020202020202020202020202020
41555852312c2052312020202020202020202020
2020202020202020202020202020202020202020
4320202020202020202020202020202020202020
412c204044505452202020202020202020202020
4052312c20412020202020202020202020202020
52332c2041202020202020202020202020202020
412c204052312020202020202020202020202020
4120202020202020202020202020202020202020
5230202020202020202020202020202020202020
412c205234202020202020202020202020202020
412c205230202020202020202020202020202020
412c204052312020202020202020202020202020
6c6162656c343535202020202020202020202020
2020202020202020202020202020202020202020
5231202020202020202020202020202020202020
6c6162656c343536202020202020202020202020
2020202020202020202020202020202020202020
5234202020202020202020202020202020202020
4120202020202020202020202020202020202020
4120202020202020202020202020202020202020
5230202020202020202020202020202020202020
5230202020202020202020202020202020202020
5230202020202020202020202020202020202020
5230202020202020202020202020202020202020
5230202020202020202020202020202020202020
49474e5f48414c46544f4f54485f434f52522c20
2020202020202020202020202020202020202020
2020202020202020202020202020202020202020
3634682c206c6162656c34353820202020202020
2020202020202020202020202020202020202020
2020202020202020202020202020202020202020
5234202020202020202020202020202020202020
7230422020202020202020202020202020202020
2020202020202020202020202020202020202020
7230362020202020202020202020202020202020
2020202020202020202020202020202020202020
7230412020202020202020202020202020202020
2020202020202020202020202020202020202020
52455345525645445f3231485f332c206c616265
2020202020202020202020202020202020202020
2020202020202020202020202020202020202020
4052302020202020202020202020202020202020
4120202020202020202020202020202020202020
432c204c414d4244415f4e45555452414c5f5048
2020202020202020202020202020202020202020
412c204052302020202020202020202020202020
412c205234202020202020202020202020202020
412c205237202020202020202020202020202020
6c6162656c343630202020202020202020202020
2020202020202020202020202020202020202020
6c6162656c343630202020202020202020202020
2020202020202020202020202020202020202020
6c6162656c343630202020202020202020202020
2020202020202020202020202020202020202020
6c6162656c343630202020202020202020202020
2020202020202020202020202020202020202020
4120202020202020202020202020202020202020
412c204052302020202020202020202020202020
412c205234202020202020202020202020202020
412c205237202020202020202020202020202020
6c6162656c343630202020202020202020202020
2020202020202020202020202020202020202020
6c6162656c343630202020202020202020202020
2020202020202020202020202020202020202020
6c6162656c343630202020202020202020202020
2020202020202020202020202020202020202020
6c6162656c343630202020202020202020202020
2020202020202020202020202020202020202020
4120202020202020202020202020202020202020
412c205232202020202020202020202020202020
6c6162656c343134202020202020202020202020
2020202020202020202020202020202020202020
6c6162656c343631202020202020202020202020
2020202020202020202020202020202020202020
4120202020202020202020202020202020202020
6c6162656c343630202020202020202020202020
2020202020202020202020202020202020202020
6c6162656c343630202020202020202020202020
2020202020202020202020202020202020202020
6c6162656c343632202020202020202020202020
2020202020202020202020202020202020202020
412c205231202020202020202020202020202020
6c6162656c343633202020202020202020202020
2020202020202020202020202020202020202020
6c6162656c343634202020202020202020202020
2020202020202020202020202020202020202020
412c202333316820202020202020202020202020
2020202020202020202020202020202020202020
412c205235202020202020202020202020202020
412c205235202020202020202020202020202020
412c205235202020202020202020202020202020
412c205235202020202020202020202020202020
412c204052312020202020202020202020202020
6c6162656c343635202020202020202020202020
2020202020202020202020202020202020202020
412c202334346820202020202020202020202020
2020202020202020202020202020202020202020
412c205234202020202020202020202020202020
412c205231202020202020202020202020202020
4120202020202020202020202020202020202020
412c205236202020202020202020202020202020
412c205235202020202020202020202020202020
412c205235202020202020202020202020202020
412c205235202020202020202020202020202020
412c205234202020202020202020202020202020
6c6162656c343636202020202020202020202020
2020202020202020202020202020202020202020
4953565f4f46465f54494d455f4c4f2c20233431
2020202020202020202020202020202020202020
2020202020202020202020202020202020202020
412c205233202020202020202020202020202020
412c204052302020202020202020202020202020
412c202332446820202020202020202020202020
2020202020202020202020202020202020202020
412c205231202020202020202020202020202020
412c205231202020202020202020202020202020
6c6162656c343637202020202020202020202020
2020202020202020202020202020202020202020
412c204052312020202020202020202020202020
412c204052312020202020202020202020202020
412c204052312020202020202020202020202020
504f53545f53544152545f454e525f54494d4552
2020202020202020202020202020202020202020
412c204052312020202020202020202020202020
412c202332446820202020202020202020202020
2020202020202020202020202020202020202020
412c205231202020202020202020202020202020
412c205231202020202020202020202020202020
412c204052302020202020202020202020202020
412c205233202020202020202020202020202020
412c205237202020202020202020202020202020
412c205237202020202020202020202020202020
412c205237202020202020202020202020202020
412c205230202020202020202020202020202020
412c2052455345525645445f3430482020202020
2020202020202020202020202020202020202020
412c205231202020202020202020202020202020
6c6162656c343638202020202020202020202020
2020202020202020202020202020202020202020
412c205235202020202020202020202020202020
412c204052302020202020202020202020202020
412c205233202020202020202020202020202020
412c205237202020202020202020202020202020
412c205237202020202020202020202020202020
412c205237202020202020202020202020202020
412c205237202020202020202020202020202020
412c205230202020202020202020202020202020
412c2052455345525645445f3430482020202020
2020202020202020202020202020202020202020
412c205231202020202020202020202020202020
412c204052302020202020202020202020202020
412c202334366820202020202020202020202020
2020202020202020202020202020202020202020
412c205233202020202020202020202020202020
412c205237202020202020202020202020202020
412c205237202020202020202020202020202020
412c205237202020202020202020202020202020
412c205237202020202020202020202020202020
412c205237202020202020202020202020202020
412c205230202020202020202020202020202020
414343454c5f454e525f54494d45522c20412020
2020202020202020202020202020202020202020
412c205231202020202020202020202020202020
412c204052302020202020202020202020202020
412c204052302020202020202020202020202020
412c205233202020202020202020202020202020
412c205237202020202020202020202020202020
412c205237202020202020202020202020202020
412c205237202020202020202020202020202020
412c205237202020202020202020202020202020
412c205237202020202020202020202020202020
412c205230202020202020202020202020202020
412c204c414d4244415f54494d45522020202020
2020202020202020202020202020202020202020
412c205232202020202020202020202020202020
412c204052302020202020202020202020202020
412c204052302020202020202020202020202020
412c205233202020202020202020202020202020
412c205237202020202020202020202020202020
412c205237202020202020202020202020202020
412c205237202020202020202020202020202020
412c205237202020202020202020202020202020
412c205237202020202020202020202020202020
412c205230202020202020202020202020202020
412c204c414d4244415f54494d45522020202020
2020202020202020202020202020202020202020
412c205232202020202020202020202020202020
412c204052302020202020202020202020202020
412c204052312020202020202020202020202020
4352414e4b5f454e525f50484153454f55545f4c
2020202020202020202020202020202020202020
2020202020202020202020202020202020202020
4120202020202020202020202020202020202020
4120202020202020202020202020202020202020
4052312020202020202020202020202020202020
5234202020202020202020202020202020202020
4052312020202020202020202020202020202020
4052302020202020202020202020202020202020
5234202020202020202020202020202020202020
5235202020202020202020202020202020202020
5234202020202020202020202020202020202020
5235202020202020202020202020202020202020
4052312020202020202020202020202020202020
7230362020202020202020202020202020202020
2020202020202020202020202020202020202020
412c202333326820202020202020202020202020
2020202020202020202020202020202020202020
2020202020202020202020202020202020202020
412c205235202020202020202020202020202020
412c204052312020202020202020202020202020
412c204052312020202020202020202020202020
412c204052312020202020202020202020202020
412c205232202020202020202020202020202020
412c205236202020202020202020202020202020
412c205236202020202020202020202020202020
3330682c206c6162656c34373020202020202020
2020202020202020202020202020202020202020
2020202020202020202020202020202020202020
3332682c206c6162656c34373120202020202020
2020202020202020202020202020202020202020
2020202020202020202020202020202020202020
2020202020202020202020202020202020202020
6c6162656c343732202020202020202020202020
2020202020202020202020202020202020202020
2020202020202020202020202020202020202020
4120202020202020202020202020202020202020
6c6162656c343733202020202020202020202020
2020202020202020202020202020202020202020
2020202020202020202020202020202020202020
4120202020202020202020202020202020202020
4120202020202020202020202020202020202020
4120202020202020202020202020202020202020
4120202020202020202020202020202020202020
4120202020202020202020202020202020202020
4052302020202020202020202020202020202020
5237202020202020202020202020202020202020
4655454c5f41444a5f414343554d5f48492c2041
2020202020202020202020202020202020202020
4120202020202020202020202020202020202020
4120202020202020202020202020202020202020
4120202020202020202020202020202020202020
4120202020202020202020202020202020202020
412c204052312020202020202020202020202020
4052312020202020202020202020202020202020
4120202020202020202020202020202020202020
4120202020202020202020202020202020202020
5236202020202020202020202020202020202020
5230202020202020202020202020202020202020
5450535f41545f49444c452c206c6162656c3437
2020202020202020202020202020202020202020
2020202020202020202020202020202020202020
412c205237202020202020202020202020202020
5233202020202020202020202020202020202020
5233202020202020202020202020202020202020
5234202020202020202020202020202020202020
412c205232202020202020202020202020202020
412c205232202020202020202020202020202020
412c204052312020202020202020202020202020
4120202020202020202020202020202020202020
4120202020202020202020202020202020202020
412c205236202020202020202020202020202020
412c205231202020202020202020202020202020
412c205237202020202020202020202020202020
412c204052302020202020202020202020202020
5235202020202020202020202020202020202020
4120202020202020202020202020202020202020
4120202020202020202020202020202020202020
4120202020202020202020202020202020202020
5236202020202020202020202020202020202020
412c205232202020202020202020202020202020
412c205236202020202020202020202020202020
4120202020202020202020202020202020202020
4052302020202020202020202020202020202020
4120202020202020202020202020202020202020
412c204052312020202020202020202020202020
4120202020202020202020202020202020202020
4052312020202020202020202020202020202020
5235202020202020202020202020202020202020
412c205231202020202020202020202020202020
5234202020202020202020202020202020202020
2020202020202020202020202020202020202020
2020202020202020202020202020202020202020
4120202020202020202020202020202020202020
4120202020202020202020202020202020202020
412c205236202020202020202020202020202020
412c204655454c5f41444a5f414343554d5f4849
2020202020202020202020202020202020202020
5233202020202020202020202020202020202020
4120202020202020202020202020202020202020
5235202020202020202020202020202020202020
412c204052312020202020202020202020202020
5234202020202020202020202020202020202020
4120202020202020202020202020202020202020
4120202020202020202020202020202020202020
4120202020202020202020202020202020202020
4120202020202020202020202020202020202020
4120202020202020202020202020202020202020
49474e5f48414c46544f4f54485f434f52522c20
2020202020202020202020202020202020202020
2020202020202020202020202020202020202020
412c204052312020202020202020202020202020
4120202020202020202020202020202020202020
5237202020202020202020202020202020202020
412c205236202020202020202020202020202020
6c6162656c343736202020202020202020202020
2020202020202020202020202020202020202020
5235202020202020202020202020202020202020
5236202020202020202020202020202020202020
5235202020202020202020202020202020202020
5236202020202020202020202020202020202020
5235202020202020202020202020202020202020
4052312020202020202020202020202020202020
5236202020202020202020202020202020202020
5231202020202020202020202020202020202020
5232202020202020202020202020202020202020
4052312020202020202020202020202020202020
4352414e4b5f454e525f50484153454f55545f4c
2020202020202020202020202020202020202020
2020202020202020202020202020202020202020
4052312020202020202020202020202020202020
412c205231202020202020202020202020202020
412c205232202020202020202020202020202020
4052312020202020202020202020202020202020
4352414e4b5f454e525f50484153454f55545f4c
2020202020202020202020202020202020202020
2020202020202020202020202020202020202020
4052312020202020202020202020202020202020
412c205231202020202020202020202020202020
412c205232202020202020202020202020202020
4052312020202020202020202020202020202020
4352414e4b5f454e525f50484153454f55545f4c
2020202020202020202020202020202020202020
2020202020202020202020202020202020202020
4052312020202020202020202020202020202020
6c6162656c343830202020202020202020202020
2020202020202020202020202020202020202020
5231202020202020202020202020202020202020
6c6162656c343831202020202020202020202020
2020202020202020202020202020202020202020
2020202020202020202020202020202020202020
4052312020202020202020202020202020202020
412c205235202020202020202020202020202020
412c2052455345525645445f3144482020202020
2020202020202020202020202020202020202020
4120202020202020202020202020202020202020
4655454c5f52454143545f5452414e535f414354
2020202020202020202020202020202020202020
2020202020202020202020202020202020202020
412c205232202020202020202020202020202020
412c205235202020202020202020202020202020
6c6162656c343833202020202020202020202020
2020202020202020202020202020202020202020
6c6162656c343834202020202020202020202020
2020202020202020202020202020202020202020
2020202020202020202020202020202020202020
412c205232202020202020202020202020202020
6c6162656c343835202020202020202020202020
2020202020202020202020202020202020202020
412c204c414d4244415f434f52525f4c4f202020
2020202020202020202020202020202020202020
5230202020202020202020202020202020202020
5236202020202020202020202020202020202020
412c205232202020202020202020202020202020
6c6162656c343836202020202020202020202020
2020202020202020202020202020202020202020
412c205232202020202020202020202020202020
6c6162656c343837202020202020202020202020
2020202020202020202020202020202020202020
3641682c206c6162656c34383820202020202020
2020202020202020202020202020202020202020
2020202020202020202020202020202020202020
412c205237202020202020202020202020202020
412c205236202020202020202020202020202020
412c202331456820202020202020202020202020
2020202020202020202020202020202020202020
6c6162656c343839202020202020202020202020
2020202020202020202020202020202020202020
2020202020202020202020202020202020202020
412c205232202020202020202020202020202020
412c205236202020202020202020202020202020
412c205235202020202020202020202020202020
4120202020202020202020202020202020202020
5236202020202020202020202020202020202020
412c205232202020202020202020202020202020
412c205232202020202020202020202020202020
412c205232202020202020202020202020202020
412c205232202020202020202020202020202020
4953565f4f46465f54494d455f48492c20233241
2020202020202020202020202020202020202020
2020202020202020202020202020202020202020
412c205232202020202020202020202020202020
412c205232202020202020202020202020202020
412c205232202020202020202020202020202020
412c205232202020202020202020202020202020
412c204052312020202020202020202020202020
412c204052302020202020202020202020202020
4120202020202020202020202020202020202020
4120202020202020202020202020202020202020
4120202020202020202020202020202020202020
412c205230202020202020202020202020202020
4953565f464c4152455f484f4c445f434e542c20
2020202020202020202020202020202020202020
6c6162656c343930202020202020202020202020
2020202020202020202020202020202020202020
2020202020202020202020202020202020202020
4120202020202020202020202020202020202020
737461636b5f3920202020202020202020202020
2020202020202020202020202020202020202020
5231202020202020202020202020202020202020
5236202020202020202020202020202020202020
5236202020202020202020202020202020202020
6c6162656c343931202020202020202020202020
2020202020202020202020202020202020202020
412c202331456820202020202020202020202020
2020202020202020202020202020202020202020
5236202020202020202020202020202020202020
5236202020202020202020202020202020202020
6675656c5f63616c632020202020202020202020
2020202020202020202020202020202020202020
2020202020202020202020202020202020202020
412c205236202020202020202020202020202020
412c205233202020202020202020202020202020
412c205235202020202020202020202020202020
445054522c202338413830682020202020202020
2020202020202020202020202020202020202020
2020202020202020202020202020202020202020
6c6162656c343933202020202020202020202020
2020202020202020202020202020202020202020
4052302020202020202020202020202020202020
49474e5f48414c46544f4f54485f434f52522c20
2020202020202020202020202020202020202020
2020202020202020202020202020202020202020
5230202020202020202020202020202020202020
6c6162656c343935202020202020202020202020
2020202020202020202020202020202020202020
4052302c2052455345525645445f354148202020
2020202020202020202020202020202020202020
4b4c525f545249474745525f434e542c20233046
2020202020202020202020202020202020202020
2020202020202020202020202020202020202020
2020202020202020202020202020202020202020
412c204052312020202020202020202020202020
4120202020202020202020202020202020202020
2020202020202020202020202020202020202020
2020202020202020202020202020202020202020
412c2040412b5043202020202020202020202020
412c205231202020202020202020202020202020
4120202020202020202020202020202020202020
412c205230202020202020202020202020202020
412c205234202020202020202020202020202020
412c202330464668202020202020202020202020
2020202020202020202020202020202020202020
52372c2041202020202020202020202020202020
52372c2041202020202020202020202020202020
52372c2041202020202020202020202020202020
52372c2041202020202020202020202020202020
3046466820202020202020202020202020202020
2020202020202020202020202020202020202020
4320202020202020202020202020202020202020
6c6162656c343936202020202020202020202020
2020202020202020202020202020202020202020
6c6162656c343937202020202020202020202020
2020202020202020202020202020202020202020
2020202020202020202020202020202020202020
52372c2041202020202020202020202020202020
52372c2041202020202020202020202020202020
412c204052312020202020202020202020202020
5234202020202020202020202020202020202020
4120202020202020202020202020202020202020
4120202020202020202020202020202020202020
5230202020202020202020202020202020202020
5230202020202020202020202020202020202020
5230202020202020202020202020202020202020
5230202020202020202020202020202020202020
5230202020202020202020202020202020202020
49474e5f48414c46544f4f54485f434f52522c20
2020202020202020202020202020202020202020
2020202020202020202020202020202020202020
3634682c206c6162656c34393920202020202020
2020202020202020202020202020202020202020
2020202020202020202020202020202020202020
5234202020202020202020202020202020202020
7230422020202020202020202020202020202020
2020202020202020202020202020202020202020
7230362020202020202020202020202020202020
2020202020202020202020202020202020202020
7230412020202020202020202020202020202020
2020202020202020202020202020202020202020
52455345525645445f3231485f332c206c616265
2020202020202020202020202020202020202020
2020202020202020202020202020202020202020
4052302020202020202020202020202020202020
4120202020202020202020202020202020202020
432c20506f72745f302e35202020202020202020
2020202020202020202020202020202020202020
445031482c204450314820202020202020202020
2020202020202020202020202020202020202020
2020202020202020202020202020202020202020
4450314c2c204450314820202020202020202020
2020202020202020202020202020202020202020
2020202020202020202020202020202020202020
412c2040412b5043202020202020202020202020
412c2040412b5043202020202020202020202020
412c2040412b5043202020202020202020202020
412c2040412b5043202020202020202020202020
412c2040412b5043202020202020202020202020
445031482c204450314820202020202020202020
2020202020202020202020202020202020202020
2020202020202020202020202020202020202020
4142202020202020202020202020202020202020
4142202020202020202020202020202020202020
4142202020202020202020202020202020202020
4142202020202020202020202020202020202020
4142202020202020202020202020202020202020
4142202020202020202020202020202020202020
4142202020202020202020202020202020202020
4142202020202020202020202020202020202020
4142202020202020202020202020202020202020
445031482c204450314820202020202020202020
2020202020202020202020202020202020202020
2020202020202020202020202020202020202020
4142202020202020202020202020202020202020
4142202020202020202020202020202020202020
4142202020202020202020202020202020202020
4142202020202020202020202020202020202020
4142202020202020202020202020202020202020
4142202020202020202020202020202020202020
4142202020202020202020202020202020202020
4142202020202020202020202020202020202020
4142202020202020202020202020202020202020
535044522c205350445220202020202020202020
2020202020202020202020202020202020202020
2020202020202020202020202020202020202020
535044522c204052302020202020202020202020
2020202020202020202020202020202020202020
54434f4e2c204052302020202020202020202020
2020202020202020202020202020202020202020
544d4f442c205230202020202020202020202020
2020202020202020202020202020202020202020
544d4f442c205231202020202020202020202020
2020202020202020202020202020202020202020
445031482c205231202020202020202020202020
2020202020202020202020202020202020202020
535044522c204052302020202020202020202020
2020202020202020202020202020202020202020
54434f4e2c204052312020202020202020202020
2020202020202020202020202020202020202020
54434f4e2c205230202020202020202020202020
2020202020202020202020202020202020202020
544d4f442c205230202020202020202020202020
2020202020202020202020202020202020202020
434c4b5245472c20523720202020202020202020
2020202020202020202020202020202020202020
445031482c205237202020202020202020202020
2020202020202020202020202020202020202020
50434f4e2c204052302020202020202020202020
2020202020202020202020202020202020202020
54434f4e2c205230202020202020202020202020
2020202020202020202020202020202020202020
544d4f442c205231202020202020202020202020
2020202020202020202020202020202020202020
544d4f442c205231202020202020202020202020
2020202020202020202020202020202020202020
3935682c20523220202020202020202020202020
2020202020202020202020202020202020202020
412c204450314820202020202020202020202020
2020202020202020202020202020202020202020
54434f4e2c204052302020202020202020202020
2020202020202020202020202020202020202020
54434f4e2c205230202020202020202020202020
2020202020202020202020202020202020202020
544d4f442c205231202020202020202020202020
2020202020202020202020202020202020202020
544c302c20523120202020202020202020202020
2020202020202020202020202020202020202020
3934682c20523420202020202020202020202020
2020202020202020202020202020202020202020
412c202338356820202020202020202020202020
2020202020202020202020202020202020202020
54434f4e2c204052312020202020202020202020
2020202020202020202020202020202020202020
544c302c20523020202020202020202020202020
2020202020202020202020202020202020202020
544c302c20523220202020202020202020202020
2020202020202020202020202020202020202020
544c312c20523220202020202020202020202020
2020202020202020202020202020202020202020
5448312c20523420202020202020202020202020
2020202020202020202020202020202020202020
412c204052302020202020202020202020202020
54434f4e2c2050434f4e20202020202020202020
2020202020202020202020202020202020202020
2020202020202020202020202020202020202020
544c302c20523020202020202020202020202020
2020202020202020202020202020202020202020
544c302c20523220202020202020202020202020
2020202020202020202020202020202020202020
544c312c20523320202020202020202020202020
2020202020202020202020202020202020202020
5448312c20523420202020202020202020202020
2020202020202020202020202020202020202020
412c2040412b4450545220202020202020202020
544d4f442c2050434f4e20202020202020202020
2020202020202020202020202020202020202020
2020202020202020202020202020202020202020
544c312c20523120202020202020202020202020
2020202020202020202020202020202020202020
544c312c20523320202020202020202020202020
2020202020202020202020202020202020202020
544c312c20523320202020202020202020202020
2020202020202020202020202020202020202020
544c312c20523320202020202020202020202020
2020202020202020202020202020202020202020
445031482c205237202020202020202020202020
2020202020202020202020202020202020202020
54434f4e2c204052312020202020202020202020
2020202020202020202020202020202020202020
54434f4e2c205230202020202020202020202020
2020202020202020202020202020202020202020
544d4f442c205231202020202020202020202020
2020202020202020202020202020202020202020
544d4f442c205231202020202020202020202020
2020202020202020202020202020202020202020
544d4f442c205231202020202020202020202020
2020202020202020202020202020202020202020
54434f4e2c205232202020202020202020202020
2020202020202020202020202020202020202020
544c302c20523020202020202020202020202020
2020202020202020202020202020202020202020
544c302c20523220202020202020202020202020
2020202020202020202020202020202020202020
54434f4e2c205231202020202020202020202020
2020202020202020202020202020202020202020
54434f4e2c205230202020202020202020202020
2020202020202020202020202020202020202020
54434f4e2c205230202020202020202020202020
2020202020202020202020202020202020202020
454e47494e455f52504d5f5241572c2052302020
2020202020202020202020202020202020202020
7230322020202020202020202020202020202020
2020202020202020202020202020202020202020
6c6162656c353031202020202020202020202020
2020202020202020202020202020202020202020
2020202020202020202020202020202020202020
5030202020202020202020202020202020202020
2020202020202020202020202020202020202020
412c2040412b5043202020202020202020202020
412c2040412b5043202020202020202020202020
4142202020202020202020202020202020202020
4142202020202020202020202020202020202020
412c204052312020202020202020202020202020
4352414e4b5f454e525f50484153454f55545f4c
2020202020202020202020202020202020202020
2020202020202020202020202020202020202020
4120202020202020202020202020202020202020
4120202020202020202020202020202020202020
4052312020202020202020202020202020202020
5234202020202020202020202020202020202020
4052312020202020202020202020202020202020
4052302020202020202020202020202020202020
5234202020202020202020202020202020202020
5235202020202020202020202020202020202020
5234202020202020202020202020202020202020
5235202020202020202020202020202020202020
4052312020202020202020202020202020202020
7230362020202020202020202020202020202020
2020202020202020202020202020202020202020
412c202338416820202020202020202020202020
2020202020202020202020202020202020202020
3935682c20523720202020202020202020202020
2020202020202020202020202020202020202020
412c204052312020202020202020202020202020
412c205232202020202020202020202020202020
412c205235202020202020202020202020202020
412c205235202020202020202020202020202020
412c205237202020202020202020202020202020
412c205237202020202020202020202020202020
412c205235202020202020202020202020202020
412c205235202020202020202020202020202020
412c205233202020202020202020202020202020
412c205233202020202020202020202020202020
412c205233202020202020202020202020202020
412c205233202020202020202020202020202020
412c205233202020202020202020202020202020
4120202020202020202020202020202020202020
4120202020202020202020202020202020202020
412c205236202020202020202020202020202020
5235202020202020202020202020202020202020
5236202020202020202020202020202020202020
412c205235202020202020202020202020202020
412c205232202020202020202020202020202020
412c205235202020202020202020202020202020
4120202020202020202020202020202020202020
2020202020202020202020202020202020202020
6c6162656c353033202020202020202020202020
2020202020202020202020202020202020202020
2020202020202020202020202020202020202020
5237202020202020202020202020202020202020
5237202020202020202020202020202020202020
412c205237202020202020202020202020202020
2020202020202020202020202020202020202020
412c204052312020202020202020202020202020
412c204052312020202020202020202020202020
412c204052312020202020202020202020202020
4120202020202020202020202020202020202020
4120202020202020202020202020202020202020
412c205232202020202020202020202020202020
5236202020202020202020202020202020202020
6c6162656c353034202020202020202020202020
2020202020202020202020202020202020202020
4052302c20233143682c206c6162656c35303520
2020202020202020202020202020202020202020
2020202020202020202020202020202020202020
5234202020202020202020202020202020202020
4120202020202020202020202020202020202020
6c6162656c353036202020202020202020202020
2020202020202020202020202020202020202020
2020202020202020202020202020202020202020
5237202020202020202020202020202020202020
5237202020202020202020202020202020202020
412c205235202020202020202020202020202020
6c6162656c353037202020202020202020202020
2020202020202020202020202020202020202020
2020202020202020202020202020202020202020
52332c2041202020202020202020202020202020
454e47494e455f52504d5f5241572c2023336820
2020202020202020202020202020202020202020
2020202020202020202020202020202020202020
4120202020202020202020202020202020202020
4120202020202020202020202020202020202020
6c6162656c353038202020202020202020202020
2020202020202020202020202020202020202020
412c205233202020202020202020202020202020
412c2040412b4450545220202020202020202020
6c6162656c343037202020202020202020202020
2020202020202020202020202020202020202020
52455345525645445f3135482c20233544682020
2020202020202020202020202020202020202020
2020202020202020202020202020202020202020
5235202020202020202020202020202020202020
412c204052312020202020202020202020202020
4052302020202020202020202020202020202020
4120202020202020202020202020202020202020
5235202020202020202020202020202020202020
5236202020202020202020202020202020202020
2020202020202020202020202020202020202020
2020202020202020202020202020202020202020
412c205232202020202020202020202020202020
6c6162656c353039202020202020202020202020
2020202020202020202020202020202020202020
6c6162656c353130202020202020202020202020
2020202020202020202020202020202020202020
6c6162656c353131202020202020202020202020
2020202020202020202020202020202020202020
4120202020202020202020202020202020202020
6c6162656c353132202020202020202020202020
2020202020202020202020202020202020202020
2020202020202020202020202020202020202020
2020202020202020202020202020202020202020
52372c2041202020202020202020202020202020
4120202020202020202020202020202020202020
4120202020202020202020202020202020202020
5236202020202020202020202020202020202020
5235202020202020202020202020202020202020
5236202020202020202020202020202020202020
412c205235202020202020202020202020202020
412c204052302020202020202020202020202020
412c204052302020202020202020202020202020
4120202020202020202020202020202020202020
2020202020202020202020202020202020202020
412c204052312020202020202020202020202020
4120202020202020202020202020202020202020
5231202020202020202020202020202020202020
5231202020202020202020202020202020202020
412c204c4f41445f56414c55452c206c6162656c
2020202020202020202020202020202020202020
2020202020202020202020202020202020202020
5236202020202020202020202020202020202020
5236202020202020202020202020202020202020
5236202020202020202020202020202020202020
52362c2023304646682020202020202020202020
2020202020202020202020202020202020202020
52372c2041202020202020202020202020202020
52372c2041202020202020202020202020202020
412c205235202020202020202020202020202020
52372c2041202020202020202020202020202020
52372c2041202020202020202020202020202020
52372c2041202020202020202020202020202020
412c205235202020202020202020202020202020
52372c2041202020202020202020202020202020
52372c2041202020202020202020202020202020
412c205235202020202020202020202020202020
4320202020202020202020202020202020202020
4120202020202020202020202020202020202020
4120202020202020202020202020202020202020
412c205230202020202020202020202020202020
412c205235202020202020202020202020202020
412c2040412b5043202020202020202020202020
412c205233202020202020202020202020202020
412c205234202020202020202020202020202020
2020202020202020202020202020202020202020
4120202020202020202020202020202020202020
4120202020202020202020202020202020202020
5235202020202020202020202020202020202020
49474e5f48414c46544f4f54485f434f52522c20
2020202020202020202020202020202020202020
2020202020202020202020202020202020202020
2020202020202020202020202020202020202020
2020202020202020202020202020202020202020
6c6162656c353135202020202020202020202020
2020202020202020202020202020202020202020
4120202020202020202020202020202020202020
4120202020202020202020202020202020202020
5237202020202020202020202020202020202020
412c205237202020202020202020202020202020
4052302020202020202020202020202020202020
412c205236202020202020202020202020202020
412c205230202020202020202020202020202020
5231202020202020202020202020202020202020
4052312020202020202020202020202020202020
4120202020202020202020202020202020202020
4120202020202020202020202020202020202020
4120202020202020202020202020202020202020
412c205233202020202020202020202020202020
5235202020202020202020202020202020202020
412c204052302020202020202020202020202020
412c205235202020202020202020202020202020
4120202020202020202020202020202020202020
4120202020202020202020202020202020202020
4120202020202020202020202020202020202020
4120202020202020202020202020202020202020
4120202020202020202020202020202020202020
4120202020202020202020202020202020202020
412c205235202020202020202020202020202020
412c204052312020202020202020202020202020
412c205235202020202020202020202020202020
5231202020202020202020202020202020202020
4052312020202020202020202020202020202020
7230332020202020202020202020202020202020
2020202020202020202020202020202020202020
4120202020202020202020202020202020202020
6c6162656c353136202020202020202020202020
2020202020202020202020202020202020202020
2020202020202020202020202020202020202020
40445054522c2041202020202020202020202020
6c6162656c353031202020202020202020202020
2020202020202020202020202020202020202020
2020202020202020202020202020202020202020
6c6162656c343439202020202020202020202020
2020202020202020202020202020202020202020
4120202020202020202020202020202020202020
6c6162656c353137202020202020202020202020
2020202020202020202020202020202020202020
2020202020202020202020202020202020202020
4052312c20412020202020202020202020202020
6c6162656c353138202020202020202020202020
2020202020202020202020202020202020202020
2020202020202020202020202020202020202020
4953565f494e545f424c4f434b5f504f532c206c
2020202020202020202020202020202020202020
2020202020202020202020202020202020202020
6d61696e5f636f6e745f6a6d7020202020202020
2020202020202020202020202020202020202020
4052302020202020202020202020202020202020
40445054522c2041202020202020202020202020
2020202020202020202020202020202020202020
5236202020202020202020202020202020202020
6c6162656c353230202020202020202020202020
2020202020202020202020202020202020202020
412c204052312020202020202020202020202020
4120202020202020202020202020202020202020
6c6162656c353231202020202020202020202020
2020202020202020202020202020202020202020
6c6162656c353232202020202020202020202020
2020202020202020202020202020202020202020
2020202020202020202020202020202020202020
5232202020202020202020202020202020202020
5232202020202020202020202020202020202020
5232202020202020202020202020202020202020
412c204052312020202020202020202020202020
4052302020202020202020202020202020202020
7230352020202020202020202020202020202020
2020202020202020202020202020202020202020
5231202020202020202020202020202020202020
5233202020202020202020202020202020202020
2020202020202020202020202020202020202020
412c205234202020202020202020202020202020
4120202020202020202020202020202020202020
4120202020202020202020202020202020202020
54494d494e475f524154455f53454c5f48494748
2020202020202020202020202020202020202020
2020202020202020202020202020202020202020
412c205235202020202020202020202020202020
52372c2041202020202020202020202020202020
6c6162656c353234202020202020202020202020
2020202020202020202020202020202020202020
4052312020202020202020202020202020202020
52372c2041202020202020202020202020202020
6c6162656c353235202020202020202020202020
2020202020202020202020202020202020202020
4052312020202020202020202020202020202020
52372c2041202020202020202020202020202020
6c6162656c353236202020202020202020202020
2020202020202020202020202020202020202020
4052312020202020202020202020202020202020
52372c2041202020202020202020202020202020
412c205236202020202020202020202020202020
412c205232202020202020202020202020202020
5232202020202020202020202020202020202020
52372c2041202020202020202020202020202020
412c205231202020202020202020202020202020
5444435f434f554e54444f574e2c205231202020
2020202020202020202020202020202020202020
52372c2041202020202020202020202020202020
412c205230202020202020202020202020202020
52322c20233830682c206c6162656c3532372020
2020202020202020202020202020202020202020
2020202020202020202020202020202020202020
4120202020202020202020202020202020202020
412c205235202020202020202020202020202020
5235202020202020202020202020202020202020
412c205232202020202020202020202020202020
412c205236202020202020202020202020202020
412c205230202020202020202020202020202020
5233202020202020202020202020202020202020
4052302020202020202020202020202020202020
4120202020202020202020202020202020202020
412c204052312020202020202020202020202020
4052312020202020202020202020202020202020
5232202020202020202020202020202020202020
5232202020202020202020202020202020202020
5232202020202020202020202020202020202020
5232202020202020202020202020202020202020
4120202020202020202020202020202020202020
5231202020202020202020202020202020202020
412c205234202020202020202020202020202020
412c205231202020202020202020202020202020
4052302020202020202020202020202020202020
5232202020202020202020202020202020202020
5232202020202020202020202020202020202020
5232202020202020202020202020202020202020
4120202020202020202020202020202020202020
4120202020202020202020202020202020202020
412c205234202020202020202020202020202020
4120202020202020202020202020202020202020
4052312020202020202020202020202020202020
5232202020202020202020202020202020202020
5232202020202020202020202020202020202020
5236202020202020202020202020202020202020
5236202020202020202020202020202020202020
5230202020202020202020202020202020202020
5237202020202020202020202020202020202020
6c6162656c353238202020202020202020202020
2020202020202020202020202020202020202020
2020202020202020202020202020202020202020
4052302020202020202020202020202020202020
5234202020202020202020202020202020202020
4120202020202020202020202020202020202020
5230202020202020202020202020202020202020
5235202020202020202020202020202020202020
4120202020202020202020202020202020202020
4120202020202020202020202020202020202020
4120202020202020202020202020202020202020
4c414d4244415f4e45555452414c5f5048415345
2020202020202020202020202020202020202020
2020202020202020202020202020202020202020
412c205235202020202020202020202020202020
412c205235202020202020202020202020202020
5236202020202020202020202020202020202020
4c414d4244415f434f4e445f5045525349535445
2020202020202020202020202020202020202020
2020202020202020202020202020202020202020
412c205235202020202020202020202020202020
412c205235202020202020202020202020202020
412c205230202020202020202020202020202020
412c205230202020202020202020202020202020
412c205235202020202020202020202020202020
412c205235202020202020202020202020202020
412c205235202020202020202020202020202020
412c205235202020202020202020202020202020
412c205230202020202020202020202020202020
412c205230202020202020202020202020202020
412c205235202020202020202020202020202020
412c205235202020202020202020202020202020
412c205235202020202020202020202020202020
412c205235202020202020202020202020202020
412c204052312020202020202020202020202020
4120202020202020202020202020202020202020
5232202020202020202020202020202020202020
5232202020202020202020202020202020202020
5232202020202020202020202020202020202020
412c205231202020202020202020202020202020
412c205231202020202020202020202020202020
4052302020202020202020202020202020202020
5232202020202020202020202020202020202020
5232202020202020202020202020202020202020
5232202020202020202020202020202020202020
4120202020202020202020202020202020202020
4120202020202020202020202020202020202020
412c205234202020202020202020202020202020
412c205230202020202020202020202020202020
412c205234202020202020202020202020202020
412c204052302020202020202020202020202020
6c6162656c353331202020202020202020202020
2020202020202020202020202020202020202020
412c205232202020202020202020202020202020
412c205230202020202020202020202020202020
6c6162656c353332202020202020202020202020
2020202020202020202020202020202020202020
412c205237202020202020202020202020202020
412c205237202020202020202020202020202020
412c205237202020202020202020202020202020
412c202334446820202020202020202020202020
2020202020202020202020202020202020202020
412c202336346820202020202020202020202020
2020202020202020202020202020202020202020
412c202336346820202020202020202020202020
2020202020202020202020202020202020202020
412c205233202020202020202020202020202020
412c202336346820202020202020202020202020
2020202020202020202020202020202020202020
412c202336346820202020202020202020202020
2020202020202020202020202020202020202020
412c202333376820202020202020202020202020
2020202020202020202020202020202020202020
4120202020202020202020202020202020202020
5232202020202020202020202020202020202020
5232202020202020202020202020202020202020
5232202020202020202020202020202020202020
412c205231202020202020202020202020202020
412c205231202020202020202020202020202020
4052302020202020202020202020202020202020
5232202020202020202020202020202020202020
5232202020202020202020202020202020202020
5232202020202020202020202020202020202020
4120202020202020202020202020202020202020
4120202020202020202020202020202020202020
412c205234202020202020202020202020202020
7230352020202020202020202020202020202020
2020202020202020202020202020202020202020
7230352020202020202020202020202020202020
2020202020202020202020202020202020202020
7230352020202020202020202020202020202020
2020202020202020202020202020202020202020
7230352020202020202020202020202020202020
2020202020202020202020202020202020202020
7230352020202020202020202020202020202020
2020202020202020202020202020202020202020
7230352020202020202020202020202020202020
2020202020202020202020202020202020202020
5231202020202020202020202020202020202020
5231202020202020202020202020202020202020
5231202020202020202020202020202020202020
5231202020202020202020202020202020202020
5234202020202020202020202020202020202020
5234202020202020202020202020202020202020
7230382020202020202020202020202020202020
2020202020202020202020202020202020202020
5232202020202020202020202020202020202020
5234202020202020202020202020202020202020
49474e5f48414c46544f4f54485f434f52522c20
2020202020202020202020202020202020202020
2020202020202020202020202020202020202020
5234202020202020202020202020202020202020
5235202020202020202020202020202020202020
4052302020202020202020202020202020202020
4052302020202020202020202020202020202020
5235202020202020202020202020202020202020
5231202020202020202020202020202020202020
5234202020202020202020202020202020202020
5235202020202020202020202020202020202020
5234202020202020202020202020202020202020
4052312020202020202020202020202020202020
4052302020202020202020202020202020202020
4052302020202020202020202020202020202020
412c202330464668202020202020202020202020
2020202020202020202020202020202020202020
52372c2041202020202020202020202020202020
52372c2041202020202020202020202020202020
52372c2041202020202020202020202020202020
52372c2041202020202020202020202020202020
52372c2041202020202020202020202020202020
52372c2041202020202020202020202020202020
52372c2041202020202020202020202020202020
52372c2041202020202020202020202020202020
52372c2041202020202020202020202020202020
52372c2041202020202020202020202020202020
52372c2041202020202020202020202020202020
412c204052312020202020202020202020202020
5234202020202020202020202020202020202020
4120202020202020202020202020202020202020
4120202020202020202020202020202020202020
5230202020202020202020202020202020202020
5230202020202020202020202020202020202020
5230202020202020202020202020202020202020
5230202020202020202020202020202020202020
5230202020202020202020202020202020202020
49474e5f48414c46544f4f54485f434f52522c20
2020202020202020202020202020202020202020
2020202020202020202020202020202020202020
3634682c206c6162656c35333520202020202020
2020202020202020202020202020202020202020
2020202020202020202020202020202020202020
5234202020202020202020202020202020202020
7230422020202020202020202020202020202020
2020202020202020202020202020202020202020
7230362020202020202020202020202020202020
2020202020202020202020202020202020202020
7230412020202020202020202020202020202020
2020202020202020202020202020202020202020
52455345525645445f3231485f332c206c616265
2020202020202020202020202020202020202020
2020202020202020202020202020202020202020
4052302020202020202020202020202020202020
4120202020202020202020202020202020202020
432c204c414d4244415f4e45555452414c5f5048
2020202020202020202020202020202020202020
412c204052302020202020202020202020202020
412c205234202020202020202020202020202020
412c205237202020202020202020202020202020
6c6162656c343630202020202020202020202020
2020202020202020202020202020202020202020
6c6162656c343630202020202020202020202020
2020202020202020202020202020202020202020
6c6162656c343630202020202020202020202020
2020202020202020202020202020202020202020
6c6162656c343630202020202020202020202020
2020202020202020202020202020202020202020
4120202020202020202020202020202020202020
412c204052302020202020202020202020202020
412c205234202020202020202020202020202020
412c205237202020202020202020202020202020
6c6162656c343630202020202020202020202020
2020202020202020202020202020202020202020
6c6162656c343630202020202020202020202020
2020202020202020202020202020202020202020
6c6162656c343630202020202020202020202020
2020202020202020202020202020202020202020
6c6162656c343630202020202020202020202020
2020202020202020202020202020202020202020
4120202020202020202020202020202020202020
412c205232202020202020202020202020202020
6c6162656c343134202020202020202020202020
2020202020202020202020202020202020202020
6c6162656c353337202020202020202020202020
2020202020202020202020202020202020202020
412c204052312020202020202020202020202020
6c6162656c343630202020202020202020202020
2020202020202020202020202020202020202020
6c6162656c343630202020202020202020202020
2020202020202020202020202020202020202020
6c6162656c343632202020202020202020202020
2020202020202020202020202020202020202020
412c205231202020202020202020202020202020
412c202334356820202020202020202020202020
2020202020202020202020202020202020202020
412c205230202020202020202020202020202020
454e47494e455f52504d5f5241572c2041202020
2020202020202020202020202020202020202020
6c6162656c343630202020202020202020202020
2020202020202020202020202020202020202020
6c6162656c343630202020202020202020202020
2020202020202020202020202020202020202020
6c6162656c343536202020202020202020202020
2020202020202020202020202020202020202020
6c6162656c353338202020202020202020202020
2020202020202020202020202020202020202020
412c205237202020202020202020202020202020
412c205237202020202020202020202020202020
412c20504f53545f53544152545f454e525f5449
2020202020202020202020202020202020202020
412c204052312020202020202020202020202020
6c6162656c343630202020202020202020202020
2020202020202020202020202020202020202020
6c6162656c343630202020202020202020202020
2020202020202020202020202020202020202020
412c205234202020202020202020202020202020
4655454c5f50554c53455f4c4f2c202334466820
2020202020202020202020202020202020202020
2020202020202020202020202020202020202020
412c205237202020202020202020202020202020
412c205230202020202020202020202020202020
52455345525645445f3342482c20412020202020
2020202020202020202020202020202020202020
412c2049474e5f414456414e43455f4355522020
2020202020202020202020202020202020202020
412c205235202020202020202020202020202020
412c205235202020202020202020202020202020
6c6162656c353339202020202020202020202020
2020202020202020202020202020202020202020
412c205237202020202020202020202020202020
412c205237202020202020202020202020202020
412c205237202020202020202020202020202020
412c205230202020202020202020202020202020
504f53545f53544152545f454e525f54494d4552
2020202020202020202020202020202020202020
412c202332446820202020202020202020202020
2020202020202020202020202020202020202020
412c205231202020202020202020202020202020
412c205231202020202020202020202020202020
412c204052302020202020202020202020202020
412c205233202020202020202020202020202020
412c205237202020202020202020202020202020
412c205237202020202020202020202020202020
412c205237202020202020202020202020202020
412c205230202020202020202020202020202020
412c204953565f4f4e5f54494d455f4c4f202020
2020202020202020202020202020202020202020
412c205231202020202020202020202020202020
2020202020202020202020202020202020202020
412c205236202020202020202020202020202020
412c205235202020202020202020202020202020
412c204052302020202020202020202020202020
412c205233202020202020202020202020202020
412c205237202020202020202020202020202020
412c205237202020202020202020202020202020
412c205237202020202020202020202020202020
412c205237202020202020202020202020202020
412c205230202020202020202020202020202020
412c2052455345525645445f3430482020202020
2020202020202020202020202020202020202020
412c205231202020202020202020202020202020
412c204052302020202020202020202020202020
412c202334366820202020202020202020202020
2020202020202020202020202020202020202020
412c205233202020202020202020202020202020
412c205237202020202020202020202020202020
412c205237202020202020202020202020202020
412c205237202020202020202020202020202020
412c205237202020202020202020202020202020
412c205237202020202020202020202020202020
412c205230202020202020202020202020202020
414343454c5f454e525f54494d45522c20412020
2020202020202020202020202020202020202020
412c205231202020202020202020202020202020
412c204052302020202020202020202020202020
412c204052302020202020202020202020202020
412c205233202020202020202020202020202020
412c205237202020202020202020202020202020
412c205237202020202020202020202020202020
412c205237202020202020202020202020202020
412c205237202020202020202020202020202020
412c205237202020202020202020202020202020
412c205230202020202020202020202020202020
412c204c414d4244415f54494d45522020202020
2020202020202020202020202020202020202020
412c205232202020202020202020202020202020
412c204052302020202020202020202020202020
412c204052302020202020202020202020202020
412c205233202020202020202020202020202020
412c205237202020202020202020202020202020
412c205237202020202020202020202020202020
412c205237202020202020202020202020202020
412c205237202020202020202020202020202020
412c205237202020202020202020202020202020
412c205230202020202020202020202020202020
412c204c414d4244415f54494d45522020202020
2020202020202020202020202020202020202020
412c205232202020202020202020202020202020
412c204052302020202020202020202020202020
412c204052312020202020202020202020202020
4352414e4b5f454e525f50484153454f55545f4c
2020202020202020202020202020202020202020
2020202020202020202020202020202020202020
4120202020202020202020202020202020202020
4120202020202020202020202020202020202020
4052312020202020202020202020202020202020
5234202020202020202020202020202020202020
4052312020202020202020202020202020202020
4052302020202020202020202020202020202020
5234202020202020202020202020202020202020
5235202020202020202020202020202020202020
5234202020202020202020202020202020202020
5235202020202020202020202020202020202020
4052312020202020202020202020202020202020
7230362020202020202020202020202020202020
2020202020202020202020202020202020202020
412c202333326820202020202020202020202020
2020202020202020202020202020202020202020
2020202020202020202020202020202020202020
412c205235202020202020202020202020202020
412c204052312020202020202020202020202020
412c204052312020202020202020202020202020
412c204052312020202020202020202020202020
412c205232202020202020202020202020202020
412c205236202020202020202020202020202020
412c205236202020202020202020202020202020
3330682c2070756c73655f73796e633120202020
2020202020202020202020202020202020202020
2020202020202020202020202020202020202020
3332682c2070756c73655f73796e633220202020
2020202020202020202020202020202020202020
2020202020202020202020202020202020202020
2020202020202020202020202020202020202020
412c204052312020202020202020202020202020
4052312020202020202020202020202020202020
70756c73655f73796e6333202020202020202020
2020202020202020202020202020202020202020
2020202020202020202020202020202020202020
5230202020202020202020202020202020202020
5450535f41545f49444c452c2070756c73655f73
2020202020202020202020202020202020202020
2020202020202020202020202020202020202020
70756c73655f73796e6335202020202020202020
2020202020202020202020202020202020202020
5233202020202020202020202020202020202020
5234202020202020202020202020202020202020
412c205232202020202020202020202020202020
412c205232202020202020202020202020202020
412c204052312020202020202020202020202020
4120202020202020202020202020202020202020
4120202020202020202020202020202020202020
412c205236202020202020202020202020202020
412c205231202020202020202020202020202020
412c205237202020202020202020202020202020
412c204052302020202020202020202020202020
4120202020202020202020202020202020202020
4120202020202020202020202020202020202020
4120202020202020202020202020202020202020
4120202020202020202020202020202020202020
40412b4450545220202020202020202020202020
412c2052455345525645445f3545482020202020
2020202020202020202020202020202020202020
4120202020202020202020202020202020202020
4120202020202020202020202020202020202020
4120202020202020202020202020202020202020
4120202020202020202020202020202020202020
4052302020202020202020202020202020202020
49474e5f48414c46544f4f54485f434f52522c20
2020202020202020202020202020202020202020
2020202020202020202020202020202020202020
5235202020202020202020202020202020202020
412c2052504d5f4c41475f414343554d20202020
2020202020202020202020202020202020202020
4052302c2052455345525645445f354148202020
2020202020202020202020202020202020202020
52455345525645445f3231482c20233133682020
2020202020202020202020202020202020202020
2020202020202020202020202020202020202020
2020202020202020202020202020202020202020
412c204052312020202020202020202020202020
5234202020202020202020202020202020202020
4120202020202020202020202020202020202020
4120202020202020202020202020202020202020
5230202020202020202020202020202020202020
5230202020202020202020202020202020202020
5230202020202020202020202020202020202020
5230202020202020202020202020202020202020
5230202020202020202020202020202020202020
49474e5f48414c46544f4f54485f434f52522c20
2020202020202020202020202020202020202020
2020202020202020202020202020202020202020
3634682c2070756c73655f73796e633820202020
2020202020202020202020202020202020202020
2020202020202020202020202020202020202020
5234202020202020202020202020202020202020
7230422020202020202020202020202020202020
2020202020202020202020202020202020202020
7230362020202020202020202020202020202020
2020202020202020202020202020202020202020
7230412020202020202020202020202020202020
2020202020202020202020202020202020202020
52455345525645445f3231485f332c2070756c73
2020202020202020202020202020202020202020
2020202020202020202020202020202020202020
4052302020202020202020202020202020202020
4120202020202020202020202020202020202020
432c20506f72745f302e30202020202020202020
2020202020202020202020202020202020202020
6c6162656c353530202020202020202020202020
2020202020202020202020202020202020202020
6c6162656c353531202020202020202020202020
2020202020202020202020202020202020202020
52362c2023374368202020202020202020202020
2020202020202020202020202020202020202020
52342c2023374568202020202020202020202020
2020202020202020202020202020202020202020
52362c2023374568202020202020202020202020
2020202020202020202020202020202020202020
52362c2023383068202020202020202020202020
2020202020202020202020202020202020202020
6c6162656c353532202020202020202020202020
2020202020202020202020202020202020202020
6c6162656c353533202020202020202020202020
2020202020202020202020202020202020202020
52362c2023374368202020202020202020202020
2020202020202020202020202020202020202020
52342c2023374568202020202020202020202020
2020202020202020202020202020202020202020
52362c2023374568202020202020202020202020
2020202020202020202020202020202020202020
52362c2023374368202020202020202020202020
2020202020202020202020202020202020202020
52342c2023374568202020202020202020202020
2020202020202020202020202020202020202020
52362c2023374568202020202020202020202020
2020202020202020202020202020202020202020
52362c2023374468202020202020202020202020
2020202020202020202020202020202020202020
52352c2023374568202020202020202020202020
2020202020202020202020202020202020202020
52362c2023374568202020202020202020202020
2020202020202020202020202020202020202020
52362c2023374368202020202020202020202020
2020202020202020202020202020202020202020
52362c2023374668202020202020202020202020
2020202020202020202020202020202020202020
6c6162656c353534202020202020202020202020
2020202020202020202020202020202020202020
52372c2023383068202020202020202020202020
2020202020202020202020202020202020202020
6c6162656c353535202020202020202020202020
2020202020202020202020202020202020202020
5448302c20523120202020202020202020202020
2020202020202020202020202020202020202020
4953565f464c4152455f484f4c445f434e542c20
2020202020202020202020202020202020202020
52362c2023383068202020202020202020202020
2020202020202020202020202020202020202020
6c6162656c353536202020202020202020202020
2020202020202020202020202020202020202020
432c20506f72745f302e32202020202020202020
2020202020202020202020202020202020202020
432c20506f72745f302e33202020202020202020
2020202020202020202020202020202020202020
434c4b5245472c20523320202020202020202020
2020202020202020202020202020202020202020
4953565f464c4152455f484f4c445f434e542c20
2020202020202020202020202020202020202020
52362c2023383068202020202020202020202020
2020202020202020202020202020202020202020
432c20506f72745f302e32202020202020202020
2020202020202020202020202020202020202020
432c20506f72745f302e32202020202020202020
2020202020202020202020202020202020202020
432c20506f72745f302e33202020202020202020
2020202020202020202020202020202020202020
412c2040412b5043202020202020202020202020
412c203935682020202020202020202020202020
2020202020202020202020202020202020202020
52342c2023374568202020202020202020202020
2020202020202020202020202020202020202020
6c6162656c353537202020202020202020202020
2020202020202020202020202020202020202020
432c20506f72745f302e32202020202020202020
2020202020202020202020202020202020202020
432c20506f72745f302e32202020202020202020
2020202020202020202020202020202020202020
412c2040412b5043202020202020202020202020
3935682c20544831202020202020202020202020
2020202020202020202020202020202020202020
2020202020202020202020202020202020202020
52372c2023383068202020202020202020202020
2020202020202020202020202020202020202020
432c20506f72745f302e33202020202020202020
2020202020202020202020202020202020202020
4142202020202020202020202020202020202020
412c2040412b5043202020202020202020202020
412c2040412b5043202020202020202020202020
412c2040412b5043202020202020202020202020
412c2040412b5043202020202020202020202020
5448312c20405231202020202020202020202020
2020202020202020202020202020202020202020
412c205350202020202020202020202020202020
2020202020202020202020202020202020202020
432c20506f72745f302e33202020202020202020
2020202020202020202020202020202020202020
4142202020202020202020202020202020202020
4142202020202020202020202020202020202020
412c2040412b5043202020202020202020202020
412c2040412b5043202020202020202020202020
412c2040412b5043202020202020202020202020
4142202020202020202020202020202020202020
5448312c20405231202020202020202020202020
2020202020202020202020202020202020202020
412c2040412b4450545220202020202020202020
412c2040412b5043202020202020202020202020
4142202020202020202020202020202020202020
4142202020202020202020202020202020202020
4142202020202020202020202020202020202020
4142202020202020202020202020202020202020
4142202020202020202020202020202020202020
412c2040412b5043202020202020202020202020
4142202020202020202020202020202020202020
4142202020202020202020202020202020202020
5448312c20405231202020202020202020202020
2020202020202020202020202020202020202020
445031482c205235202020202020202020202020
2020202020202020202020202020202020202020
445031482c204450314820202020202020202020
2020202020202020202020202020202020202020
2020202020202020202020202020202020202020
4450314c2c204450314820202020202020202020
2020202020202020202020202020202020202020
2020202020202020202020202020202020202020
4142202020202020202020202020202020202020
4142202020202020202020202020202020202020
544d4f442c204052302020202020202020202020
2020202020202020202020202020202020202020
54434f4e2c205234202020202020202020202020
2020202020202020202020202020202020202020
54434f4e2c205230202020202020202020202020
2020202020202020202020202020202020202020
54434f4e2c205230202020202020202020202020
2020202020202020202020202020202020202020
535044522c204052302020202020202020202020
2020202020202020202020202020202020202020
535044522c204052302020202020202020202020
2020202020202020202020202020202020202020
535044522c204052302020202020202020202020
2020202020202020202020202020202020202020
454e47494e455f52504d5f5241572c2040523120
2020202020202020202020202020202020202020
7230322020202020202020202020202020202020
2020202020202020202020202020202020202020
6c6162656c353031202020202020202020202020
2020202020202020202020202020202020202020
2020202020202020202020202020202020202020
5030202020202020202020202020202020202020
2020202020202020202020202020202020202020
412c2040412b5043202020202020202020202020
412c2040412b5043202020202020202020202020
4142202020202020202020202020202020202020
4142202020202020202020202020202020202020
412c204052312020202020202020202020202020
4352414e4b5f454e525f50484153454f55545f4c
2020202020202020202020202020202020202020
2020202020202020202020202020202020202020
4120202020202020202020202020202020202020
4120202020202020202020202020202020202020
4052312020202020202020202020202020202020
5234202020202020202020202020202020202020
4052312020202020202020202020202020202020
4052302020202020202020202020202020202020
5234202020202020202020202020202020202020
5235202020202020202020202020202020202020
5234202020202020202020202020202020202020
5235202020202020202020202020202020202020
4052312020202020202020202020202020202020
7230362020202020202020202020202020202020
2020202020202020202020202020202020202020
412c202338416820202020202020202020202020
2020202020202020202020202020202020202020
3935682c20523720202020202020202020202020
2020202020202020202020202020202020202020
412c204052312020202020202020202020202020
412c205232202020202020202020202020202020
412c205235202020202020202020202020202020
412c205235202020202020202020202020202020
412c205237202020202020202020202020202020
412c205237202020202020202020202020202020
412c205235202020202020202020202020202020
412c205235202020202020202020202020202020
412c205230202020202020202020202020202020
544c302c20523520202020202020202020202020
2020202020202020202020202020202020202020
544c302c20523220202020202020202020202020
2020202020202020202020202020202020202020
4120202020202020202020202020202020202020
4120202020202020202020202020202020202020
5236202020202020202020202020202020202020
5235202020202020202020202020202020202020
5236202020202020202020202020202020202020
412c205235202020202020202020202020202020
412c204052302020202020202020202020202020
412c204052302020202020202020202020202020
4120202020202020202020202020202020202020
4120202020202020202020202020202020202020
4120202020202020202020202020202020202020
4120202020202020202020202020202020202020
412c205235202020202020202020202020202020
412c205233202020202020202020202020202020
412c205236202020202020202020202020202020
412c205233202020202020202020202020202020
412c205234202020202020202020202020202020
2020202020202020202020202020202020202020
4120202020202020202020202020202020202020
4120202020202020202020202020202020202020
412c205235202020202020202020202020202020
5235202020202020202020202020202020202020
412c205232202020202020202020202020202020
412c205236202020202020202020202020202020
412c205230202020202020202020202020202020
5233202020202020202020202020202020202020
4052302020202020202020202020202020202020
4120202020202020202020202020202020202020
412c204052312020202020202020202020202020
4120202020202020202020202020202020202020
5232202020202020202020202020202020202020
5232202020202020202020202020202020202020
5232202020202020202020202020202020202020
412c205231202020202020202020202020202020
412c205231202020202020202020202020202020
4052302020202020202020202020202020202020
5232202020202020202020202020202020202020
5232202020202020202020202020202020202020
5232202020202020202020202020202020202020
4120202020202020202020202020202020202020
4120202020202020202020202020202020202020
412c205234202020202020202020202020202020
5232202020202020202020202020202020202020
5232202020202020202020202020202020202020
5232202020202020202020202020202020202020
5234202020202020202020202020202020202020
5237202020202020202020202020202020202020
5237202020202020202020202020202020202020
5232202020202020202020202020202020202020
5232202020202020202020202020202020202020
6c6162656c353539202020202020202020202020
2020202020202020202020202020202020202020
2020202020202020202020202020202020202020
5231202020202020202020202020202020202020
5237202020202020202020202020202020202020
4052302020202020202020202020202020202020
5231202020202020202020202020202020202020
5235202020202020202020202020202020202020
5235202020202020202020202020202020202020
5235202020202020202020202020202020202020
5237202020202020202020202020202020202020
5231202020202020202020202020202020202020
5236202020202020202020202020202020202020
6c6162656c353630202020202020202020202020
2020202020202020202020202020202020202020
6c6162656c353631202020202020202020202020
2020202020202020202020202020202020202020
5234202020202020202020202020202020202020
4120202020202020202020202020202020202020
4120202020202020202020202020202020202020
5230202020202020202020202020202020202020
5230202020202020202020202020202020202020
5230202020202020202020202020202020202020
5230202020202020202020202020202020202020
5230202020202020202020202020202020202020
49474e5f48414c46544f4f54485f434f52522c20
2020202020202020202020202020202020202020
2020202020202020202020202020202020202020
3634682c206c6162656c35363320202020202020
2020202020202020202020202020202020202020
2020202020202020202020202020202020202020
5234202020202020202020202020202020202020
7230422020202020202020202020202020202020
2020202020202020202020202020202020202020
7230362020202020202020202020202020202020
2020202020202020202020202020202020202020
7230412020202020202020202020202020202020
2020202020202020202020202020202020202020
52455345525645445f3231485f332c206c616265
2020202020202020202020202020202020202020
2020202020202020202020202020202020202020
4052302020202020202020202020202020202020
4120202020202020202020202020202020202020
432c204c414d4244415f4e45555452414c5f5048
2020202020202020202020202020202020202020
412c204052302020202020202020202020202020
412c205234202020202020202020202020202020
412c205237202020202020202020202020202020
6c6162656c353635202020202020202020202020
2020202020202020202020202020202020202020
6c6162656c353635202020202020202020202020
2020202020202020202020202020202020202020
6c6162656c353635202020202020202020202020
2020202020202020202020202020202020202020
6c6162656c353635202020202020202020202020
2020202020202020202020202020202020202020
4120202020202020202020202020202020202020
412c204052302020202020202020202020202020
412c205233202020202020202020202020202020
412c205233202020202020202020202020202020
412c205233202020202020202020202020202020
412c205233202020202020202020202020202020
412c205233202020202020202020202020202020
412c205233202020202020202020202020202020
412c205233202020202020202020202020202020
6c6162656c353635202020202020202020202020
2020202020202020202020202020202020202020
6c6162656c353636202020202020202020202020
2020202020202020202020202020202020202020
412c205232202020202020202020202020202020
412c205233202020202020202020202020202020
412c205234202020202020202020202020202020
412c205234202020202020202020202020202020
412c205234202020202020202020202020202020
412c205231202020202020202020202020202020
412c205231202020202020202020202020202020
412c205231202020202020202020202020202020
6c6162656c353635202020202020202020202020
2020202020202020202020202020202020202020
6c6162656c353637202020202020202020202020
2020202020202020202020202020202020202020
2020202020202020202020202020202020202020
6c6162656c353638202020202020202020202020
2020202020202020202020202020202020202020
412c205234202020202020202020202020202020
412c205234202020202020202020202020202020
412c205231202020202020202020202020202020
412c205231202020202020202020202020202020
412c205231202020202020202020202020202020
6c6162656c353635202020202020202020202020
2020202020202020202020202020202020202020
6c6162656c353632202020202020202020202020
2020202020202020202020202020202020202020
2020202020202020202020202020202020202020
6c6162656c353638202020202020202020202020
2020202020202020202020202020202020202020
412c205236202020202020202020202020202020
412c205234202020202020202020202020202020
412c205231202020202020202020202020202020
412c205231202020202020202020202020202020
412c205231202020202020202020202020202020
6c6162656c353635202020202020202020202020
2020202020202020202020202020202020202020
6c6162656c353639202020202020202020202020
2020202020202020202020202020202020202020
412c2049474e5f414456414e43455f4355522020
2020202020202020202020202020202020202020
6c6162656c353638202020202020202020202020
2020202020202020202020202020202020202020
412c205235202020202020202020202020202020
412c205232202020202020202020202020202020
412c205232202020202020202020202020202020
412c205231202020202020202020202020202020
412c205235202020202020202020202020202020
412c205235202020202020202020202020202020
412c205235202020202020202020202020202020
412c205235202020202020202020202020202020
412c204052302020202020202020202020202020
6c6162656c353635202020202020202020202020
2020202020202020202020202020202020202020
412c205237202020202020202020202020202020
412c205237202020202020202020202020202020
412c205236202020202020202020202020202020
412c205235202020202020202020202020202020
412c205231202020202020202020202020202020
412c205231202020202020202020202020202020
412c205231202020202020202020202020202020
412c205231202020202020202020202020202020
6c6162656c353730202020202020202020202020
2020202020202020202020202020202020202020
6c6162656c353731202020202020202020202020
2020202020202020202020202020202020202020
6c6162656c353732202020202020202020202020
2020202020202020202020202020202020202020
412c205231202020202020202020202020202020
412c205231202020202020202020202020202020
412c205231202020202020202020202020202020
2020202020202020202020202020202020202020
412c205236202020202020202020202020202020
412c205235202020202020202020202020202020
412c204052302020202020202020202020202020
412c205233202020202020202020202020202020
412c205237202020202020202020202020202020
412c205237202020202020202020202020202020
412c205237202020202020202020202020202020
412c205237202020202020202020202020202020
412c205230202020202020202020202020202020
412c2052455345525645445f3430482020202020
2020202020202020202020202020202020202020
412c205231202020202020202020202020202020
412c204052302020202020202020202020202020
412c202334366820202020202020202020202020
2020202020202020202020202020202020202020
412c205233202020202020202020202020202020
412c205237202020202020202020202020202020
412c205237202020202020202020202020202020
412c205237202020202020202020202020202020
412c205237202020202020202020202020202020
412c205237202020202020202020202020202020
412c205230202020202020202020202020202020
414343454c5f454e525f54494d45522c20412020
2020202020202020202020202020202020202020
412c205231202020202020202020202020202020
412c204052302020202020202020202020202020
412c204052302020202020202020202020202020
412c205233202020202020202020202020202020
412c205237202020202020202020202020202020
412c205237202020202020202020202020202020
412c205237202020202020202020202020202020
412c205237202020202020202020202020202020
412c205237202020202020202020202020202020
412c205230202020202020202020202020202020
412c204c414d4244415f54494d45522020202020
2020202020202020202020202020202020202020
412c205232202020202020202020202020202020
412c204052302020202020202020202020202020
412c204052302020202020202020202020202020
412c205233202020202020202020202020202020
412c205237202020202020202020202020202020
412c205237202020202020202020202020202020
412c205237202020202020202020202020202020
412c205237202020202020202020202020202020
412c205237202020202020202020202020202020
412c205230202020202020202020202020202020
412c204c414d4244415f54494d45522020202020
2020202020202020202020202020202020202020
412c205232202020202020202020202020202020
412c204052302020202020202020202020202020
412c204052312020202020202020202020202020
4352414e4b5f454e525f50484153454f55545f4c
2020202020202020202020202020202020202020
2020202020202020202020202020202020202020
4120202020202020202020202020202020202020
4120202020202020202020202020202020202020
4052312020202020202020202020202020202020
5234202020202020202020202020202020202020
4052312020202020202020202020202020202020
4052302020202020202020202020202020202020
5234202020202020202020202020202020202020
5235202020202020202020202020202020202020
5234202020202020202020202020202020202020
5235202020202020202020202020202020202020
4052312020202020202020202020202020202020
7230362020202020202020202020202020202020
2020202020202020202020202020202020202020
412c202333326820202020202020202020202020
2020202020202020202020202020202020202020
2020202020202020202020202020202020202020
412c205235202020202020202020202020202020
412c204052312020202020202020202020202020
412c204052312020202020202020202020202020
412c204052312020202020202020202020202020
412c205232202020202020202020202020202020
412c205236202020202020202020202020202020
412c205236202020202020202020202020202020
3330682c206c6162656c35373420202020202020
2020202020202020202020202020202020202020
2020202020202020202020202020202020202020
3332682c206c6162656c35373520202020202020
2020202020202020202020202020202020202020
2020202020202020202020202020202020202020
2020202020202020202020202020202020202020
412c204052312020202020202020202020202020
4052312020202020202020202020202020202020
70756c73655f73796e6333202020202020202020
2020202020202020202020202020202020202020
2020202020202020202020202020202020202020
5230202020202020202020202020202020202020
5450535f41545f49444c452c206c6162656c3537
2020202020202020202020202020202020202020
2020202020202020202020202020202020202020
6c6162656c353737202020202020202020202020
2020202020202020202020202020202020202020
5233202020202020202020202020202020202020
5234202020202020202020202020202020202020
412c205232202020202020202020202020202020
412c205232202020202020202020202020202020
412c204052312020202020202020202020202020
4120202020202020202020202020202020202020
4120202020202020202020202020202020202020
412c205236202020202020202020202020202020
412c205231202020202020202020202020202020
412c205237202020202020202020202020202020
412c204052302020202020202020202020202020
4120202020202020202020202020202020202020
4120202020202020202020202020202020202020
4120202020202020202020202020202020202020
4120202020202020202020202020202020202020
40412b4450545220202020202020202020202020
412c2052455345525645445f3545482020202020
2020202020202020202020202020202020202020
4120202020202020202020202020202020202020
4120202020202020202020202020202020202020
4120202020202020202020202020202020202020
4120202020202020202020202020202020202020
4052302020202020202020202020202020202020
49474e5f48414c46544f4f54485f434f52522c20
2020202020202020202020202020202020202020
2020202020202020202020202020202020202020
5235202020202020202020202020202020202020
412c2052504d5f4c41475f414343554d20202020
2020202020202020202020202020202020202020
4052302c2052455345525645445f354148202020
2020202020202020202020202020202020202020
52455345525645445f3231482c20233133682020
2020202020202020202020202020202020202020
2020202020202020202020202020202020202020
2020202020202020202020202020202020202020
412c204052312020202020202020202020202020
5234202020202020202020202020202020202020
4120202020202020202020202020202020202020
4120202020202020202020202020202020202020
5230202020202020202020202020202020202020
5230202020202020202020202020202020202020
5230202020202020202020202020202020202020
5230202020202020202020202020202020202020
5230202020202020202020202020202020202020
49474e5f48414c46544f4f54485f434f52522c20
2020202020202020202020202020202020202020
2020202020202020202020202020202020202020
3634682c206c6162656c35383020202020202020
2020202020202020202020202020202020202020
2020202020202020202020202020202020202020
5234202020202020202020202020202020202020
7230422020202020202020202020202020202020
2020202020202020202020202020202020202020
7230362020202020202020202020202020202020
2020202020202020202020202020202020202020
7230412020202020202020202020202020202020
2020202020202020202020202020202020202020
52455345525645445f3231485f332c206c616265
2020202020202020202020202020202020202020
2020202020202020202020202020202020202020
4052302020202020202020202020202020202020
4120202020202020202020202020202020202020
432c20506f72745f302e30202020202020202020
2020202020202020202020202020202020202020
6c6162656c353832202020202020202020202020
2020202020202020202020202020202020202020
6c6162656c353833202020202020202020202020
2020202020202020202020202020202020202020
52362c2023374368202020202020202020202020
2020202020202020202020202020202020202020
52342c2023374568202020202020202020202020
2020202020202020202020202020202020202020
52362c2023374568202020202020202020202020
2020202020202020202020202020202020202020
52362c2023383068202020202020202020202020
2020202020202020202020202020202020202020
6c6162656c353834202020202020202020202020
2020202020202020202020202020202020202020
6c6162656c353835202020202020202020202020
2020202020202020202020202020202020202020
52362c2023374368202020202020202020202020
2020202020202020202020202020202020202020
52342c2023374568202020202020202020202020
2020202020202020202020202020202020202020
52362c2023374568202020202020202020202020
2020202020202020202020202020202020202020
52362c2023374368202020202020202020202020
2020202020202020202020202020202020202020
52342c2023374568202020202020202020202020
2020202020202020202020202020202020202020
52362c2023374568202020202020202020202020
2020202020202020202020202020202020202020
52362c2023374468202020202020202020202020
2020202020202020202020202020202020202020
52352c2023374568202020202020202020202020
2020202020202020202020202020202020202020
52362c2023374568202020202020202020202020
2020202020202020202020202020202020202020
52362c2023374368202020202020202020202020
2020202020202020202020202020202020202020
52362c2023374668202020202020202020202020
2020202020202020202020202020202020202020
6c6162656c353836202020202020202020202020
2020202020202020202020202020202020202020
52372c2023383068202020202020202020202020
2020202020202020202020202020202020202020
6c6162656c353837202020202020202020202020
2020202020202020202020202020202020202020
5448302c20523120202020202020202020202020
2020202020202020202020202020202020202020
4953565f464c4152455f484f4c445f434e542c20
2020202020202020202020202020202020202020
52362c2023383068202020202020202020202020
2020202020202020202020202020202020202020
6c6162656c353838202020202020202020202020
2020202020202020202020202020202020202020
432c20506f72745f302e32202020202020202020
2020202020202020202020202020202020202020
432c20506f72745f302e33202020202020202020
2020202020202020202020202020202020202020
434c4b5245472c20523320202020202020202020
2020202020202020202020202020202020202020
4953565f464c4152455f484f4c445f434e542c20
2020202020202020202020202020202020202020
52362c2023383068202020202020202020202020
2020202020202020202020202020202020202020
432c20506f72745f302e32202020202020202020
2020202020202020202020202020202020202020
432c20506f72745f302e32202020202020202020
2020202020202020202020202020202020202020
432c20506f72745f302e33202020202020202020
2020202020202020202020202020202020202020
412c2040412b5043202020202020202020202020
412c203935682020202020202020202020202020
2020202020202020202020202020202020202020
52342c2023374568202020202020202020202020
2020202020202020202020202020202020202020
6c6162656c353537202020202020202020202020
2020202020202020202020202020202020202020
432c20506f72745f302e32202020202020202020
2020202020202020202020202020202020202020
432c20506f72745f302e32202020202020202020
2020202020202020202020202020202020202020
412c2040412b5043202020202020202020202020
3935682c20544831202020202020202020202020
2020202020202020202020202020202020202020
2020202020202020202020202020202020202020
52372c2023383068202020202020202020202020
2020202020202020202020202020202020202020
432c20506f72745f302e33202020202020202020
2020202020202020202020202020202020202020
4142202020202020202020202020202020202020
412c2040412b5043202020202020202020202020
412c2040412b5043202020202020202020202020
412c2040412b5043202020202020202020202020
412c2040412b5043202020202020202020202020
5448312c20405231202020202020202020202020
2020202020202020202020202020202020202020
412c205350202020202020202020202020202020
2020202020202020202020202020202020202020
432c20506f72745f302e33202020202020202020
2020202020202020202020202020202020202020
4142202020202020202020202020202020202020
4142202020202020202020202020202020202020
412c2040412b5043202020202020202020202020
412c2040412b5043202020202020202020202020
412c2040412b5043202020202020202020202020
4142202020202020202020202020202020202020
5448312c20405231202020202020202020202020
2020202020202020202020202020202020202020
412c2040412b4450545220202020202020202020
412c2040412b5043202020202020202020202020
4142202020202020202020202020202020202020
4142202020202020202020202020202020202020
4142202020202020202020202020202020202020
4142202020202020202020202020202020202020
4142202020202020202020202020202020202020
412c2040412b5043202020202020202020202020
4142202020202020202020202020202020202020
4142202020202020202020202020202020202020
5448312c20405231202020202020202020202020
2020202020202020202020202020202020202020
445031482c205235202020202020202020202020
2020202020202020202020202020202020202020
445031482c204450314820202020202020202020
2020202020202020202020202020202020202020
2020202020202020202020202020202020202020
4450314c2c204450314820202020202020202020
2020202020202020202020202020202020202020
2020202020202020202020202020202020202020
4142202020202020202020202020202020202020
4142202020202020202020202020202020202020
544d4f442c204052302020202020202020202020
2020202020202020202020202020202020202020
54434f4e2c205234202020202020202020202020
2020202020202020202020202020202020202020
54434f4e2c205230202020202020202020202020
2020202020202020202020202020202020202020
54434f4e2c205230202020202020202020202020
2020202020202020202020202020202020202020
535044522c204052302020202020202020202020
2020202020202020202020202020202020202020
535044522c204052302020202020202020202020
2020202020202020202020202020202020202020
535044522c204052302020202020202020202020
2020202020202020202020202020202020202020
454e47494e455f52504d5f5241572c2040523120
2020202020202020202020202020202020202020
7230322020202020202020202020202020202020
2020202020202020202020202020202020202020
6c6162656c353031202020202020202020202020
2020202020202020202020202020202020202020
2020202020202020202020202020202020202020
5030202020202020202020202020202020202020
2020202020202020202020202020202020202020
412c2040412b5043202020202020202020202020
412c2040412b5043202020202020202020202020
4142202020202020202020202020202020202020
4142202020202020202020202020202020202020
412c204052312020202020202020202020202020
4352414e4b5f454e525f50484153454f55545f4c
2020202020202020202020202020202020202020
2020202020202020202020202020202020202020
4120202020202020202020202020202020202020
4120202020202020202020202020202020202020
4052312020202020202020202020202020202020
5234202020202020202020202020202020202020
4052312020202020202020202020202020202020
4052302020202020202020202020202020202020
5234202020202020202020202020202020202020
5235202020202020202020202020202020202020
5234202020202020202020202020202020202020
5235202020202020202020202020202020202020
4052312020202020202020202020202020202020
7230362020202020202020202020202020202020
2020202020202020202020202020202020202020
412c202338416820202020202020202020202020
2020202020202020202020202020202020202020
3935682c20523720202020202020202020202020
2020202020202020202020202020202020202020
412c204052312020202020202020202020202020
412c205232202020202020202020202020202020
412c205235202020202020202020202020202020
412c205235202020202020202020202020202020
412c205237202020202020202020202020202020
412c205237202020202020202020202020202020
412c205235202020202020202020202020202020
412c205235202020202020202020202020202020
412c205230202020202020202020202020202020
544c302c20523520202020202020202020202020
2020202020202020202020202020202020202020
544c302c20523220202020202020202020202020
2020202020202020202020202020202020202020
4120202020202020202020202020202020202020
4120202020202020202020202020202020202020
5236202020202020202020202020202020202020
5235202020202020202020202020202020202020
5236202020202020202020202020202020202020
412c205235202020202020202020202020202020
412c204052302020202020202020202020202020
412c204052302020202020202020202020202020
4120202020202020202020202020202020202020
4120202020202020202020202020202020202020
4120202020202020202020202020202020202020
4120202020202020202020202020202020202020
412c205235202020202020202020202020202020
412c205233202020202020202020202020202020
412c205236202020202020202020202020202020
412c205233202020202020202020202020202020
412c205234202020202020202020202020202020
2020202020202020202020202020202020202020
4120202020202020202020202020202020202020
4120202020202020202020202020202020202020
412c205235202020202020202020202020202020
5235202020202020202020202020202020202020
412c205232202020202020202020202020202020
412c205236202020202020202020202020202020
412c205230202020202020202020202020202020
5233202020202020202020202020202020202020
4052302020202020202020202020202020202020
4120202020202020202020202020202020202020
4120202020202020202020202020202020202020
4120202020202020202020202020202020202020
412c205236202020202020202020202020202020
412c205231202020202020202020202020202020
412c205237202020202020202020202020202020
412c204052302020202020202020202020202020
5235202020202020202020202020202020202020
4120202020202020202020202020202020202020
4120202020202020202020202020202020202020
4120202020202020202020202020202020202020
40412b4450545220202020202020202020202020
412c2052455345525645445f3545482020202020
2020202020202020202020202020202020202020
4120202020202020202020202020202020202020
4120202020202020202020202020202020202020
4120202020202020202020202020202020202020
4120202020202020202020202020202020202020
4052302020202020202020202020202020202020
49474e5f48414c46544f4f54485f434f52522c20
2020202020202020202020202020202020202020
2020202020202020202020202020202020202020
5235202020202020202020202020202020202020
412c2052504d5f4c41475f414343554d20202020
2020202020202020202020202020202020202020
4052302c2052455345525645445f354148202020
2020202020202020202020202020202020202020
52455345525645445f3235482c20233136682020
2020202020202020202020202020202020202020
2020202020202020202020202020202020202020
2020202020202020202020202020202020202020
52372c2041202020202020202020202020202020
52372c2041202020202020202020202020202020
52372c2041202020202020202020202020202020
52372c2041202020202020202020202020202020
52372c2041202020202020202020202020202020
52372c2041202020202020202020202020202020
52372c2041202020202020202020202020202020
52372c2041202020202020202020202020202020
52372c2041202020202020202020202020202020
52372c2041202020202020202020202020202020
52372c2041202020202020202020202020202020
52372c2041202020202020202020202020202020
52372c2041202020202020202020202020202020
52372c2041202020202020202020202020202020
4c414d4244415f454e41424c452c206c6162656c
2020202020202020202020202020202020202020
2020202020202020202020202020202020202020
6c6162656c353932202020202020202020202020
2020202020202020202020202020202020202020
2020202020202020202020202020202020202020
646961675f736e617073686f745f6a6d70202020
2020202020202020202020202020202020202020
2020202020202020202020202020202020202020
4c414d4244415f454e41424c452c206c6162656c
2020202020202020202020202020202020202020
2020202020202020202020202020202020202020
6c6162656c353934202020202020202020202020
2020202020202020202020202020202020202020
2020202020202020202020202020202020202020
2020202020202020202020202020202020202020
52372c2072303120202020202020202020202020
2020202020202020202020202020202020202020
52362c2072303020202020202020202020202020
2020202020202020202020202020202020202020
412c202331682020202020202020202020202020
2020202020202020202020202020202020202020
73686966746c6566743234202020202020202020
2020202020202020202020202020202020202020
2020202020202020202020202020202020202020
4953565f434f52525f44424c5f48492c20523720
2020202020202020202020202020202020202020
412c202334316820202020202020202020202020
2020202020202020202020202020202020202020
412c2040412b4450545220202020202020202020
6d756c7438783136202020202020202020202020
2020202020202020202020202020202020202020
2020202020202020202020202020202020202020
412c202334326820202020202020202020202020
2020202020202020202020202020202020202020
412c2040412b4450545220202020202020202020
412c205237202020202020202020202020202020
52372c2041202020202020202020202020202020
412c202330426820202020202020202020202020
2020202020202020202020202020202020202020
412c2040412b4450545220202020202020202020
52302c2041202020202020202020202020202020
412c202330436820202020202020202020202020
2020202020202020202020202020202020202020
412c2040412b4450545220202020202020202020
52312c2041202020202020202020202020202020
6d756c7431367831362020202020202020202020
2020202020202020202020202020202020202020
2020202020202020202020202020202020202020
412c205236202020202020202020202020202020
4120202020202020202020202020202020202020
52302c2041202020202020202020202020202020
412c205237202020202020202020202020202020
4120202020202020202020202020202020202020
52312c2041202020202020202020202020202020
412c202330426820202020202020202020202020
2020202020202020202020202020202020202020
412c2040412b4450545220202020202020202020
52332c2041202020202020202020202020202020
412c202330436820202020202020202020202020
2020202020202020202020202020202020202020
412c2040412b4450545220202020202020202020
52342c2041202020202020202020202020202020
4320202020202020202020202020202020202020
412c205236202020202020202020202020202020
412c205233202020202020202020202020202020
412c205237202020202020202020202020202020
412c205234202020202020202020202020202020
52332c2041202020202020202020202020202020
4541202020202020202020202020202020202020
2020202020202020202020202020202020202020
4953565f4f46465f54494d455f4c4f2c20523720
2020202020202020202020202020202020202020
4953565f4f46465f54494d455f48492c20523320
2020202020202020202020202020202020202020
4953565f4f4e5f54494d455f4c4f2c2052302020
2020202020202020202020202020202020202020
52455345525645445f3433482c20523120202020
2020202020202020202020202020202020202020
4541202020202020202020202020202020202020
2020202020202020202020202020202020202020
2020202020202020202020202020202020202020
412c205231202020202020202020202020202020
4320202020202020202020202020202020202020
412e372c206c6162656c35393520202020202020
2020202020202020202020202020202020202020
2020202020202020202020202020202020202020
4352414e4b494e475f464c41472c206c6162656c
2020202020202020202020202020202020202020
2020202020202020202020202020202020202020
412c202333446820202020202020202020202020
2020202020202020202020202020202020202020
412c2040412b4450545220202020202020202020
4120202020202020202020202020202020202020
412c202338306820202020202020202020202020
2020202020202020202020202020202020202020
412c207230312c206c6162656c35393720202020
2020202020202020202020202020202020202020
2020202020202020202020202020202020202020
6c6162656c353936202020202020202020202020
2020202020202020202020202020202020202020
52312c2041202020202020202020202020202020
4953565f494e545f424c4f434b5f504f53202020
2020202020202020202020202020202020202020
6c6162656c353936202020202020202020202020
2020202020202020202020202020202020202020
412c202333456820202020202020202020202020
2020202020202020202020202020202020202020
412c2040412b4450545220202020202020202020
4120202020202020202020202020202020202020
4120202020202020202020202020202020202020
412c202338306820202020202020202020202020
2020202020202020202020202020202020202020
412c207230312c206c6162656c35393820202020
2020202020202020202020202020202020202020
2020202020202020202020202020202020202020
6c6162656c353936202020202020202020202020
2020202020202020202020202020202020202020
52312c2041202020202020202020202020202020
4953565f494e545f424c4f434b5f4e4547202020
2020202020202020202020202020202020202020
52322c2023353768202020202020202020202020
2020202020202020202020202020202020202020
76617269616e745f6d61705f73656c6563742020
2020202020202020202020202020202020202020
6d61705f6c6f6f6b757020202020202020202020
2020202020202020202020202020202020202020
2020202020202020202020202020202020202020
412c204c4f41445f56414c55452c206c6162656c
2020202020202020202020202020202020202020
2020202020202020202020202020202020202020
6c6162656c363031202020202020202020202020
2020202020202020202020202020202020202020
4953565f494e545f424c4f434b5f4e4547202020
2020202020202020202020202020202020202020
412c205231202020202020202020202020202020
4320202020202020202020202020202020202020
412c202338306820202020202020202020202020
2020202020202020202020202020202020202020
4953565f50574d5f4f56465f5349474e2c204320
2020202020202020202020202020202020202020
52312c2041202020202020202020202020202020
6c6162656c323235202020202020202020202020
2020202020202020202020202020202020202020
2020202020202020202020202020202020202020
445054522c202331313234682020202020202020
2020202020202020202020202020202020202020
2020202020202020202020202020202020202020
6c696e6561725f6c6f6f6b757020202020202020
2020202020202020202020202020202020202020
2020202020202020202020202020202020202020
4120202020202020202020202020202020202020
574f545f464c41472c2043202020202020202020
2020202020202020202020202020202020202020
4120202020202020202020202020202020202020
5450535f41545f49444c452c2043202020202020
2020202020202020202020202020202020202020
6c6162656c313339202020202020202020202020
2020202020202020202020202020202020202020
2020202020202020202020202020202020202020
412c2052455345525645445f3135482020202020
2020202020202020202020202020202020202020
412c20233830682c206c6162656c363032202020
2020202020202020202020202020202020202020
2020202020202020202020202020202020202020
4320202020202020202020202020202020202020
4953565f414c545f504154482c20432020202020
2020202020202020202020202020202020202020
445054522c202331323936682020202020202020
2020202020202020202020202020202020202020
2020202020202020202020202020202020202020
6c696e6561725f6c6f6f6b757020202020202020
2020202020202020202020202020202020202020
2020202020202020202020202020202020202020
4120202020202020202020202020202020202020
414c5449545544455f484947485f464c41472c20
2020202020202020202020202020202020202020
4120202020202020202020202020202020202020
524547494f4e5f434f44452c2043202020202020
2020202020202020202020202020202020202020
2020202020202020202020202020202020202020
2020202020202020202020202020202020202020
2020202020202020202020202020202020202020
524547494f4e5f434f44452c206c6162656c3630
2020202020202020202020202020202020202020
2020202020202020202020202020202020202020
4c414d4244415f454e41424c4520202020202020
2020202020202020202020202020202020202020
6c6162656c363034202020202020202020202020
2020202020202020202020202020202020202020
4c414d4244415f454e41424c4520202020202020
2020202020202020202020202020202020202020
412c202331306820202020202020202020202020
2020202020202020202020202020202020202020
412c2040412b4450545220202020202020202020
4320202020202020202020202020202020202020
412c20454e47494e455f52504d5f524157202020
2020202020202020202020202020202020202020
6c6162656c363035202020202020202020202020
2020202020202020202020202020202020202020
52322c2023336820202020202020202020202020
2020202020202020202020202020202020202020
6d61705f6c6f6f6b757020202020202020202020
2020202020202020202020202020202020202020
2020202020202020202020202020202020202020
4320202020202020202020202020202020202020
412c20454e47494e455f52504d5f524157202020
2020202020202020202020202020202020202020
6c6162656c363036202020202020202020202020
2020202020202020202020202020202020202020
2020202020202020202020202020202020202020
4352414e4b494e475f464c414720202020202020
2020202020202020202020202020202020202020
4c414d4244415f454e41424c452c206c6162656c
2020202020202020202020202020202020202020
2020202020202020202020202020202020202020
412c202336466820202020202020202020202020
2020202020202020202020202020202020202020
412c2040412b4450545220202020202020202020
412c20434f4f4c414e545f4e5443322c206c6162
2020202020202020202020202020202020202020
2020202020202020202020202020202020202020
4320202020202020202020202020202020202020
434f4c445f4352414e4b5f5741524d55505f5345
2020202020202020202020202020202020202020
412c202336446820202020202020202020202020
2020202020202020202020202020202020202020
412c2040412b4450545220202020202020202020
412c20434f4f4c414e545f4e5443322c206c6162
2020202020202020202020202020202020202020
2020202020202020202020202020202020202020
4320202020202020202020202020202020202020
434f4c445f4352414e4b5f4c414d4244415f5345
2020202020202020202020202020202020202020
6c6162656c363130202020202020202020202020
2020202020202020202020202020202020202020
434f4c445f4352414e4b5f4c414d4244415f5345
2020202020202020202020202020202020202020
434f4c445f4352414e4b5f5741524d55505f5345
2020202020202020202020202020202020202020
2020202020202020202020202020202020202020
4352414e4b494e475f464c414720202020202020
2020202020202020202020202020202020202020
2020202020202020202020202020202020202020
52352c2023306820202020202020202020202020
2020202020202020202020202020202020202020
4320202020202020202020202020202020202020
4352414e4b494e475f464c41472c206c6162656c
2020202020202020202020202020202020202020
2020202020202020202020202020202020202020
52322c2023343968202020202020202020202020
2020202020202020202020202020202020202020
69646c655f74656d705f636f7272202020202020
2020202020202020202020202020202020202020
69646c655f74656d705f636f7272202020202020
2020202020202020202020202020202020202020
6c6162656c363133202020202020202020202020
2020202020202020202020202020202020202020
5450535f41545f49444c452c206c6162656c3631
2020202020202020202020202020202020202020
2020202020202020202020202020202020202020
52322c2023346820202020202020202020202020
2020202020202020202020202020202020202020
434f4c445f4352414e4b5f4c414d4244415f5345
2020202020202020202020202020202020202020
2020202020202020202020202020202020202020
76617269616e745f6d61705f73656c6563742020
2020202020202020202020202020202020202020
6c6162656c363136202020202020202020202020
2020202020202020202020202020202020202020
72325f706c757332202020202020202020202020
2020202020202020202020202020202020202020
2020202020202020202020202020202020202020
69646c655f74656d705f636f7272202020202020
2020202020202020202020202020202020202020
52322c2023386820202020202020202020202020
2020202020202020202020202020202020202020
6c6162656c363138202020202020202020202020
2020202020202020202020202020202020202020
574f545f464c41472c206c6162656c3631392020
2020202020202020202020202020202020202020
2020202020202020202020202020202020202020
52322c2023304368202020202020202020202020
2020202020202020202020202020202020202020
69646c655f74656d705f636f7272202020202020
2020202020202020202020202020202020202020
6c6162656c363230202020202020202020202020
2020202020202020202020202020202020202020
52322c2023313268202020202020202020202020
2020202020202020202020202020202020202020
434f4c445f4352414e4b5f4c414d4244415f5345
2020202020202020202020202020202020202020
2020202020202020202020202020202020202020
76617269616e745f6d61705f73656c6563742020
2020202020202020202020202020202020202020
6c6162656c363232202020202020202020202020
2020202020202020202020202020202020202020
72325f706c757332202020202020202020202020
2020202020202020202020202020202020202020
2020202020202020202020202020202020202020
69646c655f74656d705f636f7272202020202020
2020202020202020202020202020202020202020
412c202332306820202020202020202020202020
2020202020202020202020202020202020202020
412c2040412b4450545220202020202020202020
412c204c4f41445f56414c554520202020202020
2020202020202020202020202020202020202020
6c6162656c363230202020202020202020202020
2020202020202020202020202020202020202020
52322c2023354268202020202020202020202020
2020202020202020202020202020202020202020
6c6162656c363138202020202020202020202020
2020202020202020202020202020202020202020
52322c2023304468202020202020202020202020
2020202020202020202020202020202020202020
69646c655f74656d705f636f7272202020202020
2020202020202020202020202020202020202020
574f545f464c41472c206c6162656c3632332020
2020202020202020202020202020202020202020
2020202020202020202020202020202020202020
52322c2023354268202020202020202020202020
2020202020202020202020202020202020202020
445054522c202331313245682020202020202020
2020202020202020202020202020202020202020
2020202020202020202020202020202020202020
6c696e6561725f6c6f6f6b757020202020202020
2020202020202020202020202020202020202020
2020202020202020202020202020202020202020
412e322c206c6162656c36313820202020202020
2020202020202020202020202020202020202020
2020202020202020202020202020202020202020
412c202332316820202020202020202020202020
2020202020202020202020202020202020202020
412c2040412b4450545220202020202020202020
4320202020202020202020202020202020202020
412c20454e47494e455f52504d5f524157202020
2020202020202020202020202020202020202020
6c6162656c363138202020202020202020202020
2020202020202020202020202020202020202020
412c202332326820202020202020202020202020
2020202020202020202020202020202020202020
412c2040412b4450545220202020202020202020
412c205235202020202020202020202020202020
52352c2041202020202020202020202020202020
76617269616e745f6d61705f73656c6563742020
2020202020202020202020202020202020202020
69646c655f74656d705f636f7272202020202020
2020202020202020202020202020202020202020
6c6162656c313534202020202020202020202020
2020202020202020202020202020202020202020
2020202020202020202020202020202020202020
52322c2023343868202020202020202020202020
2020202020202020202020202020202020202020
69646c655f74656d705f636f7272202020202020
2020202020202020202020202020202020202020
52302c2041202020202020202020202020202020
432c20412e372020202020202020202020202020
2020202020202020202020202020202020202020
412c202332336820202020202020202020202020
2020202020202020202020202020202020202020
6c6162656c363234202020202020202020202020
2020202020202020202020202020202020202020
4120202020202020202020202020202020202020
412c2040412b4450545220202020202020202020
52312c2041202020202020202020202020202020
6c6162656c363235202020202020202020202020
2020202020202020202020202020202020202020
412c205230202020202020202020202020202020
4320202020202020202020202020202020202020
412c205230202020202020202020202020202020
6c6162656c363236202020202020202020202020
2020202020202020202020202020202020202020
412c205231202020202020202020202020202020
52352c2041202020202020202020202020202020
412c205235202020202020202020202020202020
432c20412e372020202020202020202020202020
2020202020202020202020202020202020202020
4120202020202020202020202020202020202020
52352c2041202020202020202020202020202020
6c6162656c313538202020202020202020202020
2020202020202020202020202020202020202020
2020202020202020202020202020202020202020
6d61705f6c6f6f6b757020202020202020202020
2020202020202020202020202020202020202020
2020202020202020202020202020202020202020
412c205235202020202020202020202020202020
4320202020202020202020202020202020202020
412c202331346820202020202020202020202020
2020202020202020202020202020202020202020
52352c2041202020202020202020202020202020
2020202020202020202020202020202020202020
4352414e4b494e475f464c41472c206c6162656c
2020202020202020202020202020202020202020
2020202020202020202020202020202020202020
574f545f464c41472c206c6162656c3632372020
2020202020202020202020202020202020202020
2020202020202020202020202020202020202020
4655454c5f4355545f464c41472c206c6162656c
2020202020202020202020202020202020202020
2020202020202020202020202020202020202020
2020202020202020202020202020202020202020
2020202020202020202020202020202020202020
2020202020202020202020202020202020202020
412c202334426820202020202020202020202020
2020202020202020202020202020202020202020
412c2040412b4450545220202020202020202020
412c20454e47494e455f52504d5f5241572c206c
2020202020202020202020202020202020202020
2020202020202020202020202020202020202020
6c6162656c363237202020202020202020202020
2020202020202020202020202020202020202020
412c202334436820202020202020202020202020
2020202020202020202020202020202020202020
412c2040412b4450545220202020202020202020
412c204c4f41445f56414c55452c206c6162656c
2020202020202020202020202020202020202020
2020202020202020202020202020202020202020
6c6162656c363330202020202020202020202020
2020202020202020202020202020202020202020
4c414d4244415f434f4e445f4d45542c206c6162
2020202020202020202020202020202020202020
2020202020202020202020202020202020202020
4c414d4244415f4c4f41445f54494d45525f5255
2020202020202020202020202020202020202020
2020202020202020202020202020202020202020
4c414d4244415f4c4f41445f54494d45525f5255
2020202020202020202020202020202020202020
4c414d4244415f5741544348444f475f41435449
2020202020202020202020202020202020202020
412c202334446820202020202020202020202020
2020202020202020202020202020202020202020
412c2040412b4450545220202020202020202020
4c414d4244415f4c4f41445f54494d45522c2041
2020202020202020202020202020202020202020
412c204c414d4244415f4c4f41445f54494d4552
2020202020202020202020202020202020202020
6c6162656c363237202020202020202020202020
2020202020202020202020202020202020202020
6c6162656c363332202020202020202020202020
2020202020202020202020202020202020202020
4c414d4244415f4c4f41445f54494d45525f5255
2020202020202020202020202020202020202020
434f4c445f4352414e4b5f4c414d4244415f5345
2020202020202020202020202020202020202020
2020202020202020202020202020202020202020
412c202336456820202020202020202020202020
2020202020202020202020202020202020202020
6c6162656c363334202020202020202020202020
2020202020202020202020202020202020202020
412c202334396820202020202020202020202020
2020202020202020202020202020202020202020
5450535f41545f49444c452c206c6162656c3633
2020202020202020202020202020202020202020
2020202020202020202020202020202020202020
412c202334386820202020202020202020202020
2020202020202020202020202020202020202020
412c2040412b4450545220202020202020202020
52322c2041202020202020202020202020202020
4c414d4244415f434f4e445f4d45542c206c6162
2020202020202020202020202020202020202020
2020202020202020202020202020202020202020
412c202334416820202020202020202020202020
2020202020202020202020202020202020202020
412c2040412b4450545220202020202020202020
412c205232202020202020202020202020202020
4320202020202020202020202020202020202020
412c20434f4f4c414e545f4e5443322020202020
2020202020202020202020202020202020202020
4c414d4244415f434f4e445f4d45542c20432020
2020202020202020202020202020202020202020
73617475725f7375622020202020202020202020
2020202020202020202020202020202020202020
2020202020202020202020202020202020202020
6c6162656c363336202020202020202020202020
2020202020202020202020202020202020202020
4c414d4244415f434f4e445f4d45542020202020
2020202020202020202020202020202020202020
6c6162656c323532202020202020202020202020
2020202020202020202020202020202020202020
2020202020202020202020202020202020202020
412c202332682020202020202020202020202020
2020202020202020202020202020202020202020
412c205232202020202020202020202020202020
52322c2041202020202020202020202020202020
2020202020202020202020202020202020202020
52322c2023334568202020202020202020202020
2020202020202020202020202020202020202020
524547494f4e5f434f44452c206c6162656c3633
2020202020202020202020202020202020202020
2020202020202020202020202020202020202020
54302c206c6162656c3633372020202020202020
2020202020202020202020202020202020202020
2020202020202020202020202020202020202020
52322c2023343168202020202020202020202020
2020202020202020202020202020202020202020
6c6162656c323334202020202020202020202020
2020202020202020202020202020202020202020
2020202020202020202020202020202020202020
52372c2041202020202020202020202020202020
445054522c202331313245682020202020202020
2020202020202020202020202020202020202020
2020202020202020202020202020202020202020
6c696e6561725f6c6f6f6b757020202020202020
2020202020202020202020202020202020202020
2020202020202020202020202020202020202020
412e322020202020202020202020202020202020
2020202020202020202020202020202020202020
412c202331426820202020202020202020202020
2020202020202020202020202020202020202020
412c2040412b4450545220202020202020202020
422c204120202020202020202020202020202020
2020202020202020202020202020202020202020
52322c2023324168202020202020202020202020
2020202020202020202020202020202020202020
6d61705f6c6f6f6b757020202020202020202020
2020202020202020202020202020202020202020
2020202020202020202020202020202020202020
4142202020202020202020202020202020202020
52372c2042202020202020202020202020202020
2020202020202020202020202020202020202020
52362c2041202020202020202020202020202020
4655454c5f41444a5f53484946545f434e542c20
2020202020202020202020202020202020202020
2020202020202020202020202020202020202020
414c5449545544455f484947485f464c41472c20
2020202020202020202020202020202020202020
2020202020202020202020202020202020202020
412c202336426820202020202020202020202020
2020202020202020202020202020202020202020
412c2040412b4450545220202020202020202020
6d756c745f523530202020202020202020202020
2020202020202020202020202020202020202020
4352414e4b494e475f464c41472c206c6162656c
2020202020202020202020202020202020202020
2020202020202020202020202020202020202020
52322c2023323868202020202020202020202020
2020202020202020202020202020202020202020
412c202331466820202020202020202020202020
2020202020202020202020202020202020202020
412c2040412b4450545220202020202020202020
412c20434f4f4c414e545f4e5443322c206c6162
2020202020202020202020202020202020202020
2020202020202020202020202020202020202020
6c6162656c363432202020202020202020202020
2020202020202020202020202020202020202020
5232202020202020202020202020202020202020
6d61705f6c6f6f6b757020202020202020202020
2020202020202020202020202020202020202020
2020202020202020202020202020202020202020
504f53545f53544152545f454e525f54494d4552
2020202020202020202020202020202020202020
52322c2023353368202020202020202020202020
2020202020202020202020202020202020202020
6d61705f6c6f6f6b757020202020202020202020
2020202020202020202020202020202020202020
2020202020202020202020202020202020202020
52342c2041202020202020202020202020202020
52332c2023356820202020202020202020202020
2020202020202020202020202020202020202020
52312c2023386820202020202020202020202020
2020202020202020202020202020202020202020
4352414e4b5f454e525f50484153454f55545f4c
2020202020202020202020202020202020202020
2020202020202020202020202020202020202020
6d61705f6c6f6f6b757020202020202020202020
2020202020202020202020202020202020202020
2020202020202020202020202020202020202020
4320202020202020202020202020202020202020
412c20454e47494e455f52504d5f524157202020
2020202020202020202020202020202020202020
6c6162656c363434202020202020202020202020
2020202020202020202020202020202020202020
412c202331416820202020202020202020202020
2020202020202020202020202020202020202020
412c2040412b4450545220202020202020202020
412c20494e4a5f4556454e545f434e5420202020
2020202020202020202020202020202020202020
6c6162656c363435202020202020202020202020
2020202020202020202020202020202020202020
4352414e4b5f454e525f50484153454f55545f4c
2020202020202020202020202020202020202020
494e4a5f4556454e545f434e542c202330682020
2020202020202020202020202020202020202020
2020202020202020202020202020202020202020
52322c2023353568202020202020202020202020
2020202020202020202020202020202020202020
6d61705f6c6f6f6b757020202020202020202020
2020202020202020202020202020202020202020
2020202020202020202020202020202020202020
422c204120202020202020202020202020202020
2020202020202020202020202020202020202020
6d61705f6c6f6f6b757020202020202020202020
2020202020202020202020202020202020202020
2020202020202020202020202020202020202020
4142202020202020202020202020202020202020
412c205234202020202020202020202020202020
412e372c206c6162656c36343620202020202020
2020202020202020202020202020202020202020
2020202020202020202020202020202020202020
4120202020202020202020202020202020202020
412c205231202020202020202020202020202020
4120202020202020202020202020202020202020
412c205231202020202020202020202020202020
5233202020202020202020202020202020202020
6c6162656c363437202020202020202020202020
2020202020202020202020202020202020202020
4142202020202020202020202020202020202020
52342c2042202020202020202020202020202020
2020202020202020202020202020202020202020
412e372c206c6162656c36343520202020202020
2020202020202020202020202020202020202020
2020202020202020202020202020202020202020
5234202020202020202020202020202020202020
412c205234202020202020202020202020202020
412c207230312c206c6162656c36343820202020
2020202020202020202020202020202020202020
2020202020202020202020202020202020202020
6c6162656c363439202020202020202020202020
2020202020202020202020202020202020202020
6d756c7438783136202020202020202020202020
2020202020202020202020202020202020202020
2020202020202020202020202020202020202020
412c204655454c5f41444a5f53484946545f434e
2020202020202020202020202020202020202020
412c205233202020202020202020202020202020
73686966746c6566743234202020202020202020
2020202020202020202020202020202020202020
2020202020202020202020202020202020202020
4655454c5f41444a5f53484946545f434e542c20
2020202020202020202020202020202020202020
6c6162656c363530202020202020202020202020
2020202020202020202020202020202020202020
2020202020202020202020202020202020202020
434f4c445f4352414e4b5f5741524d55505f5345
2020202020202020202020202020202020202020
2020202020202020202020202020202020202020
76617269616e745f6d61705f73656c6563742020
2020202020202020202020202020202020202020
6c6162656c363532202020202020202020202020
2020202020202020202020202020202020202020
72325f706c757332202020202020202020202020
2020202020202020202020202020202020202020
2020202020202020202020202020202020202020
6d61705f6c6f6f6b757020202020202020202020
2020202020202020202020202020202020202020
2020202020202020202020202020202020202020
422c204120202020202020202020202020202020
2020202020202020202020202020202020202020
52322c2023324668202020202020202020202020
2020202020202020202020202020202020202020
5450535f41545f49444c452c206c6162656c3635
2020202020202020202020202020202020202020
2020202020202020202020202020202020202020
5232202020202020202020202020202020202020
6d61705f6c6f6f6b757020202020202020202020
2020202020202020202020202020202020202020
2020202020202020202020202020202020202020
4142202020202020202020202020202020202020
412c204220202020202020202020202020202020
2020202020202020202020202020202020202020
7072657363616c65202020202020202020202020
2020202020202020202020202020202020202020
412c20504f53545f53544152545f454e525f5449
2020202020202020202020202020202020202020
7072657363616c65202020202020202020202020
2020202020202020202020202020202020202020
52322c2023333168202020202020202020202020
2020202020202020202020202020202020202020
5450535f41545f49444c452c206c6162656c3635
2020202020202020202020202020202020202020
2020202020202020202020202020202020202020
52322c2023344268202020202020202020202020
2020202020202020202020202020202020202020
574f545f464c41472c206c6162656c3635352020
2020202020202020202020202020202020202020
2020202020202020202020202020202020202020
52322c2023344668202020202020202020202020
2020202020202020202020202020202020202020
76617269616e745f6d61705f73656c6563742020
2020202020202020202020202020202020202020
6d61705f6c6f6f6b757020202020202020202020
2020202020202020202020202020202020202020
2020202020202020202020202020202020202020
6d756c745f523530202020202020202020202020
2020202020202020202020202020202020202020
6c6162656c313835202020202020202020202020
2020202020202020202020202020202020202020
2020202020202020202020202020202020202020
4655454c5f41444a5f414343554d5f4c4f2c2052
2020202020202020202020202020202020202020
4655454c5f41444a5f414343554d5f48492c2052
2020202020202020202020202020202020202020
6c6162656c313836202020202020202020202020
2020202020202020202020202020202020202020
2020202020202020202020202020202020202020
6c6162656c363536202020202020202020202020
2020202020202020202020202020202020202020
412c202338306820202020202020202020202020
2020202020202020202020202020202020202020
6d756c745f523530202020202020202020202020
2020202020202020202020202020202020202020
4120202020202020202020202020202020202020
4655454c5f41444a5f53484946545f434e542020
2020202020202020202020202020202020202020
6d756c7438783136202020202020202020202020
2020202020202020202020202020202020202020
2020202020202020202020202020202020202020
412c204655454c5f41444a5f53484946545f434e
2020202020202020202020202020202020202020
4120202020202020202020202020202020202020
73686966746c6566743234202020202020202020
2020202020202020202020202020202020202020
2020202020202020202020202020202020202020
4655454c5f41444a5f53484946545f434e542c20
2020202020202020202020202020202020202020
2020202020202020202020202020202020202020
52372c2041202020202020202020202020202020
52372c2041202020202020202020202020202020
52372c2041202020202020202020202020202020
52372c2041202020202020202020202020202020
422c205230202020202020202020202020202020
2020202020202020202020202020202020202020
50322c2023313968202020202020202020202020
2020202020202020202020202020202020202020
2020202020202020202020202020202020202020
52302c2023314268202020202020202020202020
2020202020202020202020202020202020202020
52302c20233142682c206c6162656c3635372020
2020202020202020202020202020202020202020
2020202020202020202020202020202020202020
4630202020202020202020202020202020202020
2020202020202020202020202020202020202020
6c6162656c363538202020202020202020202020
2020202020202020202020202020202020202020
412c204052302020202020202020202020202020
4052302c20412020202020202020202020202020
50322c2023314268202020202020202020202020
2020202020202020202020202020202020202020
2020202020202020202020202020202020202020
52302c2023333168202020202020202020202020
2020202020202020202020202020202020202020
52302c20233331682c206c6162656c3635392020
2020202020202020202020202020202020202020
2020202020202020202020202020202020202020
412c204052302020202020202020202020202020
412c202330416820202020202020202020202020
2020202020202020202020202020202020202020
4120202020202020202020202020202020202020
6c6162656c363630202020202020202020202020
2020202020202020202020202020202020202020
412c204052302020202020202020202020202020
4052302c20412020202020202020202020202020
5032202020202020202020202020202020202020
2020202020202020202020202020202020202020
412c20454e47494e455f52504d5f524157202020
2020202020202020202020202020202020202020
4052302c20412020202020202020202020202020
5032202020202020202020202020202020202020
2020202020202020202020202020202020202020
412c204c4f41445f56414c554520202020202020
2020202020202020202020202020202020202020
4052302c20412020202020202020202020202020
5032202020202020202020202020202020202020
2020202020202020202020202020202020202020
412c2041464d5f52415720202020202020202020
2020202020202020202020202020202020202020
4052302c20412020202020202020202020202020
5032202020202020202020202020202020202020
2020202020202020202020202020202020202020
412c20434f4f4c414e545f4e5443322020202020
2020202020202020202020202020202020202020
4052302c20412020202020202020202020202020
6c6162656c363631202020202020202020202020
2020202020202020202020202020202020202020
50322c2023393868202020202020202020202020
2020202020202020202020202020202020202020
2020202020202020202020202020202020202020
4630202020202020202020202020202020202020
2020202020202020202020202020202020202020
412c202336306820202020202020202020202020
2020202020202020202020202020202020202020
4120202020202020202020202020202020202020
4120202020202020202020202020202020202020
412c204c414d4244415f434f52525f4849202020
2020202020202020202020202020202020202020
4120202020202020202020202020202020202020
4120202020202020202020202020202020202020
52302c2041202020202020202020202020202020
412c204c414d4244415f434f52525f4c4f202020
2020202020202020202020202020202020202020
4120202020202020202020202020202020202020
4120202020202020202020202020202020202020
4120202020202020202020202020202020202020
412c202333682020202020202020202020202020
2020202020202020202020202020202020202020
412c205230202020202020202020202020202020
4052302c20412020202020202020202020202020
46302c206c6162656c3636322020202020202020
2020202020202020202020202020202020202020
2020202020202020202020202020202020202020
52302c2042202020202020202020202020202020
2020202020202020202020202020202020202020
2020202020202020202020202020202020202020
52455345525645445f3238482c20233830682020
2020202020202020202020202020202020202020
2020202020202020202020202020202020202020
52455345525645445f3236482c20233068202020
2020202020202020202020202020202020202020
2020202020202020202020202020202020202020
72616d5f646961675f616464722c202330464668
2020202020202020202020202020202020202020
2020202020202020202020202020202020202020
52455345525645445f3235485f33202020202020
2020202020202020202020202020202020202020
5442382020202020202020202020202020202020
2020202020202020202020202020202020202020
5449202020202020202020202020202020202020
2020202020202020202020202020202020202020
534255462c202330464668202020202020202020
2020202020202020202020202020202020202020
2020202020202020202020202020202020202020
54492c2024202020202020202020202020202020
2020202020202020202020202020202020202020
2020202020202020202020202020202020202020
5442382020202020202020202020202020202020
2020202020202020202020202020202020202020
5249202020202020202020202020202020202020
2020202020202020202020202020202020202020
2020202020202020202020202020202020202020
5458444c616d626461446961672c2073656e645f
2020202020202020202020202020202020202020
2020202020202020202020202020202020202020
2020202020202020202020202020202020202020
5452475f49444c455f464c4152452c2073656e64
2020202020202020202020202020202020202020
2020202020202020202020202020202020202020
2020202020202020202020202020202020202020
52455345525645445f3235485f332c2073656e64
2020202020202020202020202020202020202020
2020202020202020202020202020202020202020
52455345525645445f3235485f33202020202020
2020202020202020202020202020202020202020
52492c2073656e645f646961675f342020202020
2020202020202020202020202020202020202020
2020202020202020202020202020202020202020
5458444c616d6264614469616720202020202020
2020202020202020202020202020202020202020
2020202020202020202020202020202020202020
412c205342554620202020202020202020202020
2020202020202020202020202020202020202020
412c2023304545682c2073656e645f646961675f
2020202020202020202020202020202020202020
2020202020202020202020202020202020202020
5452475f49444c455f464c415245202020202020
2020202020202020202020202020202020202020
5449202020202020202020202020202020202020
2020202020202020202020202020202020202020
534255462c202330464668202020202020202020
2020202020202020202020202020202020202020
2020202020202020202020202020202020202020
54492c2024202020202020202020202020202020
2020202020202020202020202020202020202020
2020202020202020202020202020202020202020
53434f4e2c202330423068202020202020202020
2020202020202020202020202020202020202020
2020202020202020202020202020202020202020
2020202020202020202020202020202020202020
412c205342554620202020202020202020202020
2020202020202020202020202020202020202020
4320202020202020202020202020202020202020
412c202330464668202020202020202020202020
2020202020202020202020202020202020202020
73656e645f646961675f37202020202020202020
2020202020202020202020202020202020202020
5458444c616d6264614469616720202020202020
2020202020202020202020202020202020202020
2020202020202020202020202020202020202020
52492c206c6162656c3636382020202020202020
2020202020202020202020202020202020202020
2020202020202020202020202020202020202020
412c2072616d5f646961675f6164647220202020
2020202020202020202020202020202020202020
4320202020202020202020202020202020202020
412c202330464668202020202020202020202020
2020202020202020202020202020202020202020
73656e645f646961675f37202020202020202020
2020202020202020202020202020202020202020
445054522c202331314441682020202020202020
2020202020202020202020202020202020202020
2020202020202020202020202020202020202020
412c2072616d5f646961675f6164647220202020
2020202020202020202020202020202020202020
412c2040412b4450545220202020202020202020
52312c2041202020202020202020202020202020
4052312c20534255462020202020202020202020
2020202020202020202020202020202020202020
445054522c202331314431682020202020202020
2020202020202020202020202020202020202020
2020202020202020202020202020202020202020
4120202020202020202020202020202020202020
412c2040412b4450545220202020202020202020
646961675f73657269616c5f73656e6420202020
2020202020202020202020202020202020202020
2020202020202020202020202020202020202020
4450545220202020202020202020202020202020
4120202020202020202020202020202020202020
412c2040412b4450545220202020202020202020
646961675f73657269616c5f73656e6420202020
2020202020202020202020202020202020202020
2020202020202020202020202020202020202020
4450545220202020202020202020202020202020
4120202020202020202020202020202020202020
412c2040412b4450545220202020202020202020
646961675f73657269616c5f73656e6420202020
2020202020202020202020202020202020202020
2020202020202020202020202020202020202020
52312c2052455345525645445f37414820202020
2020202020202020202020202020202020202020
5449202020202020202020202020202020202020
2020202020202020202020202020202020202020
412c204052312020202020202020202020202020
534255462c204120202020202020202020202020
2020202020202020202020202020202020202020
54492c2024202020202020202020202020202020
2020202020202020202020202020202020202020
2020202020202020202020202020202020202020
5442382020202020202020202020202020202020
2020202020202020202020202020202020202020
72616d5f646961675f6164647220202020202020
2020202020202020202020202020202020202020
412c2072616d5f646961675f6164647220202020
2020202020202020202020202020202020202020
412c202336682c2073656e645f646961675f3820
2020202020202020202020202020202020202020
2020202020202020202020202020202020202020
72616d5f646961675f616464722c202330464668
2020202020202020202020202020202020202020
2020202020202020202020202020202020202020
412c202330464668202020202020202020202020
2020202020202020202020202020202020202020
73656e645f646961675f39202020202020202020
2020202020202020202020202020202020202020
2020202020202020202020202020202020202020
445054522c202331314434682020202020202020
2020202020202020202020202020202020202020
2020202020202020202020202020202020202020
412c2040412b4450545220202020202020202020
52312c2041202020202020202020202020202020
412c204052312020202020202020202020202020
412c2023304646682c2073656e645f646961675f
2020202020202020202020202020202020202020
2020202020202020202020202020202020202020
412c202330464568202020202020202020202020
2020202020202020202020202020202020202020
5449202020202020202020202020202020202020
2020202020202020202020202020202020202020
534255462c204120202020202020202020202020
2020202020202020202020202020202020202020
54492c2024202020202020202020202020202020
2020202020202020202020202020202020202020
2020202020202020202020202020202020202020
5442382020202020202020202020202020202020
2020202020202020202020202020202020202020
5249202020202020202020202020202020202020
2020202020202020202020202020202020202020
445054522c202331313630682020202020202020
2020202020202020202020202020202020202020
2020202020202020202020202020202020202020
2020202020202020202020202020202020202020
412c2023304646682c206c6162656c3637322020
2020202020202020202020202020202020202020
2020202020202020202020202020202020202020
4655454c5f4355545f464c41472c206c6162656c
2020202020202020202020202020202020202020
2020202020202020202020202020202020202020
4120202020202020202020202020202020202020
6c6162656c363734202020202020202020202020
2020202020202020202020202020202020202020
2020202020202020202020202020202020202020
412c204655454c5f50554c53455f484920202020
2020202020202020202020202020202020202020
432c20412e342020202020202020202020202020
2020202020202020202020202020202020202020
412c202330466820202020202020202020202020
2020202020202020202020202020202020202020
4120202020202020202020202020202020202020
422c204120202020202020202020202020202020
2020202020202020202020202020202020202020
412c204655454c5f50554c53455f4c4f20202020
2020202020202020202020202020202020202020
412c202330463068202020202020202020202020
2020202020202020202020202020202020202020
4120202020202020202020202020202020202020
412c204220202020202020202020202020202020
2020202020202020202020202020202020202020
4120202020202020202020202020202020202020
6c6162656c363734202020202020202020202020
2020202020202020202020202020202020202020
2020202020202020202020202020202020202020
52312c2041202020202020202020202020202020
412c204052312020202020202020202020202020
5449202020202020202020202020202020202020
2020202020202020202020202020202020202020
534255462c204120202020202020202020202020
2020202020202020202020202020202020202020
54492c2024202020202020202020202020202020
2020202020202020202020202020202020202020
2020202020202020202020202020202020202020
2020202020202020202020202020202020202020
5458444c616d626461446961672c206c6162656c
2020202020202020202020202020202020202020
2020202020202020202020202020202020202020
5452475f49444c455f464c4152452c206c616265
2020202020202020202020202020202020202020
2020202020202020202020202020202020202020
412c2052455345525645445f3236482020202020
2020202020202020202020202020202020202020
412c205235202020202020202020202020202020
52352c2041202020202020202020202020202020
69646c655f70775f63616c632020202020202020
2020202020202020202020202020202020202020
5458444c616d626461446961672c206c6162656c
2020202020202020202020202020202020202020
2020202020202020202020202020202020202020
5452475f49444c455f464c4152452c206c616265
2020202020202020202020202020202020202020
2020202020202020202020202020202020202020
412c2052455345525645445f3238482020202020
2020202020202020202020202020202020202020
6d756c745f523530202020202020202020202020
2020202020202020202020202020202020202020
736176655f6675656c5f736574746e6720202020
2020202020202020202020202020202020202020
2020202020202020202020202020202020202020
544d4f442c202331316820202020202020202020
2020202020202020202020202020202020202020
2020202020202020202020202020202020202020
49502c2023326820202020202020202020202020
2020202020202020202020202020202020202020
2020202020202020202020202020202020202020
49452c2023383568202020202020202020202020
2020202020202020202020202020202020202020
2020202020202020202020202020202020202020
54434f4e2c202335682020202020202020202020
2020202020202020202020202020202020202020
2020202020202020202020202020202020202020
445054522c202331313630682020202020202020
2020202020202020202020202020202020202020
2020202020202020202020202020202020202020
53502c2023363368202020202020202020202020
2020202020202020202020202020202020202020
2020202020202020202020202020202020202020
444d4552656c6179202020202020202020202020
2020202020202020202020202020202020202020
52455345525645445f3241482c20412020202020
2020202020202020202020202020202020202020
2020202020202020202020202020202020202020
2020202020202020202020202020202020202020
2020202020202020202020202020202020202020
776169745f32785f696e74312020202020202020
2020202020202020202020202020202020202020
2020202020202020202020202020202020202020
64656c6179313063792020202020202020202020
2020202020202020202020202020202020202020
2020202020202020202020202020202020202020
63616c6c5f72645f6164635f7072632020202020
2020202020202020202020202020202020202020
2020202020202020202020202020202020202020
6765745f74707320202020202020202020202020
2020202020202020202020202020202020202020
2020202020202020202020202020202020202020
63616c6c5f72645f6164635f7072632020202020
2020202020202020202020202020202020202020
2020202020202020202020202020202020202020
72706d69646c6574656d70202020202020202020
2020202020202020202020202020202020202020
2020202020202020202020202020202020202020
64656c6179313063792020202020202020202020
2020202020202020202020202020202020202020
2020202020202020202020202020202020202020
63616c6c5f72645f6164635f7072632020202020
2020202020202020202020202020202020202020
2020202020202020202020202020202020202020
6477656c6c5f616e676c655f63616c6320202020
2020202020202020202020202020202020202020
2020202020202020202020202020202020202020
63616c6c5f72645f6164635f7072632020202020
2020202020202020202020202020202020202020
2020202020202020202020202020202020202020
64656c6179313063792020202020202020202020
2020202020202020202020202020202020202020
2020202020202020202020202020202020202020
636f6c6473746172742020202020202020202020
2020202020202020202020202020202020202020
2020202020202020202020202020202020202020
63616c6c5f72645f6164635f7072632020202020
2020202020202020202020202020202020202020
2020202020202020202020202020202020202020
6a6d705f6164765f6f7574202020202020202020
2020202020202020202020202020202020202020
2020202020202020202020202020202020202020
535441525455505f464c41472c206d61696e5f6c
2020202020202020202020202020202020202020
2020202020202020202020202020202020202020
7265665f726573796e6320202020202020202020
2020202020202020202020202020202020202020
2020202020202020202020202020202020202020
66696e616c5f6c6f61645f72706d202020202020
2020202020202020202020202020202020202020
2020202020202020202020202020202020202020
2020202020202020202020202020202020202020
54696d6531466c61674c6f7749646c652c206c61
2020202020202020202020202020202020202020
2020202020202020202020202020202020202020
2020202020202020202020202020202020202020
726561645f6164635f70726f6320202020202020
2020202020202020202020202020202020202020
2020202020202020202020202020202020202020
4352414e4b494e475f464c41472c206c6162656c
2020202020202020202020202020202020202020
2020202020202020202020202020202020202020
5450535f41545f49444c452c206c6162656c3638
2020202020202020202020202020202020202020
2020202020202020202020202020202020202020
4320202020202020202020202020202020202020
412c2041464d5f52415720202020202020202020
2020202020202020202020202020202020202020
412c2041464d5f484953545f3320202020202020
2020202020202020202020202020202020202020
6c6162656c363832202020202020202020202020
2020202020202020202020202020202020202020
7230332c20412020202020202020202020202020
2020202020202020202020202020202020202020
412c202333376820202020202020202020202020
2020202020202020202020202020202020202020
412c2040412b4450545220202020202020202020
4320202020202020202020202020202020202020
412c20454e47494e455f52504d5f524157202020
2020202020202020202020202020202020202020
6c6162656c363833202020202020202020202020
2020202020202020202020202020202020202020
422c202330682020202020202020202020202020
2020202020202020202020202020202020202020
2020202020202020202020202020202020202020
6c6162656c363834202020202020202020202020
2020202020202020202020202020202020202020
52322c2023314368202020202020202020202020
2020202020202020202020202020202020202020
6d61705f6c6f6f6b757020202020202020202020
2020202020202020202020202020202020202020
2020202020202020202020202020202020202020
422c204120202020202020202020202020202020
2020202020202020202020202020202020202020
76617269616e745f6d61705f73656c6563742020
2020202020202020202020202020202020202020
6d61705f6c6f6f6b757020202020202020202020
2020202020202020202020202020202020202020
2020202020202020202020202020202020202020
4142202020202020202020202020202020202020
414343454c5f50554d505f53484f545f4c415443
2020202020202020202020202020202020202020
2020202020202020202020202020202020202020
414343454c5f454e525f4c4f5752504d2c204220
2020202020202020202020202020202020202020
2020202020202020202020202020202020202020
52322c2023323168202020202020202020202020
2020202020202020202020202020202020202020
6d61705f6c6f6f6b757020202020202020202020
2020202020202020202020202020202020202020
2020202020202020202020202020202020202020
6c6162656c363832202020202020202020202020
2020202020202020202020202020202020202020
422c204120202020202020202020202020202020
2020202020202020202020202020202020202020
412c20414343454c5f454e525f4c4f5752504d20
2020202020202020202020202020202020202020
6c6162656c363836202020202020202020202020
2020202020202020202020202020202020202020
414343454c5f50554d505f53484f545f4c415443
2020202020202020202020202020202020202020
76617269616e745f6d61705f73656c6563742020
2020202020202020202020202020202020202020
6d61705f6c6f6f6b757020202020202020202020
2020202020202020202020202020202020202020
2020202020202020202020202020202020202020
4142202020202020202020202020202020202020
52322c2023323668202020202020202020202020
2020202020202020202020202020202020202020
6d61705f6c6f6f6b757020202020202020202020
2020202020202020202020202020202020202020
2020202020202020202020202020202020202020
4142202020202020202020202020202020202020
412c204220202020202020202020202020202020
2020202020202020202020202020202020202020
412c20414343454c5f454e525f54494d45522c20
2020202020202020202020202020202020202020
2020202020202020202020202020202020202020
6c6162656c363832202020202020202020202020
2020202020202020202020202020202020202020
414343454c5f454e525f54494d45522c20412020
2020202020202020202020202020202020202020
41464d5f484953545f332c2041464d5f48495354
2020202020202020202020202020202020202020
2020202020202020202020202020202020202020
41464d5f484953545f322c2041464d5f48495354
2020202020202020202020202020202020202020
2020202020202020202020202020202020202020
41464d5f484953545f312c2041464d5f52415720
2020202020202020202020202020202020202020
2020202020202020202020202020202020202020
412c20414343454c5f454e525f54494d45522020
2020202020202020202020202020202020202020
7072657363616c65202020202020202020202020
2020202020202020202020202020202020202020
2020202020202020202020202020202020202020
6c6162656c313033202020202020202020202020
2020202020202020202020202020202020202020
2020202020202020202020202020202020202020
4120202020202020202020202020202020202020
432c205430202020202020202020202020202020
2020202020202020202020202020202020202020
4120202020202020202020202020202020202020
432c20524547494f4e5f434f4445202020202020
2020202020202020202020202020202020202020
6c6162656c363838202020202020202020202020
2020202020202020202020202020202020202020
4120202020202020202020202020202020202020
412c205232202020202020202020202020202020
52322c2041202020202020202020202020202020
2020202020202020202020202020202020202020
2020202020202020202020202020202020202020