3078303234652020202020202020202020202020
2020202020202020202020202020202020202020
2020202020202020202020202020202020202020
307838382e33205b307838625d20202020202020
2020202020202020202020202020202020202020
3078303166302020202020202020202020202020
2020202020202020202020202020202020202020
52372c2041202020202020202020202020202020
52372c2041202020202020202020202020202020
52372c2041202020202020202020202020202020
52372c2041202020202020202020202020202020
307839302e30205b307839305d20202020202020
2020202020202020202020202020202020202020
307832312e32205b307830615d20202020202020
2020202020202020202020202020202020202020
2020202020202020202020202020202020202020
52372c2041202020202020202020202020202020
52372c2041202020202020202020202020202020
52372c2041202020202020202020202020202020
3078333620202020202020202020202020202020
2020202020202020202020202020202020202020
307832332e34205b307831635d2c203078303035
2020202020202020202020202020202020202020
2020202020202020202020202020202020202020
2020202020202020202020202020202020202020
52372c2041202020202020202020202020202020
52372c2041202020202020202020202020202020
307832612c203078303033312020202020202020
2020202020202020202020202020202020202020
2020202020202020202020202020202020202020
3078303032322020202020202020202020202020
2020202020202020202020202020202020202020
3078303234652020202020202020202020202020
2020202020202020202020202020202020202020
2020202020202020202020202020202020202020
307839382e31205b307839395d2c203078303032
2020202020202020202020202020202020202020
2020202020202020202020202020202020202020
52302c2030783939202020202020202020202020
2020202020202020202020202020202020202020
307839382e33205b307839625d20202020202020
2020202020202020202020202020202020202020
307839392c204052302020202020202020202020
2020202020202020202020202020202020202020
307839382e30205b307839385d20202020202020
2020202020202020202020202020202020202020
307838382e31205b307838395d20202020202020
2020202020202020202020202020202020202020
2020202020202020202020202020202020202020
307839302e34205b307839345d2c203078303034
2020202020202020202020202020202020202020
2020202020202020202020202020202020202020
307839302e34205b307839345d20202020202020
2020202020202020202020202020202020202020
307834312c203078386420202020202020202020
2020202020202020202020202020202020202020
2020202020202020202020202020202020202020
307834302c203078386220202020202020202020
2020202020202020202020202020202020202020
2020202020202020202020202020202020202020
307832332e34205b307831635d2c203078303034
2020202020202020202020202020202020202020
2020202020202020202020202020202020202020
307838382e31205b307838395d20202020202020
2020202020202020202020202020202020202020
2020202020202020202020202020202020202020
307834352c203078386420202020202020202020
2020202020202020202020202020202020202020
2020202020202020202020202020202020202020
307834342c203078386220202020202020202020
2020202020202020202020202020202020202020
2020202020202020202020202020202020202020
307834332c203078343120202020202020202020
2020202020202020202020202020202020202020
2020202020202020202020202020202020202020
307834322c203078343020202020202020202020
2020202020202020202020202020202020202020
2020202020202020202020202020202020202020
307833362c203078333720202020202020202020
2020202020202020202020202020202020202020
2020202020202020202020202020202020202020
307833362c202330783030202020202020202020
2020202020202020202020202020202020202020
2020202020202020202020202020202020202020
307832322e37205b307831375d20202020202020
2020202020202020202020202020202020202020
307832332e34205b307831635d2c203078303035
2020202020202020202020202020202020202020
2020202020202020202020202020202020202020
307838382e31205b307838395d20202020202020
2020202020202020202020202020202020202020
2020202020202020202020202020202020202020
307832622c203078303039302020202020202020
2020202020202020202020202020202020202020
2020202020202020202020202020202020202020
307832642c203078303036352020202020202020
2020202020202020202020202020202020202020
2020202020202020202020202020202020202020
3078313030302020202020202020202020202020
2020202020202020202020202020202020202020
2020202020202020202020202020202020202020
307861382c202330786561202020202020202020
2020202020202020202020202020202020202020
2020202020202020202020202020202020202020
3078303039362020202020202020202020202020
2020202020202020202020202020202020202020
307838382e33205b307838625d2c203078303036
2020202020202020202020202020202020202020
2020202020202020202020202020202020202020
3078333620202020202020202020202020202020
2020202020202020202020202020202020202020
307838382e33205b307838625d20202020202020
2020202020202020202020202020202020202020
307832642c203078303037372020202020202020
2020202020202020202020202020202020202020
2020202020202020202020202020202020202020
3078313030302020202020202020202020202020
2020202020202020202020202020202020202020
2020202020202020202020202020202020202020
307832322e30205b307831305d2c203078303038
2020202020202020202020202020202020202020
2020202020202020202020202020202020202020
307862302e33205b307862335d2c203078303038
2020202020202020202020202020202020202020
2020202020202020202020202020202020202020
307838382e33205b307838625d2c203078303037
2020202020202020202020202020202020202020
2020202020202020202020202020202020202020
307839302e31205b307839315d20202020202020
2020202020202020202020202020202020202020
307838382e33205b307838625d2c203078303038
2020202020202020202020202020202020202020
2020202020202020202020202020202020202020
3078303038322020202020202020202020202020
2020202020202020202020202020202020202020
307838382e33205b307838625d2c203078303038
2020202020202020202020202020202020202020
2020202020202020202020202020202020202020
307839302e31205b307839315d20202020202020
2020202020202020202020202020202020202020
307861382e32205b307861615d20202020202020
2020202020202020202020202020202020202020
3078303039372020202020202020202020202020
2020202020202020202020202020202020202020
307832642c203078303039362020202020202020
2020202020202020202020202020202020202020
2020202020202020202020202020202020202020
3078313030302020202020202020202020202020
2020202020202020202020202020202020202020
2020202020202020202020202020202020202020
2020202020202020202020202020202020202020
3078653020202020202020202020202020202020
2020202020202020202020202020202020202020
3078643020202020202020202020202020202020
2020202020202020202020202020202020202020
307839302e31205b307839315d2c203078303062
2020202020202020202020202020202020202020
2020202020202020202020202020202020202020
4120202020202020202020202020202020202020
432c20307832322e30205b307831305d20202020
2020202020202020202020202020202020202020
412c203078333020202020202020202020202020
2020202020202020202020202020202020202020
4120202020202020202020202020202020202020
4120202020202020202020202020202020202020
307832322e30205b307831305d2c204320202020
2020202020202020202020202020202020202020
307861382e32205b307861615d20202020202020
2020202020202020202020202020202020202020
412c203078326220202020202020202020202020
2020202020202020202020202020202020202020
307832622c204120202020202020202020202020
2020202020202020202020202020202020202020
307861382e32205b307861615d20202020202020
2020202020202020202020202020202020202020
307838382e31205b307838395d20202020202020
2020202020202020202020202020202020202020
307861382e30205b307861385d20202020202020
2020202020202020202020202020202020202020
3078643020202020202020202020202020202020
2020202020202020202020202020202020202020
3078653020202020202020202020202020202020
2020202020202020202020202020202020202020
2020202020202020202020202020202020202020
3078383320202020202020202020202020202020
2020202020202020202020202020202020202020
3078383220202020202020202020202020202020
2020202020202020202020202020202020202020
3078663020202020202020202020202020202020
2020202020202020202020202020202020202020
445054522c202330783131363020202020202020
2020202020202020202020202020202020202020
2020202020202020202020202020202020202020
4120202020202020202020202020202020202020
432c20307832322e30205b307831305d20202020
2020202020202020202020202020202020202020
412c203078333320202020202020202020202020
2020202020202020202020202020202020202020
412c203078333120202020202020202020202020
2020202020202020202020202020202020202020
4320202020202020202020202020202020202020
412c203078353720202020202020202020202020
2020202020202020202020202020202020202020
4320202020202020202020202020202020202020
412c203078326620202020202020202020202020
2020202020202020202020202020202020202020
4120202020202020202020202020202020202020
4120202020202020202020202020202020202020
307832322e30205b307831305d2c204320202020
2020202020202020202020202020202020202020
307861382e32205b307861615d20202020202020
2020202020202020202020202020202020202020
412c203078326220202020202020202020202020
2020202020202020202020202020202020202020
307832622c204120202020202020202020202020
2020202020202020202020202020202020202020
307861382e32205b307861615d20202020202020
2020202020202020202020202020202020202020
412c202330783033202020202020202020202020
2020202020202020202020202020202020202020
412c203078333520202020202020202020202020
2020202020202020202020202020202020202020
412c2040412b4450545220202020202020202020
307861382e32205b307861615d20202020202020
2020202020202020202020202020202020202020
412c203078326420202020202020202020202020
2020202020202020202020202020202020202020
307832642c204120202020202020202020202020
2020202020202020202020202020202020202020
307861382e32205b307861615d20202020202020
2020202020202020202020202020202020202020
3078303231642020202020202020202020202020
2020202020202020202020202020202020202020
307838382e31205b307838395d20202020202020
2020202020202020202020202020202020202020
307861382e30205b307861385d20202020202020
2020202020202020202020202020202020202020
307864302c202330783138202020202020202020
2020202020202020202020202020202020202020
2020202020202020202020202020202020202020
3078313032392020202020202020202020202020
2020202020202020202020202020202020202020
2020202020202020202020202020202020202020
307833342c203078303132632020202020202020
2020202020202020202020202020202020202020
2020202020202020202020202020202020202020
52352c2023307832642020202020202020202020
2020202020202020202020202020202020202020
307832322e36205b307831365d2c203078303130
2020202020202020202020202020202020202020
2020202020202020202020202020202020202020
52352c2023307832622020202020202020202020
2020202020202020202020202020202020202020
307832322e35205b307831355d2c203078303130
2020202020202020202020202020202020202020
2020202020202020202020202020202020202020
52352c2023307832392020202020202020202020
2020202020202020202020202020202020202020
307832322e34205b307831345d2c203078303130
2020202020202020202020202020202020202020
2020202020202020202020202020202020202020
52352c2023307832372020202020202020202020
2020202020202020202020202020202020202020
412c205235202020202020202020202020202020
412c2040412b4450545220202020202020202020
307833342c204120202020202020202020202020
2020202020202020202020202020202020202020
5235202020202020202020202020202020202020
412c205235202020202020202020202020202020
412c2040412b4450545220202020202020202020
52352c2041202020202020202020202020202020
412c203078333220202020202020202020202020
2020202020202020202020202020202020202020
52362c2041202020202020202020202020202020
52372c2030783331202020202020202020202020
2020202020202020202020202020202020202020
4320202020202020202020202020202020202020
412c205237202020202020202020202020202020
4320202020202020202020202020202020202020
307865302e37205b307865375d2c203078303132
2020202020202020202020202020202020202020
2020202020202020202020202020202020202020
4120202020202020202020202020202020202020
4120202020202020202020202020202020202020
412c205235202020202020202020202020202020
412c205236202020202020202020202020202020
3078303132612020202020202020202020202020
2020202020202020202020202020202020202020
412c205237202020202020202020202020202020
412c205235202020202020202020202020202020
3078303132612020202020202020202020202020
2020202020202020202020202020202020202020
412c205235202020202020202020202020202020
412c205236202020202020202020202020202020
3078303132612020202020202020202020202020
2020202020202020202020202020202020202020
412c205237202020202020202020202020202020
412c205235202020202020202020202020202020
307833312c204120202020202020202020202020
2020202020202020202020202020202020202020
412c202330783031202020202020202020202020
2020202020202020202020202020202020202020
412c2040412b4450545220202020202020202020
3078333520202020202020202020202020202020
2020202020202020202020202020202020202020
412c20307833352c203078303134332020202020
2020202020202020202020202020202020202020
2020202020202020202020202020202020202020
307833352c202330783030202020202020202020
2020202020202020202020202020202020202020
2020202020202020202020202020202020202020
445054522c202330783030303020202020202020
2020202020202020202020202020202020202020
2020202020202020202020202020202020202020
40445054522c2041202020202020202020202020
40445054522c2041202020202020202020202020
40445054522c2041202020202020202020202020
40445054522c2041202020202020202020202020
445054522c202330783131363020202020202020
2020202020202020202020202020202020202020
2020202020202020202020202020202020202020
3078303136362020202020202020202020202020
2020202020202020202020202020202020202020
307832332e32205b307831615d2c203078303136
2020202020202020202020202020202020202020
2020202020202020202020202020202020202020
307832312e37205b307830665d2c203078303134
2020202020202020202020202020202020202020
2020202020202020202020202020202020202020
3078303165352020202020202020202020202020
2020202020202020202020202020202020202020
307866302c202330783430202020202020202020
2020202020202020202020202020202020202020
2020202020202020202020202020202020202020
412c203078346320202020202020202020202020
2020202020202020202020202020202020202020
4142202020202020202020202020202020202020
52362c2041202020202020202020202020202020
52372c2030786630202020202020202020202020
2020202020202020202020202020202020202020
307832312e32205b307830615d2c203078303162
2020202020202020202020202020202020202020
2020202020202020202020202020202020202020
307838382e34205b307838635d20202020202020
2020202020202020202020202020202020202020
4320202020202020202020202020202020202020
412c203078386120202020202020202020202020
2020202020202020202020202020202020202020
412c205236202020202020202020202020202020
307838612c204120202020202020202020202020
2020202020202020202020202020202020202020
412c203078386320202020202020202020202020
2020202020202020202020202020202020202020
412c205237202020202020202020202020202020
307838632c204120202020202020202020202020
2020202020202020202020202020202020202020
3078303164302020202020202020202020202020
2020202020202020202020202020202020202020
4320202020202020202020202020202020202020
412c202330783131202020202020202020202020
2020202020202020202020202020202020202020
412c2040412b4450545220202020202020202020
412c203078333720202020202020202020202020
2020202020202020202020202020202020202020
432c20307832332e35205b307831645d20202020
2020202020202020202020202020202020202020
3078303164652020202020202020202020202020
2020202020202020202020202020202020202020
52362c2030783461202020202020202020202020
2020202020202020202020202020202020202020
52372c2030783462202020202020202020202020
2020202020202020202020202020202020202020
3078313032632020202020202020202020202020
2020202020202020202020202020202020202020
2020202020202020202020202020202020202020
307832332e32205b307831615d2c203078303162
2020202020202020202020202020202020202020
2020202020202020202020202020202020202020
307832312e35205b307830645d2c203078303161
2020202020202020202020202020202020202020
2020202020202020202020202020202020202020
412c203078346420202020202020202020202020
2020202020202020202020202020202020202020
412c2023307831302c2030783031383220202020
2020202020202020202020202020202020202020
2020202020202020202020202020202020202020
3078303139302020202020202020202020202020
2020202020202020202020202020202020202020
307832312e35205b307830645d20202020202020
2020202020202020202020202020202020202020
307832322e36205b307831365d2c203078303138
2020202020202020202020202020202020202020
2020202020202020202020202020202020202020
307832322e36205b307831365d20202020202020
2020202020202020202020202020202020202020
307833342c202330783031202020202020202020
2020202020202020202020202020202020202020
2020202020202020202020202020202020202020
3078303161612020202020202020202020202020
2020202020202020202020202020202020202020
445054522c202330783131343020202020202020
2020202020202020202020202020202020202020
2020202020202020202020202020202020202020
307832312e36205b307830655d2c203078303139
2020202020202020202020202020202020202020
2020202020202020202020202020202020202020
412c202330783130202020202020202020202020
2020202020202020202020202020202020202020
412c2040412b4450545220202020202020202020
412c2023307834302c2030783031613420202020
2020202020202020202020202020202020202020
2020202020202020202020202020202020202020
307832322e36205b307831365d2c203078303161
2020202020202020202020202020202020202020
2020202020202020202020202020202020202020
307832322e36205b307831365d20202020202020
2020202020202020202020202020202020202020
307833342c202330783031202020202020202020
2020202020202020202020202020202020202020
2020202020202020202020202020202020202020
3078303464392020202020202020202020202020
2020202020202020202020202020202020202020
412c202330783032202020202020202020202020
2020202020202020202020202020202020202020
3078303530392020202020202020202020202020
2020202020202020202020202020202020202020
307832312e37205b307830665d2c203078303162
2020202020202020202020202020202020202020
2020202020202020202020202020202020202020
307832312e37205b307830665d20202020202020
2020202020202020202020202020202020202020
307866302c202330783430202020202020202020
2020202020202020202020202020202020202020
2020202020202020202020202020202020202020
412c203078346320202020202020202020202020
2020202020202020202020202020202020202020
4142202020202020202020202020202020202020
412c205236202020202020202020202020202020
52362c2041202020202020202020202020202020
412c203078663020202020202020202020202020
2020202020202020202020202020202020202020
412c205237202020202020202020202020202020
52372c2041202020202020202020202020202020
3078313032662020202020202020202020202020
2020202020202020202020202020202020202020
2020202020202020202020202020202020202020
412c203078353420202020202020202020202020
2020202020202020202020202020202020202020
307866302c202330783035202020202020202020
2020202020202020202020202020202020202020
2020202020202020202020202020202020202020
4142202020202020202020202020202020202020
307838382e34205b307838635d20202020202020
2020202020202020202020202020202020202020
412c205236202020202020202020202020202020
4120202020202020202020202020202020202020
307838612c204120202020202020202020202020
2020202020202020202020202020202020202020
412c203078663020202020202020202020202020
2020202020202020202020202020202020202020
412c205237202020202020202020202020202020
4120202020202020202020202020202020202020
307838632c204120202020202020202020202020
2020202020202020202020202020202020202020
307861382e37205b307861665d20202020202020
2020202020202020202020202020202020202020
307839302e30205b307839305d20202020202020
2020202020202020202020202020202020202020
307832312e32205b307830615d20202020202020
2020202020202020202020202020202020202020
307838382e34205b307838635d20202020202020
2020202020202020202020202020202020202020
307861382e31205b307861395d20202020202020
2020202020202020202020202020202020202020
307838382e31205b307838395d20202020202020
2020202020202020202020202020202020202020
307861382e37205b307861665d20202020202020
2020202020202020202020202020202020202020
412c203078346420202020202020202020202020
2020202020202020202020202020202020202020
307865302e37205b307865375d2c203078303165
2020202020202020202020202020202020202020
2020202020202020202020202020202020202020
3078346420202020202020202020202020202020
2020202020202020202020202020202020202020
3078663020202020202020202020202020202020
2020202020202020202020202020202020202020
3078383220202020202020202020202020202020
2020202020202020202020202020202020202020
3078383320202020202020202020202020202020
2020202020202020202020202020202020202020
3078643020202020202020202020202020202020
2020202020202020202020202020202020202020
3078653020202020202020202020202020202020
2020202020202020202020202020202020202020
2020202020202020202020202020202020202020
3078643020202020202020202020202020202020
2020202020202020202020202020202020202020
432c20307862302e33205b307862335d20202020
2020202020202020202020202020202020202020
432c20307838382e33205b307838625d20202020
2020202020202020202020202020202020202020
307832632c203078326220202020202020202020
2020202020202020202020202020202020202020
2020202020202020202020202020202020202020
307832652c203078326420202020202020202020
2020202020202020202020202020202020202020
2020202020202020202020202020202020202020
3078303230322020202020202020202020202020
2020202020202020202020202020202020202020
432c20307832322e31205b307831315d20202020
2020202020202020202020202020202020202020
3078303230382020202020202020202020202020
2020202020202020202020202020202020202020
432c202f307832322e31205b307831315d202020
2020202020202020202020202020202020202020
3078303230382020202020202020202020202020
2020202020202020202020202020202020202020
3078326220202020202020202020202020202020
2020202020202020202020202020202020202020
307832322e30205b307831305d2c204320202020
2020202020202020202020202020202020202020
307832622c203078303231332020202020202020
2020202020202020202020202020202020202020
2020202020202020202020202020202020202020
3078326220202020202020202020202020202020
2020202020202020202020202020202020202020
3078333020202020202020202020202020202020
2020202020202020202020202020202020202020
3078333020202020202020202020202020202020
2020202020202020202020202020202020202020
307833352c202330783030202020202020202020
2020202020202020202020202020202020202020
2020202020202020202020202020202020202020
432c20307832322e33205b307831335d20202020
2020202020202020202020202020202020202020
307839302e31205b307839315d2c204320202020
2020202020202020202020202020202020202020
3078643020202020202020202020202020202020
2020202020202020202020202020202020202020
2020202020202020202020202020202020202020
412c202330783032202020202020202020202020
2020202020202020202020202020202020202020
412c2040412b4450545220202020202020202020
307832652c204120202020202020202020202020
2020202020202020202020202020202020202020
307832322e33205b307831335d20202020202020
2020202020202020202020202020202020202020
412c202330783030202020202020202020202020
2020202020202020202020202020202020202020
412c2040412b4450545220202020202020202020
4320202020202020202020202020202020202020
412c203078333120202020202020202020202020
2020202020202020202020202020202020202020
4320202020202020202020202020202020202020
412c203078353720202020202020202020202020
2020202020202020202020202020202020202020
4320202020202020202020202020202020202020
412c203078326620202020202020202020202020
2020202020202020202020202020202020202020
3078303233372020202020202020202020202020
2020202020202020202020202020202020202020
4320202020202020202020202020202020202020
307832322e33205b307831335d20202020202020
2020202020202020202020202020202020202020
412c203078326620202020202020202020202020
2020202020202020202020202020202020202020
4320202020202020202020202020202020202020
4120202020202020202020202020202020202020
3078303233332020202020202020202020202020
2020202020202020202020202020202020202020
307832632c204120202020202020202020202020
2020202020202020202020202020202020202020
307832322e31205b307831315d2c204320202020
2020202020202020202020202020202020202020
412c202330783037202020202020202020202020
2020202020202020202020202020202020202020
412c203078333520202020202020202020202020
2020202020202020202020202020202020202020
412c2040412b4450545220202020202020202020
412c203078333120202020202020202020202020
2020202020202020202020202020202020202020
412c203078353720202020202020202020202020
2020202020202020202020202020202020202020
307833332c204120202020202020202020202020
2020202020202020202020202020202020202020
307832662c203078333020202020202020202020
2020202020202020202020202020202020202020
2020202020202020202020202020202020202020
2020202020202020202020202020202020202020
307861382c202330783830202020202020202020
2020202020202020202020202020202020202020
2020202020202020202020202020202020202020
307839302c202330786666202020202020202020
2020202020202020202020202020202020202020
2020202020202020202020202020202020202020
307862302c202330786666202020202020202020
2020202020202020202020202020202020202020
2020202020202020202020202020202020202020
307838392c202330783131202020202020202020
2020202020202020202020202020202020202020
2020202020202020202020202020202020202020
307862382c202330783032202020202020202020
2020202020202020202020202020202020202020
2020202020202020202020202020202020202020
307838382c202330783035202020202020202020
2020202020202020202020202020202020202020
2020202020202020202020202020202020202020
307839382c202330783930202020202020202020
2020202020202020202020202020202020202020
2020202020202020202020202020202020202020
307838312c202330783633202020202020202020
2020202020202020202020202020202020202020
2020202020202020202020202020202020202020
445054522c202330783131363020202020202020
2020202020202020202020202020202020202020
2020202020202020202020202020202020202020
307864302c202330783030202020202020202020
2020202020202020202020202020202020202020
2020202020202020202020202020202020202020
52302c2023307836342020202020202020202020
2020202020202020202020202020202020202020
4120202020202020202020202020202020202020
3078313030622020202020202020202020202020
2020202020202020202020202020202020202020
2020202020202020202020202020202020202020
4052302c20412020202020202020202020202020
52302c2030783032373220202020202020202020
2020202020202020202020202020202020202020
3078313030652020202020202020202020202020
2020202020202020202020202020202020202020
2020202020202020202020202020202020202020
307832332e34205b307831635d20202020202020
2020202020202020202020202020202020202020
52302c2023307830302020202020202020202020
2020202020202020202020202020202020202020
52312c2023307834302020202020202020202020
2020202020202020202020202020202020202020
3078306130352020202020202020202020202020
2020202020202020202020202020202020202020
2020202020202020202020202020202020202020
307838382e36205b307838655d20202020202020
2020202020202020202020202020202020202020
307861382e33205b307861625d20202020202020
2020202020202020202020202020202020202020
307861382e32205b307861615d20202020202020
2020202020202020202020202020202020202020
307838382e37205b307838665d20202020202020
2020202020202020202020202020202020202020
307832322e37205b307831375d2c203078303238
2020202020202020202020202020202020202020
2020202020202020202020202020202020202020
307832322e37205b307831375d20202020202020
2020202020202020202020202020202020202020
2020202020202020202020202020202020202020
2020202020202020202020202020202020202020
2020202020202020202020202020202020202020
2020202020202020202020202020202020202020
2020202020202020202020202020202020202020
3078313030352020202020202020202020202020
2020202020202020202020202020202020202020
2020202020202020202020202020202020202020
412c202330783065202020202020202020202020
2020202020202020202020202020202020202020
412c2040412b4450545220202020202020202020
52302c2041202020202020202020202020202020
3078303262662020202020202020202020202020
2020202020202020202020202020202020202020
52302c2030783032396120202020202020202020
2020202020202020202020202020202020202020
3078313031372020202020202020202020202020
2020202020202020202020202020202020202020
2020202020202020202020202020202020202020
307838382e31205b307838395d20202020202020
2020202020202020202020202020202020202020
307861302c202330783030202020202020202020
2020202020202020202020202020202020202020
2020202020202020202020202020202020202020
4052302c20412020202020202020202020202020
4052302c20412020202020202020202020202020
4052302c20412020202020202020202020202020
4052302c20412020202020202020202020202020
412c202330783064202020202020202020202020
2020202020202020202020202020202020202020
412c2040412b4450545220202020202020202020
307832612c204120202020202020202020202020
2020202020202020202020202020202020202020
307832322e37205b307831375d2c203078303262
2020202020202020202020202020202020202020
2020202020202020202020202020202020202020
307832322e37205b307831375d20202020202020
2020202020202020202020202020202020202020
4052302c20412020202020202020202020202020
307838382e31205b307838395d2c203078303261
2020202020202020202020202020202020202020
2020202020202020202020202020202020202020
307861382e30205b307861385d20202020202020
2020202020202020202020202020202020202020
307832332e34205b307831635d20202020202020
2020202020202020202020202020202020202020
3078313030382020202020202020202020202020
2020202020202020202020202020202020202020
2020202020202020202020202020202020202020
307862302e33205b307862335d2c203078303262
2020202020202020202020202020202020202020
2020202020202020202020202020202020202020
307862302e33205b307862335d2c203078303263
2020202020202020202020202020202020202020
2020202020202020202020202020202020202020
2020202020202020202020202020202020202020
307861302c202330783030202020202020202020
2020202020202020202020202020202020202020
2020202020202020202020202020202020202020
412c204052302020202020202020202020202020
52322c2023307833322020202020202020202020
2020202020202020202020202020202020202020
52302c2023307831302020202020202020202020
2020202020202020202020202020202020202020
52332c2023307830382020202020202020202020
2020202020202020202020202020202020202020
412c204052302020202020202020202020202020
52322c2030783032643120202020202020202020
2020202020202020202020202020202020202020
3078613020202020202020202020202020202020
2020202020202020202020202020202020202020
412c204052302020202020202020202020202020
4052302c20412020202020202020202020202020
5230202020202020202020202020202020202020
52322c2023307833322020202020202020202020
2020202020202020202020202020202020202020
412c204052302020202020202020202020202020
52332c2030783032643120202020202020202020
2020202020202020202020202020202020202020
412c203078313220202020202020202020202020
2020202020202020202020202020202020202020
4120202020202020202020202020202020202020
52342c2041202020202020202020202020202020
52322c2023307830312020202020202020202020
2020202020202020202020202020202020202020
3078303531642020202020202020202020202020
2020202020202020202020202020202020202020
307831322c204120202020202020202020202020
2020202020202020202020202020202020202020
412c203078313320202020202020202020202020
2020202020202020202020202020202020202020
4120202020202020202020202020202020202020
52342c2041202020202020202020202020202020
3078303531642020202020202020202020202020
2020202020202020202020202020202020202020
307831332c204120202020202020202020202020
2020202020202020202020202020202020202020
52302c2023307833382020202020202020202020
2020202020202020202020202020202020202020
52312c2023307833632020202020202020202020
2020202020202020202020202020202020202020
52322c2023307830342020202020202020202020
2020202020202020202020202020202020202020
52332c2023307833332020202020202020202020
2020202020202020202020202020202020202020
307832332e34205b307831635d2c203078303266
2020202020202020202020202020202020202020
2020202020202020202020202020202020202020
412c204052302020202020202020202020202020
4120202020202020202020202020202020202020
4052302c20412020202020202020202020202020
3078303330372020202020202020202020202020
2020202020202020202020202020202020202020
412c205233202020202020202020202020202020
412c2040412b4450545220202020202020202020
4052302c20412020202020202020202020202020
412c204052312020202020202020202020202020
3078303330372020202020202020202020202020
2020202020202020202020202020202020202020
4120202020202020202020202020202020202020
4052312c20412020202020202020202020202020
5230202020202020202020202020202020202020
5231202020202020202020202020202020202020
5233202020202020202020202020202020202020
52322c2030783032663720202020202020202020
2020202020202020202020202020202020202020
412c202330783138202020202020202020202020
2020202020202020202020202020202020202020
412c2040412b4450545220202020202020202020
412c20307833372c203078303331322020202020
2020202020202020202020202020202020202020
2020202020202020202020202020202020202020
3078303337382020202020202020202020202020
2020202020202020202020202020202020202020
307832332e34205b307831635d2c203078303337
2020202020202020202020202020202020202020
2020202020202020202020202020202020202020
52352c2030783535202020202020202020202020
2020202020202020202020202020202020202020
412c203078333720202020202020202020202020
2020202020202020202020202020202020202020
4320202020202020202020202020202020202020
412c205235202020202020202020202020202020
307864302e35205b307864355d2c204320202020
2020202020202020202020202020202020202020
3078303332332020202020202020202020202020
2020202020202020202020202020202020202020
4120202020202020202020202020202020202020
4120202020202020202020202020202020202020
412c203078663020202020202020202020202020
2020202020202020202020202020202020202020
412c202330783135202020202020202020202020
2020202020202020202020202020202020202020
412c2040412b4450545220202020202020202020
4142202020202020202020202020202020202020
52362c2041202020202020202020202020202020
307865302e37205b307865375d2c203078303333
2020202020202020202020202020202020202020
2020202020202020202020202020202020202020
412c203078663020202020202020202020202020
2020202020202020202020202020202020202020
3078303333332020202020202020202020202020
2020202020202020202020202020202020202020
52362c2023307837662020202020202020202020
2020202020202020202020202020202020202020
412c203078353620202020202020202020202020
2020202020202020202020202020202020202020
307864302e35205b307864355d2c203078303334
2020202020202020202020202020202020202020
2020202020202020202020202020202020202020
4320202020202020202020202020202020202020
412c205236202020202020202020202020202020
3078303335332020202020202020202020202020
2020202020202020202020202020202020202020
412c202330783830202020202020202020202020
2020202020202020202020202020202020202020
52352c2023307830302c20307830333433202020
2020202020202020202020202020202020202020
2020202020202020202020202020202020202020
3078303335332020202020202020202020202020
2020202020202020202020202020202020202020
3078353520202020202020202020202020202020
2020202020202020202020202020202020202020
3078303335332020202020202020202020202020
2020202020202020202020202020202020202020
412c205236202020202020202020202020202020
3078303335332020202020202020202020202020
2020202020202020202020202020202020202020
412c202330783830202020202020202020202020
2020202020202020202020202020202020202020
52352c2023307866662c20307830333531202020
2020202020202020202020202020202020202020
2020202020202020202020202020202020202020
3078303335332020202020202020202020202020
2020202020202020202020202020202020202020
3078353520202020202020202020202020202020
2020202020202020202020202020202020202020
307835362c204120202020202020202020202020
2020202020202020202020202020202020202020
412c202330783139202020202020202020202020
2020202020202020202020202020202020202020
412c2040412b4450545220202020202020202020
412c20307834392c203078303335622020202020
2020202020202020202020202020202020202020
2020202020202020202020202020202020202020
412c202330783030202020202020202020202020
2020202020202020202020202020202020202020
3078303337342020202020202020202020202020
2020202020202020202020202020202020202020
412c203078353520202020202020202020202020
2020202020202020202020202020202020202020
412c20307833372c203078303336362020202020
2020202020202020202020202020202020202020
2020202020202020202020202020202020202020
3078303336642020202020202020202020202020
2020202020202020202020202020202020202020
3078303337312020202020202020202020202020
2020202020202020202020202020202020202020
412c202330783136202020202020202020202020
2020202020202020202020202020202020202020
412c2040412b4450545220202020202020202020
3078303337342020202020202020202020202020
2020202020202020202020202020202020202020
412c202330783030202020202020202020202020
2020202020202020202020202020202020202020
3078303337342020202020202020202020202020
2020202020202020202020202020202020202020
412c202330783137202020202020202020202020
2020202020202020202020202020202020202020
412c2040412b4450545220202020202020202020
307835372c204120202020202020202020202020
2020202020202020202020202020202020202020
3078303338312020202020202020202020202020
2020202020202020202020202020202020202020
307833372c203078353520202020202020202020
2020202020202020202020202020202020202020
2020202020202020202020202020202020202020
307835362c202330783830202020202020202020
2020202020202020202020202020202020202020
2020202020202020202020202020202020202020
307835372c202330783030202020202020202020
2020202020202020202020202020202020202020
2020202020202020202020202020202020202020
307832332e32205b307831615d2c203078303361
2020202020202020202020202020202020202020
2020202020202020202020202020202020202020
52352c2023307830302020202020202020202020
2020202020202020202020202020202020202020
412c202330783132202020202020202020202020
2020202020202020202020202020202020202020
412c2040412b4450545220202020202020202020
307834392c204120202020202020202020202020
2020202020202020202020202020202020202020
307866302c202330783139202020202020202020
2020202020202020202020202020202020202020
2020202020202020202020202020202020202020
4142202020202020202020202020202020202020
52362c2041202020202020202020202020202020
52372c2030786630202020202020202020202020
2020202020202020202020202020202020202020
412c202330783031202020202020202020202020
2020202020202020202020202020202020202020
412c2040412b4450545220202020202020202020
307834392c203078663020202020202020202020
2020202020202020202020202020202020202020
2020202020202020202020202020202020202020
4142202020202020202020202020202020202020
307866302c202330783139202020202020202020
2020202020202020202020202020202020202020
2020202020202020202020202020202020202020
4142202020202020202020202020202020202020
307866302c203078343620202020202020202020
2020202020202020202020202020202020202020
2020202020202020202020202020202020202020
307834372c204120202020202020202020202020
2020202020202020202020202020202020202020
307834382c202330783030202020202020202020
2020202020202020202020202020202020202020
2020202020202020202020202020202020202020
3078303430352020202020202020202020202020
2020202020202020202020202020202020202020
52332c2030783337202020202020202020202020
2020202020202020202020202020202020202020
412c202330783332202020202020202020202020
2020202020202020202020202020202020202020
307866302c205233202020202020202020202020
2020202020202020202020202020202020202020
4142202020202020202020202020202020202020
52372c2041202020202020202020202020202020
3078303465612020202020202020202020202020
2020202020202020202020202020202020202020
52362c2041202020202020202020202020202020
412c203078313020202020202020202020202020
2020202020202020202020202020202020202020
307866302c202330783230202020202020202020
2020202020202020202020202020202020202020
2020202020202020202020202020202020202020
4142202020202020202020202020202020202020
52322c2041202020202020202020202020202020
52332c2030786630202020202020202020202020
2020202020202020202020202020202020202020
445054522c202330783130663420202020202020
2020202020202020202020202020202020202020
2020202020202020202020202020202020202020
412c2040412b4450545220202020202020202020
3078303464392020202020202020202020202020
2020202020202020202020202020202020202020
445054522c202330783130666320202020202020
2020202020202020202020202020202020202020
2020202020202020202020202020202020202020
412c205232202020202020202020202020202020
412c2040412b4450545220202020202020202020
3078303530392020202020202020202020202020
2020202020202020202020202020202020202020
445054522c202330783131303420202020202020
2020202020202020202020202020202020202020
2020202020202020202020202020202020202020
412c205233202020202020202020202020202020
412c2040412b4450545220202020202020202020
3078303464392020202020202020202020202020
2020202020202020202020202020202020202020
445054522c202330783131363020202020202020
2020202020202020202020202020202020202020
2020202020202020202020202020202020202020
412c202330783133202020202020202020202020
2020202020202020202020202020202020202020
3078303433642020202020202020202020202020
2020202020202020202020202020202020202020
412c202330783134202020202020202020202020
2020202020202020202020202020202020202020
3078303433662020202020202020202020202020
2020202020202020202020202020202020202020
412c205236202020202020202020202020202020
52332c2041202020202020202020202020202020
412c205237202020202020202020202020202020
52342c2041202020202020202020202020202020
52322c2023307831622020202020202020202020
2020202020202020202020202020202020202020
3078303531642020202020202020202020202020
2020202020202020202020202020202020202020
2020202020202020202020202020202020202020
52352c2041202020202020202020202020202020
52322c2030783436202020202020202020202020
2020202020202020202020202020202020202020
52312c2030783437202020202020202020202020
2020202020202020202020202020202020202020
52302c2030783438202020202020202020202020
2020202020202020202020202020202020202020
3078303566612020202020202020202020202020
2020202020202020202020202020202020202020
2020202020202020202020202020202020202020
307834362c205232202020202020202020202020
2020202020202020202020202020202020202020
307834372c205231202020202020202020202020
2020202020202020202020202020202020202020
307834382c205230202020202020202020202020
2020202020202020202020202020202020202020
52372c2030783436202020202020202020202020
2020202020202020202020202020202020202020
52362c2030783437202020202020202020202020
2020202020202020202020202020202020202020
412c202330786134202020202020202020202020
2020202020202020202020202020202020202020
3078303464392020202020202020202020202020
2020202020202020202020202020202020202020
412c202330783034202020202020202020202020
2020202020202020202020202020202020202020
3078303530392020202020202020202020202020
2020202020202020202020202020202020202020
307834392c205237202020202020202020202020
2020202020202020202020202020202020202020
52372c2030783436202020202020202020202020
2020202020202020202020202020202020202020
52362c2030783437202020202020202020202020
2020202020202020202020202020202020202020
3078313033322020202020202020202020202020
2020202020202020202020202020202020202020
2020202020202020202020202020202020202020
3078353020202020202020202020202020202020
2020202020202020202020202020202020202020
3078313033352020202020202020202020202020
2020202020202020202020202020202020202020
2020202020202020202020202020202020202020
52302c2030783465202020202020202020202020
2020202020202020202020202020202020202020
52312c2030783466202020202020202020202020
2020202020202020202020202020202020202020
3078303435352020202020202020202020202020
2020202020202020202020202020202020202020
412c203078353020202020202020202020202020
2020202020202020202020202020202020202020
3078303530392020202020202020202020202020
2020202020202020202020202020202020202020
3078353020202020202020202020202020202020
2020202020202020202020202020202020202020
3078313033382020202020202020202020202020
2020202020202020202020202020202020202020
2020202020202020202020202020202020202020
52322c2023307831612020202020202020202020
2020202020202020202020202020202020202020
3078303531642020202020202020202020202020
2020202020202020202020202020202020202020
307835342c204120202020202020202020202020
2020202020202020202020202020202020202020
307861382e37205b307861665d20202020202020
2020202020202020202020202020202020202020
307834622c205237202020202020202020202020
2020202020202020202020202020202020202020
307834612c205236202020202020202020202020
2020202020202020202020202020202020202020
307838382e31205b307838395d20202020202020
2020202020202020202020202020202020202020
307861382e37205b307861665d20202020202020
2020202020202020202020202020202020202020
3078313033622020202020202020202020202020
2020202020202020202020202020202020202020
2020202020202020202020202020202020202020
307832332e36205b307831655d2c203078303433
2020202020202020202020202020202020202020
2020202020202020202020202020202020202020
52312c2023307835302020202020202020202020
2020202020202020202020202020202020202020
307861382e34205b307861635d20202020202020
2020202020202020202020202020202020202020
52312c2030783034333420202020202020202020
2020202020202020202020202020202020202020
307861382e34205b307861635d20202020202020
2020202020202020202020202020202020202020
3078313033652020202020202020202020202020
2020202020202020202020202020202020202020
2020202020202020202020202020202020202020
307864302e35205b307864355d20202020202020
2020202020202020202020202020202020202020
412c2040412b4450545220202020202020202020
307866302c202330783139202020202020202020
2020202020202020202020202020202020202020
2020202020202020202020202020202020202020
4142202020202020202020202020202020202020
52332c2041202020202020202020202020202020
412c205236202020202020202020202020202020
412c203078663020202020202020202020202020
2020202020202020202020202020202020202020
412c205237202020202020202020202020202020
307864302e35205b307864355d2c203078303434
2020202020202020202020202020202020202020
2020202020202020202020202020202020202020
4320202020202020202020202020202020202020
3078303435342020202020202020202020202020
2020202020202020202020202020202020202020
412c205233202020202020202020202020202020
52362c2041202020202020202020202020202020
412c203078663020202020202020202020202020
2020202020202020202020202020202020202020
52372c2041202020202020202020202020202020
2020202020202020202020202020202020202020
412c205230202020202020202020202020202020
307866302c205236202020202020202020202020
2020202020202020202020202020202020202020
4142202020202020202020202020202020202020
52352c2030786630202020202020202020202020
2020202020202020202020202020202020202020
412c205231202020202020202020202020202020
307866302c205236202020202020202020202020
2020202020202020202020202020202020202020
4142202020202020202020202020202020202020
412c205235202020202020202020202020202020
52352c2041202020202020202020202020202020
4120202020202020202020202020202020202020
412c203078663020202020202020202020202020
2020202020202020202020202020202020202020
52362c2041202020202020202020202020202020
412c205230202020202020202020202020202020
307866302c205237202020202020202020202020
2020202020202020202020202020202020202020
4142202020202020202020202020202020202020
412c205235202020202020202020202020202020
52352c2041202020202020202020202020202020
412c205236202020202020202020202020202020
412c203078663020202020202020202020202020
2020202020202020202020202020202020202020
52362c2041202020202020202020202020202020
4120202020202020202020202020202020202020
4120202020202020202020202020202020202020
412c205237202020202020202020202020202020
307866302c204120202020202020202020202020
2020202020202020202020202020202020202020
412c205231202020202020202020202020202020
4142202020202020202020202020202020202020
412c205236202020202020202020202020202020
52362c2041202020202020202020202020202020
412c205237202020202020202020202020202020
412c203078663020202020202020202020202020
2020202020202020202020202020202020202020
52372c2041202020202020202020202020202020
2020202020202020202020202020202020202020
307832332e32205b307831615d2c203078303463
2020202020202020202020202020202020202020
2020202020202020202020202020202020202020
307832332e30205b307831385d2c203078303463
2020202020202020202020202020202020202020
2020202020202020202020202020202020202020
4320202020202020202020202020202020202020
412c203078313020202020202020202020202020
2020202020202020202020202020202020202020
412c203078353320202020202020202020202020
2020202020202020202020202020202020202020
3078303463392020202020202020202020202020
2020202020202020202020202020202020202020
307830332c204120202020202020202020202020
2020202020202020202020202020202020202020
412c202330783337202020202020202020202020
2020202020202020202020202020202020202020
412c2040412b4450545220202020202020202020
4320202020202020202020202020202020202020
412c203078333720202020202020202020202020
2020202020202020202020202020202020202020
3078303439392020202020202020202020202020
2020202020202020202020202020202020202020
307866302c202330783030202020202020202020
2020202020202020202020202020202020202020
2020202020202020202020202020202020202020
3078303461342020202020202020202020202020
2020202020202020202020202020202020202020
52322c2023307831632020202020202020202020
2020202020202020202020202020202020202020
3078303531642020202020202020202020202020
2020202020202020202020202020202020202020
2020202020202020202020202020202020202020
307866302c204120202020202020202020202020
2020202020202020202020202020202020202020
3078303531642020202020202020202020202020
2020202020202020202020202020202020202020
2020202020202020202020202020202020202020
4142202020202020202020202020202020202020
307832312e37205b307830665d2c203078303461
2020202020202020202020202020202020202020
2020202020202020202020202020202020202020
307866302c203078346320202020202020202020
2020202020202020202020202020202020202020
2020202020202020202020202020202020202020
52322c2023307831652020202020202020202020
2020202020202020202020202020202020202020
3078303531642020202020202020202020202020
2020202020202020202020202020202020202020
2020202020202020202020202020202020202020
3078303463392020202020202020202020202020
2020202020202020202020202020202020202020
307866302c204120202020202020202020202020
2020202020202020202020202020202020202020
412c203078346320202020202020202020202020
2020202020202020202020202020202020202020
3078303462392020202020202020202020202020
2020202020202020202020202020202020202020
307832312e37205b307830665d20202020202020
2020202020202020202020202020202020202020
3078303531642020202020202020202020202020
2020202020202020202020202020202020202020
2020202020202020202020202020202020202020
4142202020202020202020202020202020202020
3078303531642020202020202020202020202020
2020202020202020202020202020202020202020
4142202020202020202020202020202020202020
412c203078663020202020202020202020202020
2020202020202020202020202020202020202020
412c20307833642c203078303463352020202020
2020202020202020202020202020202020202020
2020202020202020202020202020202020202020
3078303463392020202020202020202020202020
2020202020202020202020202020202020202020
307833642c204120202020202020202020202020
2020202020202020202020202020202020202020
307835322c203078353320202020202020202020
2020202020202020202020202020202020202020
2020202020202020202020202020202020202020
307835312c203078353220202020202020202020
2020202020202020202020202020202020202020
2020202020202020202020202020202020202020
307831302c203078353120202020202020202020
2020202020202020202020202020202020202020
2020202020202020202020202020202020202020
412c203078336420202020202020202020202020
2020202020202020202020202020202020202020
3078303837642020202020202020202020202020
2020202020202020202020202020202020202020
2020202020202020202020202020202020202020
3078303430642020202020202020202020202020
2020202020202020202020202020202020202020
52352c2041202020202020202020202020202020
307866302c205236202020202020202020202020
2020202020202020202020202020202020202020
4142202020202020202020202020202020202020
52362c2030786630202020202020202020202020
2020202020202020202020202020202020202020
412c205235202020202020202020202020202020
307866302c205237202020202020202020202020
2020202020202020202020202020202020202020
4142202020202020202020202020202020202020
412c205236202020202020202020202020202020
52362c2041202020202020202020202020202020
4120202020202020202020202020202020202020
412c203078663020202020202020202020202020
2020202020202020202020202020202020202020
52372c2041202020202020202020202020202020
2020202020202020202020202020202020202020
4120202020202020202020202020202020202020
52342c2023307830382020202020202020202020
2020202020202020202020202020202020202020
4320202020202020202020202020202020202020
4120202020202020202020202020202020202020
412c203078663020202020202020202020202020
2020202020202020202020202020202020202020
4120202020202020202020202020202020202020
307864302e37205b307864375d2c203078303530
2020202020202020202020202020202020202020
2020202020202020202020202020202020202020
412c205233202020202020202020202020202020
3078303466392020202020202020202020202020
2020202020202020202020202020202020202020
412c205233202020202020202020202020202020
412c203078663020202020202020202020202020
2020202020202020202020202020202020202020
52342c2030783034656520202020202020202020
2020202020202020202020202020202020202020
4120202020202020202020202020202020202020
4120202020202020202020202020202020202020
2020202020202020202020202020202020202020
412c205233202020202020202020202020202020
4320202020202020202020202020202020202020
412c203078663020202020202020202020202020
2020202020202020202020202020202020202020
52342c2030783034656520202020202020202020
2020202020202020202020202020202020202020
4120202020202020202020202020202020202020
4120202020202020202020202020202020202020
2020202020202020202020202020202020202020
3078303531302020202020202020202020202020
2020202020202020202020202020202020202020
412c205237202020202020202020202020202020
307865302e37205b307865375d2c203078303531
2020202020202020202020202020202020202020
2020202020202020202020202020202020202020
412c205237202020202020202020202020202020
2020202020202020202020202020202020202020
4320202020202020202020202020202020202020
412c205235202020202020202020202020202020
4120202020202020202020202020202020202020
412c205235202020202020202020202020202020
412c205236202020202020202020202020202020
4120202020202020202020202020202020202020
412c205236202020202020202020202020202020
4120202020202020202020202020202020202020
412c205237202020202020202020202020202020
4120202020202020202020202020202020202020
3078303530392020202020202020202020202020
2020202020202020202020202020202020202020
3078663020202020202020202020202020202020
2020202020202020202020202020202020202020
445054522c202330783130393020202020202020
2020202020202020202020202020202020202020
2020202020202020202020202020202020202020
412c205232202020202020202020202020202020
5232202020202020202020202020202020202020
307864302e33205b307864335d20202020202020
2020202020202020202020202020202020202020
412c2040412b4450545220202020202020202020
412c2023307866662c2030783035326520202020
2020202020202020202020202020202020202020
2020202020202020202020202020202020202020
307832352e32205b307832615d20202020202020
2020202020202020202020202020202020202020
3078303537302020202020202020202020202020
2020202020202020202020202020202020202020
307832352e32205b307832615d20202020202020
2020202020202020202020202020202020202020
432c20307865302e30205b307865305d20202020
2020202020202020202020202020202020202020
307865302e30205b307865305d20202020202020
2020202020202020202020202020202020202020
445054522c202330783131653020202020202020
2020202020202020202020202020202020202020
2020202020202020202020202020202020202020
52372c2041202020202020202020202020202020
5237202020202020202020202020202020202020
412c2040412b4450545220202020202020202020
412c205237202020202020202020202020202020
412c2040412b4450545220202020202020202020
307838322c204120202020202020202020202020
2020202020202020202020202020202020202020
307838332c205237202020202020202020202020
2020202020202020202020202020202020202020
3078303534382020202020202020202020202020
2020202020202020202020202020202020202020
3078303537382020202020202020202020202020
2020202020202020202020202020202020202020
3078303561312020202020202020202020202020
2020202020202020202020202020202020202020
3078303537302020202020202020202020202020
2020202020202020202020202020202020202020
3078303537382020202020202020202020202020
2020202020202020202020202020202020202020
307866302c205231202020202020202020202020
2020202020202020202020202020202020202020
412c205230202020202020202020202020202020
52362c2041202020202020202020202020202020
412c205233202020202020202020202020202020
52372c2041202020202020202020202020202020
3078303537382020202020202020202020202020
2020202020202020202020202020202020202020
412c205232202020202020202020202020202020
4142202020202020202020202020202020202020
412c205231202020202020202020202020202020
52312c2041202020202020202020202020202020
412c205237202020202020202020202020202020
3078303535622020202020202020202020202020
2020202020202020202020202020202020202020
3078303561312020202020202020202020202020
2020202020202020202020202020202020202020
412c205232202020202020202020202020202020
4120202020202020202020202020202020202020
4120202020202020202020202020202020202020
412c205231202020202020202020202020202020
52312c2041202020202020202020202020202020
3078303561312020202020202020202020202020
2020202020202020202020202020202020202020
412c205237202020202020202020202020202020
3078303536382020202020202020202020202020
2020202020202020202020202020202020202020
412c205237202020202020202020202020202020
3078303537302020202020202020202020202020
2020202020202020202020202020202020202020
52332c2041202020202020202020202020202020
307866302c205236202020202020202020202020
2020202020202020202020202020202020202020
412c205237202020202020202020202020202020
52352c2041202020202020202020202020202020
412c205232202020202020202020202020202020
3078303562302020202020202020202020202020
2020202020202020202020202020202020202020
307864302e33205b307864335d20202020202020
2020202020202020202020202020202020202020
3078663020202020202020202020202020202020
2020202020202020202020202020202020202020
445054522c202330783131363020202020202020
2020202020202020202020202020202020202020
2020202020202020202020202020202020202020
2020202020202020202020202020202020202020
4120202020202020202020202020202020202020
412c2040412b4450545220202020202020202020
52302c2041202020202020202020202020202020
4450545220202020202020202020202020202020
4120202020202020202020202020202020202020
412c2040412b4450545220202020202020202020
52322c2041202020202020202020202020202020
52312c2041202020202020202020202020202020
412c204052302020202020202020202020202020
52302c2041202020202020202020202020202020
412c205231202020202020202020202020202020
412c2040412b4450545220202020202020202020
412c205230202020202020202020202020202020
52302c2041202020202020202020202020202020
3078303538652020202020202020202020202020
2020202020202020202020202020202020202020
52312c2030783035383220202020202020202020
2020202020202020202020202020202020202020
5231202020202020202020202020202020202020
4120202020202020202020202020202020202020
3078303539342020202020202020202020202020
2020202020202020202020202020202020202020
412c205231202020202020202020202020202020
412c205232202020202020202020202020202020
3078303539342020202020202020202020202020
2020202020202020202020202020202020202020
412c205231202020202020202020202020202020
412c2040412b4450545220202020202020202020
52332c2041202020202020202020202020202020
4450545220202020202020202020202020202020
412c205232202020202020202020202020202020
412c203078383220202020202020202020202020
2020202020202020202020202020202020202020
307838322c204120202020202020202020202020
2020202020202020202020202020202020202020
4120202020202020202020202020202020202020
412c203078383320202020202020202020202020
2020202020202020202020202020202020202020
307838332c204120202020202020202020202020
2020202020202020202020202020202020202020
2020202020202020202020202020202020202020
412c205233202020202020202020202020202020
3078303561382020202020202020202020202020
2020202020202020202020202020202020202020
412c205231202020202020202020202020202020
4120202020202020202020202020202020202020
412c2040412b4450545220202020202020202020
2020202020202020202020202020202020202020
307866302c205230202020202020202020202020
2020202020202020202020202020202020202020
412c205231202020202020202020202020202020
4120202020202020202020202020202020202020
412c2040412b4450545220202020202020202020
52352c2041202020202020202020202020202020
412c205231202020202020202020202020202020
412c2040412b4450545220202020202020202020
4320202020202020202020202020202020202020
412c205235202020202020202020202020202020
307864302e35205b307864355d2c204320202020
2020202020202020202020202020202020202020
3078303562382020202020202020202020202020
2020202020202020202020202020202020202020
4120202020202020202020202020202020202020
4120202020202020202020202020202020202020
4142202020202020202020202020202020202020
3078303564612020202020202020202020202020
2020202020202020202020202020202020202020
412c203078663020202020202020202020202020
2020202020202020202020202020202020202020
4320202020202020202020202020202020202020
4120202020202020202020202020202020202020
3078303563332020202020202020202020202020
2020202020202020202020202020202020202020
412c205233202020202020202020202020202020
4320202020202020202020202020202020202020
4120202020202020202020202020202020202020
412c203078663020202020202020202020202020
2020202020202020202020202020202020202020
307864302e35205b307864355d2c203078303563
2020202020202020202020202020202020202020
2020202020202020202020202020202020202020
4120202020202020202020202020202020202020
4120202020202020202020202020202020202020
412c205235202020202020202020202020202020
2020202020202020202020202020202020202020
307864302e33205b307864335d20202020202020
2020202020202020202020202020202020202020
3078303537382020202020202020202020202020
2020202020202020202020202020202020202020
5231202020202020202020202020202020202020
412c205231202020202020202020202020202020
412c2040412b4450545220202020202020202020
445054522c202330783131363020202020202020
2020202020202020202020202020202020202020
2020202020202020202020202020202020202020
307864302e33205b307864335d20202020202020
2020202020202020202020202020202020202020
2020202020202020202020202020202020202020
52342c2023307830382020202020202020202020
2020202020202020202020202020202020202020
4320202020202020202020202020202020202020
4120202020202020202020202020202020202020
412c203078663020202020202020202020202020
2020202020202020202020202020202020202020
4120202020202020202020202020202020202020
307864302e37205b307864375d2c203078303566
2020202020202020202020202020202020202020
2020202020202020202020202020202020202020
412c205233202020202020202020202020202020
3078303565382020202020202020202020202020
2020202020202020202020202020202020202020
412c205233202020202020202020202020202020
412c203078663020202020202020202020202020
2020202020202020202020202020202020202020
52342c2030783035646420202020202020202020
2020202020202020202020202020202020202020
4120202020202020202020202020202020202020
4120202020202020202020202020202020202020
3078303562622020202020202020202020202020
2020202020202020202020202020202020202020
412c205233202020202020202020202020202020
4320202020202020202020202020202020202020
412c203078663020202020202020202020202020
2020202020202020202020202020202020202020
52342c2030783035646420202020202020202020
2020202020202020202020202020202020202020
4120202020202020202020202020202020202020
4120202020202020202020202020202020202020
3078303562622020202020202020202020202020
2020202020202020202020202020202020202020
412c205233202020202020202020202020202020
4320202020202020202020202020202020202020
412c205231202020202020202020202020202020
52362c2041202020202020202020202020202020
412c205234202020202020202020202020202020
412c205232202020202020202020202020202020
52372c2041202020202020202020202020202020
3078303630372020202020202020202020202020
2020202020202020202020202020202020202020
412c205236202020202020202020202020202020
3078303630372020202020202020202020202020
2020202020202020202020202020202020202020
52302c2041202020202020202020202020202020
3078303631392020202020202020202020202020
2020202020202020202020202020202020202020
412c205235202020202020202020202020202020
3078303464392020202020202020202020202020
2020202020202020202020202020202020202020
4320202020202020202020202020202020202020
412c205235202020202020202020202020202020
412c205230202020202020202020202020202020
52302c2041202020202020202020202020202020
412c205236202020202020202020202020202020
412c205231202020202020202020202020202020
52312c2041202020202020202020202020202020
412c205237202020202020202020202020202020
412c205232202020202020202020202020202020
52322c2041202020202020202020202020202020
3078303633312020202020202020202020202020
2020202020202020202020202020202020202020
2020202020202020202020202020202020202020
4320202020202020202020202020202020202020
412c205236202020202020202020202020202020
4120202020202020202020202020202020202020
412c202330783031202020202020202020202020
2020202020202020202020202020202020202020
52362c2041202020202020202020202020202020
412c205237202020202020202020202020202020
4120202020202020202020202020202020202020
412c202330783030202020202020202020202020
2020202020202020202020202020202020202020
52372c2041202020202020202020202020202020
412c205235202020202020202020202020202020
3078303464392020202020202020202020202020
2020202020202020202020202020202020202020
4320202020202020202020202020202020202020
412c205230202020202020202020202020202020
412c205235202020202020202020202020202020
52302c2041202020202020202020202020202020
412c205231202020202020202020202020202020
412c205236202020202020202020202020202020
52312c2041202020202020202020202020202020
412c205232202020202020202020202020202020
412c205237202020202020202020202020202020
52322c2041202020202020202020202020202020
2020202020202020202020202020202020202020
4120202020202020202020202020202020202020
432c20307839302e36205b307839365d20202020
2020202020202020202020202020202020202020
4120202020202020202020202020202020202020
3078303633392020202020202020202020202020
2020202020202020202020202020202020202020
4120202020202020202020202020202020202020
432c20307862302e34205b307862345d20202020
2020202020202020202020202020202020202020
4120202020202020202020202020202020202020
412c205232202020202020202020202020202020
52322c2041202020202020202020202020202020
2020202020202020202020202020202020202020
3078303634312020202020202020202020202020
2020202020202020202020202020202020202020
412c202330783066202020202020202020202020
2020202020202020202020202020202020202020
412c2040412b4450545220202020202020202020
52302c2023307830302020202020202020202020
2020202020202020202020202020202020202020
52312c2041202020202020202020202020202020
3078303635322020202020202020202020202020
2020202020202020202020202020202020202020
307862302e33205b307862335d2c203078303634
2020202020202020202020202020202020202020
2020202020202020202020202020202020202020
3078303635322020202020202020202020202020
2020202020202020202020202020202020202020
307862302e33205b307862335d2c203078303634
2020202020202020202020202020202020202020
2020202020202020202020202020202020202020
2020202020202020202020202020202020202020
52302c2030783036353820202020202020202020
2020202020202020202020202020202020202020
52312c2030783036353820202020202020202020
2020202020202020202020202020202020202020
3078303234652020202020202020202020202020
2020202020202020202020202020202020202020
2020202020202020202020202020202020202020
445054522c202330783131323420202020202020
2020202020202020202020202020202020202020
2020202020202020202020202020202020202020
3078303563642020202020202020202020202020
2020202020202020202020202020202020202020
4120202020202020202020202020202020202020
307832332e31205b307831395d2c204320202020
2020202020202020202020202020202020202020
4120202020202020202020202020202020202020
307832332e30205b307831385d2c204320202020
2020202020202020202020202020202020202020
3078313034372020202020202020202020202020
2020202020202020202020202020202020202020
2020202020202020202020202020202020202020
412c203078313520202020202020202020202020
2020202020202020202020202020202020202020
412c2023307838302c2030783036366320202020
2020202020202020202020202020202020202020
2020202020202020202020202020202020202020
4320202020202020202020202020202020202020
307832332e33205b307831625d2c204320202020
2020202020202020202020202020202020202020
412c203078313420202020202020202020202020
2020202020202020202020202020202020202020
412c2023307838302c2030783036373420202020
2020202020202020202020202020202020202020
2020202020202020202020202020202020202020
4320202020202020202020202020202020202020
307832352e36205b307832655d2c204320202020
2020202020202020202020202020202020202020
412c202330783130202020202020202020202020
2020202020202020202020202020202020202020
412c2040412b4450545220202020202020202020
4320202020202020202020202020202020202020
412c203078333720202020202020202020202020
2020202020202020202020202020202020202020
3078303638392020202020202020202020202020
2020202020202020202020202020202020202020
52322c2023307830332020202020202020202020
2020202020202020202020202020202020202020
3078303531642020202020202020202020202020
2020202020202020202020202020202020202020
4320202020202020202020202020202020202020
412c203078333720202020202020202020202020
2020202020202020202020202020202020202020
3078303638632020202020202020202020202020
2020202020202020202020202020202020202020
2020202020202020202020202020202020202020
307832332e32205b307831615d20202020202020
2020202020202020202020202020202020202020
2020202020202020202020202020202020202020
307832332e32205b307831615d20202020202020
2020202020202020202020202020202020202020
2020202020202020202020202020202020202020
52352c2023307830302020202020202020202020
2020202020202020202020202020202020202020
4320202020202020202020202020202020202020
307832332e32205b307831615d2c203078303639
2020202020202020202020202020202020202020
2020202020202020202020202020202020202020
52322c2023307830342020202020202020202020
2020202020202020202020202020202020202020
3078303761612020202020202020202020202020
2020202020202020202020202020202020202020
3078303665312020202020202020202020202020
2020202020202020202020202020202020202020
307832332e30205b307831385d2c203078303661
2020202020202020202020202020202020202020
2020202020202020202020202020202020202020
52322c2023307830372020202020202020202020
2020202020202020202020202020202020202020
3078303761612020202020202020202020202020
2020202020202020202020202020202020202020
3078303633382020202020202020202020202020
2020202020202020202020202020202020202020
3078303664612020202020202020202020202020
2020202020202020202020202020202020202020
307832332e31205b307831395d2c203078303662
2020202020202020202020202020202020202020
2020202020202020202020202020202020202020
52322c2023307830622020202020202020202020
2020202020202020202020202020202020202020
3078303761612020202020202020202020202020
2020202020202020202020202020202020202020
3078303633382020202020202020202020202020
2020202020202020202020202020202020202020
3078303663352020202020202020202020202020
2020202020202020202020202020202020202020
52322c2023307831312020202020202020202020
2020202020202020202020202020202020202020
412c202330783230202020202020202020202020
2020202020202020202020202020202020202020
412c2040412b4450545220202020202020202020
412c203078343920202020202020202020202020
2020202020202020202020202020202020202020
3078303663302020202020202020202020202020
2020202020202020202020202020202020202020
3078303761612020202020202020202020202020
2020202020202020202020202020202020202020
3078303633322020202020202020202020202020
2020202020202020202020202020202020202020
3078303664612020202020202020202020202020
2020202020202020202020202020202020202020
5232202020202020202020202020202020202020
3078303761612020202020202020202020202020
2020202020202020202020202020202020202020
3078303633322020202020202020202020202020
2020202020202020202020202020202020202020
445054522c202330783131326520202020202020
2020202020202020202020202020202020202020
2020202020202020202020202020202020202020
3078303563642020202020202020202020202020
2020202020202020202020202020202020202020
307865302e32205b307865325d2c203078303664
2020202020202020202020202020202020202020
2020202020202020202020202020202020202020
412c202330783231202020202020202020202020
2020202020202020202020202020202020202020
412c2040412b4450545220202020202020202020
4320202020202020202020202020202020202020
412c203078333720202020202020202020202020
2020202020202020202020202020202020202020
3078303664612020202020202020202020202020
2020202020202020202020202020202020202020
412c202330783232202020202020202020202020
2020202020202020202020202020202020202020
412c2040412b4450545220202020202020202020
412c205235202020202020202020202020202020
52352c2041202020202020202020202020202020
3078303531642020202020202020202020202020
2020202020202020202020202020202020202020
412c205235202020202020202020202020202020
4320202020202020202020202020202020202020
412c202330783134202020202020202020202020
2020202020202020202020202020202020202020
52352c2041202020202020202020202020202020
3078313034612020202020202020202020202020
2020202020202020202020202020202020202020
2020202020202020202020202020202020202020
52322c2023307831372020202020202020202020
2020202020202020202020202020202020202020
3078303531642020202020202020202020202020
2020202020202020202020202020202020202020
412c205235202020202020202020202020202020
4320202020202020202020202020202020202020
412c202330783134202020202020202020202020
2020202020202020202020202020202020202020
52352c2041202020202020202020202020202020
52302c2041202020202020202020202020202020
432c20307865302e37205b307865375d20202020
2020202020202020202020202020202020202020
412c202330783233202020202020202020202020
2020202020202020202020202020202020202020
3078303666352020202020202020202020202020
2020202020202020202020202020202020202020
4120202020202020202020202020202020202020
412c2040412b4450545220202020202020202020
52312c2041202020202020202020202020202020
3078303666612020202020202020202020202020
2020202020202020202020202020202020202020
412c205230202020202020202020202020202020
4320202020202020202020202020202020202020
412c205230202020202020202020202020202020
3078303730302020202020202020202020202020
2020202020202020202020202020202020202020
412c205231202020202020202020202020202020
52352c2041202020202020202020202020202020
412c205235202020202020202020202020202020
432c20307865302e37205b307865375d20202020
2020202020202020202020202020202020202020
4120202020202020202020202020202020202020
52352c2041202020202020202020202020202020
3078313034642020202020202020202020202020
2020202020202020202020202020202020202020
2020202020202020202020202020202020202020
307832332e32205b307831615d2c203078303737
2020202020202020202020202020202020202020
2020202020202020202020202020202020202020
307832332e30205b307831385d2c203078303733
2020202020202020202020202020202020202020
2020202020202020202020202020202020202020
52322c2023307831392020202020202020202020
2020202020202020202020202020202020202020
3078303531642020202020202020202020202020
2020202020202020202020202020202020202020
4320202020202020202020202020202020202020
412c203078333720202020202020202020202020
2020202020202020202020202020202020202020
3078303733652020202020202020202020202020
2020202020202020202020202020202020202020
52332c2041202020202020202020202020202020
412c202330783332202020202020202020202020
2020202020202020202020202020202020202020
307832312e36205b307830655d2c203078303731
2020202020202020202020202020202020202020
2020202020202020202020202020202020202020
412c202330783331202020202020202020202020
2020202020202020202020202020202020202020
412c2040412b4450545220202020202020202020
412c205233202020202020202020202020202020
3078303737302020202020202020202020202020
2020202020202020202020202020202020202020
307832322e35205b307831355d20202020202020
2020202020202020202020202020202020202020
412c205235202020202020202020202020202020
412c20307833312c203078303737302020202020
2020202020202020202020202020202020202020
2020202020202020202020202020202020202020
307832332e35205b307831645d20202020202020
2020202020202020202020202020202020202020
307832322e35205b307831355d20202020202020
2020202020202020202020202020202020202020
307833322c204120202020202020202020202020
2020202020202020202020202020202020202020
307833312c204120202020202020202020202020
2020202020202020202020202020202020202020
2020202020202020202020202020202020202020
307832312e36205b307830655d20202020202020
2020202020202020202020202020202020202020
307832322e35205b307831355d20202020202020
2020202020202020202020202020202020202020
307832332e35205b307831645d2c203078303737
2020202020202020202020202020202020202020
2020202020202020202020202020202020202020
412c202330783266202020202020202020202020
2020202020202020202020202020202020202020
412c2040412b4450545220202020202020202020
3078303734382020202020202020202020202020
2020202020202020202020202020202020202020
307832322e35205b307831355d20202020202020
2020202020202020202020202020202020202020
307832332e35205b307831645d2c203078303737
2020202020202020202020202020202020202020
2020202020202020202020202020202020202020
307832312e36205b307830655d20202020202020
2020202020202020202020202020202020202020
412c202330783330202020202020202020202020
2020202020202020202020202020202020202020
412c2040412b4450545220202020202020202020
412c203078333120202020202020202020202020
2020202020202020202020202020202020202020
307833312c204120202020202020202020202020
2020202020202020202020202020202020202020
307833322c205235202020202020202020202020
2020202020202020202020202020202020202020
4320202020202020202020202020202020202020
412c205235202020202020202020202020202020
412c203078333120202020202020202020202020
2020202020202020202020202020202020202020
307865302e37205b307865375d2c203078303736
2020202020202020202020202020202020202020
2020202020202020202020202020202020202020
307833342c202330783031202020202020202020
2020202020202020202020202020202020202020
2020202020202020202020202020202020202020
307834642c202330783030202020202020202020
2020202020202020202020202020202020202020
2020202020202020202020202020202020202020
307832312e35205b307830645d20202020202020
2020202020202020202020202020202020202020
307832332e35205b307831645d20202020202020
2020202020202020202020202020202020202020
3078303737302020202020202020202020202020
2020202020202020202020202020202020202020
412c202330783264202020202020202020202020
2020202020202020202020202020202020202020
412c2040412b4450545220202020202020202020
307833342c204120202020202020202020202020
2020202020202020202020202020202020202020
307832322e36205b307831365d20202020202020
2020202020202020202020202020202020202020
307834642c202330783030202020202020202020
2020202020202020202020202020202020202020
2020202020202020202020202020202020202020
307832312e35205b307830645d20202020202020
2020202020202020202020202020202020202020
307832332e35205b307831645d20202020202020
2020202020202020202020202020202020202020
2020202020202020202020202020202020202020
4320202020202020202020202020202020202020
412c202330783235202020202020202020202020
2020202020202020202020202020202020202020
412c2040412b4450545220202020202020202020
412c203078343920202020202020202020202020
2020202020202020202020202020202020202020
3078303737652020202020202020202020202020
2020202020202020202020202020202020202020
412c202330783236202020202020202020202020
2020202020202020202020202020202020202020
412c2040412b4450545220202020202020202020
412c203078333720202020202020202020202020
2020202020202020202020202020202020202020
4320202020202020202020202020202020202020
307832322e34205b307831345d2c203078303738
2020202020202020202020202020202020202020
2020202020202020202020202020202020202020
4320202020202020202020202020202020202020
3078303738662020202020202020202020202020
2020202020202020202020202020202020202020
307832322e34205b307831345d20202020202020
2020202020202020202020202020202020202020
307832322e36205b307831365d2c203078303738
2020202020202020202020202020202020202020
2020202020202020202020202020202020202020
307832322e35205b307831355d2c203078303738
2020202020202020202020202020202020202020
2020202020202020202020202020202020202020
307833342c202330783031202020202020202020
2020202020202020202020202020202020202020
2020202020202020202020202020202020202020
412c205235202020202020202020202020202020
307832332e34205b307831635d2c203078303739
2020202020202020202020202020202020202020
2020202020202020202020202020202020202020
307833312c204120202020202020202020202020
2020202020202020202020202020202020202020
307833342c202330783031202020202020202020
2020202020202020202020202020202020202020
2020202020202020202020202020202020202020
412c205235202020202020202020202020202020
307832322e36205b307831365d2c203078303761
2020202020202020202020202020202020202020
2020202020202020202020202020202020202020
4320202020202020202020202020202020202020
412c203078333120202020202020202020202020
2020202020202020202020202020202020202020
307865302e37205b307865375d2c203078303761
2020202020202020202020202020202020202020
2020202020202020202020202020202020202020
307832322e36205b307831365d20202020202020
2020202020202020202020202020202020202020
307833342c202330783031202020202020202020
2020202020202020202020202020202020202020
2020202020202020202020202020202020202020
307833322c205235202020202020202020202020
2020202020202020202020202020202020202020
2020202020202020202020202020202020202020
3078303531642020202020202020202020202020
2020202020202020202020202020202020202020
307832352e32205b307832615d2c203078303762
2020202020202020202020202020202020202020
2020202020202020202020202020202020202020
412c205235202020202020202020202020202020
4320202020202020202020202020202020202020
412c202330783134202020202020202020202020
2020202020202020202020202020202020202020
52352c2041202020202020202020202020202020
3078303761612020202020202020202020202020
2020202020202020202020202020202020202020
2020202020202020202020202020202020202020
52322c2023307831382020202020202020202020
2020202020202020202020202020202020202020
3078303531642020202020202020202020202020
2020202020202020202020202020202020202020
307832662c204120202020202020202020202020
2020202020202020202020202020202020202020
2020202020202020202020202020202020202020
445054522c202330783131326520202020202020
2020202020202020202020202020202020202020
2020202020202020202020202020202020202020
3078303563642020202020202020202020202020
2020202020202020202020202020202020202020
307865302e32205b307865325d20202020202020
2020202020202020202020202020202020202020
412c202330783162202020202020202020202020
2020202020202020202020202020202020202020
412c2040412b4450545220202020202020202020
307866302c204120202020202020202020202020
2020202020202020202020202020202020202020
52322c2023307832312020202020202020202020
2020202020202020202020202020202020202020
3078303531642020202020202020202020202020
2020202020202020202020202020202020202020
4142202020202020202020202020202020202020
52372c2030786630202020202020202020202020
2020202020202020202020202020202020202020
52362c2041202020202020202020202020202020
307835302c202330783032202020202020202020
2020202020202020202020202020202020202020
2020202020202020202020202020202020202020
3078303531642020202020202020202020202020
2020202020202020202020202020202020202020
3078303838362020202020202020202020202020
2020202020202020202020202020202020202020
2020202020202020202020202020202020202020
307832332e32205b307831615d2c203078303833
2020202020202020202020202020202020202020
2020202020202020202020202020202020202020
52322c2023307832662020202020202020202020
2020202020202020202020202020202020202020
412c202330783166202020202020202020202020
2020202020202020202020202020202020202020
412c2040412b4450545220202020202020202020
412c20307831332c203078303765352020202020
2020202020202020202020202020202020202020
2020202020202020202020202020202020202020
3078303765382020202020202020202020202020
2020202020202020202020202020202020202020
5232202020202020202020202020202020202020
3078303531642020202020202020202020202020
2020202020202020202020202020202020202020
307833632c204120202020202020202020202020
2020202020202020202020202020202020202020
52322c2023307833312020202020202020202020
2020202020202020202020202020202020202020
3078303531642020202020202020202020202020
2020202020202020202020202020202020202020
52342c2041202020202020202020202020202020
52332c2023307830352020202020202020202020
2020202020202020202020202020202020202020
52312c2023307830382020202020202020202020
2020202020202020202020202020202020202020
307832312e34205b307830635d2c203078303830
2020202020202020202020202020202020202020
2020202020202020202020202020202020202020
3078303531642020202020202020202020202020
2020202020202020202020202020202020202020
4320202020202020202020202020202020202020
412c203078333720202020202020202020202020
2020202020202020202020202020202020202020
3078303830362020202020202020202020202020
2020202020202020202020202020202020202020
412c202330783161202020202020202020202020
2020202020202020202020202020202020202020
412c2040412b4450545220202020202020202020
412c203078346420202020202020202020202020
2020202020202020202020202020202020202020
3078303832382020202020202020202020202020
2020202020202020202020202020202020202020
307832312e34205b307830635d20202020202020
2020202020202020202020202020202020202020
307834642c202330783030202020202020202020
2020202020202020202020202020202020202020
2020202020202020202020202020202020202020
52322c2023307833332020202020202020202020
2020202020202020202020202020202020202020
3078303531642020202020202020202020202020
2020202020202020202020202020202020202020
2020202020202020202020202020202020202020
307866302c204120202020202020202020202020
2020202020202020202020202020202020202020
3078303531642020202020202020202020202020
2020202020202020202020202020202020202020
2020202020202020202020202020202020202020
4142202020202020202020202020202020202020
412c205234202020202020202020202020202020
307865302e37205b307865375d2c203078303832
2020202020202020202020202020202020202020
2020202020202020202020202020202020202020
4120202020202020202020202020202020202020
412c205231202020202020202020202020202020
4120202020202020202020202020202020202020
412c205231202020202020202020202020202020
5233202020202020202020202020202020202020
3078303831372020202020202020202020202020
2020202020202020202020202020202020202020
4142202020202020202020202020202020202020
52342c2030786630202020202020202020202020
2020202020202020202020202020202020202020
307865302e37205b307865375d2c203078303832
2020202020202020202020202020202020202020
2020202020202020202020202020202020202020
5234202020202020202020202020202020202020
412c205234202020202020202020202020202020
412c20307830312c203078303832632020202020
2020202020202020202020202020202020202020
2020202020202020202020202020202020202020
3078303833392020202020202020202020202020
2020202020202020202020202020202020202020
3078303464392020202020202020202020202020
2020202020202020202020202020202020202020
2020202020202020202020202020202020202020
412c203078353020202020202020202020202020
2020202020202020202020202020202020202020
412c205233202020202020202020202020202020
3078303530392020202020202020202020202020
2020202020202020202020202020202020202020
2020202020202020202020202020202020202020
307835302c204120202020202020202020202020
2020202020202020202020202020202020202020
3078303837332020202020202020202020202020
2020202020202020202020202020202020202020
2020202020202020202020202020202020202020
3078303633382020202020202020202020202020
2020202020202020202020202020202020202020
2020202020202020202020202020202020202020
3078303531642020202020202020202020202020
2020202020202020202020202020202020202020
2020202020202020202020202020202020202020
307866302c204120202020202020202020202020
2020202020202020202020202020202020202020
52322c2023307832352020202020202020202020
2020202020202020202020202020202020202020
307832332e30205b307831385d2c203078303834
2020202020202020202020202020202020202020
2020202020202020202020202020202020202020
5232202020202020202020202020202020202020
3078303531642020202020202020202020202020
2020202020202020202020202020202020202020
2020202020202020202020202020202020202020
4142202020202020202020202020202020202020
412c203078663020202020202020202020202020
2020202020202020202020202020202020202020
3078303837642020202020202020202020202020
2020202020202020202020202020202020202020
2020202020202020202020202020202020202020
412c203078336320202020202020202020202020
2020202020202020202020202020202020202020
3078303837642020202020202020202020202020
2020202020202020202020202020202020202020
2020202020202020202020202020202020202020
52322c2023307832372020202020202020202020
2020202020202020202020202020202020202020
3078303633382020202020202020202020202020
2020202020202020202020202020202020202020
2020202020202020202020202020202020202020
307832332e30205b307831385d2c203078303836
2020202020202020202020202020202020202020
2020202020202020202020202020202020202020
52322c2023307832392020202020202020202020
2020202020202020202020202020202020202020
3078303633382020202020202020202020202020
2020202020202020202020202020202020202020
2020202020202020202020202020202020202020
307832332e31205b307831395d2c203078303836
2020202020202020202020202020202020202020
2020202020202020202020202020202020202020
52322c2023307832622020202020202020202020
2020202020202020202020202020202020202020
3078303633322020202020202020202020202020
2020202020202020202020202020202020202020
2020202020202020202020202020202020202020
3078303531642020202020202020202020202020
2020202020202020202020202020202020202020
2020202020202020202020202020202020202020
3078303838362020202020202020202020202020
2020202020202020202020202020202020202020
2020202020202020202020202020202020202020
3078313035302020202020202020202020202020
2020202020202020202020202020202020202020
2020202020202020202020202020202020202020
307834652c205236202020202020202020202020
2020202020202020202020202020202020202020
307834662c205237202020202020202020202020
2020202020202020202020202020202020202020
3078313035332020202020202020202020202020
2020202020202020202020202020202020202020
2020202020202020202020202020202020202020
3078303839312020202020202020202020202020
2020202020202020202020202020202020202020
412c202330783830202020202020202020202020
2020202020202020202020202020202020202020
3078303838362020202020202020202020202020
2020202020202020202020202020202020202020
4120202020202020202020202020202020202020
3078353020202020202020202020202020202020
2020202020202020202020202020202020202020
3078303464392020202020202020202020202020
2020202020202020202020202020202020202020
2020202020202020202020202020202020202020
412c203078353020202020202020202020202020
2020202020202020202020202020202020202020
4120202020202020202020202020202020202020
3078303530392020202020202020202020202020
2020202020202020202020202020202020202020
2020202020202020202020202020202020202020
307835302c204120202020202020202020202020
2020202020202020202020202020202020202020
2020202020202020202020202020202020202020
3078313036382020202020202020202020202020
2020202020202020202020202020202020202020
2020202020202020202020202020202020202020
307832332e34205b307831635d2c203078303861
2020202020202020202020202020202020202020
2020202020202020202020202020202020202020
3078306134612020202020202020202020202020
2020202020202020202020202020202020202020
2020202020202020202020202020202020202020
307832302c202330783030202020202020202020
2020202020202020202020202020202020202020
2020202020202020202020202020202020202020
307832302e36205b307830365d20202020202020
2020202020202020202020202020202020202020
307832302e31205b307830315d2c203078303861
2020202020202020202020202020202020202020
2020202020202020202020202020202020202020
307832302e31205b307830315d20202020202020
2020202020202020202020202020202020202020
2020202020202020202020202020202020202020
307832332e32205b307831615d2c203078303862
2020202020202020202020202020202020202020
2020202020202020202020202020202020202020
307832332e35205b307831645d2c203078303863
2020202020202020202020202020202020202020
2020202020202020202020202020202020202020
432c20307832332e31205b307831395d20202020
2020202020202020202020202020202020202020
432c20307832332e30205b307831385d20202020
2020202020202020202020202020202020202020
3078303864342020202020202020202020202020
2020202020202020202020202020202020202020
307832332e30205b307831385d2c203078303864
2020202020202020202020202020202020202020
2020202020202020202020202020202020202020
3078306134612020202020202020202020202020
2020202020202020202020202020202020202020
2020202020202020202020202020202020202020
307832302e36205b307830365d20202020202020
2020202020202020202020202020202020202020
307832302e30205b307830305d20202020202020
2020202020202020202020202020202020202020
3078303963352020202020202020202020202020
2020202020202020202020202020202020202020
307832302e36205b307830365d20202020202020
2020202020202020202020202020202020202020
307832302e30205b307830305d20202020202020
2020202020202020202020202020202020202020
52322c2023307833352020202020202020202020
2020202020202020202020202020202020202020
3078303531642020202020202020202020202020
2020202020202020202020202020202020202020
2020202020202020202020202020202020202020
307837662c204120202020202020202020202020
2020202020202020202020202020202020202020
3078303932642020202020202020202020202020
2020202020202020202020202020202020202020
307832302e36205b307830365d20202020202020
2020202020202020202020202020202020202020
307832302e30205b307830305d20202020202020
2020202020202020202020202020202020202020
3078306134612020202020202020202020202020
2020202020202020202020202020202020202020
2020202020202020202020202020202020202020
3078303963352020202020202020202020202020
2020202020202020202020202020202020202020
412c202330783363202020202020202020202020
2020202020202020202020202020202020202020
412c2040412b4450545220202020202020202020
4320202020202020202020202020202020202020
4120202020202020202020202020202020202020
52312c2041202020202020202020202020202020
52302c2023307830302020202020202020202020
2020202020202020202020202020202020202020
3078306130352020202020202020202020202020
2020202020202020202020202020202020202020
3078313036622020202020202020202020202020
2020202020202020202020202020202020202020
2020202020202020202020202020202020202020
307832332e33205b307831625d2c203078303865
2020202020202020202020202020202020202020
2020202020202020202020202020202020202020
52322c2023307833362020202020202020202020
2020202020202020202020202020202020202020
3078303531642020202020202020202020202020
2020202020202020202020202020202020202020
2020202020202020202020202020202020202020
307837662c204120202020202020202020202020
2020202020202020202020202020202020202020
3078303932642020202020202020202020202020
2020202020202020202020202020202020202020
52322c2023307833372020202020202020202020
2020202020202020202020202020202020202020
3078303531642020202020202020202020202020
2020202020202020202020202020202020202020
2020202020202020202020202020202020202020
307866302c204120202020202020202020202020
2020202020202020202020202020202020202020
307862302e35205b307862355d2c203078303930
2020202020202020202020202020202020202020
2020202020202020202020202020202020202020
412c202330783339202020202020202020202020
2020202020202020202020202020202020202020
412c2040412b4450545220202020202020202020
412c20307866302c203078303866642020202020
2020202020202020202020202020202020202020
2020202020202020202020202020202020202020
3078303930312020202020202020202020202020
2020202020202020202020202020202020202020
307866302c204120202020202020202020202020
2020202020202020202020202020202020202020
307832302e36205b307830365d2c203078303931
2020202020202020202020202020202020202020
2020202020202020202020202020202020202020
3078313036652020202020202020202020202020
2020202020202020202020202020202020202020
2020202020202020202020202020202020202020
307832302e30205b307830305d2c203078303930
2020202020202020202020202020202020202020
2020202020202020202020202020202020202020
307833372c203078376620202020202020202020
2020202020202020202020202020202020202020
2020202020202020202020202020202020202020
307837632c202330783031202020202020202020
2020202020202020202020202020202020202020
2020202020202020202020202020202020202020
307832302e36205b307830365d20202020202020
2020202020202020202020202020202020202020
412c203078663020202020202020202020202020
2020202020202020202020202020202020202020
412c20307837662c203078303931372020202020
2020202020202020202020202020202020202020
2020202020202020202020202020202020202020
3078303932612020202020202020202020202020
2020202020202020202020202020202020202020
307837632c203078303932372020202020202020
2020202020202020202020202020202020202020
2020202020202020202020202020202020202020
3078376620202020202020202020202020202020
2020202020202020202020202020202020202020
412c202330783366202020202020202020202020
2020202020202020202020202020202020202020
432c20307832302e30205b307830305d20202020
2020202020202020202020202020202020202020
412c202330783030202020202020202020202020
2020202020202020202020202020202020202020
412c2040412b4450545220202020202020202020
307837632c204120202020202020202020202020
2020202020202020202020202020202020202020
307837662c203078663020202020202020202020
2020202020202020202020202020202020202020
2020202020202020202020202020202020202020
307866302c203078376620202020202020202020
2020202020202020202020202020202020202020
2020202020202020202020202020202020202020
412c202330783338202020202020202020202020
2020202020202020202020202020202020202020
412c2040412b4450545220202020202020202020
412c203078333720202020202020202020202020
2020202020202020202020202020202020202020
4320202020202020202020202020202020202020
412c203078376620202020202020202020202020
2020202020202020202020202020202020202020
3078303933662020202020202020202020202020
2020202020202020202020202020202020202020
412c202330783830202020202020202020202020
2020202020202020202020202020202020202020
412c203078376520202020202020202020202020
2020202020202020202020202020202020202020
3078303933662020202020202020202020202020
2020202020202020202020202020202020202020
3078306134612020202020202020202020202020
2020202020202020202020202020202020202020
3078313037312020202020202020202020202020
2020202020202020202020202020202020202020
2020202020202020202020202020202020202020
412c203078376620202020202020202020202020
2020202020202020202020202020202020202020
4320202020202020202020202020202020202020
412c203078333720202020202020202020202020
2020202020202020202020202020202020202020
307832302e32205b307830325d2c204320202020
2020202020202020202020202020202020202020
3078303935312020202020202020202020202020
2020202020202020202020202020202020202020
307832302e33205b307830335d20202020202020
2020202020202020202020202020202020202020
4120202020202020202020202020202020202020
4120202020202020202020202020202020202020
3078303935332020202020202020202020202020
2020202020202020202020202020202020202020
307832302e34205b307830345d20202020202020
2020202020202020202020202020202020202020
52332c2041202020202020202020202020202020
52312c2030783765202020202020202020202020
2020202020202020202020202020202020202020
52302c2030783764202020202020202020202020
2020202020202020202020202020202020202020
307832302e33205b307830335d2c203078303937
2020202020202020202020202020202020202020
2020202020202020202020202020202020202020
307832302e34205b307830345d2c203078303937
2020202020202020202020202020202020202020
2020202020202020202020202020202020202020
52322c2023307833382020202020202020202020
2020202020202020202020202020202020202020
307832302e32205b307830325d2c203078303936
2020202020202020202020202020202020202020
2020202020202020202020202020202020202020
5232202020202020202020202020202020202020
3078303531642020202020202020202020202020
2020202020202020202020202020202020202020
2020202020202020202020202020202020202020
307866302c204120202020202020202020202020
2020202020202020202020202020202020202020
412c205233202020202020202020202020202020
3078306264642020202020202020202020202020
2020202020202020202020202020202020202020
2020202020202020202020202020202020202020
307837642c205230202020202020202020202020
2020202020202020202020202020202020202020
307837652c205231202020202020202020202020
2020202020202020202020202020202020202020
307832302e32205b307830325d2c203078303938
2020202020202020202020202020202020202020
2020202020202020202020202020202020202020
52322c2023307833612020202020202020202020
2020202020202020202020202020202020202020
3078303531642020202020202020202020202020
2020202020202020202020202020202020202020
2020202020202020202020202020202020202020
307866302c204120202020202020202020202020
2020202020202020202020202020202020202020
412c205233202020202020202020202020202020
412c2023307833662c2030783039376620202020
2020202020202020202020202020202020202020
2020202020202020202020202020202020202020
3078303938332020202020202020202020202020
2020202020202020202020202020202020202020
412c203078336620202020202020202020202020
2020202020202020202020202020202020202020
4120202020202020202020202020202020202020
4120202020202020202020202020202020202020
3078306264642020202020202020202020202020
2020202020202020202020202020202020202020
2020202020202020202020202020202020202020
3078313037342020202020202020202020202020
2020202020202020202020202020202020202020
2020202020202020202020202020202020202020
412c205231202020202020202020202020202020
4320202020202020202020202020202020202020
307865302e37205b307865375d2c203078303961
2020202020202020202020202020202020202020
2020202020202020202020202020202020202020
307832332e32205b307831615d2c203078303962
2020202020202020202020202020202020202020
2020202020202020202020202020202020202020
412c202330783364202020202020202020202020
2020202020202020202020202020202020202020
412c2040412b4450545220202020202020202020
4120202020202020202020202020202020202020
412c202330783830202020202020202020202020
2020202020202020202020202020202020202020
412c20307830312c203078303939632020202020
2020202020202020202020202020202020202020
2020202020202020202020202020202020202020
3078303962322020202020202020202020202020
2020202020202020202020202020202020202020
52312c2041202020202020202020202020202020
307832302e33205b307830335d20202020202020
2020202020202020202020202020202020202020
3078303962322020202020202020202020202020
2020202020202020202020202020202020202020
412c202330783365202020202020202020202020
2020202020202020202020202020202020202020
412c2040412b4450545220202020202020202020
4120202020202020202020202020202020202020
4120202020202020202020202020202020202020
412c202330783830202020202020202020202020
2020202020202020202020202020202020202020
412c20307830312c203078303961642020202020
2020202020202020202020202020202020202020
2020202020202020202020202020202020202020
3078303962322020202020202020202020202020
2020202020202020202020202020202020202020
52312c2041202020202020202020202020202020
307832302e34205b307830345d20202020202020
2020202020202020202020202020202020202020
52322c2023307833642020202020202020202020
2020202020202020202020202020202020202020
3078303531642020202020202020202020202020
2020202020202020202020202020202020202020
2020202020202020202020202020202020202020
412c20307834392c203078303962612020202020
2020202020202020202020202020202020202020
2020202020202020202020202020202020202020
3078303962652020202020202020202020202020
2020202020202020202020202020202020202020
307832302e34205b307830345d20202020202020
2020202020202020202020202020202020202020
412c205231202020202020202020202020202020
4320202020202020202020202020202020202020
412c202330783830202020202020202020202020
2020202020202020202020202020202020202020
307832302e35205b307830355d2c204320202020
2020202020202020202020202020202020202020
52312c2041202020202020202020202020202020
3078313037372020202020202020202020202020
2020202020202020202020202020202020202020
2020202020202020202020202020202020202020
52322c2023307833632020202020202020202020
2020202020202020202020202020202020202020
3078303531642020202020202020202020202020
2020202020202020202020202020202020202020
2020202020202020202020202020202020202020
307866302c204120202020202020202020202020
2020202020202020202020202020202020202020
307832332e35205b307831645d2c203078303964
2020202020202020202020202020202020202020
2020202020202020202020202020202020202020
52322c2023307833622020202020202020202020
2020202020202020202020202020202020202020
3078303531642020202020202020202020202020
2020202020202020202020202020202020202020
2020202020202020202020202020202020202020
3078306135352020202020202020202020202020
2020202020202020202020202020202020202020
307832332e33205b307831625d2c203078303965
2020202020202020202020202020202020202020
2020202020202020202020202020202020202020
412c202330783362202020202020202020202020
2020202020202020202020202020202020202020
412c2040412b4450545220202020202020202020
3078306135352020202020202020202020202020
2020202020202020202020202020202020202020
307862302e35205b307862355d2c203078303965
2020202020202020202020202020202020202020
2020202020202020202020202020202020202020
412c202330783361202020202020202020202020
2020202020202020202020202020202020202020
412c2040412b4450545220202020202020202020
3078306135352020202020202020202020202020
2020202020202020202020202020202020202020
412c202330783830202020202020202020202020
2020202020202020202020202020202020202020
4142202020202020202020202020202020202020
3078313037612020202020202020202020202020
2020202020202020202020202020202020202020
2020202020202020202020202020202020202020
412c205230202020202020202020202020202020
52302c2041202020202020202020202020202020
412c203078663020202020202020202020202020
2020202020202020202020202020202020202020
412c205231202020202020202020202020202020
52312c2041202020202020202020202020202020
307865302e37205b307865375d2c203078306130
2020202020202020202020202020202020202020
2020202020202020202020202020202020202020
307832302e35205b307830355d2c203078306130
2020202020202020202020202020202020202020
2020202020202020202020202020202020202020
52312c2023307830302020202020202020202020
2020202020202020202020202020202020202020
52302c2023307830302020202020202020202020
2020202020202020202020202020202020202020
3078306130352020202020202020202020202020
2020202020202020202020202020202020202020
52312c2023307837662020202020202020202020
2020202020202020202020202020202020202020
52302c2023307866662020202020202020202020
2020202020202020202020202020202020202020
3078313037642020202020202020202020202020
2020202020202020202020202020202020202020
2020202020202020202020202020202020202020
52372c2030783031202020202020202020202020
2020202020202020202020202020202020202020
52362c2030783030202020202020202020202020
2020202020202020202020202020202020202020
412c202330783031202020202020202020202020
2020202020202020202020202020202020202020
3078303530392020202020202020202020202020
2020202020202020202020202020202020202020
2020202020202020202020202020202020202020
307837622c205237202020202020202020202020
2020202020202020202020202020202020202020
412c202330783431202020202020202020202020
2020202020202020202020202020202020202020
412c2040412b4450545220202020202020202020
3078303464392020202020202020202020202020
2020202020202020202020202020202020202020
2020202020202020202020202020202020202020
412c202330783432202020202020202020202020
2020202020202020202020202020202020202020
412c2040412b4450545220202020202020202020
412c205237202020202020202020202020202020
52372c2041202020202020202020202020202020
412c202330783062202020202020202020202020
2020202020202020202020202020202020202020
412c2040412b4450545220202020202020202020
52302c2041202020202020202020202020202020
412c202330783063202020202020202020202020
2020202020202020202020202020202020202020
412c2040412b4450545220202020202020202020
52312c2041202020202020202020202020202020
3078303435352020202020202020202020202020
2020202020202020202020202020202020202020
2020202020202020202020202020202020202020
412c205236202020202020202020202020202020
4120202020202020202020202020202020202020
52302c2041202020202020202020202020202020
412c205237202020202020202020202020202020
4120202020202020202020202020202020202020
52312c2041202020202020202020202020202020
412c202330783062202020202020202020202020
2020202020202020202020202020202020202020
412c2040412b4450545220202020202020202020
52332c2041202020202020202020202020202020
412c202330783063202020202020202020202020
2020202020202020202020202020202020202020
412c2040412b4450545220202020202020202020
52342c2041202020202020202020202020202020
4320202020202020202020202020202020202020
412c205236202020202020202020202020202020
412c205233202020202020202020202020202020
412c205237202020202020202020202020202020
412c205234202020202020202020202020202020
52332c2041202020202020202020202020202020
307861382e33205b307861625d20202020202020
2020202020202020202020202020202020202020
307834342c205237202020202020202020202020
2020202020202020202020202020202020202020
307834352c205233202020202020202020202020
2020202020202020202020202020202020202020
307834322c205230202020202020202020202020
2020202020202020202020202020202020202020
307834332c205231202020202020202020202020
2020202020202020202020202020202020202020
307861382e33205b307861625d20202020202020
2020202020202020202020202020202020202020
2020202020202020202020202020202020202020
307837652c202330783830202020202020202020
2020202020202020202020202020202020202020
2020202020202020202020202020202020202020
307837642c202330783030202020202020202020
2020202020202020202020202020202020202020
2020202020202020202020202020202020202020
52312c2023307830302020202020202020202020
2020202020202020202020202020202020202020
52302c2023307830302020202020202020202020
2020202020202020202020202020202020202020
2020202020202020202020202020202020202020
412c203078663020202020202020202020202020
2020202020202020202020202020202020202020
3078306135622020202020202020202020202020
2020202020202020202020202020202020202020
412c203078666620202020202020202020202020
2020202020202020202020202020202020202020
307866302c204120202020202020202020202020
2020202020202020202020202020202020202020
2020202020202020202020202020202020202020
52322c2023307833652020202020202020202020
2020202020202020202020202020202020202020
307862302e34205b307862345d2c203078306136
2020202020202020202020202020202020202020
2020202020202020202020202020202020202020
52322c2023307834312020202020202020202020
2020202020202020202020202020202020202020
3078303531642020202020202020202020202020
2020202020202020202020202020202020202020
2020202020202020202020202020202020202020
307831382c204120202020202020202020202020
2020202020202020202020202020202020202020
3078303531642020202020202020202020202020
2020202020202020202020202020202020202020
2020202020202020202020202020202020202020
307831392c204120202020202020202020202020
2020202020202020202020202020202020202020
3078303531642020202020202020202020202020
2020202020202020202020202020202020202020
2020202020202020202020202020202020202020
307831612c204120202020202020202020202020
2020202020202020202020202020202020202020
2020202020202020202020202020202020202020
307832332e34205b307831635d2c203078306137
2020202020202020202020202020202020202020
2020202020202020202020202020202020202020
307831622c202330783830202020202020202020
2020202020202020202020202020202020202020
2020202020202020202020202020202020202020
52302c2030783163202020202020202020202020
2020202020202020202020202020202020202020
52312c2030783162202020202020202020202020
2020202020202020202020202020202020202020
432c20307839302e37205b307839375d20202020
2020202020202020202020202020202020202020
4320202020202020202020202020202020202020
307832302e32205b307830325d2c204320202020
2020202020202020202020202020202020202020
3078306139342020202020202020202020202020
2020202020202020202020202020202020202020
307832342e36205b307832365d2c203078306138
2020202020202020202020202020202020202020
2020202020202020202020202020202020202020
3078306263642020202020202020202020202020
2020202020202020202020202020202020202020
2020202020202020202020202020202020202020
3078306161312020202020202020202020202020
2020202020202020202020202020202020202020
4120202020202020202020202020202020202020
3078306264342020202020202020202020202020
2020202020202020202020202020202020202020
2020202020202020202020202020202020202020
3078306161312020202020202020202020202020
2020202020202020202020202020202020202020
307832342e36205b307832365d2c203078306139
2020202020202020202020202020202020202020
2020202020202020202020202020202020202020
3078306263642020202020202020202020202020
2020202020202020202020202020202020202020
2020202020202020202020202020202020202020
3078306161312020202020202020202020202020
2020202020202020202020202020202020202020
412c203078316120202020202020202020202020
2020202020202020202020202020202020202020
3078306264342020202020202020202020202020
2020202020202020202020202020202020202020
2020202020202020202020202020202020202020
307831632c205230202020202020202020202020
2020202020202020202020202020202020202020
307831622c205231202020202020202020202020
2020202020202020202020202020202020202020
432c20307832302e32205b307830325d20202020
2020202020202020202020202020202020202020
307832342e36205b307832365d2c204320202020
2020202020202020202020202020202020202020
3078313035632020202020202020202020202020
2020202020202020202020202020202020202020
2020202020202020202020202020202020202020
307832332e32205b307831615d2c203078306166
2020202020202020202020202020202020202020
2020202020202020202020202020202020202020
307832332e31205b307831395d2c203078306166
2020202020202020202020202020202020202020
2020202020202020202020202020202020202020
307832332e35205b307831645d2c203078306166
2020202020202020202020202020202020202020
2020202020202020202020202020202020202020
2020202020202020202020202020202020202020
2020202020202020202020202020202020202020
2020202020202020202020202020202020202020
412c202330783462202020202020202020202020
2020202020202020202020202020202020202020
412c2040412b4450545220202020202020202020
412c20307833372c203078306162652020202020
2020202020202020202020202020202020202020
2020202020202020202020202020202020202020
3078306166392020202020202020202020202020
2020202020202020202020202020202020202020
412c202330783463202020202020202020202020
2020202020202020202020202020202020202020
412c2040412b4450545220202020202020202020
412c20307834392c203078306163362020202020
2020202020202020202020202020202020202020
2020202020202020202020202020202020202020
3078306164642020202020202020202020202020
2020202020202020202020202020202020202020
307832342e35205b307832355d2c203078306166
2020202020202020202020202020202020202020
2020202020202020202020202020202020202020
307832342e31205b307832315d2c203078306164
2020202020202020202020202020202020202020
2020202020202020202020202020202020202020
307832342e31205b307832315d20202020202020
2020202020202020202020202020202020202020
307832342e32205b307832325d20202020202020
2020202020202020202020202020202020202020
412c202330783464202020202020202020202020
2020202020202020202020202020202020202020
412c2040412b4450545220202020202020202020
307833662c204120202020202020202020202020
2020202020202020202020202020202020202020
412c203078336620202020202020202020202020
2020202020202020202020202020202020202020
3078306166392020202020202020202020202020
2020202020202020202020202020202020202020
3078306164662020202020202020202020202020
2020202020202020202020202020202020202020
307832342e31205b307832315d20202020202020
2020202020202020202020202020202020202020
412c202330783439202020202020202020202020
2020202020202020202020202020202020202020
307832332e30205b307831385d2c203078306165
2020202020202020202020202020202020202020
2020202020202020202020202020202020202020
412c202330783438202020202020202020202020
2020202020202020202020202020202020202020
412c2040412b4450545220202020202020202020
52322c2041202020202020202020202020202020
307832342e35205b307832355d2c203078306165
2020202020202020202020202020202020202020
2020202020202020202020202020202020202020
412c202330783461202020202020202020202020
2020202020202020202020202020202020202020
412c2040412b4450545220202020202020202020
412c205232202020202020202020202020202020
4320202020202020202020202020202020202020
412c203078313320202020202020202020202020
2020202020202020202020202020202020202020
307832342e35205b307832355d2c204320202020
2020202020202020202020202020202020202020
3078306235302020202020202020202020202020
2020202020202020202020202020202020202020
2020202020202020202020202020202020202020
3078306166622020202020202020202020202020
2020202020202020202020202020202020202020
307832342e35205b307832355d20202020202020
2020202020202020202020202020202020202020
3078313035662020202020202020202020202020
2020202020202020202020202020202020202020
2020202020202020202020202020202020202020
307839302e36205b307839365d2c203078306231
2020202020202020202020202020202020202020
2020202020202020202020202020202020202020
307839302e37205b307839375d2c203078306231
2020202020202020202020202020202020202020
2020202020202020202020202020202020202020
307832342e33205b307832335d2c203078306231
2020202020202020202020202020202020202020
2020202020202020202020202020202020202020
307832342e33205b307832335d20202020202020
2020202020202020202020202020202020202020
307832342e34205b307832345d20202020202020
2020202020202020202020202020202020202020
412c202330783433202020202020202020202020
2020202020202020202020202020202020202020
412c2040412b4450545220202020202020202020
307833652c204120202020202020202020202020
2020202020202020202020202020202020202020
412c203078336520202020202020202020202020
2020202020202020202020202020202020202020
3078306232652020202020202020202020202020
2020202020202020202020202020202020202020
307832342e37205b307832375d20202020202020
2020202020202020202020202020202020202020
3078306232652020202020202020202020202020
2020202020202020202020202020202020202020
307832342e34205b307832345d2c203078306232
2020202020202020202020202020202020202020
2020202020202020202020202020202020202020
307832342e34205b307832345d20202020202020
2020202020202020202020202020202020202020
307832342e33205b307832335d20202020202020
2020202020202020202020202020202020202020
307832342e32205b307832325d20202020202020
2020202020202020202020202020202020202020
307832342e30205b307832305d20202020202020
2020202020202020202020202020202020202020
412c202330783434202020202020202020202020
2020202020202020202020202020202020202020
412c2040412b4450545220202020202020202020
307833652c204120202020202020202020202020
2020202020202020202020202020202020202020
412c203078336520202020202020202020202020
2020202020202020202020202020202020202020
3078306232652020202020202020202020202020
2020202020202020202020202020202020202020
307832342e37205b307832375d20202020202020
2020202020202020202020202020202020202020
432c20307832342e35205b307832355d20202020
2020202020202020202020202020202020202020
432c20307832342e37205b307832375d20202020
2020202020202020202020202020202020202020
432c20307832342e30205b307832305d20202020
2020202020202020202020202020202020202020
307832342e35205b307832355d2c204320202020
2020202020202020202020202020202020202020
3078306234322020202020202020202020202020
2020202020202020202020202020202020202020
52302c2023307830302020202020202020202020
2020202020202020202020202020202020202020
52312c2023307838302020202020202020202020
2020202020202020202020202020202020202020
307831632c205230202020202020202020202020
2020202020202020202020202020202020202020
307831622c205231202020202020202020202020
2020202020202020202020202020202020202020
307832342e32205b307832325d20202020202020
2020202020202020202020202020202020202020
3078313036322020202020202020202020202020
2020202020202020202020202020202020202020
2020202020202020202020202020202020202020
3078303435352020202020202020202020202020
2020202020202020202020202020202020202020
2020202020202020202020202020202020202020
412c202330783031202020202020202020202020
2020202020202020202020202020202020202020
3078303530392020202020202020202020202020
2020202020202020202020202020202020202020
2020202020202020202020202020202020202020
3078313036352020202020202020202020202020
2020202020202020202020202020202020202020
2020202020202020202020202020202020202020
412c202330783436202020202020202020202020
2020202020202020202020202020202020202020
412c2040412b4450545220202020202020202020
52332c2041202020202020202020202020202020
4320202020202020202020202020202020202020
412c205231202020202020202020202020202020
412c205233202020202020202020202020202020
3078306235642020202020202020202020202020
2020202020202020202020202020202020202020
52302c2023307830302020202020202020202020
2020202020202020202020202020202020202020
3078306236372020202020202020202020202020
2020202020202020202020202020202020202020
412c202330783437202020202020202020202020
2020202020202020202020202020202020202020
412c2040412b4450545220202020202020202020
52332c2041202020202020202020202020202020
4320202020202020202020202020202020202020
412c205231202020202020202020202020202020
3078306238392020202020202020202020202020
2020202020202020202020202020202020202020
52302c2023307866662020202020202020202020
2020202020202020202020202020202020202020
412c205233202020202020202020202020202020
52312c2041202020202020202020202020202020
307831632c205230202020202020202020202020
2020202020202020202020202020202020202020
307831622c205231202020202020202020202020
2020202020202020202020202020202020202020
307832342e31205b307832315d2c203078306238
2020202020202020202020202020202020202020
2020202020202020202020202020202020202020
307832342e32205b307832325d2c203078306238
2020202020202020202020202020202020202020
2020202020202020202020202020202020202020
412c202330783435202020202020202020202020
2020202020202020202020202020202020202020
412c2040412b4450545220202020202020202020
412c2023307866662c2030783062376620202020
2020202020202020202020202020202020202020
2020202020202020202020202020202020202020
307832342e32205b307832325d20202020202020
2020202020202020202020202020202020202020
307832342e30205b307832305d20202020202020
2020202020202020202020202020202020202020
3078306238392020202020202020202020202020
2020202020202020202020202020202020202020
307832342e32205b307832325d20202020202020
2020202020202020202020202020202020202020
307833662c204120202020202020202020202020
2020202020202020202020202020202020202020
412c203078336620202020202020202020202020
2020202020202020202020202020202020202020
3078306238392020202020202020202020202020
2020202020202020202020202020202020202020
307832342e30205b307832305d20202020202020
2020202020202020202020202020202020202020
2020202020202020202020202020202020202020
52322c2023307834652020202020202020202020
2020202020202020202020202020202020202020
412c205232202020202020202020202020202020
412c2040412b4450545220202020202020202020
412c20307833372c203078306239312020202020
2020202020202020202020202020202020202020
2020202020202020202020202020202020202020
3078306261332020202020202020202020202020
2020202020202020202020202020202020202020
412c205232202020202020202020202020202020
4120202020202020202020202020202020202020
412c2040412b4450545220202020202020202020
412c205232202020202020202020202020202020
412c205232202020202020202020202020202020
412c20307833372c203078306239622020202020
2020202020202020202020202020202020202020
2020202020202020202020202020202020202020
3078306239662020202020202020202020202020
2020202020202020202020202020202020202020
3078306261352020202020202020202020202020
2020202020202020202020202020202020202020
307839302e35205b307839355d20202020202020
2020202020202020202020202020202020202020
3078306261352020202020202020202020202020
2020202020202020202020202020202020202020
307839302e35205b307839355d20202020202020
2020202020202020202020202020202020202020
307832332e37205b307831665d2c203078306261
2020202020202020202020202020202020202020
2020202020202020202020202020202020202020
412c203078316220202020202020202020202020
2020202020202020202020202020202020202020
432c20307865302e37205b307865375d20202020
2020202020202020202020202020202020202020
2020202020202020202020202020202020202020
307862302e31205b307862315d2c204320202020
2020202020202020202020202020202020202020
2020202020202020202020202020202020202020
307832342e35205b307832355d2c203078306262
2020202020202020202020202020202020202020
2020202020202020202020202020202020202020
307839302e35205b307839355d20202020202020
2020202020202020202020202020202020202020
307832312e33205b307830625d20202020202020
2020202020202020202020202020202020202020
3078306261352020202020202020202020202020
2020202020202020202020202020202020202020
307832312e33205b307830625d2c203078306263
2020202020202020202020202020202020202020
2020202020202020202020202020202020202020
412c202330783530202020202020202020202020
2020202020202020202020202020202020202020
412c2040412b4450545220202020202020202020
307833662c204120202020202020202020202020
2020202020202020202020202020202020202020
307839302e35205b307839355d20202020202020
2020202020202020202020202020202020202020
307832312e33205b307830625d20202020202020
2020202020202020202020202020202020202020
412c203078336620202020202020202020202020
2020202020202020202020202020202020202020
3078306263622020202020202020202020202020
2020202020202020202020202020202020202020
307839302e35205b307839355d20202020202020
2020202020202020202020202020202020202020
3078306261352020202020202020202020202020
2020202020202020202020202020202020202020
412c203078313820202020202020202020202020
2020202020202020202020202020202020202020
307866302c202330783031202020202020202020
2020202020202020202020202020202020202020
2020202020202020202020202020202020202020
3078306264642020202020202020202020202020
2020202020202020202020202020202020202020
4120202020202020202020202020202020202020
4120202020202020202020202020202020202020
412c203078313920202020202020202020202020
2020202020202020202020202020202020202020
307866302c202330783130202020202020202020
2020202020202020202020202020202020202020
2020202020202020202020202020202020202020
307832342e34205b307832345d20202020202020
2020202020202020202020202020202020202020
4142202020202020202020202020202020202020
307866302e37205b307866375d2c203078306265
2020202020202020202020202020202020202020
2020202020202020202020202020202020202020
307866302c202330783766202020202020202020
2020202020202020202020202020202020202020
2020202020202020202020202020202020202020
307832302e32205b307830325d2c203078306265
2020202020202020202020202020202020202020
2020202020202020202020202020202020202020
4320202020202020202020202020202020202020
4120202020202020202020202020202020202020
307866302c202330786666202020202020202020
2020202020202020202020202020202020202020
2020202020202020202020202020202020202020
412c205230202020202020202020202020202020
52302c2041202020202020202020202020202020
412c203078663020202020202020202020202020
2020202020202020202020202020202020202020
412c205231202020202020202020202020202020
52312c2041202020202020202020202020202020
4120202020202020202020202020202020202020
307832302e32205b307830325d2c203078306266
2020202020202020202020202020202020202020
2020202020202020202020202020202020202020
4320202020202020202020202020202020202020
4120202020202020202020202020202020202020
3078306266632020202020202020202020202020
2020202020202020202020202020202020202020
52302c2041202020202020202020202020202020
52312c2041202020202020202020202020202020
2020202020202020202020202020202020202020
307832332e32205b307831615d2c203078306335
2020202020202020202020202020202020202020
2020202020202020202020202020202020202020
52322c2023307834342020202020202020202020
2020202020202020202020202020202020202020
3078303531642020202020202020202020202020
2020202020202020202020202020202020202020
2020202020202020202020202020202020202020
52332c2041202020202020202020202020202020
307832312e31205b307830395d2c203078306333
2020202020202020202020202020202020202020
2020202020202020202020202020202020202020
412c20307834392c203078306330632020202020
2020202020202020202020202020202020202020
2020202020202020202020202020202020202020
3078306331322020202020202020202020202020
2020202020202020202020202020202020202020
307832312e30205b307830385d20202020202020
2020202020202020202020202020202020202020
3078306335342020202020202020202020202020
2020202020202020202020202020202020202020
412c202330783532202020202020202020202020
2020202020202020202020202020202020202020
307832312e30205b307830385d2c203078306332
2020202020202020202020202020202020202020
2020202020202020202020202020202020202020
307832312e30205b307830385d20202020202020
2020202020202020202020202020202020202020
412c2040412b4450545220202020202020202020
307835382c204120202020202020202020202020
2020202020202020202020202020202020202020
412c202330783534202020202020202020202020
2020202020202020202020202020202020202020
412c2040412b4450545220202020202020202020
307835392c204120202020202020202020202020
2020202020202020202020202020202020202020
412c203078353820202020202020202020202020
2020202020202020202020202020202020202020
3078306335342020202020202020202020202020
2020202020202020202020202020202020202020
307832312e31205b307830395d20202020202020
2020202020202020202020202020202020202020
412c202330783533202020202020202020202020
2020202020202020202020202020202020202020
412c2040412b4450545220202020202020202020
307835382c204120202020202020202020202020
2020202020202020202020202020202020202020
412c202330783535202020202020202020202020
2020202020202020202020202020202020202020
412c2040412b4450545220202020202020202020
307835392c204120202020202020202020202020
2020202020202020202020202020202020202020
307832332e35205b307831645d20202020202020
2020202020202020202020202020202020202020
307833322c205235202020202020202020202020
2020202020202020202020202020202020202020
307833312c205235202020202020202020202020
2020202020202020202020202020202020202020
2020202020202020202020202020202020202020
412c203078353820202020202020202020202020
2020202020202020202020202020202020202020
3078306334322020202020202020202020202020
2020202020202020202020202020202020202020
307832312e30205b307830385d20202020202020
2020202020202020202020202020202020202020
307832312e31205b307830395d20202020202020
2020202020202020202020202020202020202020
3078306335342020202020202020202020202020
2020202020202020202020202020202020202020
412c202330783531202020202020202020202020
2020202020202020202020202020202020202020
412c2040412b4450545220202020202020202020
4120202020202020202020202020202020202020
4120202020202020202020202020202020202020
412c205233202020202020202020202020202020
4320202020202020202020202020202020202020
412c203078343920202020202020202020202020
2020202020202020202020202020202020202020
3078306335342020202020202020202020202020
2020202020202020202020202020202020202020
307832332e35205b307831645d20202020202020
2020202020202020202020202020202020202020
307833322c205235202020202020202020202020
2020202020202020202020202020202020202020
307833312c205235202020202020202020202020
2020202020202020202020202020202020202020
2020202020202020202020202020202020202020
3078313035392020202020202020202020202020
2020202020202020202020202020202020202020
2020202020202020202020202020202020202020
3078353920202020202020202020202020202020
2020202020202020202020202020202020202020
412c203078353920202020202020202020202020
2020202020202020202020202020202020202020
3078306336632020202020202020202020202020
2020202020202020202020202020202020202020
412c202330783534202020202020202020202020
2020202020202020202020202020202020202020
307832312e31205b307830395d2c203078306336
2020202020202020202020202020202020202020
2020202020202020202020202020202020202020
4120202020202020202020202020202020202020
412c2040412b4450545220202020202020202020
307835392c204120202020202020202020202020
2020202020202020202020202020202020202020
412c203078353820202020202020202020202020
2020202020202020202020202020202020202020
3078306336632020202020202020202020202020
2020202020202020202020202020202020202020
3078353820202020202020202020202020202020
2020202020202020202020202020202020202020
3078313035362020202020202020202020202020
2020202020202020202020202020202020202020
2020202020202020202020202020202020202020
2020202020202020202020202020202020202020
2020202020202020202020202020202020202020
2020202020202020202020202020202020202020
2020202020202020202020202020202020202020
2020202020202020202020202020202020202020
307839302e35205b307839355d20202020202020
2020202020202020202020202020202020202020
2020202020202020202020202020202020202020
307838382e31205b307838395d20202020202020
2020202020202020202020202020202020202020
307861302c202330783030202020202020202020
2020202020202020202020202020202020202020
2020202020202020202020202020202020202020
4052302c20412020202020202020202020202020
4052302c20412020202020202020202020202020
4052302c20412020202020202020202020202020
4052302c20412020202020202020202020202020
412c202330783064202020202020202020202020
2020202020202020202020202020202020202020
412c2040412b4450545220202020202020202020
307866302c204120202020202020202020202020
2020202020202020202020202020202020202020
432c20307862302e33205b307862335d20202020
2020202020202020202020202020202020202020
307865302e30205b307865305d2c204320202020
2020202020202020202020202020202020202020
52352c2023307830302020202020202020202020
2020202020202020202020202020202020202020
52362c2023307830322020202020202020202020
2020202020202020202020202020202020202020
52372c2023307830322020202020202020202020
2020202020202020202020202020202020202020
4120202020202020202020202020202020202020
307866302c203078326120202020202020202020
2020202020202020202020202020202020202020
2020202020202020202020202020202020202020
307832322e37205b307831375d2c203078306339
2020202020202020202020202020202020202020
2020202020202020202020202020202020202020
307832322e37205b307831375d20202020202020
2020202020202020202020202020202020202020
4052302c20412020202020202020202020202020
52352c2030783063616320202020202020202020
2020202020202020202020202020202020202020
307865302e30205b307865305d2c203078306361
2020202020202020202020202020202020202020
2020202020202020202020202020202020202020
52372c2023307830322020202020202020202020
2020202020202020202020202020202020202020
52362c2030783063616320202020202020202020
2020202020202020202020202020202020202020
3078303234652020202020202020202020202020
2020202020202020202020202020202020202020
2020202020202020202020202020202020202020
52362c2023307830322020202020202020202020
2020202020202020202020202020202020202020
52372c2030783063616320202020202020202020
2020202020202020202020202020202020202020
3078303234652020202020202020202020202020
2020202020202020202020202020202020202020
2020202020202020202020202020202020202020
432c20307862302e33205b307862335d20202020
2020202020202020202020202020202020202020
307865302e30205b307865305d2c204320202020
2020202020202020202020202020202020202020
432c20307865302e31205b307865315d20202020
2020202020202020202020202020202020202020
3078306363302020202020202020202020202020
2020202020202020202020202020202020202020
432c20307865302e30205b307865305d20202020
2020202020202020202020202020202020202020
432c20307865302e31205b307865315d20202020
2020202020202020202020202020202020202020
3078306363302020202020202020202020202020
2020202020202020202020202020202020202020
52352c2023307830302020202020202020202020
2020202020202020202020202020202020202020
52362c2023307830322020202020202020202020
2020202020202020202020202020202020202020
52372c2023307830322020202020202020202020
2020202020202020202020202020202020202020
4120202020202020202020202020202020202020
307838382e31205b307838395d2c203078306339
2020202020202020202020202020202020202020
2020202020202020202020202020202020202020
307861382e30205b307861385d20202020202020
2020202020202020202020202020202020202020
307832332e34205b307831635d20202020202020
2020202020202020202020202020202020202020
3078313030382020202020202020202020202020
2020202020202020202020202020202020202020
2020202020202020202020202020202020202020
307862302e33205b307862335d2c203078306363
2020202020202020202020202020202020202020
2020202020202020202020202020202020202020
307862302e33205b307862335d2c203078306363
2020202020202020202020202020202020202020
2020202020202020202020202020202020202020
2020202020202020202020202020202020202020
307862302e34205b307862345d2c203078306364
2020202020202020202020202020202020202020
2020202020202020202020202020202020202020
307832362e31205b307833315d20202020202020
2020202020202020202020202020202020202020
307832362e30205b307833305d20202020202020
2020202020202020202020202020202020202020
3078306365302020202020202020202020202020
2020202020202020202020202020202020202020
2020202020202020202020202020202020202020
307832362e31205b307833315d20202020202020
2020202020202020202020202020202020202020
307832362e30205b307833305d20202020202020
2020202020202020202020202020202020202020
3078306639612020202020202020202020202020
2020202020202020202020202020202020202020
2020202020202020202020202020202020202020
307832332e34205b307831635d2c203078306435
2020202020202020202020202020202020202020
2020202020202020202020202020202020202020
412c203078323920202020202020202020202020
2020202020202020202020202020202020202020
3078306365642020202020202020202020202020
2020202020202020202020202020202020202020
4120202020202020202020202020202020202020
307832392c204120202020202020202020202020
2020202020202020202020202020202020202020
307862302e34205b307862345d2c203078306430
2020202020202020202020202020202020202020
2020202020202020202020202020202020202020
307832362e36205b307833365d20202020202020
2020202020202020202020202020202020202020
307832362e31205b307833315d2c203078306433
2020202020202020202020202020202020202020
2020202020202020202020202020202020202020
307832362e30205b307833305d2c203078306433
2020202020202020202020202020202020202020
2020202020202020202020202020202020202020
307832362e34205b307833345d2c203078306430
2020202020202020202020202020202020202020
2020202020202020202020202020202020202020
307832362e32205b307833325d20202020202020
2020202020202020202020202020202020202020
307832362e33205b307833335d20202020202020
2020202020202020202020202020202020202020
3078306430352020202020202020202020202020
2020202020202020202020202020202020202020
307832362e32205b307833325d20202020202020
2020202020202020202020202020202020202020
307832362e33205b307833335d20202020202020
2020202020202020202020202020202020202020
307832362e30205b307833305d20202020202020
2020202020202020202020202020202020202020
307832362e31205b307833315d20202020202020
2020202020202020202020202020202020202020
3078306435342020202020202020202020202020
2020202020202020202020202020202020202020
52322c2023307834362020202020202020202020
2020202020202020202020202020202020202020
307832362e31205b307833315d2c203078306432
2020202020202020202020202020202020202020
2020202020202020202020202020202020202020
412c202330783538202020202020202020202020
2020202020202020202020202020202020202020
412c2040412b4450545220202020202020202020
307832392c204120202020202020202020202020
2020202020202020202020202020202020202020
307832332e35205b307831645d2c203078306434
2020202020202020202020202020202020202020
2020202020202020202020202020202020202020
307832362e36205b307833365d2c203078306432
2020202020202020202020202020202020202020
2020202020202020202020202020202020202020
432c20307832362e34205b307833345d20202020
2020202020202020202020202020202020202020
307832362e35205b307833355d2c204320202020
2020202020202020202020202020202020202020
3078306432342020202020202020202020202020
2020202020202020202020202020202020202020
307832362e30205b307833305d2c203078306433
2020202020202020202020202020202020202020
2020202020202020202020202020202020202020
307832362e35205b307833355d2c203078306432
2020202020202020202020202020202020202020
2020202020202020202020202020202020202020
5232202020202020202020202020202020202020
3078303531642020202020202020202020202020
2020202020202020202020202020202020202020
2020202020202020202020202020202020202020
4320202020202020202020202020202020202020
412c202330783134202020202020202020202020
2020202020202020202020202020202020202020
432c20307865302e37205b307865375d20202020
2020202020202020202020202020202020202020
4120202020202020202020202020202020202020
307832362e31205b307833315d20202020202020
2020202020202020202020202020202020202020
307832362e30205b307833305d20202020202020
2020202020202020202020202020202020202020
307833312c204120202020202020202020202020
2020202020202020202020202020202020202020
412c203078323920202020202020202020202020
2020202020202020202020202020202020202020
3078306435342020202020202020202020202020
2020202020202020202020202020202020202020
307832362e30205b307833305d20202020202020
2020202020202020202020202020202020202020
307832362e32205b307833325d20202020202020
2020202020202020202020202020202020202020
307832362e33205b307833335d20202020202020
2020202020202020202020202020202020202020
3078306435342020202020202020202020202020
2020202020202020202020202020202020202020
307832362e30205b307833305d20202020202020
2020202020202020202020202020202020202020
307832362e31205b307833315d20202020202020
2020202020202020202020202020202020202020
307832362e32205b307833325d20202020202020
2020202020202020202020202020202020202020
307832362e33205b307833335d20202020202020
2020202020202020202020202020202020202020
307832362e36205b307833365d2c203078306435
2020202020202020202020202020202020202020
2020202020202020202020202020202020202020
432c20307832362e34205b307833345d20202020
2020202020202020202020202020202020202020
307832362e35205b307833355d2c204320202020
2020202020202020202020202020202020202020
307832362e36205b307833365d20202020202020
2020202020202020202020202020202020202020
2020202020202020202020202020202020202020
307832332e34205b307831635d2c203078306439
2020202020202020202020202020202020202020
2020202020202020202020202020202020202020
307832362e30205b307833305d2c203078306439
2020202020202020202020202020202020202020
2020202020202020202020202020202020202020
307832362e32205b307833325d2c203078306436
2020202020202020202020202020202020202020
2020202020202020202020202020202020202020
307832362e33205b307833335d2c203078306436
2020202020202020202020202020202020202020
2020202020202020202020202020202020202020
3078306439362020202020202020202020202020
2020202020202020202020202020202020202020
307833342c203078306439362020202020202020
2020202020202020202020202020202020202020
2020202020202020202020202020202020202020
445054522c202330783131363020202020202020
2020202020202020202020202020202020202020
2020202020202020202020202020202020202020
412c202330783536202020202020202020202020
2020202020202020202020202020202020202020
307832362e32205b307833325d2c203078306437
2020202020202020202020202020202020202020
2020202020202020202020202020202020202020
412c202330783537202020202020202020202020
2020202020202020202020202020202020202020
412c2040412b4450545220202020202020202020
307833342c204120202020202020202020202020
2020202020202020202020202020202020202020
52322c2023307834352020202020202020202020
2020202020202020202020202020202020202020
3078303531642020202020202020202020202020
2020202020202020202020202020202020202020
2020202020202020202020202020202020202020
52352c2041202020202020202020202020202020
412c203078333220202020202020202020202020
2020202020202020202020202020202020202020
52362c2041202020202020202020202020202020
52372c2030783331202020202020202020202020
2020202020202020202020202020202020202020
4320202020202020202020202020202020202020
412c205237202020202020202020202020202020
4320202020202020202020202020202020202020
307865302e37205b307865375d2c203078306438
2020202020202020202020202020202020202020
2020202020202020202020202020202020202020
412c205235202020202020202020202020202020
3078306438622020202020202020202020202020
2020202020202020202020202020202020202020
412c205237202020202020202020202020202020
412c205235202020202020202020202020202020
3078306439342020202020202020202020202020
2020202020202020202020202020202020202020
307832362e32205b307833325d20202020202020
2020202020202020202020202020202020202020
307832362e33205b307833335d20202020202020
2020202020202020202020202020202020202020
307833342c202330783031202020202020202020
2020202020202020202020202020202020202020
2020202020202020202020202020202020202020
412c203078333220202020202020202020202020
2020202020202020202020202020202020202020
307833312c204120202020202020202020202020
2020202020202020202020202020202020202020
2020202020202020202020202020202020202020
412c203078323820202020202020202020202020
2020202020202020202020202020202020202020
4320202020202020202020202020202020202020
412c203078333720202020202020202020202020
2020202020202020202020202020202020202020
3078306461622020202020202020202020202020
2020202020202020202020202020202020202020
307866302c204120202020202020202020202020
2020202020202020202020202020202020202020
412c202330783664202020202020202020202020
2020202020202020202020202020202020202020
412c2040412b4450545220202020202020202020
412c203078663020202020202020202020202020
2020202020202020202020202020202020202020
3078306461622020202020202020202020202020
2020202020202020202020202020202020202020
307832362e34205b307833345d20202020202020
2020202020202020202020202020202020202020
3078306461642020202020202020202020202020
2020202020202020202020202020202020202020
307832362e34205b307833345d20202020202020
2020202020202020202020202020202020202020
307833372c203078323820202020202020202020
2020202020202020202020202020202020202020
2020202020202020202020202020202020202020
2020202020202020202020202020202020202020
307832332e34205b307831635d2c203078306463
2020202020202020202020202020202020202020
2020202020202020202020202020202020202020
307832362e30205b307833305d2c203078306463
2020202020202020202020202020202020202020
2020202020202020202020202020202020202020
307832322e36205b307831365d2c203078306463
2020202020202020202020202020202020202020
2020202020202020202020202020202020202020
307832362e32205b307833325d2c203078306463
2020202020202020202020202020202020202020
2020202020202020202020202020202020202020
307832362e33205b307833335d2c203078306463
2020202020202020202020202020202020202020
2020202020202020202020202020202020202020
3078303066332020202020202020202020202020
2020202020202020202020202020202020202020
2020202020202020202020202020202020202020
307832362e32205b307833325d20202020202020
2020202020202020202020202020202020202020
307832362e33205b307833335d20202020202020
2020202020202020202020202020202020202020
3078303066332020202020202020202020202020
2020202020202020202020202020202020202020
2020202020202020202020202020202020202020
3078303132632020202020202020202020202020
2020202020202020202020202020202020202020
2020202020202020202020202020202020202020
307832332e34205b307831635d2c203078306465
2020202020202020202020202020202020202020
2020202020202020202020202020202020202020
307832332e35205b307831645d2c203078306464
2020202020202020202020202020202020202020
2020202020202020202020202020202020202020
307832362e30205b307833305d2c203078306465
2020202020202020202020202020202020202020
2020202020202020202020202020202020202020
307832322e35205b307831355d20202020202020
2020202020202020202020202020202020202020
307832322e36205b307831365d20202020202020
2020202020202020202020202020202020202020
3078303761372020202020202020202020202020
2020202020202020202020202020202020202020
2020202020202020202020202020202020202020
307832362e32205b307833325d20202020202020
2020202020202020202020202020202020202020
307832362e33205b307833335d20202020202020
2020202020202020202020202020202020202020
3078303730382020202020202020202020202020
2020202020202020202020202020202020202020
2020202020202020202020202020202020202020
3078313038302020202020202020202020202020
2020202020202020202020202020202020202020
2020202020202020202020202020202020202020
3078306630362020202020202020202020202020
2020202020202020202020202020202020202020
307832372c202330783030202020202020202020
2020202020202020202020202020202020202020
2020202020202020202020202020202020202020
307832352e30205b307832385d20202020202020
2020202020202020202020202020202020202020
3078306632312020202020202020202020202020
2020202020202020202020202020202020202020
412c202330783566202020202020202020202020
2020202020202020202020202020202020202020
412c2040412b4450545220202020202020202020
412c203078313320202020202020202020202020
2020202020202020202020202020202020202020
4320202020202020202020202020202020202020
307832372e34205b307833635d2c204320202020
2020202020202020202020202020202020202020
432c20307832342e35205b307832355d20202020
2020202020202020202020202020202020202020
4320202020202020202020202020202020202020
307832372e35205b307833645d2c204320202020
2020202020202020202020202020202020202020
412c202330783630202020202020202020202020
2020202020202020202020202020202020202020
412c2040412b4450545220202020202020202020
412c203078313220202020202020202020202020
2020202020202020202020202020202020202020
307832372e36205b307833655d2c204320202020
2020202020202020202020202020202020202020
52302c2023307835632020202020202020202020
2020202020202020202020202020202020202020
412c202330783564202020202020202020202020
2020202020202020202020202020202020202020
307832372e31205b307833395d2c203078306530
2020202020202020202020202020202020202020
2020202020202020202020202020202020202020
52302c2023307835392020202020202020202020
2020202020202020202020202020202020202020
4120202020202020202020202020202020202020
412c2040412b4450545220202020202020202020
307866302c204120202020202020202020202020
2020202020202020202020202020202020202020
3078313038332020202020202020202020202020
2020202020202020202020202020202020202020
2020202020202020202020202020202020202020
412c203078323720202020202020202020202020
2020202020202020202020202020202020202020
412c202330783738202020202020202020202020
2020202020202020202020202020202020202020
3078306531632020202020202020202020202020
2020202020202020202020202020202020202020
3078306563332020202020202020202020202020
2020202020202020202020202020202020202020
412c202330783539202020202020202020202020
2020202020202020202020202020202020202020
412c2040412b4450545220202020202020202020
4120202020202020202020202020202020202020
4120202020202020202020202020202020202020
412c203078353920202020202020202020202020
2020202020202020202020202020202020202020
412c203078316220202020202020202020202020
2020202020202020202020202020202020202020
52332c2041202020202020202020202020202020
4320202020202020202020202020202020202020
412c204052302020202020202020202020202020
307832302e32205b307830325d2c204320202020
2020202020202020202020202020202020202020
3078306532652020202020202020202020202020
2020202020202020202020202020202020202020
4120202020202020202020202020202020202020
4120202020202020202020202020202020202020
4142202020202020202020202020202020202020
52362c2030786630202020202020202020202020
2020202020202020202020202020202020202020
52352c2041202020202020202020202020202020
5230202020202020202020202020202020202020
307832302e32205b307830325d2c203078306534
2020202020202020202020202020202020202020
2020202020202020202020202020202020202020
412c204052302020202020202020202020202020
412c205235202020202020202020202020202020
4052302c20412020202020202020202020202020
5230202020202020202020202020202020202020
412c204052302020202020202020202020202020
412c205236202020202020202020202020202020
4052302c20412020202020202020202020202020
3078306536662020202020202020202020202020
2020202020202020202020202020202020202020
4320202020202020202020202020202020202020
412c202330783830202020202020202020202020
2020202020202020202020202020202020202020
4052302c20412020202020202020202020202020
5230202020202020202020202020202020202020
5230202020202020202020202020202020202020
412c202330783561202020202020202020202020
2020202020202020202020202020202020202020
412c2040412b4450545220202020202020202020
4320202020202020202020202020202020202020
412c204052302020202020202020202020202020
3078306536662020202020202020202020202020
2020202020202020202020202020202020202020
4052302020202020202020202020202020202020
3078306536362020202020202020202020202020
2020202020202020202020202020202020202020
4320202020202020202020202020202020202020
412c204052302020202020202020202020202020
412c205235202020202020202020202020202020
4052302c20412020202020202020202020202020
5230202020202020202020202020202020202020
412c204052302020202020202020202020202020
412c205236202020202020202020202020202020
4052302c20412020202020202020202020202020
3078306536662020202020202020202020202020
2020202020202020202020202020202020202020
412c202330783830202020202020202020202020
2020202020202020202020202020202020202020
4052302c20412020202020202020202020202020
5230202020202020202020202020202020202020
5230202020202020202020202020202020202020
412c202330783562202020202020202020202020
2020202020202020202020202020202020202020
412c2040412b4450545220202020202020202020
4320202020202020202020202020202020202020
412c204052302020202020202020202020202020
3078306536662020202020202020202020202020
2020202020202020202020202020202020202020
4052302020202020202020202020202020202020
307832372e31205b307833395d2c203078306536
2020202020202020202020202020202020202020
2020202020202020202020202020202020202020
412c204052302020202020202020202020202020
52302c2023307830362020202020202020202020
2020202020202020202020202020202020202020
3078316466322020202020202020202020202020
2020202020202020202020202020202020202020
2020202020202020202020202020202020202020
4320202020202020202020202020202020202020
412c202330783539202020202020202020202020
2020202020202020202020202020202020202020
412c2040412b4450545220202020202020202020
412c203078353920202020202020202020202020
2020202020202020202020202020202020202020
412c205233202020202020202020202020202020
307831622c204120202020202020202020202020
2020202020202020202020202020202020202020
307832372e31205b307833395d2c203078306563
2020202020202020202020202020202020202020
2020202020202020202020202020202020202020
3078313038362020202020202020202020202020
2020202020202020202020202020202020202020
2020202020202020202020202020202020202020
307836332c203078306563332020202020202020
2020202020202020202020202020202020202020
2020202020202020202020202020202020202020
412c202330783563202020202020202020202020
2020202020202020202020202020202020202020
412c2040412b4450545220202020202020202020
307836332c204120202020202020202020202020
2020202020202020202020202020202020202020
4320202020202020202020202020202020202020
412c203078356320202020202020202020202020
2020202020202020202020202020202020202020
412c203078353920202020202020202020202020
2020202020202020202020202020202020202020
3078306538662020202020202020202020202020
2020202020202020202020202020202020202020
4120202020202020202020202020202020202020
4120202020202020202020202020202020202020
307832302e32205b307830325d2c204320202020
2020202020202020202020202020202020202020
307866302c202330783031202020202020202020
2020202020202020202020202020202020202020
2020202020202020202020202020202020202020
307832372e30205b307833385d2c203078306561
2020202020202020202020202020202020202020
2020202020202020202020202020202020202020
52312c2030783566202020202020202020202020
2020202020202020202020202020202020202020
52302c2030783630202020202020202020202020
2020202020202020202020202020202020202020
3078306264642020202020202020202020202020
2020202020202020202020202020202020202020
307835662c203078663020202020202020202020
2020202020202020202020202020202020202020
2020202020202020202020202020202020202020
307835662c205231202020202020202020202020
2020202020202020202020202020202020202020
307836302c205230202020202020202020202020
2020202020202020202020202020202020202020
3078306562332020202020202020202020202020
2020202020202020202020202020202020202020
52312c2030783631202020202020202020202020
2020202020202020202020202020202020202020
52302c2030783632202020202020202020202020
2020202020202020202020202020202020202020
3078306264642020202020202020202020202020
2020202020202020202020202020202020202020
307836312c203078663020202020202020202020
2020202020202020202020202020202020202020
2020202020202020202020202020202020202020
307836312c205231202020202020202020202020
2020202020202020202020202020202020202020
307836322c205230202020202020202020202020
2020202020202020202020202020202020202020
412c205231202020202020202020202020202020
52302c2023307830632020202020202020202020
2020202020202020202020202020202020202020
307832372e30205b307833385d2c203078306562
2020202020202020202020202020202020202020
2020202020202020202020202020202020202020
52302c2023307831322020202020202020202020
2020202020202020202020202020202020202020
412c20307866302c203078306563302020202020
2020202020202020202020202020202020202020
2020202020202020202020202020202020202020
3078306563332020202020202020202020202020
2020202020202020202020202020202020202020
3078316466322020202020202020202020202020
2020202020202020202020202020202020202020
2020202020202020202020202020202020202020
3078313038392020202020202020202020202020
2020202020202020202020202020202020202020
2020202020202020202020202020202020202020
4320202020202020202020202020202020202020
412c203078356620202020202020202020202020
2020202020202020202020202020202020202020
412c202330783830202020202020202020202020
2020202020202020202020202020202020202020
307864302e35205b307864355d2c204320202020
2020202020202020202020202020202020202020
3078306564312020202020202020202020202020
2020202020202020202020202020202020202020
4120202020202020202020202020202020202020
4120202020202020202020202020202020202020
52312c2041202020202020202020202020202020
52332c2030783337202020202020202020202020
2020202020202020202020202020202020202020
307833372c203078663020202020202020202020
2020202020202020202020202020202020202020
2020202020202020202020202020202020202020
412c202330783332202020202020202020202020
2020202020202020202020202020202020202020
4142202020202020202020202020202020202020
52372c2041202020202020202020202020202020
3078303465612020202020202020202020202020
2020202020202020202020202020202020202020
2020202020202020202020202020202020202020
52362c2041202020202020202020202020202020
412c205231202020202020202020202020202020
3078303464392020202020202020202020202020
2020202020202020202020202020202020202020
2020202020202020202020202020202020202020
412c205237202020202020202020202020202020
3078306565382020202020202020202020202020
2020202020202020202020202020202020202020
52362c2023307866662020202020202020202020
2020202020202020202020202020202020202020
412c205236202020202020202020202020202020
4320202020202020202020202020202020202020
4120202020202020202020202020202020202020
412c202330783830202020202020202020202020
2020202020202020202020202020202020202020
307864302e35205b307864355d2c203078306566
2020202020202020202020202020202020202020
2020202020202020202020202020202020202020
4120202020202020202020202020202020202020
2020202020202020202020202020202020202020
412c203078363120202020202020202020202020
2020202020202020202020202020202020202020
4320202020202020202020202020202020202020
307864302e35205b307864355d2c204320202020
2020202020202020202020202020202020202020
3078306566622020202020202020202020202020
2020202020202020202020202020202020202020
4120202020202020202020202020202020202020
2020202020202020202020202020202020202020
3078306566662020202020202020202020202020
2020202020202020202020202020202020202020
307864302e35205b307864355d20202020202020
2020202020202020202020202020202020202020
307835382c204120202020202020202020202020
2020202020202020202020202020202020202020
432c20307864302e35205b307864355d20202020
2020202020202020202020202020202020202020
307832352e31205b307832395d2c204320202020
2020202020202020202020202020202020202020
2020202020202020202020202020202020202020
412c203078343920202020202020202020202020
2020202020202020202020202020202020202020
307833372c203078663020202020202020202020
2020202020202020202020202020202020202020
2020202020202020202020202020202020202020
4142202020202020202020202020202020202020
52372c2030786630202020202020202020202020
2020202020202020202020202020202020202020
52362c2041202020202020202020202020202020
412c202330786134202020202020202020202020
2020202020202020202020202020202020202020
3078303464392020202020202020202020202020
2020202020202020202020202020202020202020
2020202020202020202020202020202020202020
412c202330783032202020202020202020202020
2020202020202020202020202020202020202020
3078303530392020202020202020202020202020
2020202020202020202020202020202020202020
2020202020202020202020202020202020202020
3078306631642020202020202020202020202020
2020202020202020202020202020202020202020
52372c2023307866662020202020202020202020
2020202020202020202020202020202020202020
412c205237202020202020202020202020202020
52342c2041202020202020202020202020202020
3078306465392020202020202020202020202020
2020202020202020202020202020202020202020
3078313038632020202020202020202020202020
2020202020202020202020202020202020202020
2020202020202020202020202020202020202020
4320202020202020202020202020202020202020
412c202330783633202020202020202020202020
2020202020202020202020202020202020202020
412c2040412b4450545220202020202020202020
412c205234202020202020202020202020202020
3078306633352020202020202020202020202020
2020202020202020202020202020202020202020
412c202330783634202020202020202020202020
2020202020202020202020202020202020202020
412c2040412b4450545220202020202020202020
4320202020202020202020202020202020202020
412c203078343920202020202020202020202020
2020202020202020202020202020202020202020
307832372e31205b307833395d2c204320202020
2020202020202020202020202020202020202020
3078306636352020202020202020202020202020
2020202020202020202020202020202020202020
412c202330783632202020202020202020202020
2020202020202020202020202020202020202020
412c2040412b4450545220202020202020202020
412c203078333720202020202020202020202020
2020202020202020202020202020202020202020
3078306634352020202020202020202020202020
2020202020202020202020202020202020202020
412c202330783631202020202020202020202020
2020202020202020202020202020202020202020
412c2040412b4450545220202020202020202020
412c205234202020202020202020202020202020
4320202020202020202020202020202020202020
307832372e30205b307833385d2c204320202020
2020202020202020202020202020202020202020
3078306636352020202020202020202020202020
2020202020202020202020202020202020202020
412c202330783636202020202020202020202020
2020202020202020202020202020202020202020
412c2040412b4450545220202020202020202020
4320202020202020202020202020202020202020
412c203078333720202020202020202020202020
2020202020202020202020202020202020202020
3078306636352020202020202020202020202020
2020202020202020202020202020202020202020
412c202330783635202020202020202020202020
2020202020202020202020202020202020202020
412c2040412b4450545220202020202020202020
4320202020202020202020202020202020202020
412c205234202020202020202020202020202020
3078306636352020202020202020202020202020
2020202020202020202020202020202020202020
412c202330783637202020202020202020202020
2020202020202020202020202020202020202020
412c2040412b4450545220202020202020202020
412c203078343920202020202020202020202020
2020202020202020202020202020202020202020
3078306636352020202020202020202020202020
2020202020202020202020202020202020202020
412c202330783638202020202020202020202020
2020202020202020202020202020202020202020
412c2040412b4450545220202020202020202020
4320202020202020202020202020202020202020
412c203078343920202020202020202020202020
2020202020202020202020202020202020202020
3078306636352020202020202020202020202020
2020202020202020202020202020202020202020
307832372e32205b307833615d20202020202020
2020202020202020202020202020202020202020
412c203078323720202020202020202020202020
2020202020202020202020202020202020202020
412c202330783037202020202020202020202020
2020202020202020202020202020202020202020
3078306636642020202020202020202020202020
2020202020202020202020202020202020202020
307832372e33205b307833625d20202020202020
2020202020202020202020202020202020202020
2020202020202020202020202020202020202020
412c202330783539202020202020202020202020
2020202020202020202020202020202020202020
412c2040412b4450545220202020202020202020
4120202020202020202020202020202020202020
4120202020202020202020202020202020202020
412c203078353920202020202020202020202020
2020202020202020202020202020202020202020
412c205231202020202020202020202020202020
52312c2041202020202020202020202020202020
3078306234352020202020202020202020202020
2020202020202020202020202020202020202020
412c203078353820202020202020202020202020
2020202020202020202020202020202020202020
307866302c202330783034202020202020202020
2020202020202020202020202020202020202020
2020202020202020202020202020202020202020
4142202020202020202020202020202020202020
307832352e31205b307832395d2c203078306638
2020202020202020202020202020202020202020
2020202020202020202020202020202020202020
4320202020202020202020202020202020202020
4120202020202020202020202020202020202020
307866302c202330786666202020202020202020
2020202020202020202020202020202020202020
2020202020202020202020202020202020202020
412c205236202020202020202020202020202020
52362c2041202020202020202020202020202020
412c203078663020202020202020202020202020
2020202020202020202020202020202020202020
412c205237202020202020202020202020202020
52372c2041202020202020202020202020202020
4120202020202020202020202020202020202020
307832352e31205b307832395d2c203078306639
2020202020202020202020202020202020202020
2020202020202020202020202020202020202020
4320202020202020202020202020202020202020
4120202020202020202020202020202020202020
3078306639372020202020202020202020202020
2020202020202020202020202020202020202020
52372c2041202020202020202020202020202020
52362c2041202020202020202020202020202020
3078303162652020202020202020202020202020
2020202020202020202020202020202020202020
2020202020202020202020202020202020202020
307838392c202330783131202020202020202020
2020202020202020202020202020202020202020
2020202020202020202020202020202020202020
307862382c202330783032202020202020202020
2020202020202020202020202020202020202020
2020202020202020202020202020202020202020
307861382c202330783835202020202020202020
2020202020202020202020202020202020202020
2020202020202020202020202020202020202020
307838382c202330783035202020202020202020
2020202020202020202020202020202020202020
2020202020202020202020202020202020202020
445054522c202330783131363020202020202020
2020202020202020202020202020202020202020
2020202020202020202020202020202020202020
307838312c202330783633202020202020202020
2020202020202020202020202020202020202020
2020202020202020202020202020202020202020
307839302e32205b307839325d20202020202020
2020202020202020202020202020202020202020
412c202330783064202020202020202020202020
2020202020202020202020202020202020202020
412c2040412b4450545220202020202020202020
307832612c204120202020202020202020202020
2020202020202020202020202020202020202020
3078303633662020202020202020202020202020
2020202020202020202020202020202020202020
2020202020202020202020202020202020202020
3078313031612020202020202020202020202020
2020202020202020202020202020202020202020
2020202020202020202020202020202020202020
3078306665372020202020202020202020202020
2020202020202020202020202020202020202020
2020202020202020202020202020202020202020
3078303635392020202020202020202020202020
2020202020202020202020202020202020202020
2020202020202020202020202020202020202020
3078306665372020202020202020202020202020
2020202020202020202020202020202020202020
2020202020202020202020202020202020202020
3078303638662020202020202020202020202020
2020202020202020202020202020202020202020
2020202020202020202020202020202020202020
3078313031612020202020202020202020202020
2020202020202020202020202020202020202020
2020202020202020202020202020202020202020
3078306665372020202020202020202020202020
2020202020202020202020202020202020202020
2020202020202020202020202020202020202020
3078303762372020202020202020202020202020
2020202020202020202020202020202020202020
2020202020202020202020202020202020202020
3078306665372020202020202020202020202020
2020202020202020202020202020202020202020
2020202020202020202020202020202020202020
3078313031612020202020202020202020202020
2020202020202020202020202020202020202020
2020202020202020202020202020202020202020
3078303762652020202020202020202020202020
2020202020202020202020202020202020202020
2020202020202020202020202020202020202020
3078306665372020202020202020202020202020
2020202020202020202020202020202020202020
2020202020202020202020202020202020202020
3078313031642020202020202020202020202020
2020202020202020202020202020202020202020
2020202020202020202020202020202020202020
307832332e34205b307831635d2c203078306639
2020202020202020202020202020202020202020
2020202020202020202020202020202020202020
3078303231642020202020202020202020202020
2020202020202020202020202020202020202020
2020202020202020202020202020202020202020
3078303330632020202020202020202020202020
2020202020202020202020202020202020202020
2020202020202020202020202020202020202020
2020202020202020202020202020202020202020
307832322e37205b307831375d2c203078306665
2020202020202020202020202020202020202020
2020202020202020202020202020202020202020
2020202020202020202020202020202020202020
3078303263362020202020202020202020202020
2020202020202020202020202020202020202020
2020202020202020202020202020202020202020
52372c2041202020202020202020202020202020
52372c2041202020202020202020202020202020
52372c2041202020202020202020202020202020
52372c2041202020202020202020202020202020
52372c2041202020202020202020202020202020
52372c2041202020202020202020202020202020
52372c2041202020202020202020202020202020
52372c2041202020202020202020202020202020
52372c2041202020202020202020202020202020
52372c2041202020202020202020202020202020
52372c2041202020202020202020202020202020
52372c2041202020202020202020202020202020
52372c2041202020202020202020202020202020
52372c2041202020202020202020202020202020
52372c2041202020202020202020202020202020
52372c2041202020202020202020202020202020
2020202020202020202020202020202020202020
2020202020202020202020202020202020202020
2020202020202020202020202020202020202020
2020202020202020202020202020202020202020
3078306336662020202020202020202020202020
2020202020202020202020202020202020202020
2020202020202020202020202020202020202020
3078316634652020202020202020202020202020
2020202020202020202020202020202020202020
2020202020202020202020202020202020202020
3078316633612020202020202020202020202020
2020202020202020202020202020202020202020
2020202020202020202020202020202020202020
3078303237322020202020202020202020202020
2020202020202020202020202020202020202020
2020202020202020202020202020202020202020
3078316535332020202020202020202020202020
2020202020202020202020202020202020202020
2020202020202020202020202020202020202020
3078303237382020202020202020202020202020
2020202020202020202020202020202020202020
2020202020202020202020202020202020202020
52372c2041202020202020202020202020202020
52372c2041202020202020202020202020202020
52372c2041202020202020202020202020202020
3078306337372020202020202020202020202020
2020202020202020202020202020202020202020
2020202020202020202020202020202020202020
3078316536642020202020202020202020202020
2020202020202020202020202020202020202020
2020202020202020202020202020202020202020
3078316637642020202020202020202020202020
2020202020202020202020202020202020202020
2020202020202020202020202020202020202020
52372c2041202020202020202020202020202020
52372c2041202020202020202020202020202020
52372c2041202020202020202020202020202020
52372c2041202020202020202020202020202020
52372c2041202020202020202020202020202020
52372c2041202020202020202020202020202020
52372c2041202020202020202020202020202020
52372c2041202020202020202020202020202020
52372c2041202020202020202020202020202020
3078303066332020202020202020202020202020
2020202020202020202020202020202020202020
2020202020202020202020202020202020202020
3078303137372020202020202020202020202020
2020202020202020202020202020202020202020
2020202020202020202020202020202020202020
3078303162652020202020202020202020202020
2020202020202020202020202020202020202020
2020202020202020202020202020202020202020
3078303430382020202020202020202020202020
2020202020202020202020202020202020202020
2020202020202020202020202020202020202020
3078316638652020202020202020202020202020
2020202020202020202020202020202020202020
2020202020202020202020202020202020202020
3078316233302020202020202020202020202020
2020202020202020202020202020202020202020
2020202020202020202020202020202020202020
2020202020202020202020202020202020202020
52372c2041202020202020202020202020202020
52372c2041202020202020202020202020202020
3078306335372020202020202020202020202020
2020202020202020202020202020202020202020
2020202020202020202020202020202020202020
52372c2041202020202020202020202020202020
52372c2041202020202020202020202020202020
52372c2041202020202020202020202020202020
52372c2041202020202020202020202020202020
52372c2041202020202020202020202020202020
52372c2041202020202020202020202020202020
3078316264302020202020202020202020202020
2020202020202020202020202020202020202020
2020202020202020202020202020202020202020
3078316338662020202020202020202020202020
2020202020202020202020202020202020202020
2020202020202020202020202020202020202020
3078306266642020202020202020202020202020
2020202020202020202020202020202020202020
2020202020202020202020202020202020202020
3078316465302020202020202020202020202020
2020202020202020202020202020202020202020
2020202020202020202020202020202020202020
3078316233392020202020202020202020202020
2020202020202020202020202020202020202020
2020202020202020202020202020202020202020
3078303839322020202020202020202020202020
2020202020202020202020202020202020202020
2020202020202020202020202020202020202020
3078303730382020202020202020202020202020
2020202020202020202020202020202020202020
2020202020202020202020202020202020202020
3078316362372020202020202020202020202020
2020202020202020202020202020202020202020
2020202020202020202020202020202020202020
3078316530302020202020202020202020202020
2020202020202020202020202020202020202020
2020202020202020202020202020202020202020
3078306234352020202020202020202020202020
2020202020202020202020202020202020202020
2020202020202020202020202020202020202020
3078306261352020202020202020202020202020
2020202020202020202020202020202020202020
2020202020202020202020202020202020202020
3078303839352020202020202020202020202020
2020202020202020202020202020202020202020
2020202020202020202020202020202020202020
3078303865312020202020202020202020202020
2020202020202020202020202020202020202020
2020202020202020202020202020202020202020
3078303930372020202020202020202020202020
2020202020202020202020202020202020202020
2020202020202020202020202020202020202020
3078303934322020202020202020202020202020
2020202020202020202020202020202020202020
2020202020202020202020202020202020202020
3078316238322020202020202020202020202020
2020202020202020202020202020202020202020
2020202020202020202020202020202020202020
3078303963382020202020202020202020202020
2020202020202020202020202020202020202020
2020202020202020202020202020202020202020
3078303965662020202020202020202020202020
2020202020202020202020202020202020202020
2020202020202020202020202020202020202020
3078316234302020202020202020202020202020
2020202020202020202020202020202020202020
2020202020202020202020202020202020202020
3078666666662020202020202020202020202020
2020202020202020202020202020202020202020
2020202020202020202020202020202020202020
3078666666662020202020202020202020202020
2020202020202020202020202020202020202020
2020202020202020202020202020202020202020
3078666666662020202020202020202020202020
2020202020202020202020202020202020202020
2020202020202020202020202020202020202020
3078666666662020202020202020202020202020
2020202020202020202020202020202020202020
2020202020202020202020202020202020202020
3078666666662020202020202020202020202020
2020202020202020202020202020202020202020
2020202020202020202020202020202020202020
52372c2041202020202020202020202020202020
2020202020202020202020202020202020202020
3078303231612020202020202020202020202020
2020202020202020202020202020202020202020
2020202020202020202020202020202020202020
307832652e34205b307837345d2c203078313130
2020202020202020202020202020202020202020
2020202020202020202020202020202020202020
52302c2023307830652020202020202020202020
2020202020202020202020202020202020202020
412c205236202020202020202020202020202020
3078313130652020202020202020202020202020
2020202020202020202020202020202020202020
5234202020202020202020202020202020202020
5232202020202020202020202020202020202020
5230202020202020202020202020202020202020
412c205230202020202020202020202020202020
412c205232202020202020202020202020202020
412c205234202020202020202020202020202020
3078376137632020202020202020202020202020
2020202020202020202020202020202020202020
2020202020202020202020202020202020202020
52362c2023307866662020202020202020202020
2020202020202020202020202020202020202020
52372c2041202020202020202020202020202020
5231202020202020202020202020202020202020
5234202020202020202020202020202020202020
412c205230202020202020202020202020202020
412c205232202020202020202020202020202020
412c202330783432202020202020202020202020
2020202020202020202020202020202020202020
412c205236202020202020202020202020202020
432c202f307861302e32205b307861325d202020
2020202020202020202020202020202020202020
412c205234202020202020202020202020202020
412c205236202020202020202020202020202020
412c205230202020202020202020202020202020
412c205232202020202020202020202020202020
412c205234202020202020202020202020202020
3078313266662020202020202020202020202020
2020202020202020202020202020202020202020
412c205236202020202020202020202020202020
307832332e36205b307831655d2c203078313064
2020202020202020202020202020202020202020
2020202020202020202020202020202020202020
3078313034302020202020202020202020202020
2020202020202020202020202020202020202020
4142202020202020202020202020202020202020
412c203078323620202020202020202020202020
2020202020202020202020202020202020202020
412c205232202020202020202020202020202020
307838652c205234202020202020202020202020
2020202020202020202020202020202020202020
445054522c202330783436343820202020202020
2020202020202020202020202020202020202020
2020202020202020202020202020202020202020
412c205232202020202020202020202020202020
412c205234202020202020202020202020202020
412c205236202020202020202020202020202020
3078313131652020202020202020202020202020
2020202020202020202020202020202020202020
412c203078666620202020202020202020202020
2020202020202020202020202020202020202020
412c205231202020202020202020202020202020
412c205233202020202020202020202020202020
412c205235202020202020202020202020202020
412c205231202020202020202020202020202020
412c205233202020202020202020202020202020
3078313335652020202020202020202020202020
2020202020202020202020202020202020202020
52372c2041202020202020202020202020202020
52372c2041202020202020202020202020202020
52372c2041202020202020202020202020202020
4120202020202020202020202020202020202020
4120202020202020202020202020202020202020
4052302020202020202020202020202020202020
412c205234202020202020202020202020202020
307839302e34205b307839345d2c204320202020
2020202020202020202020202020202020202020
412c204052302020202020202020202020202020
412c205231202020202020202020202020202020
307838392c204052312020202020202020202020
2020202020202020202020202020202020202020
307833302c205233202020202020202020202020
2020202020202020202020202020202020202020
2020202020202020202020202020202020202020
412c202330783336202020202020202020202020
2020202020202020202020202020202020202020
412c204052302020202020202020202020202020
4142202020202020202020202020202020202020
4052302c20307861382020202020202020202020
2020202020202020202020202020202020202020
4052312020202020202020202020202020202020
307836352c202330783637202020202020202020
2020202020202020202020202020202020202020
2020202020202020202020202020202020202020
52372c2041202020202020202020202020202020
52372c2041202020202020202020202020202020
52372c2041202020202020202020202020202020
52372c2041202020202020202020202020202020
52372c2041202020202020202020202020202020
52362c2030786130202020202020202020202020
2020202020202020202020202020202020202020
412c2040412b4450545220202020202020202020
307866372c204052312020202020202020202020
2020202020202020202020202020202020202020
412c204052312020202020202020202020202020
3078626620202020202020202020202020202020
2020202020202020202020202020202020202020
3078313030322020202020202020202020202020
2020202020202020202020202020202020202020
4120202020202020202020202020202020202020
4120202020202020202020202020202020202020
4120202020202020202020202020202020202020
3078303620202020202020202020202020202020
2020202020202020202020202020202020202020
4052312020202020202020202020202020202020
3078313438342020202020202020202020202020
2020202020202020202020202020202020202020
307838392c204052302020202020202020202020
2020202020202020202020202020202020202020
307838652c205233202020202020202020202020
2020202020202020202020202020202020202020
3078313439342020202020202020202020202020
2020202020202020202020202020202020202020
412c204052302020202020202020202020202020
412c205231202020202020202020202020202020
412c205234202020202020202020202020202020
412c205237202020202020202020202020202020
432c20307861302e35205b307861355d20202020
2020202020202020202020202020202020202020
52312c2030786163202020202020202020202020
2020202020202020202020202020202020202020
52372c2030786232202020202020202020202020
2020202020202020202020202020202020202020
4052302c2023307862392c203078313064362020
2020202020202020202020202020202020202020
2020202020202020202020202020202020202020
3078313663342020202020202020202020202020
2020202020202020202020202020202020202020
412c205230202020202020202020202020202020
412c205234202020202020202020202020202020
3078643420202020202020202020202020202020
2020202020202020202020202020202020202020
52302c2030783130666420202020202020202020
2020202020202020202020202020202020202020
412c204044505452202020202020202020202020
4120202020202020202020202020202020202020
412c205231202020202020202020202020202020
4052302020202020202020202020202020202020
4120202020202020202020202020202020202020
307832662c205231202020202020202020202020
2020202020202020202020202020202020202020
412c205237202020202020202020202020202020
5231202020202020202020202020202020202020
4120202020202020202020202020202020202020
3078303130302020202020202020202020202020
2020202020202020202020202020202020202020
2020202020202020202020202020202020202020
4052312020202020202020202020202020202020
5230202020202020202020202020202020202020
4120202020202020202020202020202020202020
412c204052302020202020202020202020202020
5235202020202020202020202020202020202020
4120202020202020202020202020202020202020
5236202020202020202020202020202020202020
5236202020202020202020202020202020202020
5232202020202020202020202020202020202020
3078313133392020202020202020202020202020
2020202020202020202020202020202020202020
3078313030322020202020202020202020202020
2020202020202020202020202020202020202020
4120202020202020202020202020202020202020
4120202020202020202020202020202020202020
3078303620202020202020202020202020202020
2020202020202020202020202020202020202020
4052312020202020202020202020202020202020
412c205232202020202020202020202020202020
4120202020202020202020202020202020202020
412c204052312020202020202020202020202020
3078313138352020202020202020202020202020
2020202020202020202020202020202020202020
3078313138372020202020202020202020202020
2020202020202020202020202020202020202020
3078313138392020202020202020202020202020
2020202020202020202020202020202020202020
3078313138622020202020202020202020202020
2020202020202020202020202020202020202020
3078313138642020202020202020202020202020
2020202020202020202020202020202020202020
3078313138662020202020202020202020202020
2020202020202020202020202020202020202020
3078313138622020202020202020202020202020
2020202020202020202020202020202020202020
412c205233202020202020202020202020202020
412c205235202020202020202020202020202020
412c205236202020202020202020202020202020
412c205237202020202020202020202020202020
412c205237202020202020202020202020202020
412c205237202020202020202020202020202020
412c205237202020202020202020202020202020
412c205237202020202020202020202020202020
3078313139622020202020202020202020202020
2020202020202020202020202020202020202020
3078313139642020202020202020202020202020
2020202020202020202020202020202020202020
3078313139662020202020202020202020202020
2020202020202020202020202020202020202020
3078313138642020202020202020202020202020
2020202020202020202020202020202020202020
3078666334322020202020202020202020202020
2020202020202020202020202020202020202020
2020202020202020202020202020202020202020
307830302c204120202020202020202020202020
2020202020202020202020202020202020202020
2020202020202020202020202020202020202020
4142202020202020202020202020202020202020
4142202020202020202020202020202020202020
2020202020202020202020202020202020202020
2020202020202020202020202020202020202020
3078313131362020202020202020202020202020
2020202020202020202020202020202020202020
5236202020202020202020202020202020202020
5232202020202020202020202020202020202020
4052302020202020202020202020202020202020
4120202020202020202020202020202020202020
432c20307832332e37205b307831665d20202020
2020202020202020202020202020202020202020
52342c2030783131383620202020202020202020
2020202020202020202020202020202020202020
5230202020202020202020202020202020202020
3078313066662020202020202020202020202020
2020202020202020202020202020202020202020
3078313164342020202020202020202020202020
2020202020202020202020202020202020202020
5234202020202020202020202020202020202020
3078313130312020202020202020202020202020
2020202020202020202020202020202020202020
52342c2023307838382020202020202020202020
2020202020202020202020202020202020202020
432c20307832612e30205b307835305d20202020
2020202020202020202020202020202020202020
412c205230202020202020202020202020202020
52342c2041202020202020202020202020202020
412c205231202020202020202020202020202020
52312c2041202020202020202020202020202020
412c205234202020202020202020202020202020
4120202020202020202020202020202020202020
5230202020202020202020202020202020202020
3078313030312020202020202020202020202020
2020202020202020202020202020202020202020
5230202020202020202020202020202020202020
3078313030322020202020202020202020202020
2020202020202020202020202020202020202020
3078313030312020202020202020202020202020
2020202020202020202020202020202020202020
52312c2041202020202020202020202020202020
52372c2041202020202020202020202020202020
5231202020202020202020202020202020202020
5231202020202020202020202020202020202020
412c202330783035202020202020202020202020
2020202020202020202020202020202020202020
3078313031652020202020202020202020202020
2020202020202020202020202020202020202020
412c205236202020202020202020202020202020
4120202020202020202020202020202020202020
3078313820202020202020202020202020202020
2020202020202020202020202020202020202020
2020202020202020202020202020202020202020
4052312020202020202020202020202020202020
3078323720202020202020202020202020202020
2020202020202020202020202020202020202020
3078303138612020202020202020202020202020
2020202020202020202020202020202020202020
2020202020202020202020202020202020202020
307834322c204120202020202020202020202020
2020202020202020202020202020202020202020
5231202020202020202020202020202020202020
52372c2041202020202020202020202020202020
412c2040412b4450545220202020202020202020
3078313230312020202020202020202020202020
2020202020202020202020202020202020202020
412c205230202020202020202020202020202020
4052312020202020202020202020202020202020
307836362c205236202020202020202020202020
2020202020202020202020202020202020202020
4052302020202020202020202020202020202020
412c205233202020202020202020202020202020
3078666620202020202020202020202020202020
2020202020202020202020202020202020202020
2020202020202020202020202020202020202020
5232202020202020202020202020202020202020
5235202020202020202020202020202020202020
5232202020202020202020202020202020202020
412c2023307866662c2030783131623720202020
2020202020202020202020202020202020202020
2020202020202020202020202020202020202020
52372c2041202020202020202020202020202020
52372c2041202020202020202020202020202020
52372c2041202020202020202020202020202020
52372c2041202020202020202020202020202020
52372c2041202020202020202020202020202020
52372c2041202020202020202020202020202020
52372c2041202020202020202020202020202020
52372c2041202020202020202020202020202020
52372c2041202020202020202020202020202020
52372c2041202020202020202020202020202020
52372c2041202020202020202020202020202020
52372c2041202020202020202020202020202020
52372c2041202020202020202020202020202020
52372c2041202020202020202020202020202020
52372c2041202020202020202020202020202020
52372c2041202020202020202020202020202020
52372c2041202020202020202020202020202020
52372c2041202020202020202020202020202020
52372c2041202020202020202020202020202020
52302c2023307866662020202020202020202020
2020202020202020202020202020202020202020
412c203078386320202020202020202020202020
2020202020202020202020202020202020202020
412c203078666620202020202020202020202020
2020202020202020202020202020202020202020
412c204052312020202020202020202020202020
3078313166662020202020202020202020202020
2020202020202020202020202020202020202020
4120202020202020202020202020202020202020
3078313134392020202020202020202020202020
2020202020202020202020202020202020202020
2020202020202020202020202020202020202020
412c205237202020202020202020202020202020
307832662e32205b307837615d2c203078313230
2020202020202020202020202020202020202020
2020202020202020202020202020202020202020
412c205230202020202020202020202020202020
52322c2023307832362020202020202020202020
2020202020202020202020202020202020202020
412c205230202020202020202020202020202020
3078613031322020202020202020202020202020
2020202020202020202020202020202020202020
2020202020202020202020202020202020202020
4052302c20307831322020202020202020202020
2020202020202020202020202020202020202020
3078313220202020202020202020202020202020
2020202020202020202020202020202020202020
412c205232202020202020202020202020202020
4120202020202020202020202020202020202020
4052302c20233078313320202020202020202020
2020202020202020202020202020202020202020
412c205230202020202020202020202020202020
4120202020202020202020202020202020202020
432c20307832322e33205b307831335d20202020
2020202020202020202020202020202020202020
52342c2030783133202020202020202020202020
2020202020202020202020202020202020202020
52342c2023307831332c20307831316238202020
2020202020202020202020202020202020202020
2020202020202020202020202020202020202020
4120202020202020202020202020202020202020
412c205234202020202020202020202020202020
4120202020202020202020202020202020202020
4120202020202020202020202020202020202020
4120202020202020202020202020202020202020
52342c2030783132306620202020202020202020
2020202020202020202020202020202020202020
412c204052312020202020202020202020202020
4120202020202020202020202020202020202020
412c205237202020202020202020202020202020
4120202020202020202020202020202020202020
412c205233202020202020202020202020202020
3078373020202020202020202020202020202020
2020202020202020202020202020202020202020
4120202020202020202020202020202020202020
412c203078313420202020202020202020202020
2020202020202020202020202020202020202020
40412b4450545220202020202020202020202020
4120202020202020202020202020202020202020
307831342c204052302020202020202020202020
2020202020202020202020202020202020202020
307831352c205234202020202020202020202020
2020202020202020202020202020202020202020
412c205230202020202020202020202020202020
3078343420202020202020202020202020202020
2020202020202020202020202020202020202020
3078363620202020202020202020202020202020
2020202020202020202020202020202020202020
3078376120202020202020202020202020202020
2020202020202020202020202020202020202020
3078383420202020202020202020202020202020
2020202020202020202020202020202020202020
3078386120202020202020202020202020202020
2020202020202020202020202020202020202020
3078393020202020202020202020202020202020
2020202020202020202020202020202020202020
3078393820202020202020202020202020202020
2020202020202020202020202020202020202020
3078396520202020202020202020202020202020
2020202020202020202020202020202020202020
3078616320202020202020202020202020202020
2020202020202020202020202020202020202020
3078623220202020202020202020202020202020
2020202020202020202020202020202020202020
3078626320202020202020202020202020202020
2020202020202020202020202020202020202020
3078643320202020202020202020202020202020
2020202020202020202020202020202020202020
3078646220202020202020202020202020202020
2020202020202020202020202020202020202020
3078653520202020202020202020202020202020
2020202020202020202020202020202020202020
3078656620202020202020202020202020202020
2020202020202020202020202020202020202020
3078663920202020202020202020202020202020
2020202020202020202020202020202020202020
4052302020202020202020202020202020202020
3078313031362020202020202020202020202020
2020202020202020202020202020202020202020
5233202020202020202020202020202020202020
4052302020202020202020202020202020202020
3078313620202020202020202020202020202020
2020202020202020202020202020202020202020
5237202020202020202020202020202020202020
4052302020202020202020202020202020202020
412c205231202020202020202020202020202020
4052302020202020202020202020202020202020
412c205237202020202020202020202020202020
4052302020202020202020202020202020202020
412c205231202020202020202020202020202020
4052302020202020202020202020202020202020
412c202330783136202020202020202020202020
2020202020202020202020202020202020202020
52322c2023307831362c20307831323230202020
2020202020202020202020202020202020202020
2020202020202020202020202020202020202020
5230202020202020202020202020202020202020
412c205234202020202020202020202020202020
4052302020202020202020202020202020202020
52322c2041202020202020202020202020202020
3078636131392020202020202020202020202020
2020202020202020202020202020202020202020
2020202020202020202020202020202020202020
3078313761362020202020202020202020202020
2020202020202020202020202020202020202020
2020202020202020202020202020202020202020
4120202020202020202020202020202020202020
4052302c20233078313920202020202020202020
2020202020202020202020202020202020202020
52362c2023307831372c20307831323138202020
2020202020202020202020202020202020202020
2020202020202020202020202020202020202020
4120202020202020202020202020202020202020
52342c2030783139202020202020202020202020
2020202020202020202020202020202020202020
412c204044505452202020202020202020202020
4052312020202020202020202020202020202020
52302c2030783132373220202020202020202020
2020202020202020202020202020202020202020
4120202020202020202020202020202020202020
5231202020202020202020202020202020202020
40445054522c2041202020202020202020202020
4052312020202020202020202020202020202020
412c204044505452202020202020202020202020
5233202020202020202020202020202020202020
5234202020202020202020202020202020202020
5231202020202020202020202020202020202020
52302c2041202020202020202020202020202020
4052312020202020202020202020202020202020
412c205230202020202020202020202020202020
5233202020202020202020202020202020202020
4120202020202020202020202020202020202020
5232202020202020202020202020202020202020
2020202020202020202020202020202020202020
4052312020202020202020202020202020202020
4052302c20412020202020202020202020202020
4120202020202020202020202020202020202020
307831612c205234202020202020202020202020
2020202020202020202020202020202020202020
5236202020202020202020202020202020202020
5230202020202020202020202020202020202020
432c20307832322e35205b307831355d20202020
2020202020202020202020202020202020202020
412c205230202020202020202020202020202020
5232202020202020202020202020202020202020
52322c2023307831382c20307831323232202020
2020202020202020202020202020202020202020
2020202020202020202020202020202020202020
3078343420202020202020202020202020202020
2020202020202020202020202020202020202020
5232202020202020202020202020202020202020
412c204052302020202020202020202020202020
5230202020202020202020202020202020202020
3078313520202020202020202020202020202020
2020202020202020202020202020202020202020
307832332e32205b307831615d20202020202020
2020202020202020202020202020202020202020
412c205230202020202020202020202020202020
5230202020202020202020202020202020202020
52322c2030783132393620202020202020202020
2020202020202020202020202020202020202020
4320202020202020202020202020202020202020
5232202020202020202020202020202020202020
4052302c20412020202020202020202020202020
5230202020202020202020202020202020202020
412c204052302020202020202020202020202020
4052302020202020202020202020202020202020
412c205237202020202020202020202020202020
5232202020202020202020202020202020202020
52322c2041202020202020202020202020202020
52372c2041202020202020202020202020202020
52372c2041202020202020202020202020202020
52372c2041202020202020202020202020202020
52372c2041202020202020202020202020202020
52372c2041202020202020202020202020202020
52372c2041202020202020202020202020202020
52372c2041202020202020202020202020202020
52372c2041202020202020202020202020202020
52372c2041202020202020202020202020202020
52372c2041202020202020202020202020202020
52372c2041202020202020202020202020202020
52372c2041202020202020202020202020202020
4120202020202020202020202020202020202020
4120202020202020202020202020202020202020
412c205236202020202020202020202020202020
307834382c204120202020202020202020202020
2020202020202020202020202020202020202020
412c205230202020202020202020202020202020
3078313030332020202020202020202020202020
2020202020202020202020202020202020202020
3078303031332020202020202020202020202020
2020202020202020202020202020202020202020
2020202020202020202020202020202020202020
3078343138302020202020202020202020202020
2020202020202020202020202020202020202020
2020202020202020202020202020202020202020
3078313232362020202020202020202020202020
2020202020202020202020202020202020202020
4120202020202020202020202020202020202020
5234202020202020202020202020202020202020
4120202020202020202020202020202020202020
4052312020202020202020202020202020202020
5230202020202020202020202020202020202020
5237202020202020202020202020202020202020
5232202020202020202020202020202020202020
412c203078316320202020202020202020202020
2020202020202020202020202020202020202020
5234202020202020202020202020202020202020
307832302e37205b307830375d2c203078313262
2020202020202020202020202020202020202020
2020202020202020202020202020202020202020
4052302020202020202020202020202020202020
3078313332352020202020202020202020202020
2020202020202020202020202020202020202020
2020202020202020202020202020202020202020
412c202330783438202020202020202020202020
2020202020202020202020202020202020202020
412c205237202020202020202020202020202020
307861322c205231202020202020202020202020
2020202020202020202020202020202020202020
4320202020202020202020202020202020202020
412c204044505452202020202020202020202020
4052312c20412020202020202020202020202020
52332c2041202020202020202020202020202020
412c204052312020202020202020202020202020
4120202020202020202020202020202020202020
5230202020202020202020202020202020202020
412c205234202020202020202020202020202020
412c205230202020202020202020202020202020
412c204052312020202020202020202020202020
3078313031342020202020202020202020202020
2020202020202020202020202020202020202020
5231202020202020202020202020202020202020
3078313133372020202020202020202020202020
2020202020202020202020202020202020202020
5234202020202020202020202020202020202020
4120202020202020202020202020202020202020
4120202020202020202020202020202020202020
5230202020202020202020202020202020202020
5230202020202020202020202020202020202020
5230202020202020202020202020202020202020
5230202020202020202020202020202020202020
5230202020202020202020202020202020202020
307832322e30205b307831305d2c203078313265
2020202020202020202020202020202020202020
2020202020202020202020202020202020202020
307832632e34205b307836345d2c203078313332
2020202020202020202020202020202020202020
2020202020202020202020202020202020202020
5234202020202020202020202020202020202020
3078306220202020202020202020202020202020
2020202020202020202020202020202020202020
3078303620202020202020202020202020202020
2020202020202020202020202020202020202020
3078306120202020202020202020202020202020
2020202020202020202020202020202020202020
307832312e33205b307830625d2c203078313265
2020202020202020202020202020202020202020
2020202020202020202020202020202020202020
4052302020202020202020202020202020202020
4120202020202020202020202020202020202020
432c20307832342e33205b307832335d20202020
2020202020202020202020202020202020202020
412c204052302020202020202020202020202020
412c205234202020202020202020202020202020
412c205237202020202020202020202020202020
3078313133312020202020202020202020202020
2020202020202020202020202020202020202020
3078313133312020202020202020202020202020
2020202020202020202020202020202020202020
3078313133312020202020202020202020202020
2020202020202020202020202020202020202020
3078313133312020202020202020202020202020
2020202020202020202020202020202020202020
4120202020202020202020202020202020202020
412c204052302020202020202020202020202020
412c205234202020202020202020202020202020
412c205237202020202020202020202020202020
3078313133312020202020202020202020202020
2020202020202020202020202020202020202020
3078313133312020202020202020202020202020
2020202020202020202020202020202020202020
3078313133312020202020202020202020202020
2020202020202020202020202020202020202020
3078313133312020202020202020202020202020
2020202020202020202020202020202020202020
4120202020202020202020202020202020202020
412c205232202020202020202020202020202020
3078313133392020202020202020202020202020
2020202020202020202020202020202020202020
3078313334342020202020202020202020202020
2020202020202020202020202020202020202020
4120202020202020202020202020202020202020
3078313133312020202020202020202020202020
2020202020202020202020202020202020202020
3078313133312020202020202020202020202020
2020202020202020202020202020202020202020
3078313133322020202020202020202020202020
2020202020202020202020202020202020202020
412c205231202020202020202020202020202020
3078313334652020202020202020202020202020
2020202020202020202020202020202020202020
3078313335312020202020202020202020202020
2020202020202020202020202020202020202020
412c202330783331202020202020202020202020
2020202020202020202020202020202020202020
412c205235202020202020202020202020202020
412c205235202020202020202020202020202020
412c205235202020202020202020202020202020
412c205235202020202020202020202020202020
412c204052312020202020202020202020202020
3078313335392020202020202020202020202020
2020202020202020202020202020202020202020
412c202330783434202020202020202020202020
2020202020202020202020202020202020202020
412c205234202020202020202020202020202020
412c205231202020202020202020202020202020
4120202020202020202020202020202020202020
412c205236202020202020202020202020202020
412c205235202020202020202020202020202020
412c205235202020202020202020202020202020
412c205235202020202020202020202020202020
412c205234202020202020202020202020202020
3078313336352020202020202020202020202020
2020202020202020202020202020202020202020
307834342c202330783431202020202020202020
2020202020202020202020202020202020202020
2020202020202020202020202020202020202020
412c205233202020202020202020202020202020
412c204052302020202020202020202020202020
412c202330783264202020202020202020202020
2020202020202020202020202020202020202020
412c205231202020202020202020202020202020
412c205231202020202020202020202020202020
3078313337372020202020202020202020202020
2020202020202020202020202020202020202020
412c204052312020202020202020202020202020
412c204052312020202020202020202020202020
412c204052312020202020202020202020202020
307833632c204120202020202020202020202020
2020202020202020202020202020202020202020
412c204052312020202020202020202020202020
412c202330783264202020202020202020202020
2020202020202020202020202020202020202020
412c205231202020202020202020202020202020
412c205231202020202020202020202020202020
412c204052302020202020202020202020202020
412c205233202020202020202020202020202020
412c205237202020202020202020202020202020
412c205237202020202020202020202020202020
412c205237202020202020202020202020202020
412c205230202020202020202020202020202020
412c203078343020202020202020202020202020
2020202020202020202020202020202020202020
412c205231202020202020202020202020202020
3078313132652020202020202020202020202020
2020202020202020202020202020202020202020
412c205235202020202020202020202020202020
412c204052302020202020202020202020202020
412c205233202020202020202020202020202020
412c205237202020202020202020202020202020
412c205237202020202020202020202020202020
412c205237202020202020202020202020202020
412c205237202020202020202020202020202020
412c205230202020202020202020202020202020
412c203078343020202020202020202020202020
2020202020202020202020202020202020202020
412c205231202020202020202020202020202020
412c204052302020202020202020202020202020
412c202330783436202020202020202020202020
2020202020202020202020202020202020202020
412c205233202020202020202020202020202020
412c205237202020202020202020202020202020
412c205237202020202020202020202020202020
412c205237202020202020202020202020202020
412c205237202020202020202020202020202020
412c205237202020202020202020202020202020
412c205230202020202020202020202020202020
307833642c204120202020202020202020202020
2020202020202020202020202020202020202020
412c205231202020202020202020202020202020
412c204052302020202020202020202020202020
412c204052302020202020202020202020202020
412c205233202020202020202020202020202020
412c205237202020202020202020202020202020
412c205237202020202020202020202020202020
412c205237202020202020202020202020202020
412c205237202020202020202020202020202020
412c205237202020202020202020202020202020
412c205230202020202020202020202020202020
412c203078336520202020202020202020202020
2020202020202020202020202020202020202020
412c205232202020202020202020202020202020
412c204052302020202020202020202020202020
412c204052302020202020202020202020202020
412c205233202020202020202020202020202020
412c205237202020202020202020202020202020
412c205237202020202020202020202020202020
412c205237202020202020202020202020202020
412c205237202020202020202020202020202020
412c205237202020202020202020202020202020
412c205230202020202020202020202020202020
412c203078336520202020202020202020202020
2020202020202020202020202020202020202020
412c205232202020202020202020202020202020
412c204052302020202020202020202020202020
412c204052312020202020202020202020202020
307832312e34205b307830635d2c203078313338
2020202020202020202020202020202020202020
2020202020202020202020202020202020202020
4120202020202020202020202020202020202020
4120202020202020202020202020202020202020
4052312020202020202020202020202020202020
5234202020202020202020202020202020202020
4052312020202020202020202020202020202020
4052302020202020202020202020202020202020
5234202020202020202020202020202020202020
5235202020202020202020202020202020202020
5234202020202020202020202020202020202020
5235202020202020202020202020202020202020
4052312020202020202020202020202020202020
3078303620202020202020202020202020202020
2020202020202020202020202020202020202020
412c202330783332202020202020202020202020
2020202020202020202020202020202020202020
2020202020202020202020202020202020202020
412c205235202020202020202020202020202020
412c204052312020202020202020202020202020
412c204052312020202020202020202020202020
412c204052312020202020202020202020202020
412c205232202020202020202020202020202020
412c205236202020202020202020202020202020
412c205236202020202020202020202020202020
307832362e30205b307833305d2c203078313363
2020202020202020202020202020202020202020
2020202020202020202020202020202020202020
307832362e32205b307833325d2c203078313363
2020202020202020202020202020202020202020
2020202020202020202020202020202020202020
2020202020202020202020202020202020202020
3078303430362020202020202020202020202020
2020202020202020202020202020202020202020
2020202020202020202020202020202020202020
4120202020202020202020202020202020202020
3078336631342020202020202020202020202020
2020202020202020202020202020202020202020
2020202020202020202020202020202020202020
4120202020202020202020202020202020202020
4120202020202020202020202020202020202020
4120202020202020202020202020202020202020
4120202020202020202020202020202020202020
4120202020202020202020202020202020202020
4052302020202020202020202020202020202020
5237202020202020202020202020202020202020
307834662c204120202020202020202020202020
2020202020202020202020202020202020202020
4120202020202020202020202020202020202020
4120202020202020202020202020202020202020
4120202020202020202020202020202020202020
4120202020202020202020202020202020202020
412c204052312020202020202020202020202020
4052312020202020202020202020202020202020
4120202020202020202020202020202020202020
4120202020202020202020202020202020202020
5236202020202020202020202020202020202020
5230202020202020202020202020202020202020
307832332e30205b307831385d2c203078313336
2020202020202020202020202020202020202020
2020202020202020202020202020202020202020
412c205237202020202020202020202020202020
5233202020202020202020202020202020202020
5233202020202020202020202020202020202020
5234202020202020202020202020202020202020
412c205232202020202020202020202020202020
412c205232202020202020202020202020202020
412c204052312020202020202020202020202020
4120202020202020202020202020202020202020
4120202020202020202020202020202020202020
412c205236202020202020202020202020202020
412c205231202020202020202020202020202020
412c205237202020202020202020202020202020
412c204052302020202020202020202020202020
5235202020202020202020202020202020202020
4120202020202020202020202020202020202020
4120202020202020202020202020202020202020
4120202020202020202020202020202020202020
5236202020202020202020202020202020202020
412c205232202020202020202020202020202020
412c205236202020202020202020202020202020
4120202020202020202020202020202020202020
4052302020202020202020202020202020202020
4120202020202020202020202020202020202020
412c204052312020202020202020202020202020
4120202020202020202020202020202020202020
4052312020202020202020202020202020202020
5235202020202020202020202020202020202020
412c205231202020202020202020202020202020
5234202020202020202020202020202020202020
2020202020202020202020202020202020202020
2020202020202020202020202020202020202020
4120202020202020202020202020202020202020
4120202020202020202020202020202020202020
412c205236202020202020202020202020202020
412c203078346620202020202020202020202020
2020202020202020202020202020202020202020
5233202020202020202020202020202020202020
4120202020202020202020202020202020202020
5235202020202020202020202020202020202020
412c204052312020202020202020202020202020
5234202020202020202020202020202020202020
4120202020202020202020202020202020202020
4120202020202020202020202020202020202020
4120202020202020202020202020202020202020
4120202020202020202020202020202020202020
4120202020202020202020202020202020202020
307832322e30205b307831305d2c203078313365
2020202020202020202020202020202020202020
2020202020202020202020202020202020202020
412c204052312020202020202020202020202020
4120202020202020202020202020202020202020
5237202020202020202020202020202020202020
412c205236202020202020202020202020202020
3078313030372020202020202020202020202020
2020202020202020202020202020202020202020
5235202020202020202020202020202020202020
5236202020202020202020202020202020202020
5235202020202020202020202020202020202020
5236202020202020202020202020202020202020
5235202020202020202020202020202020202020
4052312020202020202020202020202020202020
5236202020202020202020202020202020202020
5231202020202020202020202020202020202020
5232202020202020202020202020202020202020
4052312020202020202020202020202020202020
307832312e34205b307830635d2c203078313430
2020202020202020202020202020202020202020
2020202020202020202020202020202020202020
4052312020202020202020202020202020202020
412c205231202020202020202020202020202020
412c205232202020202020202020202020202020
4052312020202020202020202020202020202020
307832312e34205b307830635d2c203078313430
2020202020202020202020202020202020202020
2020202020202020202020202020202020202020
4052312020202020202020202020202020202020
412c205231202020202020202020202020202020
412c205232202020202020202020202020202020
4052312020202020202020202020202020202020
307832312e34205b307830635d2c203078313431
2020202020202020202020202020202020202020
2020202020202020202020202020202020202020
4052312020202020202020202020202020202020
3078313232652020202020202020202020202020
2020202020202020202020202020202020202020
5231202020202020202020202020202020202020
3078306530622020202020202020202020202020
2020202020202020202020202020202020202020
2020202020202020202020202020202020202020
4052312020202020202020202020202020202020
412c205235202020202020202020202020202020
412c203078316420202020202020202020202020
2020202020202020202020202020202020202020
4120202020202020202020202020202020202020
307832312e35205b307830645d2c203078313431
2020202020202020202020202020202020202020
2020202020202020202020202020202020202020
412c205232202020202020202020202020202020
412c205235202020202020202020202020202020
3078313131372020202020202020202020202020
2020202020202020202020202020202020202020
3078306630392020202020202020202020202020
2020202020202020202020202020202020202020
2020202020202020202020202020202020202020
412c205232202020202020202020202020202020
3078313333352020202020202020202020202020
2020202020202020202020202020202020202020
412c203078316320202020202020202020202020
2020202020202020202020202020202020202020
5230202020202020202020202020202020202020
5236202020202020202020202020202020202020
412c205232202020202020202020202020202020
3078313333612020202020202020202020202020
2020202020202020202020202020202020202020
412c205232202020202020202020202020202020
3078313131622020202020202020202020202020
2020202020202020202020202020202020202020
307832642e32205b307836615d2c203078313439
2020202020202020202020202020202020202020
2020202020202020202020202020202020202020
412c205237202020202020202020202020202020
412c205236202020202020202020202020202020
412c202330783165202020202020202020202020
2020202020202020202020202020202020202020
3078366136612020202020202020202020202020
2020202020202020202020202020202020202020
2020202020202020202020202020202020202020
412c205232202020202020202020202020202020
412c205236202020202020202020202020202020
412c205235202020202020202020202020202020
4120202020202020202020202020202020202020
5236202020202020202020202020202020202020
412c205232202020202020202020202020202020
412c205232202020202020202020202020202020
412c205232202020202020202020202020202020
412c205232202020202020202020202020202020
307834352c202330783261202020202020202020
2020202020202020202020202020202020202020
2020202020202020202020202020202020202020
412c205232202020202020202020202020202020
412c205232202020202020202020202020202020
412c205232202020202020202020202020202020
412c205232202020202020202020202020202020
412c204052312020202020202020202020202020
412c204052302020202020202020202020202020
4120202020202020202020202020202020202020
4120202020202020202020202020202020202020
4120202020202020202020202020202020202020
412c205230202020202020202020202020202020
307837632c204120202020202020202020202020
2020202020202020202020202020202020202020
3078313431342020202020202020202020202020
2020202020202020202020202020202020202020
2020202020202020202020202020202020202020
4120202020202020202020202020202020202020
3078366320202020202020202020202020202020
2020202020202020202020202020202020202020
5231202020202020202020202020202020202020
5236202020202020202020202020202020202020
5236202020202020202020202020202020202020
3078313136342020202020202020202020202020
2020202020202020202020202020202020202020
412c202330783165202020202020202020202020
2020202020202020202020202020202020202020
5236202020202020202020202020202020202020
5236202020202020202020202020202020202020
3078303432302020202020202020202020202020
2020202020202020202020202020202020202020
2020202020202020202020202020202020202020
412c205236202020202020202020202020202020
412c205233202020202020202020202020202020
412c205235202020202020202020202020202020
445054522c202330783861383020202020202020
2020202020202020202020202020202020202020
2020202020202020202020202020202020202020
3078313437392020202020202020202020202020
2020202020202020202020202020202020202020
4052302020202020202020202020202020202020
307832322e30205b307831305d2c203078313438
2020202020202020202020202020202020202020
2020202020202020202020202020202020202020
5230202020202020202020202020202020202020
3078313463352020202020202020202020202020
2020202020202020202020202020202020202020
4052302c20307835612020202020202020202020
2020202020202020202020202020202020202020
307832642c202330783066202020202020202020
2020202020202020202020202020202020202020
2020202020202020202020202020202020202020
2020202020202020202020202020202020202020
412c204052312020202020202020202020202020
4120202020202020202020202020202020202020
2020202020202020202020202020202020202020
2020202020202020202020202020202020202020
412c2040412b5043202020202020202020202020
412c205231202020202020202020202020202020
4120202020202020202020202020202020202020
412c205230202020202020202020202020202020
412c205234202020202020202020202020202020
412c202330786666202020202020202020202020
2020202020202020202020202020202020202020
52372c2041202020202020202020202020202020
52372c2041202020202020202020202020202020
52372c2041202020202020202020202020202020
52372c2041202020202020202020202020202020
3078666620202020202020202020202020202020
2020202020202020202020202020202020202020
4320202020202020202020202020202020202020
3078313462652020202020202020202020202020
2020202020202020202020202020202020202020
3078313964612020202020202020202020202020
2020202020202020202020202020202020202020
2020202020202020202020202020202020202020
52372c2041202020202020202020202020202020
52372c2041202020202020202020202020202020
412c204052312020202020202020202020202020
5234202020202020202020202020202020202020
4120202020202020202020202020202020202020
4120202020202020202020202020202020202020
5230202020202020202020202020202020202020
5230202020202020202020202020202020202020
5230202020202020202020202020202020202020
5230202020202020202020202020202020202020
5230202020202020202020202020202020202020
307832322e30205b307831305d2c203078313462
2020202020202020202020202020202020202020
2020202020202020202020202020202020202020
307832632e34205b307836345d2c203078313465
2020202020202020202020202020202020202020
2020202020202020202020202020202020202020
5234202020202020202020202020202020202020
3078306220202020202020202020202020202020
2020202020202020202020202020202020202020
3078303620202020202020202020202020202020
2020202020202020202020202020202020202020
3078306120202020202020202020202020202020
2020202020202020202020202020202020202020
307832312e33205b307830625d2c203078313461
2020202020202020202020202020202020202020
2020202020202020202020202020202020202020
4052302020202020202020202020202020202020
4120202020202020202020202020202020202020
432c20307838302e35205b307838355d20202020
2020202020202020202020202020202020202020
307838352c203078383520202020202020202020
2020202020202020202020202020202020202020
2020202020202020202020202020202020202020
307838352c203078383420202020202020202020
2020202020202020202020202020202020202020
2020202020202020202020202020202020202020
412c2040412b5043202020202020202020202020
412c2040412b5043202020202020202020202020
412c2040412b5043202020202020202020202020
412c2040412b5043202020202020202020202020
412c2040412b5043202020202020202020202020
307838352c203078383520202020202020202020
2020202020202020202020202020202020202020
2020202020202020202020202020202020202020
4142202020202020202020202020202020202020
4142202020202020202020202020202020202020
4142202020202020202020202020202020202020
4142202020202020202020202020202020202020
4142202020202020202020202020202020202020
4142202020202020202020202020202020202020
4142202020202020202020202020202020202020
4142202020202020202020202020202020202020
4142202020202020202020202020202020202020
307838352c203078383520202020202020202020
2020202020202020202020202020202020202020
2020202020202020202020202020202020202020
4142202020202020202020202020202020202020
4142202020202020202020202020202020202020
4142202020202020202020202020202020202020
4142202020202020202020202020202020202020
4142202020202020202020202020202020202020
4142202020202020202020202020202020202020
4142202020202020202020202020202020202020
4142202020202020202020202020202020202020
4142202020202020202020202020202020202020
307838362c203078383620202020202020202020
2020202020202020202020202020202020202020
2020202020202020202020202020202020202020
307838362c204052302020202020202020202020
2020202020202020202020202020202020202020
307838382c204052302020202020202020202020
2020202020202020202020202020202020202020
307838392c205230202020202020202020202020
2020202020202020202020202020202020202020
307838392c205231202020202020202020202020
2020202020202020202020202020202020202020
307838352c205231202020202020202020202020
2020202020202020202020202020202020202020
307838362c204052302020202020202020202020
2020202020202020202020202020202020202020
307838382c204052312020202020202020202020
2020202020202020202020202020202020202020
307838382c205230202020202020202020202020
2020202020202020202020202020202020202020
307838392c205230202020202020202020202020
2020202020202020202020202020202020202020
307838662c205237202020202020202020202020
2020202020202020202020202020202020202020
307838352c205237202020202020202020202020
2020202020202020202020202020202020202020
307838372c204052302020202020202020202020
2020202020202020202020202020202020202020
307838382c205230202020202020202020202020
2020202020202020202020202020202020202020
307838392c205231202020202020202020202020
2020202020202020202020202020202020202020
307838392c205231202020202020202020202020
2020202020202020202020202020202020202020
307839352c205232202020202020202020202020
2020202020202020202020202020202020202020
412c203078383520202020202020202020202020
2020202020202020202020202020202020202020
307838382c204052302020202020202020202020
2020202020202020202020202020202020202020
307838382c205230202020202020202020202020
2020202020202020202020202020202020202020
307838392c205231202020202020202020202020
2020202020202020202020202020202020202020
307838612c205231202020202020202020202020
2020202020202020202020202020202020202020
307839342c205234202020202020202020202020
2020202020202020202020202020202020202020
412c202330783835202020202020202020202020
2020202020202020202020202020202020202020
307838382c204052312020202020202020202020
2020202020202020202020202020202020202020
307838612c205230202020202020202020202020
2020202020202020202020202020202020202020
307838612c205232202020202020202020202020
2020202020202020202020202020202020202020
307838622c205232202020202020202020202020
2020202020202020202020202020202020202020
307838642c205234202020202020202020202020
2020202020202020202020202020202020202020
412c204052302020202020202020202020202020
307838372c203078383820202020202020202020
2020202020202020202020202020202020202020
2020202020202020202020202020202020202020
307838612c205230202020202020202020202020
2020202020202020202020202020202020202020
307838612c205232202020202020202020202020
2020202020202020202020202020202020202020
307838622c205233202020202020202020202020
2020202020202020202020202020202020202020
307838642c205234202020202020202020202020
2020202020202020202020202020202020202020
412c2040412b4450545220202020202020202020
307838372c203078383920202020202020202020
2020202020202020202020202020202020202020
2020202020202020202020202020202020202020
307838622c205231202020202020202020202020
2020202020202020202020202020202020202020
307838622c205233202020202020202020202020
2020202020202020202020202020202020202020
307838622c205233202020202020202020202020
2020202020202020202020202020202020202020
307838622c205233202020202020202020202020
2020202020202020202020202020202020202020
307838352c205237202020202020202020202020
2020202020202020202020202020202020202020
307838382c204052312020202020202020202020
2020202020202020202020202020202020202020
307838382c205230202020202020202020202020
2020202020202020202020202020202020202020
307838392c205231202020202020202020202020
2020202020202020202020202020202020202020
307838392c205231202020202020202020202020
2020202020202020202020202020202020202020
307838392c205231202020202020202020202020
2020202020202020202020202020202020202020
307838382c205232202020202020202020202020
2020202020202020202020202020202020202020
307838612c205230202020202020202020202020
2020202020202020202020202020202020202020
307838612c205232202020202020202020202020
2020202020202020202020202020202020202020
307838382c205231202020202020202020202020
2020202020202020202020202020202020202020
307838382c205230202020202020202020202020
2020202020202020202020202020202020202020
307838382c205230202020202020202020202020
2020202020202020202020202020202020202020
307833372c205230202020202020202020202020
2020202020202020202020202020202020202020
3078303220202020202020202020202020202020
2020202020202020202020202020202020202020
3078306131302020202020202020202020202020
2020202020202020202020202020202020202020
2020202020202020202020202020202020202020
3078383020202020202020202020202020202020
2020202020202020202020202020202020202020
412c2040412b5043202020202020202020202020
412c2040412b5043202020202020202020202020
4142202020202020202020202020202020202020
4142202020202020202020202020202020202020
412c204052312020202020202020202020202020
307832312e34205b307830635d2c203078313535
2020202020202020202020202020202020202020
2020202020202020202020202020202020202020
4120202020202020202020202020202020202020
4120202020202020202020202020202020202020
4052312020202020202020202020202020202020
5234202020202020202020202020202020202020
4052312020202020202020202020202020202020
4052302020202020202020202020202020202020
5234202020202020202020202020202020202020
5235202020202020202020202020202020202020
5234202020202020202020202020202020202020
5235202020202020202020202020202020202020
4052312020202020202020202020202020202020
3078303620202020202020202020202020202020
2020202020202020202020202020202020202020
412c202330783861202020202020202020202020
2020202020202020202020202020202020202020
307839352c205237202020202020202020202020
2020202020202020202020202020202020202020
412c204052312020202020202020202020202020
412c205232202020202020202020202020202020
412c205235202020202020202020202020202020
412c205235202020202020202020202020202020
412c205237202020202020202020202020202020
412c205237202020202020202020202020202020
412c205235202020202020202020202020202020
412c205235202020202020202020202020202020
412c205233202020202020202020202020202020
412c205233202020202020202020202020202020
412c205233202020202020202020202020202020
412c205233202020202020202020202020202020
412c205233202020202020202020202020202020
4120202020202020202020202020202020202020
4120202020202020202020202020202020202020
412c205236202020202020202020202020202020
5235202020202020202020202020202020202020
5236202020202020202020202020202020202020
412c205235202020202020202020202020202020
412c205232202020202020202020202020202020
412c205235202020202020202020202020202020
4120202020202020202020202020202020202020
2020202020202020202020202020202020202020
3078303431362020202020202020202020202020
2020202020202020202020202020202020202020
2020202020202020202020202020202020202020
5237202020202020202020202020202020202020
5237202020202020202020202020202020202020
412c205237202020202020202020202020202020
2020202020202020202020202020202020202020
412c204052312020202020202020202020202020
412c204052312020202020202020202020202020
412c204052312020202020202020202020202020
4120202020202020202020202020202020202020
4120202020202020202020202020202020202020
412c205232202020202020202020202020202020
5236202020202020202020202020202020202020
3078313136392020202020202020202020202020
2020202020202020202020202020202020202020
4052302c2023307831632c203078313539352020
2020202020202020202020202020202020202020
2020202020202020202020202020202020202020
5234202020202020202020202020202020202020
4120202020202020202020202020202020202020
3078333862652020202020202020202020202020
2020202020202020202020202020202020202020
2020202020202020202020202020202020202020
5237202020202020202020202020202020202020
5237202020202020202020202020202020202020
412c205235202020202020202020202020202020
3078313465632020202020202020202020202020
2020202020202020202020202020202020202020
2020202020202020202020202020202020202020
52332c2041202020202020202020202020202020
307833372c202330783033202020202020202020
2020202020202020202020202020202020202020
2020202020202020202020202020202020202020
4120202020202020202020202020202020202020
4120202020202020202020202020202020202020
3078313766382020202020202020202020202020
2020202020202020202020202020202020202020
412c205233202020202020202020202020202020
412c2040412b4450545220202020202020202020
3078313030322020202020202020202020202020
2020202020202020202020202020202020202020
307831352c202330783564202020202020202020
2020202020202020202020202020202020202020
2020202020202020202020202020202020202020
5235202020202020202020202020202020202020
412c204052312020202020202020202020202020
4052302020202020202020202020202020202020
4120202020202020202020202020202020202020
5235202020202020202020202020202020202020
5236202020202020202020202020202020202020
2020202020202020202020202020202020202020
2020202020202020202020202020202020202020
412c205232202020202020202020202020202020
3078313565382020202020202020202020202020
2020202020202020202020202020202020202020
3078313532612020202020202020202020202020
2020202020202020202020202020202020202020
3078313532632020202020202020202020202020
2020202020202020202020202020202020202020
4120202020202020202020202020202020202020
3078333163642020202020202020202020202020
2020202020202020202020202020202020202020
2020202020202020202020202020202020202020
2020202020202020202020202020202020202020
52372c2041202020202020202020202020202020
4120202020202020202020202020202020202020
4120202020202020202020202020202020202020
5236202020202020202020202020202020202020
5235202020202020202020202020202020202020
5236202020202020202020202020202020202020
412c205235202020202020202020202020202020
412c204052302020202020202020202020202020
412c204052302020202020202020202020202020
4120202020202020202020202020202020202020
2020202020202020202020202020202020202020
412c204052312020202020202020202020202020
4120202020202020202020202020202020202020
5231202020202020202020202020202020202020
5231202020202020202020202020202020202020
412c20307834392c203078313563372020202020
2020202020202020202020202020202020202020
2020202020202020202020202020202020202020
5236202020202020202020202020202020202020
5236202020202020202020202020202020202020
5236202020202020202020202020202020202020
52362c2023307866662020202020202020202020
2020202020202020202020202020202020202020
52372c2041202020202020202020202020202020
52372c2041202020202020202020202020202020
412c205235202020202020202020202020202020
52372c2041202020202020202020202020202020
52372c2041202020202020202020202020202020
52372c2041202020202020202020202020202020
412c205235202020202020202020202020202020
52372c2041202020202020202020202020202020
52372c2041202020202020202020202020202020
412c205235202020202020202020202020202020
4320202020202020202020202020202020202020
4120202020202020202020202020202020202020
4120202020202020202020202020202020202020
412c205230202020202020202020202020202020
412c205235202020202020202020202020202020
412c2040412b5043202020202020202020202020
412c205233202020202020202020202020202020
412c205234202020202020202020202020202020
2020202020202020202020202020202020202020
4120202020202020202020202020202020202020
4120202020202020202020202020202020202020
5235202020202020202020202020202020202020
307832322e30205b307831305d2c203078313562
2020202020202020202020202020202020202020
2020202020202020202020202020202020202020
2020202020202020202020202020202020202020
2020202020202020202020202020202020202020
3078313565342020202020202020202020202020
2020202020202020202020202020202020202020
4120202020202020202020202020202020202020
4120202020202020202020202020202020202020
5237202020202020202020202020202020202020
412c205237202020202020202020202020202020
4052302020202020202020202020202020202020
412c205236202020202020202020202020202020
412c205230202020202020202020202020202020
5231202020202020202020202020202020202020
4052312020202020202020202020202020202020
4120202020202020202020202020202020202020
4120202020202020202020202020202020202020
4120202020202020202020202020202020202020
412c205233202020202020202020202020202020
5235202020202020202020202020202020202020
412c204052302020202020202020202020202020
412c205235202020202020202020202020202020
4120202020202020202020202020202020202020
4120202020202020202020202020202020202020
4120202020202020202020202020202020202020
4120202020202020202020202020202020202020
4120202020202020202020202020202020202020
4120202020202020202020202020202020202020
412c205235202020202020202020202020202020
412c204052312020202020202020202020202020
412c205235202020202020202020202020202020
5231202020202020202020202020202020202020
4052312020202020202020202020202020202020
3078303320202020202020202020202020202020
2020202020202020202020202020202020202020
4120202020202020202020202020202020202020
3078306230332020202020202020202020202020
2020202020202020202020202020202020202020
2020202020202020202020202020202020202020
40445054522c2041202020202020202020202020
3078306131302020202020202020202020202020
2020202020202020202020202020202020202020
2020202020202020202020202020202020202020
3078313030332020202020202020202020202020
2020202020202020202020202020202020202020
4120202020202020202020202020202020202020
3078303630352020202020202020202020202020
2020202020202020202020202020202020202020
2020202020202020202020202020202020202020
4052312c20412020202020202020202020202020
3078306130612020202020202020202020202020
2020202020202020202020202020202020202020
2020202020202020202020202020202020202020
307832302e33205b307830335d2c203078313631
2020202020202020202020202020202020202020
2020202020202020202020202020202020202020
3078313030382020202020202020202020202020
2020202020202020202020202020202020202020
4052302020202020202020202020202020202020
40445054522c2041202020202020202020202020
2020202020202020202020202020202020202020
5236202020202020202020202020202020202020
3078313636662020202020202020202020202020
2020202020202020202020202020202020202020
412c204052312020202020202020202020202020
4120202020202020202020202020202020202020
3078313030642020202020202020202020202020
2020202020202020202020202020202020202020
3078633130302020202020202020202020202020
2020202020202020202020202020202020202020
2020202020202020202020202020202020202020
5232202020202020202020202020202020202020
5232202020202020202020202020202020202020
5232202020202020202020202020202020202020
412c204052312020202020202020202020202020
4052302020202020202020202020202020202020
3078303520202020202020202020202020202020
2020202020202020202020202020202020202020
5231202020202020202020202020202020202020
5233202020202020202020202020202020202020
2020202020202020202020202020202020202020
412c205234202020202020202020202020202020
4120202020202020202020202020202020202020
4120202020202020202020202020202020202020
307832322e36205b307831365d2c203078313639
2020202020202020202020202020202020202020
2020202020202020202020202020202020202020
412c205235202020202020202020202020202020
52372c2041202020202020202020202020202020
3078313639332020202020202020202020202020
2020202020202020202020202020202020202020
4052312020202020202020202020202020202020
52372c2041202020202020202020202020202020
3078313639372020202020202020202020202020
2020202020202020202020202020202020202020
4052312020202020202020202020202020202020
52372c2041202020202020202020202020202020
3078313639622020202020202020202020202020
2020202020202020202020202020202020202020
4052312020202020202020202020202020202020
52372c2041202020202020202020202020202020
412c205236202020202020202020202020202020
412c205232202020202020202020202020202020
5232202020202020202020202020202020202020
52372c2041202020202020202020202020202020
412c205231202020202020202020202020202020
307833332c205231202020202020202020202020
2020202020202020202020202020202020202020
52372c2041202020202020202020202020202020
412c205230202020202020202020202020202020
52322c2023307838302c20307831363633202020
2020202020202020202020202020202020202020
2020202020202020202020202020202020202020
4120202020202020202020202020202020202020
412c205235202020202020202020202020202020
5235202020202020202020202020202020202020
412c205232202020202020202020202020202020
412c205236202020202020202020202020202020
412c205230202020202020202020202020202020
5233202020202020202020202020202020202020
4052302020202020202020202020202020202020
4120202020202020202020202020202020202020
412c204052312020202020202020202020202020
4052312020202020202020202020202020202020
5232202020202020202020202020202020202020
5232202020202020202020202020202020202020
5232202020202020202020202020202020202020
5232202020202020202020202020202020202020
4120202020202020202020202020202020202020
5231202020202020202020202020202020202020
412c205234202020202020202020202020202020
412c205231202020202020202020202020202020
4052302020202020202020202020202020202020
5232202020202020202020202020202020202020
5232202020202020202020202020202020202020
5232202020202020202020202020202020202020
4120202020202020202020202020202020202020
4120202020202020202020202020202020202020
412c205234202020202020202020202020202020
4120202020202020202020202020202020202020
4052312020202020202020202020202020202020
5232202020202020202020202020202020202020
5232202020202020202020202020202020202020
5236202020202020202020202020202020202020
5236202020202020202020202020202020202020
5230202020202020202020202020202020202020
5237202020202020202020202020202020202020
3078313631362020202020202020202020202020
2020202020202020202020202020202020202020
2020202020202020202020202020202020202020
4052302020202020202020202020202020202020
5234202020202020202020202020202020202020
4120202020202020202020202020202020202020
5230202020202020202020202020202020202020
5235202020202020202020202020202020202020
4120202020202020202020202020202020202020
4120202020202020202020202020202020202020
4120202020202020202020202020202020202020
307832342e33205b307832335d2c203078313661
2020202020202020202020202020202020202020
2020202020202020202020202020202020202020
412c205235202020202020202020202020202020
412c205235202020202020202020202020202020
5236202020202020202020202020202020202020
307832342e37205b307832375d2c203078313662
2020202020202020202020202020202020202020
2020202020202020202020202020202020202020
412c205235202020202020202020202020202020
412c205235202020202020202020202020202020
412c205230202020202020202020202020202020
412c205230202020202020202020202020202020
412c205235202020202020202020202020202020
412c205235202020202020202020202020202020
412c205235202020202020202020202020202020
412c205235202020202020202020202020202020
412c205230202020202020202020202020202020
412c205230202020202020202020202020202020
412c205235202020202020202020202020202020
412c205235202020202020202020202020202020
412c205235202020202020202020202020202020
412c205235202020202020202020202020202020
412c204052312020202020202020202020202020
4120202020202020202020202020202020202020
5232202020202020202020202020202020202020
5232202020202020202020202020202020202020
5232202020202020202020202020202020202020
412c205231202020202020202020202020202020
412c205231202020202020202020202020202020
4052302020202020202020202020202020202020
5232202020202020202020202020202020202020
5232202020202020202020202020202020202020
5232202020202020202020202020202020202020
4120202020202020202020202020202020202020
4120202020202020202020202020202020202020
412c205234202020202020202020202020202020
412c205230202020202020202020202020202020
412c205234202020202020202020202020202020
412c204052302020202020202020202020202020
3078313730312020202020202020202020202020
2020202020202020202020202020202020202020
412c205232202020202020202020202020202020
412c205230202020202020202020202020202020
3078313235302020202020202020202020202020
2020202020202020202020202020202020202020
412c205237202020202020202020202020202020
412c205237202020202020202020202020202020
412c205237202020202020202020202020202020
412c202330783464202020202020202020202020
2020202020202020202020202020202020202020
412c202330783634202020202020202020202020
2020202020202020202020202020202020202020
412c202330783634202020202020202020202020
2020202020202020202020202020202020202020
412c205233202020202020202020202020202020
412c202330783634202020202020202020202020
2020202020202020202020202020202020202020
412c202330783634202020202020202020202020
2020202020202020202020202020202020202020
412c202330783337202020202020202020202020
2020202020202020202020202020202020202020
4120202020202020202020202020202020202020
5232202020202020202020202020202020202020
5232202020202020202020202020202020202020
5232202020202020202020202020202020202020
412c205231202020202020202020202020202020
412c205231202020202020202020202020202020
4052302020202020202020202020202020202020
5232202020202020202020202020202020202020
5232202020202020202020202020202020202020
5232202020202020202020202020202020202020
4120202020202020202020202020202020202020
4120202020202020202020202020202020202020
412c205234202020202020202020202020202020
3078303520202020202020202020202020202020
2020202020202020202020202020202020202020
3078303520202020202020202020202020202020
2020202020202020202020202020202020202020
3078303520202020202020202020202020202020
2020202020202020202020202020202020202020
3078303520202020202020202020202020202020
2020202020202020202020202020202020202020
3078303520202020202020202020202020202020
2020202020202020202020202020202020202020
3078303520202020202020202020202020202020
2020202020202020202020202020202020202020
5231202020202020202020202020202020202020
5231202020202020202020202020202020202020
5231202020202020202020202020202020202020
5231202020202020202020202020202020202020
5234202020202020202020202020202020202020
5234202020202020202020202020202020202020
3078303820202020202020202020202020202020
2020202020202020202020202020202020202020
5232202020202020202020202020202020202020
5234202020202020202020202020202020202020
307832322e30205b307831305d2c203078313731
2020202020202020202020202020202020202020
2020202020202020202020202020202020202020
5234202020202020202020202020202020202020
5235202020202020202020202020202020202020
4052302020202020202020202020202020202020
4052302020202020202020202020202020202020
5235202020202020202020202020202020202020
5231202020202020202020202020202020202020
5234202020202020202020202020202020202020
5235202020202020202020202020202020202020
5234202020202020202020202020202020202020
4052312020202020202020202020202020202020
4052302020202020202020202020202020202020
4052302020202020202020202020202020202020
412c202330786666202020202020202020202020
2020202020202020202020202020202020202020
52372c2041202020202020202020202020202020
52372c2041202020202020202020202020202020
52372c2041202020202020202020202020202020
52372c2041202020202020202020202020202020
52372c2041202020202020202020202020202020
52372c2041202020202020202020202020202020
52372c2041202020202020202020202020202020
52372c2041202020202020202020202020202020
52372c2041202020202020202020202020202020
52372c2041202020202020202020202020202020
52372c2041202020202020202020202020202020
412c204052312020202020202020202020202020
5234202020202020202020202020202020202020
4120202020202020202020202020202020202020
4120202020202020202020202020202020202020
5230202020202020202020202020202020202020
5230202020202020202020202020202020202020
5230202020202020202020202020202020202020
5230202020202020202020202020202020202020
5230202020202020202020202020202020202020
307832322e30205b307831305d2c203078313731
2020202020202020202020202020202020202020
2020202020202020202020202020202020202020
307832632e34205b307836345d2c203078313735
2020202020202020202020202020202020202020
2020202020202020202020202020202020202020
5234202020202020202020202020202020202020
3078306220202020202020202020202020202020
2020202020202020202020202020202020202020
3078303620202020202020202020202020202020
2020202020202020202020202020202020202020
3078306120202020202020202020202020202020
2020202020202020202020202020202020202020
307832312e33205b307830625d2c203078313731
2020202020202020202020202020202020202020
2020202020202020202020202020202020202020
4052302020202020202020202020202020202020
4120202020202020202020202020202020202020
432c20307832342e33205b307832335d20202020
2020202020202020202020202020202020202020
412c204052302020202020202020202020202020
412c205234202020202020202020202020202020
412c205237202020202020202020202020202020
3078313133312020202020202020202020202020
2020202020202020202020202020202020202020
3078313133312020202020202020202020202020
2020202020202020202020202020202020202020
3078313133312020202020202020202020202020
2020202020202020202020202020202020202020
3078313133312020202020202020202020202020
2020202020202020202020202020202020202020
4120202020202020202020202020202020202020
412c204052302020202020202020202020202020
412c205234202020202020202020202020202020
412c205237202020202020202020202020202020
3078313133312020202020202020202020202020
2020202020202020202020202020202020202020
3078313133312020202020202020202020202020
2020202020202020202020202020202020202020
3078313133312020202020202020202020202020
2020202020202020202020202020202020202020
3078313133312020202020202020202020202020
2020202020202020202020202020202020202020
4120202020202020202020202020202020202020
412c205232202020202020202020202020202020
3078313133392020202020202020202020202020
2020202020202020202020202020202020202020
3078313737342020202020202020202020202020
2020202020202020202020202020202020202020
412c204052312020202020202020202020202020
3078313133312020202020202020202020202020
2020202020202020202020202020202020202020
3078313133312020202020202020202020202020
2020202020202020202020202020202020202020
3078313133322020202020202020202020202020
2020202020202020202020202020202020202020
412c205231202020202020202020202020202020
412c202330783435202020202020202020202020
2020202020202020202020202020202020202020
412c205230202020202020202020202020202020
307833372c204120202020202020202020202020
2020202020202020202020202020202020202020
3078313133312020202020202020202020202020
2020202020202020202020202020202020202020
3078313133312020202020202020202020202020
2020202020202020202020202020202020202020
3078313133372020202020202020202020202020
2020202020202020202020202020202020202020
3078313739332020202020202020202020202020
2020202020202020202020202020202020202020
412c205237202020202020202020202020202020
412c205237202020202020202020202020202020
412c203078336320202020202020202020202020
2020202020202020202020202020202020202020
412c204052312020202020202020202020202020
3078313133312020202020202020202020202020
2020202020202020202020202020202020202020
3078313133312020202020202020202020202020
2020202020202020202020202020202020202020
412c205234202020202020202020202020202020
307834612c202330783466202020202020202020
2020202020202020202020202020202020202020
2020202020202020202020202020202020202020
412c205237202020202020202020202020202020
412c205230202020202020202020202020202020
307833622c204120202020202020202020202020
2020202020202020202020202020202020202020
412c203078333120202020202020202020202020
2020202020202020202020202020202020202020
412c205235202020202020202020202020202020
412c205235202020202020202020202020202020
3078313761392020202020202020202020202020
2020202020202020202020202020202020202020
412c205237202020202020202020202020202020
412c205237202020202020202020202020202020
412c205237202020202020202020202020202020
412c205230202020202020202020202020202020
307833632c204120202020202020202020202020
2020202020202020202020202020202020202020
412c202330783264202020202020202020202020
2020202020202020202020202020202020202020
412c205231202020202020202020202020202020
412c205231202020202020202020202020202020
412c204052302020202020202020202020202020
412c205233202020202020202020202020202020
412c205237202020202020202020202020202020
412c205237202020202020202020202020202020
412c205237202020202020202020202020202020
412c205230202020202020202020202020202020
412c203078343220202020202020202020202020
2020202020202020202020202020202020202020
412c205231202020202020202020202020202020
2020202020202020202020202020202020202020
412c205236202020202020202020202020202020
412c205235202020202020202020202020202020
412c204052302020202020202020202020202020
412c205233202020202020202020202020202020
412c205237202020202020202020202020202020
412c205237202020202020202020202020202020
412c205237202020202020202020202020202020
412c205237202020202020202020202020202020
412c205230202020202020202020202020202020
412c203078343020202020202020202020202020
2020202020202020202020202020202020202020
412c205231202020202020202020202020202020
412c204052302020202020202020202020202020
412c202330783436202020202020202020202020
2020202020202020202020202020202020202020
412c205233202020202020202020202020202020
412c205237202020202020202020202020202020
412c205237202020202020202020202020202020
412c205237202020202020202020202020202020
412c205237202020202020202020202020202020
412c205237202020202020202020202020202020
412c205230202020202020202020202020202020
307833642c204120202020202020202020202020
2020202020202020202020202020202020202020
412c205231202020202020202020202020202020
412c204052302020202020202020202020202020
412c204052302020202020202020202020202020
412c205233202020202020202020202020202020
412c205237202020202020202020202020202020
412c205237202020202020202020202020202020
412c205237202020202020202020202020202020
412c205237202020202020202020202020202020
412c205237202020202020202020202020202020
412c205230202020202020202020202020202020
412c203078336520202020202020202020202020
2020202020202020202020202020202020202020
412c205232202020202020202020202020202020
412c204052302020202020202020202020202020
412c204052302020202020202020202020202020
412c205233202020202020202020202020202020
412c205237202020202020202020202020202020
412c205237202020202020202020202020202020
412c205237202020202020202020202020202020
412c205237202020202020202020202020202020
412c205237202020202020202020202020202020
412c205230202020202020202020202020202020
412c203078336520202020202020202020202020
2020202020202020202020202020202020202020
412c205232202020202020202020202020202020
412c204052302020202020202020202020202020
412c204052312020202020202020202020202020
307832312e34205b307830635d2c203078313762
2020202020202020202020202020202020202020
2020202020202020202020202020202020202020
4120202020202020202020202020202020202020
4120202020202020202020202020202020202020
4052312020202020202020202020202020202020
5234202020202020202020202020202020202020
4052312020202020202020202020202020202020
4052302020202020202020202020202020202020
5234202020202020202020202020202020202020
5235202020202020202020202020202020202020
5234202020202020202020202020202020202020
5235202020202020202020202020202020202020
4052312020202020202020202020202020202020
3078303620202020202020202020202020202020
2020202020202020202020202020202020202020
412c202330783332202020202020202020202020
2020202020202020202020202020202020202020
2020202020202020202020202020202020202020
412c205235202020202020202020202020202020
412c204052312020202020202020202020202020
412c204052312020202020202020202020202020
412c204052312020202020202020202020202020
412c205232202020202020202020202020202020
412c205236202020202020202020202020202020
412c205236202020202020202020202020202020
307832362e30205b307833305d2c203078313766
2020202020202020202020202020202020202020
2020202020202020202020202020202020202020
307832362e32205b307833325d2c203078313766
2020202020202020202020202020202020202020
2020202020202020202020202020202020202020
2020202020202020202020202020202020202020
412c204052312020202020202020202020202020
4052312020202020202020202020202020202020
3078303330652020202020202020202020202020
2020202020202020202020202020202020202020
2020202020202020202020202020202020202020
5230202020202020202020202020202020202020
307832332e30205b307831385d2c203078313737
2020202020202020202020202020202020202020
2020202020202020202020202020202020202020
3078313765652020202020202020202020202020
2020202020202020202020202020202020202020
5233202020202020202020202020202020202020
5234202020202020202020202020202020202020
412c205232202020202020202020202020202020
412c205232202020202020202020202020202020
412c204052312020202020202020202020202020
4120202020202020202020202020202020202020
4120202020202020202020202020202020202020
412c205236202020202020202020202020202020
412c205231202020202020202020202020202020
412c205237202020202020202020202020202020
412c204052302020202020202020202020202020
4120202020202020202020202020202020202020
4120202020202020202020202020202020202020
4120202020202020202020202020202020202020
4120202020202020202020202020202020202020
40412b4450545220202020202020202020202020
412c203078356520202020202020202020202020
2020202020202020202020202020202020202020
4120202020202020202020202020202020202020
4120202020202020202020202020202020202020
4120202020202020202020202020202020202020
4120202020202020202020202020202020202020
4052302020202020202020202020202020202020
307832322e30205b307831305d2c203078313830
2020202020202020202020202020202020202020
2020202020202020202020202020202020202020
5235202020202020202020202020202020202020
412c203078353620202020202020202020202020
2020202020202020202020202020202020202020
4052302c20307835612020202020202020202020
2020202020202020202020202020202020202020
307832312c202330783133202020202020202020
2020202020202020202020202020202020202020
2020202020202020202020202020202020202020
2020202020202020202020202020202020202020
412c204052312020202020202020202020202020
5234202020202020202020202020202020202020
4120202020202020202020202020202020202020
4120202020202020202020202020202020202020
5230202020202020202020202020202020202020
5230202020202020202020202020202020202020
5230202020202020202020202020202020202020
5230202020202020202020202020202020202020
5230202020202020202020202020202020202020
307832322e30205b307831305d2c203078313831
2020202020202020202020202020202020202020
2020202020202020202020202020202020202020
307832632e34205b307836345d2c203078313834
2020202020202020202020202020202020202020
2020202020202020202020202020202020202020
5234202020202020202020202020202020202020
3078306220202020202020202020202020202020
2020202020202020202020202020202020202020
3078303620202020202020202020202020202020
2020202020202020202020202020202020202020
3078306120202020202020202020202020202020
2020202020202020202020202020202020202020
307832312e33205b307830625d2c203078313831
2020202020202020202020202020202020202020
2020202020202020202020202020202020202020
4052302020202020202020202020202020202020
4120202020202020202020202020202020202020
432c20307838302e30205b307838305d20202020
2020202020202020202020202020202020202020
3078313739352020202020202020202020202020
2020202020202020202020202020202020202020
3078313739372020202020202020202020202020
2020202020202020202020202020202020202020
52362c2023307837632020202020202020202020
2020202020202020202020202020202020202020
52342c2023307837652020202020202020202020
2020202020202020202020202020202020202020
52362c2023307837652020202020202020202020
2020202020202020202020202020202020202020
52362c2023307838302020202020202020202020
2020202020202020202020202020202020202020
3078313761312020202020202020202020202020
2020202020202020202020202020202020202020
3078313761332020202020202020202020202020
2020202020202020202020202020202020202020
52362c2023307837632020202020202020202020
2020202020202020202020202020202020202020
52342c2023307837652020202020202020202020
2020202020202020202020202020202020202020
52362c2023307837652020202020202020202020
2020202020202020202020202020202020202020
52362c2023307837632020202020202020202020
2020202020202020202020202020202020202020
52342c2023307837652020202020202020202020
2020202020202020202020202020202020202020
52362c2023307837652020202020202020202020
2020202020202020202020202020202020202020
52362c2023307837642020202020202020202020
2020202020202020202020202020202020202020
52352c2023307837652020202020202020202020
2020202020202020202020202020202020202020
52362c2023307837652020202020202020202020
2020202020202020202020202020202020202020
52362c2023307837632020202020202020202020
2020202020202020202020202020202020202020
52362c2023307837662020202020202020202020
2020202020202020202020202020202020202020
3078313862612020202020202020202020202020
2020202020202020202020202020202020202020
52372c2023307838302020202020202020202020
2020202020202020202020202020202020202020
3078313762662020202020202020202020202020
2020202020202020202020202020202020202020
307838632c205231202020202020202020202020
2020202020202020202020202020202020202020
307837632c205234202020202020202020202020
2020202020202020202020202020202020202020
52362c2023307838302020202020202020202020
2020202020202020202020202020202020202020
3078313763392020202020202020202020202020
2020202020202020202020202020202020202020
432c20307838302e32205b307838325d20202020
2020202020202020202020202020202020202020
432c20307838302e33205b307838335d20202020
2020202020202020202020202020202020202020
307838662c205233202020202020202020202020
2020202020202020202020202020202020202020
307837632c205237202020202020202020202020
2020202020202020202020202020202020202020
52362c2023307838302020202020202020202020
2020202020202020202020202020202020202020
432c20307838302e32205b307838325d20202020
2020202020202020202020202020202020202020
432c20307838302e32205b307838325d20202020
2020202020202020202020202020202020202020
432c20307838302e33205b307838335d20202020
2020202020202020202020202020202020202020
412c2040412b5043202020202020202020202020
412c203078393520202020202020202020202020
2020202020202020202020202020202020202020
52342c2023307837652020202020202020202020
2020202020202020202020202020202020202020
3078316338322020202020202020202020202020
2020202020202020202020202020202020202020
432c20307838302e32205b307838325d20202020
2020202020202020202020202020202020202020
432c20307838302e32205b307838325d20202020
2020202020202020202020202020202020202020
412c2040412b5043202020202020202020202020
307838642c203078393520202020202020202020
2020202020202020202020202020202020202020
2020202020202020202020202020202020202020
52372c2023307838302020202020202020202020
2020202020202020202020202020202020202020
432c20307838302e33205b307838335d20202020
2020202020202020202020202020202020202020
4142202020202020202020202020202020202020
412c2040412b5043202020202020202020202020
412c2040412b5043202020202020202020202020
412c2040412b5043202020202020202020202020
412c2040412b5043202020202020202020202020
307838642c204052312020202020202020202020
2020202020202020202020202020202020202020
412c203078383120202020202020202020202020
2020202020202020202020202020202020202020
432c20307838302e33205b307838335d20202020
2020202020202020202020202020202020202020
4142202020202020202020202020202020202020
4142202020202020202020202020202020202020
412c2040412b5043202020202020202020202020
412c2040412b5043202020202020202020202020
412c2040412b5043202020202020202020202020
4142202020202020202020202020202020202020
307838642c204052312020202020202020202020
2020202020202020202020202020202020202020
412c2040412b4450545220202020202020202020
412c2040412b5043202020202020202020202020
4142202020202020202020202020202020202020
4142202020202020202020202020202020202020
4142202020202020202020202020202020202020
4142202020202020202020202020202020202020
4142202020202020202020202020202020202020
412c2040412b5043202020202020202020202020
4142202020202020202020202020202020202020
4142202020202020202020202020202020202020
307838642c204052312020202020202020202020
2020202020202020202020202020202020202020
307838352c205235202020202020202020202020
2020202020202020202020202020202020202020
307838352c203078383520202020202020202020
2020202020202020202020202020202020202020
2020202020202020202020202020202020202020
307838352c203078383420202020202020202020
2020202020202020202020202020202020202020
2020202020202020202020202020202020202020
4142202020202020202020202020202020202020
4142202020202020202020202020202020202020
307838392c204052302020202020202020202020
2020202020202020202020202020202020202020
307838382c205234202020202020202020202020
2020202020202020202020202020202020202020
307838382c205230202020202020202020202020
2020202020202020202020202020202020202020
307838382c205230202020202020202020202020
2020202020202020202020202020202020202020
307838362c204052302020202020202020202020
2020202020202020202020202020202020202020
307838362c204052302020202020202020202020
2020202020202020202020202020202020202020
307838362c204052302020202020202020202020
2020202020202020202020202020202020202020
307833372c204052312020202020202020202020
2020202020202020202020202020202020202020
3078303220202020202020202020202020202020
2020202020202020202020202020202020202020
3078306131302020202020202020202020202020
2020202020202020202020202020202020202020
2020202020202020202020202020202020202020
3078383020202020202020202020202020202020
2020202020202020202020202020202020202020
412c2040412b5043202020202020202020202020
412c2040412b5043202020202020202020202020
4142202020202020202020202020202020202020
4142202020202020202020202020202020202020
412c204052312020202020202020202020202020
307832312e34205b307830635d2c203078313862
2020202020202020202020202020202020202020
2020202020202020202020202020202020202020
4120202020202020202020202020202020202020
4120202020202020202020202020202020202020
4052312020202020202020202020202020202020
5234202020202020202020202020202020202020
4052312020202020202020202020202020202020
4052302020202020202020202020202020202020
5234202020202020202020202020202020202020
5235202020202020202020202020202020202020
5234202020202020202020202020202020202020
5235202020202020202020202020202020202020
4052312020202020202020202020202020202020
3078303620202020202020202020202020202020
2020202020202020202020202020202020202020
412c202330783861202020202020202020202020
2020202020202020202020202020202020202020
307839352c205237202020202020202020202020
2020202020202020202020202020202020202020
412c204052312020202020202020202020202020
412c205232202020202020202020202020202020
412c205235202020202020202020202020202020
412c205235202020202020202020202020202020
412c205237202020202020202020202020202020
412c205237202020202020202020202020202020
412c205235202020202020202020202020202020
412c205235202020202020202020202020202020
412c205230202020202020202020202020202020
307838612c205235202020202020202020202020
2020202020202020202020202020202020202020
307838612c205232202020202020202020202020
2020202020202020202020202020202020202020
4120202020202020202020202020202020202020
4120202020202020202020202020202020202020
5236202020202020202020202020202020202020
5235202020202020202020202020202020202020
5236202020202020202020202020202020202020
412c205235202020202020202020202020202020
412c204052302020202020202020202020202020
412c204052302020202020202020202020202020
4120202020202020202020202020202020202020
4120202020202020202020202020202020202020
4120202020202020202020202020202020202020
4120202020202020202020202020202020202020
412c205235202020202020202020202020202020
412c205233202020202020202020202020202020
412c205236202020202020202020202020202020
412c205233202020202020202020202020202020
412c205234202020202020202020202020202020
2020202020202020202020202020202020202020
4120202020202020202020202020202020202020
4120202020202020202020202020202020202020
412c205235202020202020202020202020202020
5235202020202020202020202020202020202020
412c205232202020202020202020202020202020
412c205236202020202020202020202020202020
412c205230202020202020202020202020202020
5233202020202020202020202020202020202020
4052302020202020202020202020202020202020
4120202020202020202020202020202020202020
412c204052312020202020202020202020202020
4120202020202020202020202020202020202020
5232202020202020202020202020202020202020
5232202020202020202020202020202020202020
5232202020202020202020202020202020202020
412c205231202020202020202020202020202020
412c205231202020202020202020202020202020
4052302020202020202020202020202020202020
5232202020202020202020202020202020202020
5232202020202020202020202020202020202020
5232202020202020202020202020202020202020
4120202020202020202020202020202020202020
4120202020202020202020202020202020202020
412c205234202020202020202020202020202020
5232202020202020202020202020202020202020
5232202020202020202020202020202020202020
5232202020202020202020202020202020202020
5234202020202020202020202020202020202020
5237202020202020202020202020202020202020
5237202020202020202020202020202020202020
5232202020202020202020202020202020202020
5232202020202020202020202020202020202020
3078313431392020202020202020202020202020
2020202020202020202020202020202020202020
2020202020202020202020202020202020202020
5231202020202020202020202020202020202020
5237202020202020202020202020202020202020
4052302020202020202020202020202020202020
5231202020202020202020202020202020202020
5235202020202020202020202020202020202020
5235202020202020202020202020202020202020
5235202020202020202020202020202020202020
5237202020202020202020202020202020202020
5231202020202020202020202020202020202020
5236202020202020202020202020202020202020
3078313932312020202020202020202020202020
2020202020202020202020202020202020202020
3078313933372020202020202020202020202020
2020202020202020202020202020202020202020
5234202020202020202020202020202020202020
4120202020202020202020202020202020202020
4120202020202020202020202020202020202020
5230202020202020202020202020202020202020
5230202020202020202020202020202020202020
5230202020202020202020202020202020202020
5230202020202020202020202020202020202020
5230202020202020202020202020202020202020
307832322e30205b307831305d2c203078313933
2020202020202020202020202020202020202020
2020202020202020202020202020202020202020
307832632e34205b307836345d2c203078313936
2020202020202020202020202020202020202020
2020202020202020202020202020202020202020
5234202020202020202020202020202020202020
3078306220202020202020202020202020202020
2020202020202020202020202020202020202020
3078303620202020202020202020202020202020
2020202020202020202020202020202020202020
3078306120202020202020202020202020202020
2020202020202020202020202020202020202020
307832312e33205b307830625d2c203078313933
2020202020202020202020202020202020202020
2020202020202020202020202020202020202020
4052302020202020202020202020202020202020
4120202020202020202020202020202020202020
432c20307832342e33205b307832335d20202020
2020202020202020202020202020202020202020
412c204052302020202020202020202020202020
412c205234202020202020202020202020202020
412c205237202020202020202020202020202020
3078313933312020202020202020202020202020
2020202020202020202020202020202020202020
3078313933312020202020202020202020202020
2020202020202020202020202020202020202020
3078313933312020202020202020202020202020
2020202020202020202020202020202020202020
3078313933312020202020202020202020202020
2020202020202020202020202020202020202020
4120202020202020202020202020202020202020
412c204052302020202020202020202020202020
412c205233202020202020202020202020202020
412c205233202020202020202020202020202020
412c205233202020202020202020202020202020
412c205233202020202020202020202020202020
412c205233202020202020202020202020202020
412c205233202020202020202020202020202020
412c205233202020202020202020202020202020
3078313933312020202020202020202020202020
2020202020202020202020202020202020202020
3078313932332020202020202020202020202020
2020202020202020202020202020202020202020
412c205232202020202020202020202020202020
412c205233202020202020202020202020202020
412c205234202020202020202020202020202020
412c205234202020202020202020202020202020
412c205234202020202020202020202020202020
412c205231202020202020202020202020202020
412c205231202020202020202020202020202020
412c205231202020202020202020202020202020
3078313933312020202020202020202020202020
2020202020202020202020202020202020202020
3078313933322020202020202020202020202020
2020202020202020202020202020202020202020
2020202020202020202020202020202020202020
3078313932662020202020202020202020202020
2020202020202020202020202020202020202020
412c205234202020202020202020202020202020
412c205234202020202020202020202020202020
412c205231202020202020202020202020202020
412c205231202020202020202020202020202020
412c205231202020202020202020202020202020
3078313933312020202020202020202020202020
2020202020202020202020202020202020202020
3078313933362020202020202020202020202020
2020202020202020202020202020202020202020
2020202020202020202020202020202020202020
3078313932662020202020202020202020202020
2020202020202020202020202020202020202020
412c205236202020202020202020202020202020
412c205234202020202020202020202020202020
412c205231202020202020202020202020202020
412c205231202020202020202020202020202020
412c205231202020202020202020202020202020
3078313933312020202020202020202020202020
2020202020202020202020202020202020202020
3078313933382020202020202020202020202020
2020202020202020202020202020202020202020
412c203078333120202020202020202020202020
2020202020202020202020202020202020202020
3078313932662020202020202020202020202020
2020202020202020202020202020202020202020
412c205235202020202020202020202020202020
412c205232202020202020202020202020202020
412c205232202020202020202020202020202020
412c205231202020202020202020202020202020
412c205235202020202020202020202020202020
412c205235202020202020202020202020202020
412c205235202020202020202020202020202020
412c205235202020202020202020202020202020
412c204052302020202020202020202020202020
3078313933312020202020202020202020202020
2020202020202020202020202020202020202020
412c205237202020202020202020202020202020
412c205237202020202020202020202020202020
412c205236202020202020202020202020202020
412c205235202020202020202020202020202020
412c205231202020202020202020202020202020
412c205231202020202020202020202020202020
412c205231202020202020202020202020202020
412c205231202020202020202020202020202020
3078313963342020202020202020202020202020
2020202020202020202020202020202020202020
3078313963362020202020202020202020202020
2020202020202020202020202020202020202020
3078313963392020202020202020202020202020
2020202020202020202020202020202020202020
412c205231202020202020202020202020202020
412c205231202020202020202020202020202020
412c205231202020202020202020202020202020
2020202020202020202020202020202020202020
412c205236202020202020202020202020202020
412c205235202020202020202020202020202020
412c204052302020202020202020202020202020
412c205233202020202020202020202020202020
412c205237202020202020202020202020202020
412c205237202020202020202020202020202020
412c205237202020202020202020202020202020
412c205237202020202020202020202020202020
412c205230202020202020202020202020202020
412c203078343020202020202020202020202020
2020202020202020202020202020202020202020
412c205231202020202020202020202020202020
412c204052302020202020202020202020202020
412c202330783436202020202020202020202020
2020202020202020202020202020202020202020
412c205233202020202020202020202020202020
412c205237202020202020202020202020202020
412c205237202020202020202020202020202020
412c205237202020202020202020202020202020
412c205237202020202020202020202020202020
412c205237202020202020202020202020202020
412c205230202020202020202020202020202020
307833642c204120202020202020202020202020
2020202020202020202020202020202020202020
412c205231202020202020202020202020202020
412c204052302020202020202020202020202020
412c204052302020202020202020202020202020
412c205233202020202020202020202020202020
412c205237202020202020202020202020202020
412c205237202020202020202020202020202020
412c205237202020202020202020202020202020
412c205237202020202020202020202020202020
412c205237202020202020202020202020202020
412c205230202020202020202020202020202020
412c203078336520202020202020202020202020
2020202020202020202020202020202020202020
412c205232202020202020202020202020202020
412c204052302020202020202020202020202020
412c204052302020202020202020202020202020
412c205233202020202020202020202020202020
412c205237202020202020202020202020202020
412c205237202020202020202020202020202020
412c205237202020202020202020202020202020
412c205237202020202020202020202020202020
412c205237202020202020202020202020202020
412c205230202020202020202020202020202020
412c203078336520202020202020202020202020
2020202020202020202020202020202020202020
412c205232202020202020202020202020202020
412c204052302020202020202020202020202020
412c204052312020202020202020202020202020
307832312e34205b307830635d2c203078313963
2020202020202020202020202020202020202020
2020202020202020202020202020202020202020
4120202020202020202020202020202020202020
4120202020202020202020202020202020202020
4052312020202020202020202020202020202020
5234202020202020202020202020202020202020
4052312020202020202020202020202020202020
4052302020202020202020202020202020202020
5234202020202020202020202020202020202020
5235202020202020202020202020202020202020
5234202020202020202020202020202020202020
5235202020202020202020202020202020202020
4052312020202020202020202020202020202020
3078303620202020202020202020202020202020
2020202020202020202020202020202020202020
412c202330783332202020202020202020202020
2020202020202020202020202020202020202020
2020202020202020202020202020202020202020
412c205235202020202020202020202020202020
412c204052312020202020202020202020202020
412c204052312020202020202020202020202020
412c204052312020202020202020202020202020
412c205232202020202020202020202020202020
412c205236202020202020202020202020202020
412c205236202020202020202020202020202020
307832362e30205b307833305d2c203078316130
2020202020202020202020202020202020202020
2020202020202020202020202020202020202020
307832362e32205b307833325d2c203078316131
2020202020202020202020202020202020202020
2020202020202020202020202020202020202020
2020202020202020202020202020202020202020
412c204052312020202020202020202020202020
4052312020202020202020202020202020202020
3078303330652020202020202020202020202020
2020202020202020202020202020202020202020
2020202020202020202020202020202020202020
5230202020202020202020202020202020202020
307832332e30205b307831385d2c203078313939
2020202020202020202020202020202020202020
2020202020202020202020202020202020202020
3078316130362020202020202020202020202020
2020202020202020202020202020202020202020
5233202020202020202020202020202020202020
5234202020202020202020202020202020202020
412c205232202020202020202020202020202020
412c205232202020202020202020202020202020
412c204052312020202020202020202020202020
4120202020202020202020202020202020202020
4120202020202020202020202020202020202020
412c205236202020202020202020202020202020
412c205231202020202020202020202020202020
412c205237202020202020202020202020202020
412c204052302020202020202020202020202020
4120202020202020202020202020202020202020
4120202020202020202020202020202020202020
4120202020202020202020202020202020202020
4120202020202020202020202020202020202020
40412b4450545220202020202020202020202020
412c203078356520202020202020202020202020
2020202020202020202020202020202020202020
4120202020202020202020202020202020202020
4120202020202020202020202020202020202020
4120202020202020202020202020202020202020
4120202020202020202020202020202020202020
4052302020202020202020202020202020202020
307832322e30205b307831305d2c203078316132
2020202020202020202020202020202020202020
2020202020202020202020202020202020202020
5235202020202020202020202020202020202020
412c203078353620202020202020202020202020
2020202020202020202020202020202020202020
4052302c20307835612020202020202020202020
2020202020202020202020202020202020202020
307832312c202330783133202020202020202020
2020202020202020202020202020202020202020
2020202020202020202020202020202020202020
2020202020202020202020202020202020202020
412c204052312020202020202020202020202020
5234202020202020202020202020202020202020
4120202020202020202020202020202020202020
4120202020202020202020202020202020202020
5230202020202020202020202020202020202020
5230202020202020202020202020202020202020
5230202020202020202020202020202020202020
5230202020202020202020202020202020202020
5230202020202020202020202020202020202020
307832322e30205b307831305d2c203078316133
2020202020202020202020202020202020202020
2020202020202020202020202020202020202020
307832632e34205b307836345d2c203078316136
2020202020202020202020202020202020202020
2020202020202020202020202020202020202020
5234202020202020202020202020202020202020
3078306220202020202020202020202020202020
2020202020202020202020202020202020202020
3078303620202020202020202020202020202020
2020202020202020202020202020202020202020
3078306120202020202020202020202020202020
2020202020202020202020202020202020202020
307832312e33205b307830625d2c203078316133
2020202020202020202020202020202020202020
2020202020202020202020202020202020202020
4052302020202020202020202020202020202020
4120202020202020202020202020202020202020
432c20307838302e30205b307838305d20202020
2020202020202020202020202020202020202020
3078313961642020202020202020202020202020
2020202020202020202020202020202020202020
3078313961662020202020202020202020202020
2020202020202020202020202020202020202020
52362c2023307837632020202020202020202020
2020202020202020202020202020202020202020
52342c2023307837652020202020202020202020
2020202020202020202020202020202020202020
52362c2023307837652020202020202020202020
2020202020202020202020202020202020202020
52362c2023307838302020202020202020202020
2020202020202020202020202020202020202020
3078313962392020202020202020202020202020
2020202020202020202020202020202020202020
3078313962622020202020202020202020202020
2020202020202020202020202020202020202020
52362c2023307837632020202020202020202020
2020202020202020202020202020202020202020
52342c2023307837652020202020202020202020
2020202020202020202020202020202020202020
52362c2023307837652020202020202020202020
2020202020202020202020202020202020202020
52362c2023307837632020202020202020202020
2020202020202020202020202020202020202020
52342c2023307837652020202020202020202020
2020202020202020202020202020202020202020
52362c2023307837652020202020202020202020
2020202020202020202020202020202020202020
52362c2023307837642020202020202020202020
2020202020202020202020202020202020202020
52352c2023307837652020202020202020202020
2020202020202020202020202020202020202020
52362c2023307837652020202020202020202020
2020202020202020202020202020202020202020
52362c2023307837632020202020202020202020
2020202020202020202020202020202020202020
52362c2023307837662020202020202020202020
2020202020202020202020202020202020202020
3078316164322020202020202020202020202020
2020202020202020202020202020202020202020
52372c2023307838302020202020202020202020
2020202020202020202020202020202020202020
3078313964372020202020202020202020202020
2020202020202020202020202020202020202020
307838632c205231202020202020202020202020
2020202020202020202020202020202020202020
307837632c205234202020202020202020202020
2020202020202020202020202020202020202020
52362c2023307838302020202020202020202020
2020202020202020202020202020202020202020
3078313965312020202020202020202020202020
2020202020202020202020202020202020202020
432c20307838302e32205b307838325d20202020
2020202020202020202020202020202020202020
432c20307838302e33205b307838335d20202020
2020202020202020202020202020202020202020
307838662c205233202020202020202020202020
2020202020202020202020202020202020202020
307837632c205237202020202020202020202020
2020202020202020202020202020202020202020
52362c2023307838302020202020202020202020
2020202020202020202020202020202020202020
432c20307838302e32205b307838325d20202020
2020202020202020202020202020202020202020
432c20307838302e32205b307838325d20202020
2020202020202020202020202020202020202020
432c20307838302e33205b307838335d20202020
2020202020202020202020202020202020202020
412c2040412b5043202020202020202020202020
412c203078393520202020202020202020202020
2020202020202020202020202020202020202020
52342c2023307837652020202020202020202020
2020202020202020202020202020202020202020
3078316338322020202020202020202020202020
2020202020202020202020202020202020202020
432c20307838302e32205b307838325d20202020
2020202020202020202020202020202020202020
432c20307838302e32205b307838325d20202020
2020202020202020202020202020202020202020
412c2040412b5043202020202020202020202020
307838642c203078393520202020202020202020
2020202020202020202020202020202020202020
2020202020202020202020202020202020202020
52372c2023307838302020202020202020202020
2020202020202020202020202020202020202020
432c20307838302e33205b307838335d20202020
2020202020202020202020202020202020202020
4142202020202020202020202020202020202020
412c2040412b5043202020202020202020202020
412c2040412b5043202020202020202020202020
412c2040412b5043202020202020202020202020
412c2040412b5043202020202020202020202020
307838642c204052312020202020202020202020
2020202020202020202020202020202020202020
412c203078383120202020202020202020202020
2020202020202020202020202020202020202020
432c20307838302e33205b307838335d20202020
2020202020202020202020202020202020202020
4142202020202020202020202020202020202020
4142202020202020202020202020202020202020
412c2040412b5043202020202020202020202020
412c2040412b5043202020202020202020202020
412c2040412b5043202020202020202020202020
4142202020202020202020202020202020202020
307838642c204052312020202020202020202020
2020202020202020202020202020202020202020
412c2040412b4450545220202020202020202020
412c2040412b5043202020202020202020202020
4142202020202020202020202020202020202020
4142202020202020202020202020202020202020
4142202020202020202020202020202020202020
4142202020202020202020202020202020202020
4142202020202020202020202020202020202020
412c2040412b5043202020202020202020202020
4142202020202020202020202020202020202020
4142202020202020202020202020202020202020
307838642c204052312020202020202020202020
2020202020202020202020202020202020202020
307838352c205235202020202020202020202020
2020202020202020202020202020202020202020
307838352c203078383520202020202020202020
2020202020202020202020202020202020202020
2020202020202020202020202020202020202020
307838352c203078383420202020202020202020
2020202020202020202020202020202020202020
2020202020202020202020202020202020202020
4142202020202020202020202020202020202020
4142202020202020202020202020202020202020
307838392c204052302020202020202020202020
2020202020202020202020202020202020202020
307838382c205234202020202020202020202020
2020202020202020202020202020202020202020
307838382c205230202020202020202020202020
2020202020202020202020202020202020202020
307838382c205230202020202020202020202020
2020202020202020202020202020202020202020
307838362c204052302020202020202020202020
2020202020202020202020202020202020202020
307838362c204052302020202020202020202020
2020202020202020202020202020202020202020
307838362c204052302020202020202020202020
2020202020202020202020202020202020202020
307833372c204052312020202020202020202020
2020202020202020202020202020202020202020
3078303220202020202020202020202020202020
2020202020202020202020202020202020202020
3078306131302020202020202020202020202020
2020202020202020202020202020202020202020
2020202020202020202020202020202020202020
3078383020202020202020202020202020202020
2020202020202020202020202020202020202020
412c2040412b5043202020202020202020202020
412c2040412b5043202020202020202020202020
4142202020202020202020202020202020202020
4142202020202020202020202020202020202020
412c204052312020202020202020202020202020
307832312e34205b307830635d2c203078316164
2020202020202020202020202020202020202020
2020202020202020202020202020202020202020
4120202020202020202020202020202020202020
4120202020202020202020202020202020202020
4052312020202020202020202020202020202020
5234202020202020202020202020202020202020
4052312020202020202020202020202020202020
4052302020202020202020202020202020202020
5234202020202020202020202020202020202020
5235202020202020202020202020202020202020
5234202020202020202020202020202020202020
5235202020202020202020202020202020202020
4052312020202020202020202020202020202020
3078303620202020202020202020202020202020
2020202020202020202020202020202020202020
412c202330783861202020202020202020202020
2020202020202020202020202020202020202020
307839352c205237202020202020202020202020
2020202020202020202020202020202020202020
412c204052312020202020202020202020202020
412c205232202020202020202020202020202020
412c205235202020202020202020202020202020
412c205235202020202020202020202020202020
412c205237202020202020202020202020202020
412c205237202020202020202020202020202020
412c205235202020202020202020202020202020
412c205235202020202020202020202020202020
412c205230202020202020202020202020202020
307838612c205235202020202020202020202020
2020202020202020202020202020202020202020
307838612c205232202020202020202020202020
2020202020202020202020202020202020202020
4120202020202020202020202020202020202020
4120202020202020202020202020202020202020
5236202020202020202020202020202020202020
5235202020202020202020202020202020202020
5236202020202020202020202020202020202020
412c205235202020202020202020202020202020
412c204052302020202020202020202020202020
412c204052302020202020202020202020202020
4120202020202020202020202020202020202020
4120202020202020202020202020202020202020
4120202020202020202020202020202020202020
4120202020202020202020202020202020202020
412c205235202020202020202020202020202020
412c205233202020202020202020202020202020
412c205236202020202020202020202020202020
412c205233202020202020202020202020202020
412c205234202020202020202020202020202020
2020202020202020202020202020202020202020
4120202020202020202020202020202020202020
4120202020202020202020202020202020202020
412c205235202020202020202020202020202020
5235202020202020202020202020202020202020
412c205232202020202020202020202020202020
412c205236202020202020202020202020202020
412c205230202020202020202020202020202020
5233202020202020202020202020202020202020
4052302020202020202020202020202020202020
4120202020202020202020202020202020202020
4120202020202020202020202020202020202020
4120202020202020202020202020202020202020
412c205236202020202020202020202020202020
412c205231202020202020202020202020202020
412c205237202020202020202020202020202020
412c204052302020202020202020202020202020
5235202020202020202020202020202020202020
4120202020202020202020202020202020202020
4120202020202020202020202020202020202020
4120202020202020202020202020202020202020
40412b4450545220202020202020202020202020
412c203078356520202020202020202020202020
2020202020202020202020202020202020202020
4120202020202020202020202020202020202020
4120202020202020202020202020202020202020
4120202020202020202020202020202020202020
4120202020202020202020202020202020202020
4052302020202020202020202020202020202020
307832322e30205b307831305d2c203078316233
2020202020202020202020202020202020202020
2020202020202020202020202020202020202020
5235202020202020202020202020202020202020
412c203078353620202020202020202020202020
2020202020202020202020202020202020202020
4052302c20307835612020202020202020202020
2020202020202020202020202020202020202020
307832352c202330783136202020202020202020
2020202020202020202020202020202020202020
2020202020202020202020202020202020202020
2020202020202020202020202020202020202020
52372c2041202020202020202020202020202020
52372c2041202020202020202020202020202020
52372c2041202020202020202020202020202020
52372c2041202020202020202020202020202020
52372c2041202020202020202020202020202020
52372c2041202020202020202020202020202020
52372c2041202020202020202020202020202020
52372c2041202020202020202020202020202020
52372c2041202020202020202020202020202020
52372c2041202020202020202020202020202020
52372c2041202020202020202020202020202020
52372c2041202020202020202020202020202020
52372c2041202020202020202020202020202020
52372c2041202020202020202020202020202020
307832302e37205b307830375d2c203078316233
2020202020202020202020202020202020202020
2020202020202020202020202020202020202020
3078306137352020202020202020202020202020
2020202020202020202020202020202020202020
2020202020202020202020202020202020202020
3078313035662020202020202020202020202020
2020202020202020202020202020202020202020
2020202020202020202020202020202020202020
307832302e37205b307830375d2c203078316233
2020202020202020202020202020202020202020
2020202020202020202020202020202020202020
3078316431352020202020202020202020202020
2020202020202020202020202020202020202020
2020202020202020202020202020202020202020
2020202020202020202020202020202020202020
52372c2030783031202020202020202020202020
2020202020202020202020202020202020202020
52362c2030783030202020202020202020202020
2020202020202020202020202020202020202020
412c202330783031202020202020202020202020
2020202020202020202020202020202020202020
3078303530392020202020202020202020202020
2020202020202020202020202020202020202020
2020202020202020202020202020202020202020
307837622c205237202020202020202020202020
2020202020202020202020202020202020202020
412c202330783431202020202020202020202020
2020202020202020202020202020202020202020
412c2040412b4450545220202020202020202020
3078303464392020202020202020202020202020
2020202020202020202020202020202020202020
2020202020202020202020202020202020202020
412c202330783432202020202020202020202020
2020202020202020202020202020202020202020
412c2040412b4450545220202020202020202020
412c205237202020202020202020202020202020
52372c2041202020202020202020202020202020
412c202330783062202020202020202020202020
2020202020202020202020202020202020202020
412c2040412b4450545220202020202020202020
52302c2041202020202020202020202020202020
412c202330783063202020202020202020202020
2020202020202020202020202020202020202020
412c2040412b4450545220202020202020202020
52312c2041202020202020202020202020202020
3078303435352020202020202020202020202020
2020202020202020202020202020202020202020
2020202020202020202020202020202020202020
412c205236202020202020202020202020202020
4120202020202020202020202020202020202020
52302c2041202020202020202020202020202020
412c205237202020202020202020202020202020
4120202020202020202020202020202020202020
52312c2041202020202020202020202020202020
412c202330783062202020202020202020202020
2020202020202020202020202020202020202020
412c2040412b4450545220202020202020202020
52332c2041202020202020202020202020202020
412c202330783063202020202020202020202020
2020202020202020202020202020202020202020
412c2040412b4450545220202020202020202020
52342c2041202020202020202020202020202020
4320202020202020202020202020202020202020
412c205236202020202020202020202020202020
412c205233202020202020202020202020202020
412c205237202020202020202020202020202020
412c205234202020202020202020202020202020
52332c2041202020202020202020202020202020
307861382e37205b307861665d20202020202020
2020202020202020202020202020202020202020
307834342c205237202020202020202020202020
2020202020202020202020202020202020202020
307834352c205233202020202020202020202020
2020202020202020202020202020202020202020
307834322c205230202020202020202020202020
2020202020202020202020202020202020202020
307834332c205231202020202020202020202020
2020202020202020202020202020202020202020
307861382e37205b307861665d20202020202020
2020202020202020202020202020202020202020
2020202020202020202020202020202020202020
412c205231202020202020202020202020202020
4320202020202020202020202020202020202020
307865302e37205b307865375d2c203078316239
2020202020202020202020202020202020202020
2020202020202020202020202020202020202020
307832332e32205b307831615d2c203078316261
2020202020202020202020202020202020202020
2020202020202020202020202020202020202020
412c202330783364202020202020202020202020
2020202020202020202020202020202020202020
412c2040412b4450545220202020202020202020
4120202020202020202020202020202020202020
412c202330783830202020202020202020202020
2020202020202020202020202020202020202020
412c20307830312c203078316239332020202020
2020202020202020202020202020202020202020
2020202020202020202020202020202020202020
3078316261392020202020202020202020202020
2020202020202020202020202020202020202020
52312c2041202020202020202020202020202020
307832302e33205b307830335d20202020202020
2020202020202020202020202020202020202020
3078316261392020202020202020202020202020
2020202020202020202020202020202020202020
412c202330783365202020202020202020202020
2020202020202020202020202020202020202020
412c2040412b4450545220202020202020202020
4120202020202020202020202020202020202020
4120202020202020202020202020202020202020
412c202330783830202020202020202020202020
2020202020202020202020202020202020202020
412c20307830312c203078316261342020202020
2020202020202020202020202020202020202020
2020202020202020202020202020202020202020
3078316261392020202020202020202020202020
2020202020202020202020202020202020202020
52312c2041202020202020202020202020202020
307832302e34205b307830345d20202020202020
2020202020202020202020202020202020202020
52322c2023307835372020202020202020202020
2020202020202020202020202020202020202020
3078316666322020202020202020202020202020
2020202020202020202020202020202020202020
3078303531642020202020202020202020202020
2020202020202020202020202020202020202020
2020202020202020202020202020202020202020
412c20307834392c203078316262332020202020
2020202020202020202020202020202020202020
2020202020202020202020202020202020202020
3078316262372020202020202020202020202020
2020202020202020202020202020202020202020
307832302e34205b307830345d20202020202020
2020202020202020202020202020202020202020
412c205231202020202020202020202020202020
4320202020202020202020202020202020202020
412c202330783830202020202020202020202020
2020202020202020202020202020202020202020
307832302e35205b307830355d2c204320202020
2020202020202020202020202020202020202020
52312c2041202020202020202020202020202020
3078313037372020202020202020202020202020
2020202020202020202020202020202020202020
2020202020202020202020202020202020202020
445054522c202330783131323420202020202020
2020202020202020202020202020202020202020
2020202020202020202020202020202020202020
3078303563642020202020202020202020202020
2020202020202020202020202020202020202020
2020202020202020202020202020202020202020
4120202020202020202020202020202020202020
307832332e31205b307831395d2c204320202020
2020202020202020202020202020202020202020
4120202020202020202020202020202020202020
307832332e30205b307831385d2c204320202020
2020202020202020202020202020202020202020
3078313034372020202020202020202020202020
2020202020202020202020202020202020202020
2020202020202020202020202020202020202020
412c203078313520202020202020202020202020
2020202020202020202020202020202020202020
412c2023307838302c2030783162643520202020
2020202020202020202020202020202020202020
2020202020202020202020202020202020202020
4320202020202020202020202020202020202020
307832332e33205b307831625d2c204320202020
2020202020202020202020202020202020202020
445054522c202330783132393620202020202020
2020202020202020202020202020202020202020
2020202020202020202020202020202020202020
3078303563642020202020202020202020202020
2020202020202020202020202020202020202020
2020202020202020202020202020202020202020
4120202020202020202020202020202020202020
307832352e37205b307832665d2c204320202020
2020202020202020202020202020202020202020
4120202020202020202020202020202020202020
307832352e36205b307832655d2c204320202020
2020202020202020202020202020202020202020
2020202020202020202020202020202020202020
2020202020202020202020202020202020202020
2020202020202020202020202020202020202020
307832352e36205b307832655d2c203078316265
2020202020202020202020202020202020202020
2020202020202020202020202020202020202020
307832302e37205b307830375d20202020202020
2020202020202020202020202020202020202020
3078316266302020202020202020202020202020
2020202020202020202020202020202020202020
307832302e37205b307830375d20202020202020
2020202020202020202020202020202020202020
412c202330783130202020202020202020202020
2020202020202020202020202020202020202020
412c2040412b4450545220202020202020202020
4320202020202020202020202020202020202020
412c203078333720202020202020202020202020
2020202020202020202020202020202020202020
3078316330332020202020202020202020202020
2020202020202020202020202020202020202020
52322c2023307830332020202020202020202020
2020202020202020202020202020202020202020
3078303531642020202020202020202020202020
2020202020202020202020202020202020202020
2020202020202020202020202020202020202020
4320202020202020202020202020202020202020
412c203078333720202020202020202020202020
2020202020202020202020202020202020202020
3078316332312020202020202020202020202020
2020202020202020202020202020202020202020
2020202020202020202020202020202020202020
307832332e32205b307831615d20202020202020
2020202020202020202020202020202020202020
307832302e37205b307830375d2c203078316331
2020202020202020202020202020202020202020
2020202020202020202020202020202020202020
412c202330783666202020202020202020202020
2020202020202020202020202020202020202020
412c2040412b4450545220202020202020202020
412c20307831332c203078316330652020202020
2020202020202020202020202020202020202020
2020202020202020202020202020202020202020
4320202020202020202020202020202020202020
307832352e35205b307832645d2c204320202020
2020202020202020202020202020202020202020
412c202330783664202020202020202020202020
2020202020202020202020202020202020202020
412c2040412b4450545220202020202020202020
412c20307831332c203078316331372020202020
2020202020202020202020202020202020202020
2020202020202020202020202020202020202020
4320202020202020202020202020202020202020
307832352e34205b307832635d2c204320202020
2020202020202020202020202020202020202020
3078316332302020202020202020202020202020
2020202020202020202020202020202020202020
307832352e34205b307832635d20202020202020
2020202020202020202020202020202020202020
307832352e35205b307832645d20202020202020
2020202020202020202020202020202020202020
2020202020202020202020202020202020202020
307832332e32205b307831615d20202020202020
2020202020202020202020202020202020202020
2020202020202020202020202020202020202020
52352c2023307830302020202020202020202020
2020202020202020202020202020202020202020
4320202020202020202020202020202020202020
307832332e32205b307831615d2c203078316333
2020202020202020202020202020202020202020
2020202020202020202020202020202020202020
52322c2023307834392020202020202020202020
2020202020202020202020202020202020202020
3078316361652020202020202020202020202020
2020202020202020202020202020202020202020
3078316361652020202020202020202020202020
2020202020202020202020202020202020202020
3078316338632020202020202020202020202020
2020202020202020202020202020202020202020
307832332e30205b307831385d2c203078316334
2020202020202020202020202020202020202020
2020202020202020202020202020202020202020
52322c2023307830342020202020202020202020
2020202020202020202020202020202020202020
307832352e34205b307832635d2c203078316333
2020202020202020202020202020202020202020
2020202020202020202020202020202020202020
3078316666322020202020202020202020202020
2020202020202020202020202020202020202020
3078316334312020202020202020202020202020
2020202020202020202020202020202020202020
3078316431302020202020202020202020202020
2020202020202020202020202020202020202020
2020202020202020202020202020202020202020
3078316361652020202020202020202020202020
2020202020202020202020202020202020202020
52322c2023307830382020202020202020202020
2020202020202020202020202020202020202020
3078316338382020202020202020202020202020
2020202020202020202020202020202020202020
307832332e31205b307831395d2c203078316335
2020202020202020202020202020202020202020
2020202020202020202020202020202020202020
52322c2023307830632020202020202020202020
2020202020202020202020202020202020202020
3078316361652020202020202020202020202020
2020202020202020202020202020202020202020
3078316336392020202020202020202020202020
2020202020202020202020202020202020202020
52322c2023307831322020202020202020202020
2020202020202020202020202020202020202020
307832352e34205b307832635d2c203078316335
2020202020202020202020202020202020202020
2020202020202020202020202020202020202020
3078316666322020202020202020202020202020
2020202020202020202020202020202020202020
3078316335632020202020202020202020202020
2020202020202020202020202020202020202020
3078316431302020202020202020202020202020
2020202020202020202020202020202020202020
2020202020202020202020202020202020202020
3078316361652020202020202020202020202020
2020202020202020202020202020202020202020
412c202330783230202020202020202020202020
2020202020202020202020202020202020202020
412c2040412b4450545220202020202020202020
412c203078343920202020202020202020202020
2020202020202020202020202020202020202020
3078316336392020202020202020202020202020
2020202020202020202020202020202020202020
52322c2023307835622020202020202020202020
2020202020202020202020202020202020202020
3078316338382020202020202020202020202020
2020202020202020202020202020202020202020
52322c2023307830642020202020202020202020
2020202020202020202020202020202020202020
3078316361652020202020202020202020202020
2020202020202020202020202020202020202020
307832332e31205b307831395d2c203078316337
2020202020202020202020202020202020202020
2020202020202020202020202020202020202020
52322c2023307835622020202020202020202020
2020202020202020202020202020202020202020
445054522c202330783131326520202020202020
2020202020202020202020202020202020202020
2020202020202020202020202020202020202020
3078303563642020202020202020202020202020
2020202020202020202020202020202020202020
2020202020202020202020202020202020202020
307865302e32205b307865325d2c203078316338
2020202020202020202020202020202020202020
2020202020202020202020202020202020202020
412c202330783231202020202020202020202020
2020202020202020202020202020202020202020
412c2040412b4450545220202020202020202020
4320202020202020202020202020202020202020
412c203078333720202020202020202020202020
2020202020202020202020202020202020202020
3078316338382020202020202020202020202020
2020202020202020202020202020202020202020
412c202330783232202020202020202020202020
2020202020202020202020202020202020202020
412c2040412b4450545220202020202020202020
412c205235202020202020202020202020202020
52352c2041202020202020202020202020202020
3078316666322020202020202020202020202020
2020202020202020202020202020202020202020
3078316361652020202020202020202020202020
2020202020202020202020202020202020202020
3078313034612020202020202020202020202020
2020202020202020202020202020202020202020
2020202020202020202020202020202020202020
52322c2023307834382020202020202020202020
2020202020202020202020202020202020202020
3078316361652020202020202020202020202020
2020202020202020202020202020202020202020
52302c2041202020202020202020202020202020
432c20307865302e37205b307865375d20202020
2020202020202020202020202020202020202020
412c202330783233202020202020202020202020
2020202020202020202020202020202020202020
3078316339622020202020202020202020202020
2020202020202020202020202020202020202020
4120202020202020202020202020202020202020
412c2040412b4450545220202020202020202020
52312c2041202020202020202020202020202020
3078316361302020202020202020202020202020
2020202020202020202020202020202020202020
412c205230202020202020202020202020202020
4320202020202020202020202020202020202020
412c205230202020202020202020202020202020
3078316361362020202020202020202020202020
2020202020202020202020202020202020202020
412c205231202020202020202020202020202020
52352c2041202020202020202020202020202020
412c205235202020202020202020202020202020
432c20307865302e37205b307865375d20202020
2020202020202020202020202020202020202020
4120202020202020202020202020202020202020
52352c2041202020202020202020202020202020
3078313034642020202020202020202020202020
2020202020202020202020202020202020202020
2020202020202020202020202020202020202020
3078303531642020202020202020202020202020
2020202020202020202020202020202020202020
2020202020202020202020202020202020202020
412c205235202020202020202020202020202020
4320202020202020202020202020202020202020
412c202330783134202020202020202020202020
2020202020202020202020202020202020202020
52352c2041202020202020202020202020202020
2020202020202020202020202020202020202020
307832332e32205b307831615d2c203078316430
2020202020202020202020202020202020202020
2020202020202020202020202020202020202020
307832332e31205b307831395d2c203078316430
2020202020202020202020202020202020202020
2020202020202020202020202020202020202020
307832332e35205b307831645d2c203078316430
2020202020202020202020202020202020202020
2020202020202020202020202020202020202020
2020202020202020202020202020202020202020
2020202020202020202020202020202020202020
2020202020202020202020202020202020202020
412c202330783462202020202020202020202020
2020202020202020202020202020202020202020
412c2040412b4450545220202020202020202020
412c20307833372c203078316363392020202020
2020202020202020202020202020202020202020
2020202020202020202020202020202020202020
3078316430622020202020202020202020202020
2020202020202020202020202020202020202020
412c202330783463202020202020202020202020
2020202020202020202020202020202020202020
412c2040412b4450545220202020202020202020
412c20307834392c203078316364312020202020
2020202020202020202020202020202020202020
2020202020202020202020202020202020202020
3078316365382020202020202020202020202020
2020202020202020202020202020202020202020
307832342e35205b307832355d2c203078316430
2020202020202020202020202020202020202020
2020202020202020202020202020202020202020
307832342e31205b307832315d2c203078316365
2020202020202020202020202020202020202020
2020202020202020202020202020202020202020
307832342e31205b307832315d20202020202020
2020202020202020202020202020202020202020
307832342e32205b307832325d20202020202020
2020202020202020202020202020202020202020
412c202330783464202020202020202020202020
2020202020202020202020202020202020202020
412c2040412b4450545220202020202020202020
307833662c204120202020202020202020202020
2020202020202020202020202020202020202020
412c203078336620202020202020202020202020
2020202020202020202020202020202020202020
3078316430622020202020202020202020202020
2020202020202020202020202020202020202020
3078316365612020202020202020202020202020
2020202020202020202020202020202020202020
307832342e31205b307832315d20202020202020
2020202020202020202020202020202020202020
307832352e34205b307832635d2c203078316366
2020202020202020202020202020202020202020
2020202020202020202020202020202020202020
412c202330783665202020202020202020202020
2020202020202020202020202020202020202020
3078316366382020202020202020202020202020
2020202020202020202020202020202020202020
412c202330783439202020202020202020202020
2020202020202020202020202020202020202020
307832332e30205b307831385d2c203078316366
2020202020202020202020202020202020202020
2020202020202020202020202020202020202020
412c202330783438202020202020202020202020
2020202020202020202020202020202020202020
412c2040412b4450545220202020202020202020
52322c2041202020202020202020202020202020
307832342e35205b307832355d2c203078316430
2020202020202020202020202020202020202020
2020202020202020202020202020202020202020
412c202330783461202020202020202020202020
2020202020202020202020202020202020202020
412c2040412b4450545220202020202020202020
412c205232202020202020202020202020202020
4320202020202020202020202020202020202020
412c203078313320202020202020202020202020
2020202020202020202020202020202020202020
307832342e35205b307832355d2c204320202020
2020202020202020202020202020202020202020
3078306235302020202020202020202020202020
2020202020202020202020202020202020202020
2020202020202020202020202020202020202020
3078316430642020202020202020202020202020
2020202020202020202020202020202020202020
307832342e35205b307832355d20202020202020
2020202020202020202020202020202020202020
3078306166622020202020202020202020202020
2020202020202020202020202020202020202020
2020202020202020202020202020202020202020
412c202330783032202020202020202020202020
2020202020202020202020202020202020202020
412c205232202020202020202020202020202020
52322c2041202020202020202020202020202020
2020202020202020202020202020202020202020
52322c2023307833652020202020202020202020
2020202020202020202020202020202020202020
307832352e36205b307832655d2c203078316431
2020202020202020202020202020202020202020
2020202020202020202020202020202020202020
307862302e34205b307862345d2c203078316431
2020202020202020202020202020202020202020
2020202020202020202020202020202020202020
52322c2023307834312020202020202020202020
2020202020202020202020202020202020202020
3078306136352020202020202020202020202020
2020202020202020202020202020202020202020
2020202020202020202020202020202020202020
52372c2041202020202020202020202020202020
445054522c202330783131326520202020202020
2020202020202020202020202020202020202020
2020202020202020202020202020202020202020
3078303563642020202020202020202020202020
2020202020202020202020202020202020202020
2020202020202020202020202020202020202020
307865302e32205b307865325d20202020202020
2020202020202020202020202020202020202020
412c202330783162202020202020202020202020
2020202020202020202020202020202020202020
412c2040412b4450545220202020202020202020
307866302c204120202020202020202020202020
2020202020202020202020202020202020202020
52322c2023307832612020202020202020202020
2020202020202020202020202020202020202020
3078303531642020202020202020202020202020
2020202020202020202020202020202020202020
2020202020202020202020202020202020202020
4142202020202020202020202020202020202020
52372c2030786630202020202020202020202020
2020202020202020202020202020202020202020
52362c2041202020202020202020202020202020
307835302c202330783032202020202020202020
2020202020202020202020202020202020202020
2020202020202020202020202020202020202020
307832352e37205b307832665d2c203078316434
2020202020202020202020202020202020202020
2020202020202020202020202020202020202020
412c202330783662202020202020202020202020
2020202020202020202020202020202020202020
412c2040412b4450545220202020202020202020
3078316466302020202020202020202020202020
2020202020202020202020202020202020202020
307832332e32205b307831615d2c203078316461
2020202020202020202020202020202020202020
2020202020202020202020202020202020202020
52322c2023307832382020202020202020202020
2020202020202020202020202020202020202020
412c202330783166202020202020202020202020
2020202020202020202020202020202020202020
412c2040412b4450545220202020202020202020
412c20307831332c203078316434662020202020
2020202020202020202020202020202020202020
2020202020202020202020202020202020202020
3078316435322020202020202020202020202020
2020202020202020202020202020202020202020
5232202020202020202020202020202020202020
3078303531642020202020202020202020202020
2020202020202020202020202020202020202020
2020202020202020202020202020202020202020
307833632c204120202020202020202020202020
2020202020202020202020202020202020202020
52322c2023307835332020202020202020202020
2020202020202020202020202020202020202020
3078303531642020202020202020202020202020
2020202020202020202020202020202020202020
2020202020202020202020202020202020202020
52342c2041202020202020202020202020202020
52332c2023307830352020202020202020202020
2020202020202020202020202020202020202020
52312c2023307830382020202020202020202020
2020202020202020202020202020202020202020
307832312e34205b307830635d2c203078316437
2020202020202020202020202020202020202020
2020202020202020202020202020202020202020
3078303531642020202020202020202020202020
2020202020202020202020202020202020202020
2020202020202020202020202020202020202020
4320202020202020202020202020202020202020
412c203078333720202020202020202020202020
2020202020202020202020202020202020202020
3078316437332020202020202020202020202020
2020202020202020202020202020202020202020
412c202330783161202020202020202020202020
2020202020202020202020202020202020202020
412c2040412b4450545220202020202020202020
412c203078346420202020202020202020202020
2020202020202020202020202020202020202020
3078316439352020202020202020202020202020
2020202020202020202020202020202020202020
307832312e34205b307830635d20202020202020
2020202020202020202020202020202020202020
307834642c202330783030202020202020202020
2020202020202020202020202020202020202020
2020202020202020202020202020202020202020
52322c2023307835352020202020202020202020
2020202020202020202020202020202020202020
3078303531642020202020202020202020202020
2020202020202020202020202020202020202020
2020202020202020202020202020202020202020
307866302c204120202020202020202020202020
2020202020202020202020202020202020202020
3078303531642020202020202020202020202020
2020202020202020202020202020202020202020
2020202020202020202020202020202020202020
4142202020202020202020202020202020202020
412c205234202020202020202020202020202020
307865302e37205b307865375d2c203078316438
2020202020202020202020202020202020202020
2020202020202020202020202020202020202020
4120202020202020202020202020202020202020
412c205231202020202020202020202020202020
4120202020202020202020202020202020202020
412c205231202020202020202020202020202020
5233202020202020202020202020202020202020
3078316438342020202020202020202020202020
2020202020202020202020202020202020202020
4142202020202020202020202020202020202020
52342c2030786630202020202020202020202020
2020202020202020202020202020202020202020
307865302e37205b307865375d2c203078316439
2020202020202020202020202020202020202020
2020202020202020202020202020202020202020
5234202020202020202020202020202020202020
412c205234202020202020202020202020202020
412c20307830312c203078316439392020202020
2020202020202020202020202020202020202020
2020202020202020202020202020202020202020
3078316461362020202020202020202020202020
2020202020202020202020202020202020202020
3078303464392020202020202020202020202020
2020202020202020202020202020202020202020
2020202020202020202020202020202020202020
412c203078353020202020202020202020202020
2020202020202020202020202020202020202020
412c205233202020202020202020202020202020
3078303530392020202020202020202020202020
2020202020202020202020202020202020202020
2020202020202020202020202020202020202020
307835302c204120202020202020202020202020
2020202020202020202020202020202020202020
3078316464642020202020202020202020202020
2020202020202020202020202020202020202020
2020202020202020202020202020202020202020
307832352e35205b307832645d2c203078316462
2020202020202020202020202020202020202020
2020202020202020202020202020202020202020
3078316666322020202020202020202020202020
2020202020202020202020202020202020202020
3078316462332020202020202020202020202020
2020202020202020202020202020202020202020
3078316431302020202020202020202020202020
2020202020202020202020202020202020202020
2020202020202020202020202020202020202020
3078303531642020202020202020202020202020
2020202020202020202020202020202020202020
2020202020202020202020202020202020202020
307866302c204120202020202020202020202020
2020202020202020202020202020202020202020
52322c2023307832662020202020202020202020
2020202020202020202020202020202020202020
307832332e30205b307831385d2c203078316462
2020202020202020202020202020202020202020
2020202020202020202020202020202020202020
5232202020202020202020202020202020202020
3078303531642020202020202020202020202020
2020202020202020202020202020202020202020
2020202020202020202020202020202020202020
4142202020202020202020202020202020202020
412c203078663020202020202020202020202020
2020202020202020202020202020202020202020
3078316465372020202020202020202020202020
2020202020202020202020202020202020202020
412c203078336320202020202020202020202020
2020202020202020202020202020202020202020
3078316465372020202020202020202020202020
2020202020202020202020202020202020202020
52322c2023307833312020202020202020202020
2020202020202020202020202020202020202020
307832332e30205b307831385d2c203078316464
2020202020202020202020202020202020202020
2020202020202020202020202020202020202020
52322c2023307834622020202020202020202020
2020202020202020202020202020202020202020
307832332e31205b307831395d2c203078316464
2020202020202020202020202020202020202020
2020202020202020202020202020202020202020
52322c2023307834662020202020202020202020
2020202020202020202020202020202020202020
3078316666322020202020202020202020202020
2020202020202020202020202020202020202020
3078303531642020202020202020202020202020
2020202020202020202020202020202020202020
2020202020202020202020202020202020202020
3078316466302020202020202020202020202020
2020202020202020202020202020202020202020
3078313035302020202020202020202020202020
2020202020202020202020202020202020202020
2020202020202020202020202020202020202020
307834652c205236202020202020202020202020
2020202020202020202020202020202020202020
307834662c205237202020202020202020202020
2020202020202020202020202020202020202020
3078313035332020202020202020202020202020
2020202020202020202020202020202020202020
2020202020202020202020202020202020202020
3078316466622020202020202020202020202020
2020202020202020202020202020202020202020
412c202330783830202020202020202020202020
2020202020202020202020202020202020202020
3078316466302020202020202020202020202020
2020202020202020202020202020202020202020
4120202020202020202020202020202020202020
3078353020202020202020202020202020202020
2020202020202020202020202020202020202020
3078303464392020202020202020202020202020
2020202020202020202020202020202020202020
2020202020202020202020202020202020202020
412c203078353020202020202020202020202020
2020202020202020202020202020202020202020
4120202020202020202020202020202020202020
3078303530392020202020202020202020202020
2020202020202020202020202020202020202020
2020202020202020202020202020202020202020
307835302c204120202020202020202020202020
2020202020202020202020202020202020202020
2020202020202020202020202020202020202020
52372c2041202020202020202020202020202020
52372c2041202020202020202020202020202020
52372c2041202020202020202020202020202020
52372c2041202020202020202020202020202020
307866302c205230202020202020202020202020
2020202020202020202020202020202020202020
307861302c202330783139202020202020202020
2020202020202020202020202020202020202020
2020202020202020202020202020202020202020
52302c2023307831622020202020202020202020
2020202020202020202020202020202020202020
52302c2023307831622c20307831653065202020
2020202020202020202020202020202020202020
2020202020202020202020202020202020202020
307864302e35205b307864355d20202020202020
2020202020202020202020202020202020202020
3078316533622020202020202020202020202020
2020202020202020202020202020202020202020
412c204052302020202020202020202020202020
4052302c20412020202020202020202020202020
307861302c202330783162202020202020202020
2020202020202020202020202020202020202020
2020202020202020202020202020202020202020
52302c2023307833312020202020202020202020
2020202020202020202020202020202020202020
52302c2023307833312c20307831653165202020
2020202020202020202020202020202020202020
2020202020202020202020202020202020202020
412c204052302020202020202020202020202020
412c202330783061202020202020202020202020
2020202020202020202020202020202020202020
4120202020202020202020202020202020202020
3078316531662020202020202020202020202020
2020202020202020202020202020202020202020
412c204052302020202020202020202020202020
4052302c20412020202020202020202020202020
3078613020202020202020202020202020202020
2020202020202020202020202020202020202020
412c203078333720202020202020202020202020
2020202020202020202020202020202020202020
4052302c20412020202020202020202020202020
3078613020202020202020202020202020202020
2020202020202020202020202020202020202020
412c203078343920202020202020202020202020
2020202020202020202020202020202020202020
4052302c20412020202020202020202020202020
3078613020202020202020202020202020202020
2020202020202020202020202020202020202020
412c203078313020202020202020202020202020
2020202020202020202020202020202020202020
4052302c20412020202020202020202020202020
3078613020202020202020202020202020202020
2020202020202020202020202020202020202020
412c203078313320202020202020202020202020
2020202020202020202020202020202020202020
4052302c20412020202020202020202020202020
3078316535302020202020202020202020202020
2020202020202020202020202020202020202020
307861302c202330783938202020202020202020
2020202020202020202020202020202020202020
2020202020202020202020202020202020202020
307864302e35205b307864355d20202020202020
2020202020202020202020202020202020202020
412c202330783630202020202020202020202020
2020202020202020202020202020202020202020
4120202020202020202020202020202020202020
4120202020202020202020202020202020202020
412c203078316220202020202020202020202020
2020202020202020202020202020202020202020
4120202020202020202020202020202020202020
4120202020202020202020202020202020202020
52302c2041202020202020202020202020202020
412c203078316320202020202020202020202020
2020202020202020202020202020202020202020
4120202020202020202020202020202020202020
4120202020202020202020202020202020202020
4120202020202020202020202020202020202020
412c202330783033202020202020202020202020
2020202020202020202020202020202020202020
412c205230202020202020202020202020202020
4052302c20412020202020202020202020202020
307864302e35205b307864355d2c203078316531
2020202020202020202020202020202020202020
2020202020202020202020202020202020202020
52302c2030786630202020202020202020202020
2020202020202020202020202020202020202020
2020202020202020202020202020202020202020
307832382c202330783830202020202020202020
2020202020202020202020202020202020202020
2020202020202020202020202020202020202020
307832362c202330783030202020202020202020
2020202020202020202020202020202020202020
2020202020202020202020202020202020202020
307832392c202330786666202020202020202020
2020202020202020202020202020202020202020
2020202020202020202020202020202020202020
307832352e33205b307832625d20202020202020
2020202020202020202020202020202020202020
307839382e33205b307839625d20202020202020
2020202020202020202020202020202020202020
307839382e31205b307839395d20202020202020
2020202020202020202020202020202020202020
307839392c202330786666202020202020202020
2020202020202020202020202020202020202020
2020202020202020202020202020202020202020
307839382e31205b307839395d2c203078316536
2020202020202020202020202020202020202020
2020202020202020202020202020202020202020
307839382e33205b307839625d20202020202020
2020202020202020202020202020202020202020
307839382e30205b307839385d20202020202020
2020202020202020202020202020202020202020
2020202020202020202020202020202020202020
307832332e37205b307831665d2c203078316537
2020202020202020202020202020202020202020
2020202020202020202020202020202020202020
2020202020202020202020202020202020202020
307832332e36205b307831655d2c203078316537
2020202020202020202020202020202020202020
2020202020202020202020202020202020202020
2020202020202020202020202020202020202020
307832352e33205b307832625d2c203078316539
2020202020202020202020202020202020202020
2020202020202020202020202020202020202020
307832352e33205b307832625d20202020202020
2020202020202020202020202020202020202020
307839382e30205b307839385d2c203078316538
2020202020202020202020202020202020202020
2020202020202020202020202020202020202020
307832332e37205b307831665d20202020202020
2020202020202020202020202020202020202020
2020202020202020202020202020202020202020
412c203078393920202020202020202020202020
2020202020202020202020202020202020202020
412c2023307865652c2030783165393320202020
2020202020202020202020202020202020202020
2020202020202020202020202020202020202020
307832332e36205b307831655d20202020202020
2020202020202020202020202020202020202020
307839382e31205b307839395d20202020202020
2020202020202020202020202020202020202020
307839392c202330786666202020202020202020
2020202020202020202020202020202020202020
2020202020202020202020202020202020202020
307839382e31205b307839395d2c203078316538
2020202020202020202020202020202020202020
2020202020202020202020202020202020202020
307839382c202330786230202020202020202020
2020202020202020202020202020202020202020
2020202020202020202020202020202020202020
2020202020202020202020202020202020202020
412c203078393920202020202020202020202020
2020202020202020202020202020202020202020
4320202020202020202020202020202020202020
412c202330786666202020202020202020202020
2020202020202020202020202020202020202020
3078316562302020202020202020202020202020
2020202020202020202020202020202020202020
307832332e37205b307831665d20202020202020
2020202020202020202020202020202020202020
2020202020202020202020202020202020202020
307839382e30205b307839385d2c203078316562
2020202020202020202020202020202020202020
2020202020202020202020202020202020202020
412c203078323920202020202020202020202020
2020202020202020202020202020202020202020
4320202020202020202020202020202020202020
412c202330786666202020202020202020202020
2020202020202020202020202020202020202020
3078316562302020202020202020202020202020
2020202020202020202020202020202020202020
445054522c202330783131646120202020202020
2020202020202020202020202020202020202020
2020202020202020202020202020202020202020
412c203078323920202020202020202020202020
2020202020202020202020202020202020202020
412c2040412b4450545220202020202020202020
52312c2041202020202020202020202020202020
4052312c20307839392020202020202020202020
2020202020202020202020202020202020202020
445054522c202330783131643120202020202020
2020202020202020202020202020202020202020
2020202020202020202020202020202020202020
4120202020202020202020202020202020202020
412c2040412b4450545220202020202020202020
3078316566392020202020202020202020202020
2020202020202020202020202020202020202020
2020202020202020202020202020202020202020
4450545220202020202020202020202020202020
4120202020202020202020202020202020202020
412c2040412b4450545220202020202020202020
3078316566392020202020202020202020202020
2020202020202020202020202020202020202020
2020202020202020202020202020202020202020
4450545220202020202020202020202020202020
4120202020202020202020202020202020202020
412c2040412b4450545220202020202020202020
3078316566392020202020202020202020202020
2020202020202020202020202020202020202020
2020202020202020202020202020202020202020
52312c2030783761202020202020202020202020
2020202020202020202020202020202020202020
307839382e31205b307839395d20202020202020
2020202020202020202020202020202020202020
412c204052312020202020202020202020202020
307839392c204120202020202020202020202020
2020202020202020202020202020202020202020
307839382e31205b307839395d2c203078316563
2020202020202020202020202020202020202020
2020202020202020202020202020202020202020
307839382e33205b307839625d20202020202020
2020202020202020202020202020202020202020
3078323920202020202020202020202020202020
2020202020202020202020202020202020202020
412c203078323920202020202020202020202020
2020202020202020202020202020202020202020
412c2023307830362c2030783165646620202020
2020202020202020202020202020202020202020
2020202020202020202020202020202020202020
307832392c202330786666202020202020202020
2020202020202020202020202020202020202020
2020202020202020202020202020202020202020
412c202330786666202020202020202020202020
2020202020202020202020202020202020202020
3078316565612020202020202020202020202020
2020202020202020202020202020202020202020
2020202020202020202020202020202020202020
445054522c202330783131643420202020202020
2020202020202020202020202020202020202020
2020202020202020202020202020202020202020
412c2040412b4450545220202020202020202020
52312c2041202020202020202020202020202020
412c204052312020202020202020202020202020
412c2023307866662c2030783165656120202020
2020202020202020202020202020202020202020
2020202020202020202020202020202020202020
412c202330786665202020202020202020202020
2020202020202020202020202020202020202020
307839382e31205b307839395d20202020202020
2020202020202020202020202020202020202020
307839392c204120202020202020202020202020
2020202020202020202020202020202020202020
307839382e31205b307839395d2c203078316565
2020202020202020202020202020202020202020
2020202020202020202020202020202020202020
307839382e33205b307839625d20202020202020
2020202020202020202020202020202020202020
307839382e30205b307839385d20202020202020
2020202020202020202020202020202020202020
445054522c202330783131363020202020202020
2020202020202020202020202020202020202020
2020202020202020202020202020202020202020
2020202020202020202020202020202020202020
412c2023307866662c2030783166313720202020
2020202020202020202020202020202020202020
2020202020202020202020202020202020202020
307832332e35205b307831645d2c203078316630
2020202020202020202020202020202020202020
2020202020202020202020202020202020202020
4120202020202020202020202020202020202020
3078316631392020202020202020202020202020
2020202020202020202020202020202020202020
2020202020202020202020202020202020202020
412c203078346220202020202020202020202020
2020202020202020202020202020202020202020
432c20307865302e34205b307865345d20202020
2020202020202020202020202020202020202020
412c202330783066202020202020202020202020
2020202020202020202020202020202020202020
4120202020202020202020202020202020202020
307866302c204120202020202020202020202020
2020202020202020202020202020202020202020
412c203078346120202020202020202020202020
2020202020202020202020202020202020202020
412c202330786630202020202020202020202020
2020202020202020202020202020202020202020
4120202020202020202020202020202020202020
412c203078663020202020202020202020202020
2020202020202020202020202020202020202020
4120202020202020202020202020202020202020
3078316631392020202020202020202020202020
2020202020202020202020202020202020202020
2020202020202020202020202020202020202020
52312c2041202020202020202020202020202020
412c204052312020202020202020202020202020
307839382e31205b307839395d20202020202020
2020202020202020202020202020202020202020
307839392c204120202020202020202020202020
2020202020202020202020202020202020202020
307839382e31205b307839395d2c203078316631
2020202020202020202020202020202020202020
2020202020202020202020202020202020202020
2020202020202020202020202020202020202020
307832332e37205b307831665d2c203078316632
2020202020202020202020202020202020202020
2020202020202020202020202020202020202020
307832332e36205b307831655d2c203078316632
2020202020202020202020202020202020202020
2020202020202020202020202020202020202020
412c203078323620202020202020202020202020
2020202020202020202020202020202020202020
412c205235202020202020202020202020202020
52352c2041202020202020202020202020202020
3078316338662020202020202020202020202020
2020202020202020202020202020202020202020
307832332e37205b307831665d2c203078316633
2020202020202020202020202020202020202020
2020202020202020202020202020202020202020
307832332e36205b307831655d2c203078316633
2020202020202020202020202020202020202020
2020202020202020202020202020202020202020
412c203078323820202020202020202020202020
2020202020202020202020202020202020202020
3078316466302020202020202020202020202020
2020202020202020202020202020202020202020
3078316465302020202020202020202020202020
2020202020202020202020202020202020202020
2020202020202020202020202020202020202020
307838392c202330783131202020202020202020
2020202020202020202020202020202020202020
2020202020202020202020202020202020202020
307862382c202330783032202020202020202020
2020202020202020202020202020202020202020
2020202020202020202020202020202020202020
307861382c202330783835202020202020202020
2020202020202020202020202020202020202020
2020202020202020202020202020202020202020
307838382c202330783035202020202020202020
2020202020202020202020202020202020202020
2020202020202020202020202020202020202020
445054522c202330783131363020202020202020
2020202020202020202020202020202020202020
2020202020202020202020202020202020202020
307838312c202330783633202020202020202020
2020202020202020202020202020202020202020
2020202020202020202020202020202020202020
307839302e32205b307839325d20202020202020
2020202020202020202020202020202020202020
307832612c204120202020202020202020202020
2020202020202020202020202020202020202020
2020202020202020202020202020202020202020
2020202020202020202020202020202020202020
2020202020202020202020202020202020202020
3078303633662020202020202020202020202020
2020202020202020202020202020202020202020
2020202020202020202020202020202020202020
3078313031612020202020202020202020202020
2020202020202020202020202020202020202020
2020202020202020202020202020202020202020
3078316638372020202020202020202020202020
2020202020202020202020202020202020202020
2020202020202020202020202020202020202020
3078316263312020202020202020202020202020
2020202020202020202020202020202020202020
2020202020202020202020202020202020202020
3078316638372020202020202020202020202020
2020202020202020202020202020202020202020
2020202020202020202020202020202020202020
3078316332342020202020202020202020202020
2020202020202020202020202020202020202020
2020202020202020202020202020202020202020
3078313031612020202020202020202020202020
2020202020202020202020202020202020202020
2020202020202020202020202020202020202020
3078316638372020202020202020202020202020
2020202020202020202020202020202020202020
2020202020202020202020202020202020202020
3078303762372020202020202020202020202020
2020202020202020202020202020202020202020
2020202020202020202020202020202020202020
3078316638372020202020202020202020202020
2020202020202020202020202020202020202020
2020202020202020202020202020202020202020
3078313031612020202020202020202020202020
2020202020202020202020202020202020202020
2020202020202020202020202020202020202020
3078316432332020202020202020202020202020
2020202020202020202020202020202020202020
2020202020202020202020202020202020202020
3078316638372020202020202020202020202020
2020202020202020202020202020202020202020
2020202020202020202020202020202020202020
3078313031642020202020202020202020202020
2020202020202020202020202020202020202020
2020202020202020202020202020202020202020
307832332e34205b307831635d2c203078316633
2020202020202020202020202020202020202020
2020202020202020202020202020202020202020
3078303231642020202020202020202020202020
2020202020202020202020202020202020202020
2020202020202020202020202020202020202020
3078303330632020202020202020202020202020
2020202020202020202020202020202020202020
2020202020202020202020202020202020202020
2020202020202020202020202020202020202020
307832322e37205b307831375d2c203078316638
2020202020202020202020202020202020202020
2020202020202020202020202020202020202020
2020202020202020202020202020202020202020
3078303263362020202020202020202020202020
2020202020202020202020202020202020202020
2020202020202020202020202020202020202020
307832332e32205b307831615d2c203078316665
2020202020202020202020202020202020202020
2020202020202020202020202020202020202020
307832332e30205b307831385d2c203078316665
2020202020202020202020202020202020202020
2020202020202020202020202020202020202020
4320202020202020202020202020202020202020
412c203078313020202020202020202020202020
2020202020202020202020202020202020202020
412c203078353320202020202020202020202020
2020202020202020202020202020202020202020
3078316665312020202020202020202020202020
2020202020202020202020202020202020202020
307830332c204120202020202020202020202020
2020202020202020202020202020202020202020
412c202330783337202020202020202020202020
2020202020202020202020202020202020202020
412c2040412b4450545220202020202020202020
4320202020202020202020202020202020202020
412c203078333720202020202020202020202020
2020202020202020202020202020202020202020
3078316661612020202020202020202020202020
2020202020202020202020202020202020202020
307866302c202330783030202020202020202020
2020202020202020202020202020202020202020
2020202020202020202020202020202020202020
3078316662372020202020202020202020202020
2020202020202020202020202020202020202020
52322c2023307831632020202020202020202020
2020202020202020202020202020202020202020
3078303531642020202020202020202020202020
2020202020202020202020202020202020202020
2020202020202020202020202020202020202020
307866302c204120202020202020202020202020
2020202020202020202020202020202020202020
3078316666322020202020202020202020202020
2020202020202020202020202020202020202020
3078303531642020202020202020202020202020
2020202020202020202020202020202020202020
2020202020202020202020202020202020202020
4142202020202020202020202020202020202020
307832312e37205b307830665d2c203078316662
2020202020202020202020202020202020202020
2020202020202020202020202020202020202020
307866302c203078346320202020202020202020
2020202020202020202020202020202020202020
2020202020202020202020202020202020202020
52322c2023307832312020202020202020202020
2020202020202020202020202020202020202020
3078303531642020202020202020202020202020
2020202020202020202020202020202020202020
2020202020202020202020202020202020202020
3078316665312020202020202020202020202020
2020202020202020202020202020202020202020
307866302c204120202020202020202020202020
2020202020202020202020202020202020202020
412c203078346320202020202020202020202020
2020202020202020202020202020202020202020
3078316663632020202020202020202020202020
2020202020202020202020202020202020202020
307832312e37205b307830665d20202020202020
2020202020202020202020202020202020202020
3078316666322020202020202020202020202020
2020202020202020202020202020202020202020
3078303531642020202020202020202020202020
2020202020202020202020202020202020202020
2020202020202020202020202020202020202020
4142202020202020202020202020202020202020
52322c2023307832362020202020202020202020
2020202020202020202020202020202020202020
3078303531642020202020202020202020202020
2020202020202020202020202020202020202020
2020202020202020202020202020202020202020
4142202020202020202020202020202020202020
412c203078663020202020202020202020202020
2020202020202020202020202020202020202020
412c20307833642c203078316664642020202020
2020202020202020202020202020202020202020
2020202020202020202020202020202020202020
3078316665312020202020202020202020202020
2020202020202020202020202020202020202020
307833642c204120202020202020202020202020
2020202020202020202020202020202020202020
307835322c203078353320202020202020202020
2020202020202020202020202020202020202020
2020202020202020202020202020202020202020
307835312c203078353220202020202020202020
2020202020202020202020202020202020202020
2020202020202020202020202020202020202020
307831302c203078353120202020202020202020
2020202020202020202020202020202020202020
2020202020202020202020202020202020202020
412c203078336420202020202020202020202020
2020202020202020202020202020202020202020
3078316465372020202020202020202020202020
2020202020202020202020202020202020202020
2020202020202020202020202020202020202020
3078303430642020202020202020202020202020
2020202020202020202020202020202020202020
2020202020202020202020202020202020202020
4120202020202020202020202020202020202020
432c20307862302e34205b307862345d20202020
2020202020202020202020202020202020202020
4120202020202020202020202020202020202020
432c20307832352e36205b307832655d20202020
2020202020202020202020202020202020202020
3078316666642020202020202020202020202020
2020202020202020202020202020202020202020
4120202020202020202020202020202020202020
412c205232202020202020202020202020202020
52322c2041202020202020202020202020202020
2020202020202020202020202020202020202020
3078313865642020202020202020202020202020