7265736574202020202020202020202020202020
2020202020202020202020202020202020202020
2020202020202020202020202020202020202020
657830696e742020202020202020202020202020
2020202020202020202020202020202020202020
2020202020202020202020202020202020202020
2020202020202020202020202020202020202020
2020202020202020202020202020202020202020
2020202020202020202020202020202020202020
2020202020202020202020202020202020202020
2020202020202020202020202020202020202020
7430696e74202020202020202020202020202020
2020202020202020202020202020202020202020
2020202020202020202020202020202020202020
2020202020202020202020202020202020202020
2020202020202020202020202020202020202020
2020202020202020202020202020202020202020
2020202020202020202020202020202020202020
2020202020202020202020202020202020202020
657831696e742020202020202020202020202020
2020202020202020202020202020202020202020
696e635f72706d5f636e74312020202020202020
2020202020202020202020202020202020202020
2020202020202020202020202020202020202020
2020202020202020202020202020202020202020
2020202020202020202020202020202020202020
2020202020202020202020202020202020202020
7431696e74202020202020202020202020202020
2020202020202020202020202020202020202020
2020202020202020202020202020202020202020
2020202020202020202020202020202020202020
2020202020202020202020202020202020202020
2020202020202020202020202020202020202020
2020202020202020202020202020202020202020
74315f7265746920202020202020202020202020
736572696e742020202020202020202020202020
2020202020202020202020202020202020202020
2020202020202020202020202020202020202020
2020202020202020202020202020202020202020
2020202020202020202020202020202020202020
2020202020202020202020202020202020202020
2020202020202020202020202020202020202020
2020202020202020202020202020202020202020
2020202020202020202020202020202020202020
2020202020202020202020202020202020202020
2020202020202020202020202020202020202020
6c6162656c352020202020202020202020202020
2020202020202020202020202020202020202020
2020202020202020202020202020202020202020
7431696e745f7461722020202020202020202020
2020202020202020202020202020202020202020
2020202020202020202020202020202020202020
2020202020202020202020202020202020202020
2020202020202020202020202020202020202020
2020202020202020202020202020202020202020
2020202020202020202020202020202020202020
2020202020202020202020202020202020202020
2020202020202020202020202020202020202020
2020202020202020202020202020202020202020
2020202020202020202020202020202020202020
2020202020202020202020202020202020202020
2020202020202020202020202020202020202020
2020202020202020202020202020202020202020
2020202020202020202020202020202020202020
2020202020202020202020202020202020202020
7431696e745f7461725f31202020202020202020
7431696e745f7461725f32202020202020202020
2020202020202020202020202020202020202020
2020202020202020202020202020202020202020
2020202020202020202020202020202020202020
2020202020202020202020202020202020202020
2020202020202020202020202020202020202020
2020202020202020202020202020202020202020
2020202020202020202020202020202020202020
2020202020202020202020202020202020202020
2020202020202020202020202020202020202020
2020202020202020202020202020202020202020
2020202020202020202020202020202020202020
77726974655f72706d5f33372020202020202020
2020202020202020202020202020202020202020
2020202020202020202020202020202020202020
2020202020202020202020202020202020202020
2020202020202020202020202020202020202020
2020202020202020202020202020202020202020
2020202020202020202020202020202020202020
2020202020202020202020202020202020202020
2020202020202020202020202020202020202020
2020202020202020202020202020202020202020
2020202020202020202020202020202020202020
2020202020202020202020202020202020202020
2020202020202020202020202020202020202020
6c6162656c382020202020202020202020202020
6578315f696e745f6a2020202020202020202020
2020202020202020202020202020202020202020
2020202020202020202020202020202020202020
2020202020202020202020202020202020202020
2020202020202020202020202020202020202020
2020202020202020202020202020202020202020
2020202020202020202020202020202020202020
2020202020202020202020202020202020202020
2020202020202020202020202020202020202020
6c6162656c313020202020202020202020202020
2020202020202020202020202020202020202020
2020202020202020202020202020202020202020
2020202020202020202020202020202020202020
2020202020202020202020202020202020202020
2020202020202020202020202020202020202020
2020202020202020202020202020202020202020
2020202020202020202020202020202020202020
696e635f72706d5f636e74322020202020202020
2020202020202020202020202020202020202020
2020202020202020202020202020202020202020
2020202020202020202020202020202020202020
2020202020202020202020202020202020202020
2020202020202020202020202020202020202020
2020202020202020202020202020202020202020
2020202020202020202020202020202020202020
2020202020202020202020202020202020202020
2020202020202020202020202020202020202020
6c6162656c313320202020202020202020202020
2020202020202020202020202020202020202020
2020202020202020202020202020202020202020
6c6162656c313620202020202020202020202020
2020202020202020202020202020202020202020
2020202020202020202020202020202020202020
2020202020202020202020202020202020202020
2020202020202020202020202020202020202020
2020202020202020202020202020202020202020
746f67676c655f69676e5f312020202020202020
2020202020202020202020202020202020202020
6c6162656c313820202020202020202020202020
2020202020202020202020202020202020202020
2020202020202020202020202020202020202020
2020202020202020202020202020202020202020
2020202020202020202020202020202020202020
6c6162656c313420202020202020202020202020
2020202020202020202020202020202020202020
2020202020202020202020202020202020202020
746f67676c655f69676e5f322020202020202020
2020202020202020202020202020202020202020
6c6162656c313720202020202020202020202020
2020202020202020202020202020202020202020
2020202020202020202020202020202020202020
2020202020202020202020202020202020202020
6c6162656c392020202020202020202020202020
2020202020202020202020202020202020202020
2020202020202020202020202020202020202020
2020202020202020202020202020202020202020
2020202020202020202020202020202020202020
2020202020202020202020202020202020202020
6578315f72657469202020202020202020202020
69676e5f6477656c6c5f31202020202020202020
2020202020202020202020202020202020202020
2020202020202020202020202020202020202020
2020202020202020202020202020202020202020
2020202020202020202020202020202020202020
2020202020202020202020202020202020202020
2020202020202020202020202020202020202020
2020202020202020202020202020202020202020
2020202020202020202020202020202020202020
2020202020202020202020202020202020202020
2020202020202020202020202020202020202020
2020202020202020202020202020202020202020
2020202020202020202020202020202020202020
2020202020202020202020202020202020202020
2020202020202020202020202020202020202020
2020202020202020202020202020202020202020
2020202020202020202020202020202020202020
2020202020202020202020202020202020202020
2020202020202020202020202020202020202020
2020202020202020202020202020202020202020
2020202020202020202020202020202020202020
2020202020202020202020202020202020202020
2020202020202020202020202020202020202020
2020202020202020202020202020202020202020
2020202020202020202020202020202020202020
2020202020202020202020202020202020202020
2020202020202020202020202020202020202020
2020202020202020202020202020202020202020
2020202020202020202020202020202020202020
2020202020202020202020202020202020202020
2020202020202020202020202020202020202020
2020202020202020202020202020202020202020
2020202020202020202020202020202020202020
69676e5f6477656c6c5f32202020202020202020
2020202020202020202020202020202020202020
2020202020202020202020202020202020202020
2020202020202020202020202020202020202020
2020202020202020202020202020202020202020
2020202020202020202020202020202020202020
2020202020202020202020202020202020202020
2020202020202020202020202020202020202020
2020202020202020202020202020202020202020
2020202020202020202020202020202020202020
2020202020202020202020202020202020202020
2020202020202020202020202020202020202020
2020202020202020202020202020202020202020
2020202020202020202020202020202020202020
2020202020202020202020202020202020202020
2020202020202020202020202020202020202020
2020202020202020202020202020202020202020
2020202020202020202020202020202020202020
2020202020202020202020202020202020202020
2020202020202020202020202020202020202020
2020202020202020202020202020202020202020
2020202020202020202020202020202020202020
2020202020202020202020202020202020202020
2020202020202020202020202020202020202020
2020202020202020202020202020202020202020
2020202020202020202020202020202020202020
2020202020202020202020202020202020202020
2020202020202020202020202020202020202020
2020202020202020202020202020202020202020
2020202020202020202020202020202020202020
2020202020202020202020202020202020202020
2020202020202020202020202020202020202020
2020202020202020202020202020202020202020
2020202020202020202020202020202020202020
2020202020202020202020202020202020202020
2020202020202020202020202020202020202020
2020202020202020202020202020202020202020
2020202020202020202020202020202020202020
2020202020202020202020202020202020202020
2020202020202020202020202020202020202020
2020202020202020202020202020202020202020
2020202020202020202020202020202020202020
2020202020202020202020202020202020202020
2020202020202020202020202020202020202020
2020202020202020202020202020202020202020
2020202020202020202020202020202020202020
2020202020202020202020202020202020202020
2020202020202020202020202020202020202020
2020202020202020202020202020202020202020
2020202020202020202020202020202020202020
2020202020202020202020202020202020202020
2020202020202020202020202020202020202020
2020202020202020202020202020202020202020
2020202020202020202020202020202020202020
2020202020202020202020202020202020202020
2020202020202020202020202020202020202020
2020202020202020202020202020202020202020
2020202020202020202020202020202020202020
2020202020202020202020202020202020202020
73706565645f73656e736f725f69737220202020
2020202020202020202020202020202020202020
2020202020202020202020202020202020202020
2020202020202020202020202020202020202020
2020202020202020202020202020202020202020
2020202020202020202020202020202020202020
2020202020202020202020202020202020202020
2020202020202020202020202020202020202020
2020202020202020202020202020202020202020
2020202020202020202020202020202020202020
2020202020202020202020202020202020202020
2020202020202020202020202020202020202020
2020202020202020202020202020202020202020
6c6162656c343133202020202020202020202020
2020202020202020202020202020202020202020
2020202020202020202020202020202020202020
2020202020202020202020202020202020202020
2020202020202020202020202020202020202020
2020202020202020202020202020202020202020
2020202020202020202020202020202020202020
6c6162656c323420202020202020202020202020
2020202020202020202020202020202020202020
2020202020202020202020202020202020202020
2020202020202020202020202020202020202020
2020202020202020202020202020202020202020
2020202020202020202020202020202020202020
2020202020202020202020202020202020202020
2020202020202020202020202020202020202020
2020202020202020202020202020202020202020
2020202020202020202020202020202020202020
2020202020202020202020202020202020202020
2020202020202020202020202020202020202020
2020202020202020202020202020202020202020
2020202020202020202020202020202020202020
2020202020202020202020202020202020202020
2020202020202020202020202020202020202020
2020202020202020202020202020202020202020
2020202020202020202020202020202020202020
2020202020202020202020202020202020202020
2020202020202020202020202020202020202020
2020202020202020202020202020202020202020
2020202020202020202020202020202020202020
2020202020202020202020202020202020202020
2020202020202020202020202020202020202020
2020202020202020202020202020202020202020
2020202020202020202020202020202020202020
2020202020202020202020202020202020202020
2020202020202020202020202020202020202020
2020202020202020202020202020202020202020
6c6162656c323520202020202020202020202020
2020202020202020202020202020202020202020
2020202020202020202020202020202020202020
2020202020202020202020202020202020202020
2020202020202020202020202020202020202020
2020202020202020202020202020202020202020
6c6162656c323620202020202020202020202020
2020202020202020202020202020202020202020
6c6162656c323320202020202020202020202020
2020202020202020202020202020202020202020
2020202020202020202020202020202020202020
2020202020202020202020202020202020202020
2020202020202020202020202020202020202020
2020202020202020202020202020202020202020
2020202020202020202020202020202020202020
2020202020202020202020202020202020202020
2020202020202020202020202020202020202020
2020202020202020202020202020202020202020
2020202020202020202020202020202020202020
2020202020202020202020202020202020202020
2020202020202020202020202020202020202020
2020202020202020202020202020202020202020
2020202020202020202020202020202020202020
2020202020202020202020202020202020202020
2020202020202020202020202020202020202020
2020202020202020202020202020202020202020
2020202020202020202020202020202020202020
2020202020202020202020202020202020202020
2020202020202020202020202020202020202020
2020202020202020202020202020202020202020
2020202020202020202020202020202020202020
6c6162656c323720202020202020202020202020
2020202020202020202020202020202020202020
2020202020202020202020202020202020202020
2020202020202020202020202020202020202020
2020202020202020202020202020202020202020
2020202020202020202020202020202020202020
2020202020202020202020202020202020202020
2020202020202020202020202020202020202020
6c6162656c323920202020202020202020202020
2020202020202020202020202020202020202020
2020202020202020202020202020202020202020
2020202020202020202020202020202020202020
2020202020202020202020202020202020202020
2020202020202020202020202020202020202020
2020202020202020202020202020202020202020
2020202020202020202020202020202020202020
2020202020202020202020202020202020202020
2020202020202020202020202020202020202020
2020202020202020202020202020202020202020
2020202020202020202020202020202020202020
2020202020202020202020202020202020202020
2020202020202020202020202020202020202020
2020202020202020202020202020202020202020
2020202020202020202020202020202020202020
2020202020202020202020202020202020202020
2020202020202020202020202020202020202020
2020202020202020202020202020202020202020
2020202020202020202020202020202020202020
2020202020202020202020202020202020202020
2020202020202020202020202020202020202020
2020202020202020202020202020202020202020
2020202020202020202020202020202020202020
2020202020202020202020202020202020202020
2020202020202020202020202020202020202020
2020202020202020202020202020202020202020
6c6162656c323820202020202020202020202020
2020202020202020202020202020202020202020
2020202020202020202020202020202020202020
2020202020202020202020202020202020202020
2020202020202020202020202020202020202020
2020202020202020202020202020202020202020
2020202020202020202020202020202020202020
2020202020202020202020202020202020202020
2020202020202020202020202020202020202020
2020202020202020202020202020202020202020
2020202020202020202020202020202020202020
2020202020202020202020202020202020202020
2020202020202020202020202020202020202020
2020202020202020202020202020202020202020
2020202020202020202020202020202020202020
2020202020202020202020202020202020202020
2020202020202020202020202020202020202020
696e6a5f646561645f74696d6520202020202020
2020202020202020202020202020202020202020
2020202020202020202020202020202020202020
2020202020202020202020202020202020202020
2020202020202020202020202020202020202020
2020202020202020202020202020202020202020
2020202020202020202020202020202020202020
2020202020202020202020202020202020202020
2020202020202020202020202020202020202020
2020202020202020202020202020202020202020
2020202020202020202020202020202020202020
6c6162656c333620202020202020202020202020
2020202020202020202020202020202020202020
2020202020202020202020202020202020202020
2020202020202020202020202020202020202020
2020202020202020202020202020202020202020
2020202020202020202020202020202020202020
2020202020202020202020202020202020202020
2020202020202020202020202020202020202020
2020202020202020202020202020202020202020
2020202020202020202020202020202020202020
2020202020202020202020202020202020202020
2020202020202020202020202020202020202020
6c6162656c333820202020202020202020202020
2020202020202020202020202020202020202020
6c6162656c333720202020202020202020202020
2020202020202020202020202020202020202020
2020202020202020202020202020202020202020
2020202020202020202020202020202020202020
2020202020202020202020202020202020202020
2020202020202020202020202020202020202020
2020202020202020202020202020202020202020
2020202020202020202020202020202020202020
6c6162656c333920202020202020202020202020
2020202020202020202020202020202020202020
2020202020202020202020202020202020202020
2020202020202020202020202020202020202020
2020202020202020202020202020202020202020
2020202020202020202020202020202020202020
2020202020202020202020202020202020202020
2020202020202020202020202020202020202020
2020202020202020202020202020202020202020
2020202020202020202020202020202020202020
2020202020202020202020202020202020202020
2020202020202020202020202020202020202020
6c6162656c343020202020202020202020202020
2020202020202020202020202020202020202020
2020202020202020202020202020202020202020
2020202020202020202020202020202020202020
2020202020202020202020202020202020202020
2020202020202020202020202020202020202020
6c6162656c333520202020202020202020202020
2020202020202020202020202020202020202020
2020202020202020202020202020202020202020
2020202020202020202020202020202020202020
2020202020202020202020202020202020202020
2020202020202020202020202020202020202020
2020202020202020202020202020202020202020
2020202020202020202020202020202020202020
2020202020202020202020202020202020202020
2020202020202020202020202020202020202020
2020202020202020202020202020202020202020
2020202020202020202020202020202020202020
2020202020202020202020202020202020202020
2020202020202020202020202020202020202020
2020202020202020202020202020202020202020
2020202020202020202020202020202020202020
2020202020202020202020202020202020202020
6c6162656c333120202020202020202020202020
2020202020202020202020202020202020202020
2020202020202020202020202020202020202020
666972655f696e6a202020202020202020202020
2020202020202020202020202020202020202020
2020202020202020202020202020202020202020
2020202020202020202020202020202020202020
2020202020202020202020202020202020202020
2020202020202020202020202020202020202020
2020202020202020202020202020202020202020
2020202020202020202020202020202020202020
2020202020202020202020202020202020202020
2020202020202020202020202020202020202020
2020202020202020202020202020202020202020
2020202020202020202020202020202020202020
2020202020202020202020202020202020202020
2020202020202020202020202020202020202020
2020202020202020202020202020202020202020
2020202020202020202020202020202020202020
2020202020202020202020202020202020202020
2020202020202020202020202020202020202020
6c6162656c333220202020202020202020202020
2020202020202020202020202020202020202020
2020202020202020202020202020202020202020
2020202020202020202020202020202020202020
2020202020202020202020202020202020202020
2020202020202020202020202020202020202020
2020202020202020202020202020202020202020
2020202020202020202020202020202020202020
2020202020202020202020202020202020202020
2020202020202020202020202020202020202020
2020202020202020202020202020202020202020
2020202020202020202020202020202020202020
2020202020202020202020202020202020202020
2020202020202020202020202020202020202020
6c6162656c333320202020202020202020202020
2020202020202020202020202020202020202020
2020202020202020202020202020202020202020
2020202020202020202020202020202020202020
2020202020202020202020202020202020202020
2020202020202020202020202020202020202020
2020202020202020202020202020202020202020
6c6162656c333020202020202020202020202020
2020202020202020202020202020202020202020
2020202020202020202020202020202020202020
2020202020202020202020202020202020202020
2020202020202020202020202020202020202020
2020202020202020202020202020202020202020
2020202020202020202020202020202020202020
2020202020202020202020202020202020202020
2020202020202020202020202020202020202020
2020202020202020202020202020202020202020
2020202020202020202020202020202020202020
657830696e745f6a202020202020202020202020
2020202020202020202020202020202020202020
2020202020202020202020202020202020202020
2020202020202020202020202020202020202020
2020202020202020202020202020202020202020
2020202020202020202020202020202020202020
2020202020202020202020202020202020202020
2020202020202020202020202020202020202020
2020202020202020202020202020202020202020
2020202020202020202020202020202020202020
2020202020202020202020202020202020202020
2020202020202020202020202020202020202020
2020202020202020202020202020202020202020
2020202020202020202020202020202020202020
2020202020202020202020202020202020202020
2020202020202020202020202020202020202020
2020202020202020202020202020202020202020
2020202020202020202020202020202020202020
6c6162656c343420202020202020202020202020
2020202020202020202020202020202020202020
2020202020202020202020202020202020202020
2020202020202020202020202020202020202020
2020202020202020202020202020202020202020
2020202020202020202020202020202020202020
6c6162656c343520202020202020202020202020
2020202020202020202020202020202020202020
2020202020202020202020202020202020202020
2020202020202020202020202020202020202020
2020202020202020202020202020202020202020
2020202020202020202020202020202020202020
2020202020202020202020202020202020202020
2020202020202020202020202020202020202020
2020202020202020202020202020202020202020
2020202020202020202020202020202020202020
2020202020202020202020202020202020202020
6c6162656c343620202020202020202020202020
2020202020202020202020202020202020202020
2020202020202020202020202020202020202020
2020202020202020202020202020202020202020
2020202020202020202020202020202020202020
2020202020202020202020202020202020202020
2020202020202020202020202020202020202020
6c6162656c333938202020202020202020202020
2020202020202020202020202020202020202020
2020202020202020202020202020202020202020
7265665f726573796e6320202020202020202020
2020202020202020202020202020202020202020
2020202020202020202020202020202020202020
2020202020202020202020202020202020202020
2020202020202020202020202020202020202020
2020202020202020202020202020202020202020
2020202020202020202020202020202020202020
2020202020202020202020202020202020202020
2020202020202020202020202020202020202020
2020202020202020202020202020202020202020
2020202020202020202020202020202020202020
2020202020202020202020202020202020202020
2020202020202020202020202020202020202020
2020202020202020202020202020202020202020
2020202020202020202020202020202020202020
2020202020202020202020202020202020202020
2020202020202020202020202020202020202020
2020202020202020202020202020202020202020
2020202020202020202020202020202020202020
2020202020202020202020202020202020202020
2020202020202020202020202020202020202020
2020202020202020202020202020202020202020
6c6162656c343820202020202020202020202020
2020202020202020202020202020202020202020
2020202020202020202020202020202020202020
2020202020202020202020202020202020202020
6c6162656c343720202020202020202020202020
2020202020202020202020202020202020202020
2020202020202020202020202020202020202020
2020202020202020202020202020202020202020
2020202020202020202020202020202020202020
2020202020202020202020202020202020202020
2020202020202020202020202020202020202020
2020202020202020202020202020202020202020
2020202020202020202020202020202020202020
2020202020202020202020202020202020202020
2020202020202020202020202020202020202020
2020202020202020202020202020202020202020
2020202020202020202020202020202020202020
2020202020202020202020202020202020202020
2020202020202020202020202020202020202020
2020202020202020202020202020202020202020
2020202020202020202020202020202020202020
2020202020202020202020202020202020202020
2020202020202020202020202020202020202020
2020202020202020202020202020202020202020
2020202020202020202020202020202020202020
2020202020202020202020202020202020202020
2020202020202020202020202020202020202020
7273745f74617220202020202020202020202020
2020202020202020202020202020202020202020
2020202020202020202020202020202020202020
2020202020202020202020202020202020202020
2020202020202020202020202020202020202020
2020202020202020202020202020202020202020
2020202020202020202020202020202020202020
2020202020202020202020202020202020202020
2020202020202020202020202020202020202020
2020202020202020202020202020202020202020
2020202020202020202020202020202020202020
2020202020202020202020202020202020202020
2020202020202020202020202020202020202020
2020202020202020202020202020202020202020
2020202020202020202020202020202020202020
2020202020202020202020202020202020202020
2020202020202020202020202020202020202020
2020202020202020202020202020202020202020
2020202020202020202020202020202020202020
2020202020202020202020202020202020202020
2020202020202020202020202020202020202020
2020202020202020202020202020202020202020
2020202020202020202020202020202020202020
2020202020202020202020202020202020202020
2020202020202020202020202020202020202020
2020202020202020202020202020202020202020
2020202020202020202020202020202020202020
2020202020202020202020202020202020202020
2020202020202020202020202020202020202020
2020202020202020202020202020202020202020
2020202020202020202020202020202020202020
2020202020202020202020202020202020202020
2020202020202020202020202020202020202020
2020202020202020202020202020202020202020
2020202020202020202020202020202020202020
2020202020202020202020202020202020202020
7a65726f5f72616d5f6c6f6f7020202020202020
2020202020202020202020202020202020202020
2020202020202020202020202020202020202020
2020202020202020202020202020202020202020
2020202020202020202020202020202020202020
2020202020202020202020202020202020202020
696e69745f696e74657272757074732020202020
2020202020202020202020202020202020202020
2020202020202020202020202020202020202020
2020202020202020202020202020202020202020
2020202020202020202020202020202020202020
2020202020202020202020202020202020202020
2020202020202020202020202020202020202020
2020202020202020202020202020202020202020
2020202020202020202020202020202020202020
2020202020202020202020202020202020202020
2020202020202020202020202020202020202020
2020202020202020202020202020202020202020
2020202020202020202020202020202020202020
2020202020202020202020202020202020202020
2020202020202020202020202020202020202020
2020202020202020202020202020202020202020
2020202020202020202020202020202020202020
2020202020202020202020202020202020202020
2020202020202020202020202020202020202020
2020202020202020202020202020202020202020
2020202020202020202020202020202020202020
2020202020202020202020202020202020202020
2020202020202020202020202020202020202020
2020202020202020202020202020202020202020
2020202020202020202020202020202020202020
72756e6e696e6720202020202020202020202020
2020202020202020202020202020202020202020
2020202020202020202020202020202020202020
2020202020202020202020202020202020202020
2020202020202020202020202020202020202020
2020202020202020202020202020202020202020
2020202020202020202020202020202020202020
2020202020202020202020202020202020202020
2020202020202020202020202020202020202020
6c6162656c353520202020202020202020202020
2020202020202020202020202020202020202020
2020202020202020202020202020202020202020
2020202020202020202020202020202020202020
2020202020202020202020202020202020202020
2020202020202020202020202020202020202020
2020202020202020202020202020202020202020
2020202020202020202020202020202020202020
2020202020202020202020202020202020202020
2020202020202020202020202020202020202020
2020202020202020202020202020202020202020
2020202020202020202020202020202020202020
2020202020202020202020202020202020202020
2020202020202020202020202020202020202020
2020202020202020202020202020202020202020
2020202020202020202020202020202020202020
2020202020202020202020202020202020202020
2020202020202020202020202020202020202020
2020202020202020202020202020202020202020
6c6162656c353820202020202020202020202020
2020202020202020202020202020202020202020
2020202020202020202020202020202020202020
2020202020202020202020202020202020202020
2020202020202020202020202020202020202020
2020202020202020202020202020202020202020
2020202020202020202020202020202020202020
2020202020202020202020202020202020202020
6c6162656c353720202020202020202020202020
2020202020202020202020202020202020202020
2020202020202020202020202020202020202020
2020202020202020202020202020202020202020
2020202020202020202020202020202020202020
636c725f31635f31202020202020202020202020
2020202020202020202020202020202020202020
2020202020202020202020202020202020202020
2020202020202020202020202020202020202020
2020202020202020202020202020202020202020
70756c73655f73796e6320202020202020202020
2020202020202020202020202020202020202020
2020202020202020202020202020202020202020
2020202020202020202020202020202020202020
2020202020202020202020202020202020202020
2020202020202020202020202020202020202020
2020202020202020202020202020202020202020
726561645f6164635f70726f6320202020202020
2020202020202020202020202020202020202020
2020202020202020202020202020202020202020
2020202020202020202020202020202020202020
2020202020202020202020202020202020202020
2020202020202020202020202020202020202020
2020202020202020202020202020202020202020
2020202020202020202020202020202020202020
2020202020202020202020202020202020202020
2020202020202020202020202020202020202020
2020202020202020202020202020202020202020
726561645f6164635f6c696e6573202020202020
2020202020202020202020202020202020202020
2020202020202020202020202020202020202020
2020202020202020202020202020202020202020
2020202020202020202020202020202020202020
2020202020202020202020202020202020202020
2020202020202020202020202020202020202020
2020202020202020202020202020202020202020
2020202020202020202020202020202020202020
2020202020202020202020202020202020202020
2020202020202020202020202020202020202020
2020202020202020202020202020202020202020
2020202020202020202020202020202020202020
2020202020202020202020202020202020202020
2020202020202020202020202020202020202020
2020202020202020202020202020202020202020
2020202020202020202020202020202020202020
2020202020202020202020202020202020202020
726561645f6169725f74656d7020202020202020
2020202020202020202020202020202020202020
77726974655f6169725f74656d70202020202020
2020202020202020202020202020202020202020
2020202020202020202020202020202020202020
2020202020202020202020202020202020202020
2020202020202020202020202020202020202020
2020202020202020202020202020202020202020
726561645f77617465725f74656d702020202020
2020202020202020202020202020202020202020
77726974655f77617465725f74656d7020202020
2020202020202020202020202020202020202020
2020202020202020202020202020202020202020
2020202020202020202020202020202020202020
2020202020202020202020202020202020202020
2020202020202020202020202020202020202020
2020202020202020202020202020202020202020
2020202020202020202020202020202020202020
2020202020202020202020202020202020202020
2020202020202020202020202020202020202020
6c6162656c363420202020202020202020202020
2020202020202020202020202020202020202020
2020202020202020202020202020202020202020
2020202020202020202020202020202020202020
2020202020202020202020202020202020202020
2020202020202020202020202020202020202020
2020202020202020202020202020202020202020
2020202020202020202020202020202020202020
6c6162656c363220202020202020202020202020
2020202020202020202020202020202020202020
2020202020202020202020202020202020202020
2020202020202020202020202020202020202020
2020202020202020202020202020202020202020
2020202020202020202020202020202020202020
2020202020202020202020202020202020202020
2020202020202020202020202020202020202020
6c6162656c363320202020202020202020202020
2020202020202020202020202020202020202020
2020202020202020202020202020202020202020
2020202020202020202020202020202020202020
2020202020202020202020202020202020202020
66696e616c5f6c6f61645f72706d202020202020
2020202020202020202020202020202020202020
70756c73655f73796e6333202020202020202020
2020202020202020202020202020202020202020
2020202020202020202020202020202020202020
2020202020202020202020202020202020202020
6c6162656c363520202020202020202020202020
2020202020202020202020202020202020202020
2020202020202020202020202020202020202020
2020202020202020202020202020202020202020
2020202020202020202020202020202020202020
2020202020202020202020202020202020202020
2020202020202020202020202020202020202020
2020202020202020202020202020202020202020
2020202020202020202020202020202020202020
2020202020202020202020202020202020202020
2020202020202020202020202020202020202020
2020202020202020202020202020202020202020
2020202020202020202020202020202020202020
2020202020202020202020202020202020202020
2020202020202020202020202020202020202020
2020202020202020202020202020202020202020
2020202020202020202020202020202020202020
6c6162656c363720202020202020202020202020
2020202020202020202020202020202020202020
2020202020202020202020202020202020202020
2020202020202020202020202020202020202020
2020202020202020202020202020202020202020
2020202020202020202020202020202020202020
2020202020202020202020202020202020202020
2020202020202020202020202020202020202020
2020202020202020202020202020202020202020
2020202020202020202020202020202020202020
2020202020202020202020202020202020202020
2020202020202020202020202020202020202020
2020202020202020202020202020202020202020
2020202020202020202020202020202020202020
6c6162656c363820202020202020202020202020
2020202020202020202020202020202020202020
6c6162656c363920202020202020202020202020
2020202020202020202020202020202020202020
2020202020202020202020202020202020202020
2020202020202020202020202020202020202020
2020202020202020202020202020202020202020
2020202020202020202020202020202020202020
2020202020202020202020202020202020202020
2020202020202020202020202020202020202020
2020202020202020202020202020202020202020
2020202020202020202020202020202020202020
2020202020202020202020202020202020202020
2020202020202020202020202020202020202020
2020202020202020202020202020202020202020
2020202020202020202020202020202020202020
2020202020202020202020202020202020202020
2020202020202020202020202020202020202020
6c6162656c373220202020202020202020202020
2020202020202020202020202020202020202020
2020202020202020202020202020202020202020
2020202020202020202020202020202020202020
6c6162656c373020202020202020202020202020
2020202020202020202020202020202020202020
2020202020202020202020202020202020202020
2020202020202020202020202020202020202020
2020202020202020202020202020202020202020
2020202020202020202020202020202020202020
2020202020202020202020202020202020202020
2020202020202020202020202020202020202020
2020202020202020202020202020202020202020
2020202020202020202020202020202020202020
6c6162656c373320202020202020202020202020
2020202020202020202020202020202020202020
6c6162656c373120202020202020202020202020
2020202020202020202020202020202020202020
2020202020202020202020202020202020202020
2020202020202020202020202020202020202020
2020202020202020202020202020202020202020
2020202020202020202020202020202020202020
2020202020202020202020202020202020202020
2020202020202020202020202020202020202020
6c6162656c373420202020202020202020202020
2020202020202020202020202020202020202020
2020202020202020202020202020202020202020
2020202020202020202020202020202020202020
2020202020202020202020202020202020202020
2020202020202020202020202020202020202020
2020202020202020202020202020202020202020
2020202020202020202020202020202020202020
2020202020202020202020202020202020202020
2020202020202020202020202020202020202020
2020202020202020202020202020202020202020
6c6162656c373620202020202020202020202020
2020202020202020202020202020202020202020
2020202020202020202020202020202020202020
2020202020202020202020202020202020202020
2020202020202020202020202020202020202020
2020202020202020202020202020202020202020
2020202020202020202020202020202020202020
6c6162656c373720202020202020202020202020
2020202020202020202020202020202020202020
2020202020202020202020202020202020202020
2020202020202020202020202020202020202020
6c6162656c373820202020202020202020202020
2020202020202020202020202020202020202020
2020202020202020202020202020202020202020
6c6162656c373520202020202020202020202020
2020202020202020202020202020202020202020
2020202020202020202020202020202020202020
2020202020202020202020202020202020202020
6c6162656c363620202020202020202020202020
2020202020202020202020202020202020202020
2020202020202020202020202020202020202020
2020202020202020202020202020202020202020
2020202020202020202020202020202020202020
2020202020202020202020202020202020202020
2020202020202020202020202020202020202020
2020202020202020202020202020202020202020
2020202020202020202020202020202020202020
6c6f616463616c63202020202020202020202020
2020202020202020202020202020202020202020
2020202020202020202020202020202020202020
2020202020202020202020202020202020202020
2020202020202020202020202020202020202020
2020202020202020202020202020202020202020
2020202020202020202020202020202020202020
2020202020202020202020202020202020202020
2020202020202020202020202020202020202020
2020202020202020202020202020202020202020
2020202020202020202020202020202020202020
2020202020202020202020202020202020202020
2020202020202020202020202020202020202020
2020202020202020202020202020202020202020
2020202020202020202020202020202020202020
2020202020202020202020202020202020202020
2020202020202020202020202020202020202020
2020202020202020202020202020202020202020
2020202020202020202020202020202020202020
2020202020202020202020202020202020202020
2020202020202020202020202020202020202020
2020202020202020202020202020202020202020
2020202020202020202020202020202020202020
2020202020202020202020202020202020202020
2020202020202020202020202020202020202020
2020202020202020202020202020202020202020
2020202020202020202020202020202020202020
2020202020202020202020202020202020202020
2020202020202020202020202020202020202020
2020202020202020202020202020202020202020
2020202020202020202020202020202020202020
2020202020202020202020202020202020202020
2020202020202020202020202020202020202020
2020202020202020202020202020202020202020
2020202020202020202020202020202020202020
2020202020202020202020202020202020202020
2020202020202020202020202020202020202020
2020202020202020202020202020202020202020
6c6162656c383020202020202020202020202020
2020202020202020202020202020202020202020
2020202020202020202020202020202020202020
2020202020202020202020202020202020202020
2020202020202020202020202020202020202020
2020202020202020202020202020202020202020
2020202020202020202020202020202020202020
2020202020202020202020202020202020202020
2020202020202020202020202020202020202020
2020202020202020202020202020202020202020
2020202020202020202020202020202020202020
2020202020202020202020202020202020202020
2020202020202020202020202020202020202020
2020202020202020202020202020202020202020
2020202020202020202020202020202020202020
2020202020202020202020202020202020202020
2020202020202020202020202020202020202020
2020202020202020202020202020202020202020
2020202020202020202020202020202020202020
2020202020202020202020202020202020202020
61666d74787461626c6531202020202020202020
2020202020202020202020202020202020202020
2020202020202020202020202020202020202020
2020202020202020202020202020202020202020
2020202020202020202020202020202020202020
2020202020202020202020202020202020202020
61666d74787461626c6532202020202020202020
2020202020202020202020202020202020202020
2020202020202020202020202020202020202020
2020202020202020202020202020202020202020
2020202020202020202020202020202020202020
2020202020202020202020202020202020202020
2020202020202020202020202020202020202020
61666d74787461626c6532612020202020202020
2020202020202020202020202020202020202020
2020202020202020202020202020202020202020
2020202020202020202020202020202020202020
2020202020202020202020202020202020202020
2020202020202020202020202020202020202020
2020202020202020202020202020202020202020
61666d74787461626c6533202020202020202020
2020202020202020202020202020202020202020
2020202020202020202020202020202020202020
2020202020202020202020202020202020202020
2020202020202020202020202020202020202020
2020202020202020202020202020202020202020
2020202020202020202020202020202020202020
2020202020202020202020202020202020202020
2020202020202020202020202020202020202020
2020202020202020202020202020202020202020
2020202020202020202020202020202020202020
2020202020202020202020202020202020202020
2020202020202020202020202020202020202020
2020202020202020202020202020202020202020
2020202020202020202020202020202020202020
2020202020202020202020202020202020202020
2020202020202020202020202020202020202020
2020202020202020202020202020202020202020
2020202020202020202020202020202020202020
2020202020202020202020202020202020202020
2020202020202020202020202020202020202020
2020202020202020202020202020202020202020
2020202020202020202020202020202020202020
2020202020202020202020202020202020202020
2020202020202020202020202020202020202020
2020202020202020202020202020202020202020
2020202020202020202020202020202020202020
2020202020202020202020202020202020202020
2020202020202020202020202020202020202020
2020202020202020202020202020202020202020
2020202020202020202020202020202020202020
2020202020202020202020202020202020202020
2020202020202020202020202020202020202020
2020202020202020202020202020202020202020
2020202020202020202020202020202020202020
2020202020202020202020202020202020202020
2020202020202020202020202020202020202020
2020202020202020202020202020202020202020
2020202020202020202020202020202020202020
2020202020202020202020202020202020202020
2020202020202020202020202020202020202020
2020202020202020202020202020202020202020
2020202020202020202020202020202020202020
2020202020202020202020202020202020202020
2020202020202020202020202020202020202020
2020202020202020202020202020202020202020
2020202020202020202020202020202020202020
2020202020202020202020202020202020202020
73746f72656c6f616476616c2020202020202020
2020202020202020202020202020202020202020
696e6a5f70772020202020202020202020202020
2020202020202020202020202020202020202020
2020202020202020202020202020202020202020
2020202020202020202020202020202020202020
6c6162656c383120202020202020202020202020
2020202020202020202020202020202020202020
2020202020202020202020202020202020202020
616972666c6f775f707265702020202020202020
2020202020202020202020202020202020202020
2020202020202020202020202020202020202020
2020202020202020202020202020202020202020
2020202020202020202020202020202020202020
6c6162656c313033202020202020202020202020
2020202020202020202020202020202020202020
2020202020202020202020202020202020202020
2020202020202020202020202020202020202020
2020202020202020202020202020202020202020
2020202020202020202020202020202020202020
2020202020202020202020202020202020202020
2020202020202020202020202020202020202020
2020202020202020202020202020202020202020
2020202020202020202020202020202020202020
2020202020202020202020202020202020202020
2020202020202020202020202020202020202020
2020202020202020202020202020202020202020
2020202020202020202020202020202020202020
2020202020202020202020202020202020202020
2020202020202020202020202020202020202020
2020202020202020202020202020202020202020
2020202020202020202020202020202020202020
2020202020202020202020202020202020202020
6675656c5f63616c632020202020202020202020
2020202020202020202020202020202020202020
2020202020202020202020202020202020202020
2020202020202020202020202020202020202020
2020202020202020202020202020202020202020
2020202020202020202020202020202020202020
2020202020202020202020202020202020202020
2020202020202020202020202020202020202020
2020202020202020202020202020202020202020
2020202020202020202020202020202020202020
2020202020202020202020202020202020202020
2020202020202020202020202020202020202020
2020202020202020202020202020202020202020
2020202020202020202020202020202020202020
2020202020202020202020202020202020202020
2020202020202020202020202020202020202020
2020202020202020202020202020202020202020
2020202020202020202020202020202020202020
2020202020202020202020202020202020202020
2020202020202020202020202020202020202020
6c6162656c393220202020202020202020202020
2020202020202020202020202020202020202020
2020202020202020202020202020202020202020
2020202020202020202020202020202020202020
2020202020202020202020202020202020202020
2020202020202020202020202020202020202020
6c6162656c393120202020202020202020202020
2020202020202020202020202020202020202020
2020202020202020202020202020202020202020
636c616d70202020202020202020202020202020
2020202020202020202020202020202020202020
636c616d70312020202020202020202020202020
2020202020202020202020202020202020202020
2020202020202020202020202020202020202020
2020202020202020202020202020202020202020
2020202020202020202020202020202020202020
2020202020202020202020202020202020202020
2020202020202020202020202020202020202020
2020202020202020202020202020202020202020
2020202020202020202020202020202020202020
2020202020202020202020202020202020202020
2020202020202020202020202020202020202020
2020202020202020202020202020202020202020
2020202020202020202020202020202020202020
2020202020202020202020202020202020202020
6c6162656c393420202020202020202020202020
2020202020202020202020202020202020202020
2020202020202020202020202020202020202020
2020202020202020202020202020202020202020
2020202020202020202020202020202020202020
2020202020202020202020202020202020202020
2020202020202020202020202020202020202020
6c6162656c393520202020202020202020202020
6d756c7431367831362020202020202020202020
2020202020202020202020202020202020202020
2020202020202020202020202020202020202020
2020202020202020202020202020202020202020
2020202020202020202020202020202020202020
2020202020202020202020202020202020202020
2020202020202020202020202020202020202020
2020202020202020202020202020202020202020
2020202020202020202020202020202020202020
2020202020202020202020202020202020202020
2020202020202020202020202020202020202020
2020202020202020202020202020202020202020
2020202020202020202020202020202020202020
2020202020202020202020202020202020202020
2020202020202020202020202020202020202020
2020202020202020202020202020202020202020
2020202020202020202020202020202020202020
2020202020202020202020202020202020202020
2020202020202020202020202020202020202020
2020202020202020202020202020202020202020
2020202020202020202020202020202020202020
2020202020202020202020202020202020202020
2020202020202020202020202020202020202020
2020202020202020202020202020202020202020
2020202020202020202020202020202020202020
2020202020202020202020202020202020202020
2020202020202020202020202020202020202020
2020202020202020202020202020202020202020
2020202020202020202020202020202020202020
2020202020202020202020202020202020202020
2020202020202020202020202020202020202020
2020202020202020202020202020202020202020
2020202020202020202020202020202020202020
2020202020202020202020202020202020202020
2020202020202020202020202020202020202020
2020202020202020202020202020202020202020
2020202020202020202020202020202020202020
2020202020202020202020202020202020202020
2020202020202020202020202020202020202020
2020202020202020202020202020202020202020
2020202020202020202020202020202020202020
2020202020202020202020202020202020202020
2020202020202020202020202020202020202020
2020202020202020202020202020202020202020
2020202020202020202020202020202020202020
2020202020202020202020202020202020202020
2020202020202020202020202020202020202020
2020202020202020202020202020202020202020
2020202020202020202020202020202020202020
2020202020202020202020202020202020202020
2020202020202020202020202020202020202020
2020202020202020202020202020202020202020
2020202020202020202020202020202020202020
2020202020202020202020202020202020202020
2020202020202020202020202020202020202020
2020202020202020202020202020202020202020
2020202020202020202020202020202020202020
2020202020202020202020202020202020202020
2020202020202020202020202020202020202020
2020202020202020202020202020202020202020
2020202020202020202020202020202020202020
2020202020202020202020202020202020202020
2020202020202020202020202020202020202020
2020202020202020202020202020202020202020
2020202020202020202020202020202020202020
2020202020202020202020202020202020202020
2020202020202020202020202020202020202020
2020202020202020202020202020202020202020
6c6162656c393720202020202020202020202020
2020202020202020202020202020202020202020
2020202020202020202020202020202020202020
2020202020202020202020202020202020202020
2020202020202020202020202020202020202020
2020202020202020202020202020202020202020
2020202020202020202020202020202020202020
2020202020202020202020202020202020202020
2020202020202020202020202020202020202020
2020202020202020202020202020202020202020
2020202020202020202020202020202020202020
6c6162656c393820202020202020202020202020
2020202020202020202020202020202020202020
2020202020202020202020202020202020202020
2020202020202020202020202020202020202020
2020202020202020202020202020202020202020
2020202020202020202020202020202020202020
6c6162656c393920202020202020202020202020
2020202020202020202020202020202020202020
2020202020202020202020202020202020202020
2020202020202020202020202020202020202020
2020202020202020202020202020202020202020
2020202020202020202020202020202020202020
2020202020202020202020202020202020202020
2020202020202020202020202020202020202020
2020202020202020202020202020202020202020
2020202020202020202020202020202020202020
2020202020202020202020202020202020202020
2020202020202020202020202020202020202020
2020202020202020202020202020202020202020
2020202020202020202020202020202020202020
2020202020202020202020202020202020202020
6c6162656c313030202020202020202020202020
2020202020202020202020202020202020202020
2020202020202020202020202020202020202020
2020202020202020202020202020202020202020
2020202020202020202020202020202020202020
2020202020202020202020202020202020202020
2020202020202020202020202020202020202020
2020202020202020202020202020202020202020
2020202020202020202020202020202020202020
2020202020202020202020202020202020202020
2020202020202020202020202020202020202020
2020202020202020202020202020202020202020
6c6162656c313031202020202020202020202020
2020202020202020202020202020202020202020
2020202020202020202020202020202020202020
2020202020202020202020202020202020202020
6c6162656c393620202020202020202020202020
2020202020202020202020202020202020202020
2020202020202020202020202020202020202020
2020202020202020202020202020202020202020
2020202020202020202020202020202020202020
2020202020202020202020202020202020202020
2020202020202020202020202020202020202020
2020202020202020202020202020202020202020
2020202020202020202020202020202020202020
2020202020202020202020202020202020202020
2020202020202020202020202020202020202020
2020202020202020202020202020202020202020
2020202020202020202020202020202020202020
2020202020202020202020202020202020202020
2020202020202020202020202020202020202020
2020202020202020202020202020202020202020
6d756c7438783136202020202020202020202020
2020202020202020202020202020202020202020
2020202020202020202020202020202020202020
2020202020202020202020202020202020202020
2020202020202020202020202020202020202020
2020202020202020202020202020202020202020
2020202020202020202020202020202020202020
2020202020202020202020202020202020202020
2020202020202020202020202020202020202020
2020202020202020202020202020202020202020
2020202020202020202020202020202020202020
2020202020202020202020202020202020202020
2020202020202020202020202020202020202020
2020202020202020202020202020202020202020
2020202020202020202020202020202020202020
2020202020202020202020202020202020202020
2020202020202020202020202020202020202020
6469763136202020202020202020202020202020
2020202020202020202020202020202020202020
2020202020202020202020202020202020202020
2020202020202020202020202020202020202020
64697631365f3120202020202020202020202020
2020202020202020202020202020202020202020
2020202020202020202020202020202020202020
2020202020202020202020202020202020202020
2020202020202020202020202020202020202020
2020202020202020202020202020202020202020
2020202020202020202020202020202020202020
2020202020202020202020202020202020202020
2020202020202020202020202020202020202020
2020202020202020202020202020202020202020
2020202020202020202020202020202020202020
64697631365f3220202020202020202020202020
2020202020202020202020202020202020202020
2020202020202020202020202020202020202020
2020202020202020202020202020202020202020
2020202020202020202020202020202020202020
2020202020202020202020202020202020202020
2020202020202020202020202020202020202020
64697631365f3320202020202020202020202020
2020202020202020202020202020202020202020
2020202020202020202020202020202020202020
2020202020202020202020202020202020202020
2020202020202020202020202020202020202020
2020202020202020202020202020202020202020
2020202020202020202020202020202020202020
2020202020202020202020202020202020202020
2020202020202020202020202020202020202020
73686966746c6566743234202020202020202020
2020202020202020202020202020202020202020
2020202020202020202020202020202020202020
2020202020202020202020202020202020202020
2020202020202020202020202020202020202020
2020202020202020202020202020202020202020
2020202020202020202020202020202020202020
7265745f73686966746c65667420202020202020
73686966746c65667432345f3220202020202020
2020202020202020202020202020202020202020
2020202020202020202020202020202020202020
2020202020202020202020202020202020202020
2020202020202020202020202020202020202020
2020202020202020202020202020202020202020
2020202020202020202020202020202020202020
2020202020202020202020202020202020202020
2020202020202020202020202020202020202020
2020202020202020202020202020202020202020
2020202020202020202020202020202020202020
2020202020202020202020202020202020202020
6d61705f6c6f6f6b757020202020202020202020
2020202020202020202020202020202020202020
6164647231303930202020202020202020202020
2020202020202020202020202020202020202020
2020202020202020202020202020202020202020
2020202020202020202020202020202020202020
2020202020202020202020202020202020202020
2020202020202020202020202020202020202020
2020202020202020202020202020202020202020
6665746368313039302020202020202020202020
2020202020202020202020202020202020202020
2020202020202020202020202020202020202020
2020202020202020202020202020202020202020
6d61705f6c6f6f6b75705f6661696c2020202020
2020202020202020202020202020202020202020
2020202020202020202020202020202020202020
2020202020202020202020202020202020202020
6c6162656c313039202020202020202020202020
2020202020202020202020202020202020202020
2020202020202020202020202020202020202020
2020202020202020202020202020202020202020
2020202020202020202020202020202020202020
2020202020202020202020202020202020202020
2020202020202020202020202020202020202020
2020202020202020202020202020202020202020
2020202020202020202020202020202020202020
2020202020202020202020202020202020202020
2020202020202020202020202020202020202020
6665746368313145302020202020202020202020
2020202020202020202020202020202020202020
2020202020202020202020202020202020202020
4d6170416464725f445054522020202020202020
2020202020202020202020202020202020202020
2020202020202020202020202020202020202020
2020202020202020202020202020202020202020
33445f4d61705f6a6d7020202020202020202020
2020202020202020202020202020202020202020
2020202020202020202020202020202020202020
2020202020202020202020202020202020202020
2020202020202020202020202020202020202020
2020202020202020202020202020202020202020
2020202020202020202020202020202020202020
2020202020202020202020202020202020202020
33444d6170202020202020202020202020202020
2020202020202020202020202020202020202020
2020202020202020202020202020202020202020
2020202020202020202020202020202020202020
2020202020202020202020202020202020202020
2020202020202020202020202020202020202020
2020202020202020202020202020202020202020
2020202020202020202020202020202020202020
2020202020202020202020202020202020202020
2020202020202020202020202020202020202020
2020202020202020202020202020202020202020
2020202020202020202020202020202020202020
2020202020202020202020202020202020202020
2020202020202020202020202020202020202020
2020202020202020202020202020202020202020
2020202020202020202020202020202020202020
2020202020202020202020202020202020202020
2020202020202020202020202020202020202020
2020202020202020202020202020202020202020
6c6162656c313134202020202020202020202020
2020202020202020202020202020202020202020
2020202020202020202020202020202020202020
2020202020202020202020202020202020202020
2020202020202020202020202020202020202020
2020202020202020202020202020202020202020
2020202020202020202020202020202020202020
2020202020202020202020202020202020202020
2020202020202020202020202020202020202020
2020202020202020202020202020202020202020
2020202020202020202020202020202020202020
2020202020202020202020202020202020202020
2020202020202020202020202020202020202020
6c6162656c313135202020202020202020202020
2020202020202020202020202020202020202020
2020202020202020202020202020202020202020
2020202020202020202020202020202020202020
2020202020202020202020202020202020202020
2020202020202020202020202020202020202020
2020202020202020202020202020202020202020
2020202020202020202020202020202020202020
6d61705f6c6f6f6b75705f636c65616e20202020
2020202020202020202020202020202020202020
2020202020202020202020202020202020202020
2020202020202020202020202020202020202020
2020202020202020202020202020202020202020
2020202020202020202020202020202020202020
2020202020202020202020202020202020202020
6d61705f6c6f6f6b75705f726574202020202020
4765745f4d61705f416464722020202020202020
2020202020202020202020202020202020202020
2020202020202020202020202020202020202020
2020202020202020202020202020202020202020
2020202020202020202020202020202020202020
2020202020202020202020202020202020202020
2020202020202020202020202020202020202020
2020202020202020202020202020202020202020
2020202020202020202020202020202020202020
2020202020202020202020202020202020202020
696e725f6765745f6d61705f6164647220202020
2020202020202020202020202020202020202020
2020202020202020202020202020202020202020
2020202020202020202020202020202020202020
2020202020202020202020202020202020202020
2020202020202020202020202020202020202020
2020202020202020202020202020202020202020
2020202020202020202020202020202020202020
2020202020202020202020202020202020202020
2020202020202020202020202020202020202020
2020202020202020202020202020202020202020
2020202020202020202020202020202020202020
6765745f6d61705f613120202020202020202020
2020202020202020202020202020202020202020
2020202020202020202020202020202020202020
2020202020202020202020202020202020202020
2020202020202020202020202020202020202020
2020202020202020202020202020202020202020
6765745f6d61705f613220202020202020202020
2020202020202020202020202020202020202020
2020202020202020202020202020202020202020
2020202020202020202020202020202020202020
2020202020202020202020202020202020202020
2020202020202020202020202020202020202020
2020202020202020202020202020202020202020
2020202020202020202020202020202020202020
2020202020202020202020202020202020202020
2020202020202020202020202020202020202020
2020202020202020202020202020202020202020
2020202020202020202020202020202020202020
4765745f4d61705f616464725f72657420202020
4765745f4d61705f76616c202020202020202020
2020202020202020202020202020202020202020
2020202020202020202020202020202020202020
2020202020202020202020202020202020202020
2020202020202020202020202020202020202020
2020202020202020202020202020202020202020
4765745f4d61705f76616c5f7265743120202020
6d61705f76616c5f696e7472706c746520202020
2020202020202020202020202020202020202020
2020202020202020202020202020202020202020
2020202020202020202020202020202020202020
2020202020202020202020202020202020202020
2020202020202020202020202020202020202020
2020202020202020202020202020202020202020
2020202020202020202020202020202020202020
696e746572705f7369676e65645f6d756c202020
2020202020202020202020202020202020202020
2020202020202020202020202020202020202020
2020202020202020202020202020202020202020
2020202020202020202020202020202020202020
2020202020202020202020202020202020202020
2020202020202020202020202020202020202020
2020202020202020202020202020202020202020
6578315f72657469312020202020202020202020
2020202020202020202020202020202020202020
2020202020202020202020202020202020202020
6c6162656c313238202020202020202020202020
2020202020202020202020202020202020202020
2020202020202020202020202020202020202020
2020202020202020202020202020202020202020
2020202020202020202020202020202020202020
2020202020202020202020202020202020202020
2020202020202020202020202020202020202020
2020202020202020202020202020202020202020
6c6162656c313233202020202020202020202020
2020202020202020202020202020202020202020
2020202020202020202020202020202020202020
2020202020202020202020202020202020202020
2020202020202020202020202020202020202020
2020202020202020202020202020202020202020
2020202020202020202020202020202020202020
2020202020202020202020202020202020202020
6c6162656c313234202020202020202020202020
4765745f4d61705f76616c5f7265743220202020
6c696e6561725f6c6f6f6b757020202020202020
2020202020202020202020202020202020202020
2020202020202020202020202020202020202020
2020202020202020202020202020202020202020
2020202020202020202020202020202020202020
2020202020202020202020202020202020202020
2020202020202020202020202020202020202020
2020202020202020202020202020202020202020
2020202020202020202020202020202020202020
2020202020202020202020202020202020202020
2020202020202020202020202020202020202020
2020202020202020202020202020202020202020
4765745f4d61705f76616c5f7265743320202020
6d61705f64697620202020202020202020202020
2020202020202020202020202020202020202020
2020202020202020202020202020202020202020
6d61705f6469765f6c6f6f702020202020202020
2020202020202020202020202020202020202020
2020202020202020202020202020202020202020
2020202020202020202020202020202020202020
2020202020202020202020202020202020202020
2020202020202020202020202020202020202020
2020202020202020202020202020202020202020
2020202020202020202020202020202020202020
2020202020202020202020202020202020202020
2020202020202020202020202020202020202020
2020202020202020202020202020202020202020
6578315f72657469362020202020202020202020
2020202020202020202020202020202020202020
2020202020202020202020202020202020202020
2020202020202020202020202020202020202020
2020202020202020202020202020202020202020
2020202020202020202020202020202020202020
2020202020202020202020202020202020202020
2020202020202020202020202020202020202020
6578315f72657469352020202020202020202020
2020202020202020202020202020202020202020
2020202020202020202020202020202020202020
2020202020202020202020202020202020202020
2020202020202020202020202020202020202020
2020202020202020202020202020202020202020
2020202020202020202020202020202020202020
2020202020202020202020202020202020202020
2020202020202020202020202020202020202020
2020202020202020202020202020202020202020
6c6f777061737332342020202020202020202020
2020202020202020202020202020202020202020
2020202020202020202020202020202020202020
2020202020202020202020202020202020202020
2020202020202020202020202020202020202020
2020202020202020202020202020202020202020
2020202020202020202020202020202020202020
2020202020202020202020202020202020202020
2020202020202020202020202020202020202020
2020202020202020202020202020202020202020
2020202020202020202020202020202020202020
2020202020202020202020202020202020202020
2020202020202020202020202020202020202020
6c6162656c313239202020202020202020202020
2020202020202020202020202020202020202020
2020202020202020202020202020202020202020
2020202020202020202020202020202020202020
2020202020202020202020202020202020202020
2020202020202020202020202020202020202020
2020202020202020202020202020202020202020
2020202020202020202020202020202020202020
2020202020202020202020202020202020202020
2020202020202020202020202020202020202020
2020202020202020202020202020202020202020
2020202020202020202020202020202020202020
2020202020202020202020202020202020202020
2020202020202020202020202020202020202020
2020202020202020202020202020202020202020
2020202020202020202020202020202020202020
2020202020202020202020202020202020202020
2020202020202020202020202020202020202020
6c6162656c313330202020202020202020202020
2020202020202020202020202020202020202020
2020202020202020202020202020202020202020
2020202020202020202020202020202020202020
2020202020202020202020202020202020202020
2020202020202020202020202020202020202020
2020202020202020202020202020202020202020
2020202020202020202020202020202020202020
2020202020202020202020202020202020202020
2020202020202020202020202020202020202020
2020202020202020202020202020202020202020
2020202020202020202020202020202020202020
2020202020202020202020202020202020202020
2020202020202020202020202020202020202020
2020202020202020202020202020202020202020
2020202020202020202020202020202020202020
2020202020202020202020202020202020202020
2020202020202020202020202020202020202020
2020202020202020202020202020202020202020
2020202020202020202020202020202020202020
2020202020202020202020202020202020202020
2020202020202020202020202020202020202020
2020202020202020202020202020202020202020
2020202020202020202020202020202020202020
6c6162656c313331202020202020202020202020
63686b5f6c616d6264615f6c6f77202020202020
2020202020202020202020202020202020202020
2020202020202020202020202020202020202020
2020202020202020202020202020202020202020
2020202020202020202020202020202020202020
2020202020202020202020202020202020202020
54305f76617269616e745f6f6666736574202020
6c6162656c313332202020202020202020202020
2020202020202020202020202020202020202020
2020202020202020202020202020202020202020
2020202020202020202020202020202020202020
2020202020202020202020202020202020202020
2020202020202020202020202020202020202020
776169745f32785f696e74312020202020202020
2020202020202020202020202020202020202020
696e74315f70726f632020202020202020202020
2020202020202020202020202020202020202020
2020202020202020202020202020202020202020
2020202020202020202020202020202020202020
2020202020202020202020202020202020202020
2020202020202020202020202020202020202020
6c6f6f705f666f725f696e74315f312020202020
2020202020202020202020202020202020202020
2020202020202020202020202020202020202020
2020202020202020202020202020202020202020
2020202020202020202020202020202020202020
6c6f6f705f666f725f696e74315f302020202020
2020202020202020202020202020202020202020
2020202020202020202020202020202020202020
2020202020202020202020202020202020202020
2020202020202020202020202020202020202020
2020202020202020202020202020202020202020
636865636b5f74696d655f6c6566742020202020
2020202020202020202020202020202020202020
2020202020202020202020202020202020202020
2020202020202020202020202020202020202020
6e6f5f696e74315f70756c736573202020202020
2020202020202020202020202020202020202020
696e74315f70726f635f72657420202020202020
696e6a5f70756c73652020202020202020202020
2020202020202020202020202020202020202020
2020202020202020202020202020202020202020
2020202020202020202020202020202020202020
2020202020202020202020202020202020202020
2020202020202020202020202020202020202020
2020202020202020202020202020202020202020
2020202020202020202020202020202020202020
2020202020202020202020202020202020202020
2020202020202020202020202020202020202020
2020202020202020202020202020202020202020
2020202020202020202020202020202020202020
2020202020202020202020202020202020202020
2020202020202020202020202020202020202020
2020202020202020202020202020202020202020
2020202020202020202020202020202020202020
2020202020202020202020202020202020202020
2020202020202020202020202020202020202020
2020202020202020202020202020202020202020
6c6162656c313430202020202020202020202020
2020202020202020202020202020202020202020
2020202020202020202020202020202020202020
2020202020202020202020202020202020202020
2020202020202020202020202020202020202020
2020202020202020202020202020202020202020
2020202020202020202020202020202020202020
2020202020202020202020202020202020202020
6c6162656c313431202020202020202020202020
2020202020202020202020202020202020202020
2020202020202020202020202020202020202020
2020202020202020202020202020202020202020
2020202020202020202020202020202020202020
2020202020202020202020202020202020202020
2020202020202020202020202020202020202020
2020202020202020202020202020202020202020
2020202020202020202020202020202020202020
2020202020202020202020202020202020202020
2020202020202020202020202020202020202020
2020202020202020202020202020202020202020
2020202020202020202020202020202020202020
2020202020202020202020202020202020202020
2020202020202020202020202020202020202020
2020202020202020202020202020202020202020
2020202020202020202020202020202020202020
2020202020202020202020202020202020202020
2020202020202020202020202020202020202020
2020202020202020202020202020202020202020
2020202020202020202020202020202020202020
6c6162656c313432202020202020202020202020
2020202020202020202020202020202020202020
2020202020202020202020202020202020202020
6c6162656c313433202020202020202020202020
2020202020202020202020202020202020202020
2020202020202020202020202020202020202020
6675656c5f6d61705f73656c2020202020202020
2020202020202020202020202020202020202020
2020202020202020202020202020202020202020
2020202020202020202020202020202020202020
2020202020202020202020202020202020202020
2020202020202020202020202020202020202020
2020202020202020202020202020202020202020
2020202020202020202020202020202020202020
2020202020202020202020202020202020202020
2020202020202020202020202020202020202020
2020202020202020202020202020202020202020
2020202020202020202020202020202020202020
6c6162656c313434202020202020202020202020
2020202020202020202020202020202020202020
2020202020202020202020202020202020202020
2020202020202020202020202020202020202020
2020202020202020202020202020202020202020
2020202020202020202020202020202020202020
2020202020202020202020202020202020202020
2020202020202020202020202020202020202020
2020202020202020202020202020202020202020
2020202020202020202020202020202020202020
2020202020202020202020202020202020202020
6c6162656c313437202020202020202020202020
2020202020202020202020202020202020202020
2020202020202020202020202020202020202020
2020202020202020202020202020202020202020
2020202020202020202020202020202020202020
2020202020202020202020202020202020202020
2020202020202020202020202020202020202020
2020202020202020202020202020202020202020
2020202020202020202020202020202020202020
2020202020202020202020202020202020202020
2020202020202020202020202020202020202020
6c6162656c313530202020202020202020202020
2020202020202020202020202020202020202020
2020202020202020202020202020202020202020
2020202020202020202020202020202020202020
2020202020202020202020202020202020202020
2020202020202020202020202020202020202020
2020202020202020202020202020202020202020
2020202020202020202020202020202020202020
2020202020202020202020202020202020202020
2020202020202020202020202020202020202020
2020202020202020202020202020202020202020
2020202020202020202020202020202020202020
2020202020202020202020202020202020202020
2020202020202020202020202020202020202020
2020202020202020202020202020202020202020
6c6162656c313532202020202020202020202020
2020202020202020202020202020202020202020
2020202020202020202020202020202020202020
2020202020202020202020202020202020202020
2020202020202020202020202020202020202020
696e6a5f72706d5f636f72722020202020202020
2020202020202020202020202020202020202020
2020202020202020202020202020202020202020
2020202020202020202020202020202020202020
2020202020202020202020202020202020202020
2020202020202020202020202020202020202020
2020202020202020202020202020202020202020
2020202020202020202020202020202020202020
2020202020202020202020202020202020202020
2020202020202020202020202020202020202020
2020202020202020202020202020202020202020
2020202020202020202020202020202020202020
2020202020202020202020202020202020202020
2020202020202020202020202020202020202020
2020202020202020202020202020202020202020
2020202020202020202020202020202020202020
2020202020202020202020202020202020202020
2020202020202020202020202020202020202020
2020202020202020202020202020202020202020
2020202020202020202020202020202020202020
2020202020202020202020202020202020202020
6c6162656c313439202020202020202020202020
2020202020202020202020202020202020202020
2020202020202020202020202020202020202020
2020202020202020202020202020202020202020
2020202020202020202020202020202020202020
2020202020202020202020202020202020202020
2020202020202020202020202020202020202020
6c6162656c313436202020202020202020202020
2020202020202020202020202020202020202020
2020202020202020202020202020202020202020
2020202020202020202020202020202020202020
2020202020202020202020202020202020202020
2020202020202020202020202020202020202020
2020202020202020202020202020202020202020
2020202020202020202020202020202020202020
2020202020202020202020202020202020202020
2020202020202020202020202020202020202020
2020202020202020202020202020202020202020
2020202020202020202020202020202020202020
2020202020202020202020202020202020202020
2020202020202020202020202020202020202020
2020202020202020202020202020202020202020
2020202020202020202020202020202020202020
2020202020202020202020202020202020202020
2020202020202020202020202020202020202020
2020202020202020202020202020202020202020
2020202020202020202020202020202020202020
6c6162656c313535202020202020202020202020
2020202020202020202020202020202020202020
2020202020202020202020202020202020202020
2020202020202020202020202020202020202020
2020202020202020202020202020202020202020
6c6162656c313536202020202020202020202020
2020202020202020202020202020202020202020
2020202020202020202020202020202020202020
2020202020202020202020202020202020202020
2020202020202020202020202020202020202020
2020202020202020202020202020202020202020
6c6162656c313537202020202020202020202020
2020202020202020202020202020202020202020
2020202020202020202020202020202020202020
2020202020202020202020202020202020202020
2020202020202020202020202020202020202020
2020202020202020202020202020202020202020
2020202020202020202020202020202020202020
2020202020202020202020202020202020202020
696e6a5f6c616d6264615f7472696d2020202020
2020202020202020202020202020202020202020
2020202020202020202020202020202020202020
2020202020202020202020202020202020202020
2020202020202020202020202020202020202020
2020202020202020202020202020202020202020
2020202020202020202020202020202020202020
2020202020202020202020202020202020202020
2020202020202020202020202020202020202020
2020202020202020202020202020202020202020
2020202020202020202020202020202020202020
2020202020202020202020202020202020202020
2020202020202020202020202020202020202020
2020202020202020202020202020202020202020
2020202020202020202020202020202020202020
2020202020202020202020202020202020202020
2020202020202020202020202020202020202020
2020202020202020202020202020202020202020
2020202020202020202020202020202020202020
2020202020202020202020202020202020202020
2020202020202020202020202020202020202020
2020202020202020202020202020202020202020
2020202020202020202020202020202020202020
6c6162656c313632202020202020202020202020
2020202020202020202020202020202020202020
2020202020202020202020202020202020202020
2020202020202020202020202020202020202020
2020202020202020202020202020202020202020
2020202020202020202020202020202020202020
2020202020202020202020202020202020202020
2020202020202020202020202020202020202020
2020202020202020202020202020202020202020
2020202020202020202020202020202020202020
2020202020202020202020202020202020202020
2020202020202020202020202020202020202020
2020202020202020202020202020202020202020
2020202020202020202020202020202020202020
2020202020202020202020202020202020202020
2020202020202020202020202020202020202020
2020202020202020202020202020202020202020
2020202020202020202020202020202020202020
2020202020202020202020202020202020202020
6c6162656c313630202020202020202020202020
2020202020202020202020202020202020202020
2020202020202020202020202020202020202020
2020202020202020202020202020202020202020
2020202020202020202020202020202020202020
2020202020202020202020202020202020202020
2020202020202020202020202020202020202020
2020202020202020202020202020202020202020
2020202020202020202020202020202020202020
2020202020202020202020202020202020202020
2020202020202020202020202020202020202020
2020202020202020202020202020202020202020
6c6162656c313631202020202020202020202020
2020202020202020202020202020202020202020
2020202020202020202020202020202020202020
2020202020202020202020202020202020202020
2020202020202020202020202020202020202020
2020202020202020202020202020202020202020
2020202020202020202020202020202020202020
2020202020202020202020202020202020202020
2020202020202020202020202020202020202020
2020202020202020202020202020202020202020
6c6162656c313633202020202020202020202020
2020202020202020202020202020202020202020
2020202020202020202020202020202020202020
2020202020202020202020202020202020202020
2020202020202020202020202020202020202020
2020202020202020202020202020202020202020
2020202020202020202020202020202020202020
2020202020202020202020202020202020202020
2020202020202020202020202020202020202020
2020202020202020202020202020202020202020
2020202020202020202020202020202020202020
2020202020202020202020202020202020202020
2020202020202020202020202020202020202020
2020202020202020202020202020202020202020
2020202020202020202020202020202020202020
2020202020202020202020202020202020202020
2020202020202020202020202020202020202020
2020202020202020202020202020202020202020
2020202020202020202020202020202020202020
2020202020202020202020202020202020202020
2020202020202020202020202020202020202020
2020202020202020202020202020202020202020
2020202020202020202020202020202020202020
2020202020202020202020202020202020202020
2020202020202020202020202020202020202020
6c6162656c313634202020202020202020202020
2020202020202020202020202020202020202020
2020202020202020202020202020202020202020
2020202020202020202020202020202020202020
2020202020202020202020202020202020202020
2020202020202020202020202020202020202020
2020202020202020202020202020202020202020
2020202020202020202020202020202020202020
2020202020202020202020202020202020202020
2020202020202020202020202020202020202020
2020202020202020202020202020202020202020
2020202020202020202020202020202020202020
2020202020202020202020202020202020202020
2020202020202020202020202020202020202020
2020202020202020202020202020202020202020
6c6162656c313539202020202020202020202020
2020202020202020202020202020202020202020
2020202020202020202020202020202020202020
2020202020202020202020202020202020202020
2020202020202020202020202020202020202020
2020202020202020202020202020202020202020
2020202020202020202020202020202020202020
2020202020202020202020202020202020202020
2020202020202020202020202020202020202020
2020202020202020202020202020202020202020
2020202020202020202020202020202020202020
2020202020202020202020202020202020202020
2020202020202020202020202020202020202020
2020202020202020202020202020202020202020
6c6162656c313635202020202020202020202020
2020202020202020202020202020202020202020
2020202020202020202020202020202020202020
2020202020202020202020202020202020202020
6c6162656c313636202020202020202020202020
2020202020202020202020202020202020202020
2020202020202020202020202020202020202020
2020202020202020202020202020202020202020
2020202020202020202020202020202020202020
2020202020202020202020202020202020202020
2020202020202020202020202020202020202020
2020202020202020202020202020202020202020
2020202020202020202020202020202020202020
2020202020202020202020202020202020202020
2020202020202020202020202020202020202020
2020202020202020202020202020202020202020
2020202020202020202020202020202020202020
6c6162656c313637202020202020202020202020
2020202020202020202020202020202020202020
2020202020202020202020202020202020202020
2020202020202020202020202020202020202020
2020202020202020202020202020202020202020
2020202020202020202020202020202020202020
2020202020202020202020202020202020202020
2020202020202020202020202020202020202020
2020202020202020202020202020202020202020
6c6162656c313638202020202020202020202020
2020202020202020202020202020202020202020
2020202020202020202020202020202020202020
2020202020202020202020202020202020202020
2020202020202020202020202020202020202020
2020202020202020202020202020202020202020
2020202020202020202020202020202020202020
2020202020202020202020202020202020202020
2020202020202020202020202020202020202020
2020202020202020202020202020202020202020
2020202020202020202020202020202020202020
2020202020202020202020202020202020202020
2020202020202020202020202020202020202020
2020202020202020202020202020202020202020
2020202020202020202020202020202020202020
6c6162656c313639202020202020202020202020
2020202020202020202020202020202020202020
2020202020202020202020202020202020202020
6765745f696e6a5f707720202020202020202020
2020202020202020202020202020202020202020
2020202020202020202020202020202020202020
2020202020202020202020202020202020202020
2020202020202020202020202020202020202020
2020202020202020202020202020202020202020
2020202020202020202020202020202020202020
2020202020202020202020202020202020202020
2020202020202020202020202020202020202020
2020202020202020202020202020202020202020
2020202020202020202020202020202020202020
2020202020202020202020202020202020202020
6c6162656c313730202020202020202020202020
6477656c6c5f616e676c655f63616c6320202020
2020202020202020202020202020202020202020
2020202020202020202020202020202020202020
2020202020202020202020202020202020202020
2020202020202020202020202020202020202020
2020202020202020202020202020202020202020
2020202020202020202020202020202020202020
6675656c5f63616c635f636f7272202020202020
2020202020202020202020202020202020202020
2020202020202020202020202020202020202020
2020202020202020202020202020202020202020
2020202020202020202020202020202020202020
2020202020202020202020202020202020202020
2020202020202020202020202020202020202020
2020202020202020202020202020202020202020
2020202020202020202020202020202020202020
2020202020202020202020202020202020202020
2020202020202020202020202020202020202020
2020202020202020202020202020202020202020
2020202020202020202020202020202020202020
2020202020202020202020202020202020202020
2020202020202020202020202020202020202020
2020202020202020202020202020202020202020
2020202020202020202020202020202020202020
2020202020202020202020202020202020202020
2020202020202020202020202020202020202020
2020202020202020202020202020202020202020
2020202020202020202020202020202020202020
2020202020202020202020202020202020202020
2020202020202020202020202020202020202020
2020202020202020202020202020202020202020
2020202020202020202020202020202020202020
2020202020202020202020202020202020202020
2020202020202020202020202020202020202020
2020202020202020202020202020202020202020
2020202020202020202020202020202020202020
2020202020202020202020202020202020202020
2020202020202020202020202020202020202020
2020202020202020202020202020202020202020
2020202020202020202020202020202020202020
2020202020202020202020202020202020202020
2020202020202020202020202020202020202020
2020202020202020202020202020202020202020
2020202020202020202020202020202020202020
2020202020202020202020202020202020202020
2020202020202020202020202020202020202020
6c6162656c313733202020202020202020202020
2020202020202020202020202020202020202020
2020202020202020202020202020202020202020
6c6162656c313734202020202020202020202020
2020202020202020202020202020202020202020
2020202020202020202020202020202020202020
2020202020202020202020202020202020202020
2020202020202020202020202020202020202020
2020202020202020202020202020202020202020
2020202020202020202020202020202020202020
2020202020202020202020202020202020202020
2020202020202020202020202020202020202020
2020202020202020202020202020202020202020
2020202020202020202020202020202020202020
2020202020202020202020202020202020202020
2020202020202020202020202020202020202020
2020202020202020202020202020202020202020
2020202020202020202020202020202020202020
2020202020202020202020202020202020202020
2020202020202020202020202020202020202020
2020202020202020202020202020202020202020
2020202020202020202020202020202020202020
2020202020202020202020202020202020202020
2020202020202020202020202020202020202020
2020202020202020202020202020202020202020
2020202020202020202020202020202020202020
2020202020202020202020202020202020202020
2020202020202020202020202020202020202020
2020202020202020202020202020202020202020
2020202020202020202020202020202020202020
2020202020202020202020202020202020202020
2020202020202020202020202020202020202020
2020202020202020202020202020202020202020
6c6162656c313736202020202020202020202020
2020202020202020202020202020202020202020
2020202020202020202020202020202020202020
2020202020202020202020202020202020202020
2020202020202020202020202020202020202020
6c6162656c313735202020202020202020202020
2020202020202020202020202020202020202020
2020202020202020202020202020202020202020
2020202020202020202020202020202020202020
2020202020202020202020202020202020202020
2020202020202020202020202020202020202020
2020202020202020202020202020202020202020
2020202020202020202020202020202020202020
2020202020202020202020202020202020202020
2020202020202020202020202020202020202020
2020202020202020202020202020202020202020
2020202020202020202020202020202020202020
6c6162656c313739202020202020202020202020
2020202020202020202020202020202020202020
2020202020202020202020202020202020202020
2020202020202020202020202020202020202020
2020202020202020202020202020202020202020
2020202020202020202020202020202020202020
2020202020202020202020202020202020202020
2020202020202020202020202020202020202020
2020202020202020202020202020202020202020
2020202020202020202020202020202020202020
6c6162656c313738202020202020202020202020
2020202020202020202020202020202020202020
2020202020202020202020202020202020202020
2020202020202020202020202020202020202020
2020202020202020202020202020202020202020
2020202020202020202020202020202020202020
2020202020202020202020202020202020202020
6c6162656c313737202020202020202020202020
2020202020202020202020202020202020202020
2020202020202020202020202020202020202020
2020202020202020202020202020202020202020
6c6162656c313830202020202020202020202020
2020202020202020202020202020202020202020
2020202020202020202020202020202020202020
2020202020202020202020202020202020202020
2020202020202020202020202020202020202020
2020202020202020202020202020202020202020
2020202020202020202020202020202020202020
2020202020202020202020202020202020202020
2020202020202020202020202020202020202020
2020202020202020202020202020202020202020
2020202020202020202020202020202020202020
2020202020202020202020202020202020202020
2020202020202020202020202020202020202020
6c6162656c313831202020202020202020202020
2020202020202020202020202020202020202020
2020202020202020202020202020202020202020
6c6162656c313732202020202020202020202020
2020202020202020202020202020202020202020
2020202020202020202020202020202020202020
2020202020202020202020202020202020202020
2020202020202020202020202020202020202020
2020202020202020202020202020202020202020
2020202020202020202020202020202020202020
2020202020202020202020202020202020202020
2020202020202020202020202020202020202020
2020202020202020202020202020202020202020
2020202020202020202020202020202020202020
2020202020202020202020202020202020202020
2020202020202020202020202020202020202020
2020202020202020202020202020202020202020
6c6162656c313833202020202020202020202020
2020202020202020202020202020202020202020
2020202020202020202020202020202020202020
2020202020202020202020202020202020202020
2020202020202020202020202020202020202020
2020202020202020202020202020202020202020
2020202020202020202020202020202020202020
2020202020202020202020202020202020202020
2020202020202020202020202020202020202020
2020202020202020202020202020202020202020
2020202020202020202020202020202020202020
2020202020202020202020202020202020202020
2020202020202020202020202020202020202020
2020202020202020202020202020202020202020
2020202020202020202020202020202020202020
2020202020202020202020202020202020202020
2020202020202020202020202020202020202020
2020202020202020202020202020202020202020
2020202020202020202020202020202020202020
2020202020202020202020202020202020202020
2020202020202020202020202020202020202020
2020202020202020202020202020202020202020
2020202020202020202020202020202020202020
2020202020202020202020202020202020202020
2020202020202020202020202020202020202020
2020202020202020202020202020202020202020
2020202020202020202020202020202020202020
2020202020202020202020202020202020202020
2020202020202020202020202020202020202020
2020202020202020202020202020202020202020
2020202020202020202020202020202020202020
2020202020202020202020202020202020202020
2020202020202020202020202020202020202020
2020202020202020202020202020202020202020
2020202020202020202020202020202020202020
6c6162656c313834202020202020202020202020
2020202020202020202020202020202020202020
2020202020202020202020202020202020202020
2020202020202020202020202020202020202020
2020202020202020202020202020202020202020
2020202020202020202020202020202020202020
6c6162656c313832202020202020202020202020
2020202020202020202020202020202020202020
2020202020202020202020202020202020202020
2020202020202020202020202020202020202020
2020202020202020202020202020202020202020
2020202020202020202020202020202020202020
2020202020202020202020202020202020202020
2020202020202020202020202020202020202020
2020202020202020202020202020202020202020
2020202020202020202020202020202020202020
7072657363616c655f6c6f202020202020202020
2020202020202020202020202020202020202020
2020202020202020202020202020202020202020
2020202020202020202020202020202020202020
2020202020202020202020202020202020202020
2020202020202020202020202020202020202020
2020202020202020202020202020202020202020
2020202020202020202020202020202020202020
2020202020202020202020202020202020202020
6d756c745f7363616c6520202020202020202020
2020202020202020202020202020202020202020
2020202020202020202020202020202020202020
2020202020202020202020202020202020202020
2020202020202020202020202020202020202020
2020202020202020202020202020202020202020
2020202020202020202020202020202020202020
2020202020202020202020202020202020202020
2020202020202020202020202020202020202020
2020202020202020202020202020202020202020
2020202020202020202020202020202020202020
6c6162656c313837202020202020202020202020
6a756d705f746f6973765f656e74727920202020
2020202020202020202020202020202020202020
2020202020202020202020202020202020202020
6973765f656e7472792020202020202020202020
2020202020202020202020202020202020202020
2020202020202020202020202020202020202020
2020202020202020202020202020202020202020
2020202020202020202020202020202020202020
2020202020202020202020202020202020202020
2020202020202020202020202020202020202020
2020202020202020202020202020202020202020
2020202020202020202020202020202020202020
2020202020202020202020202020202020202020
2020202020202020202020202020202020202020
6c6162656c313839202020202020202020202020
2020202020202020202020202020202020202020
2020202020202020202020202020202020202020
2020202020202020202020202020202020202020
2020202020202020202020202020202020202020
2020202020202020202020202020202020202020
6973765f70745f6f725f776f7420202020202020
2020202020202020202020202020202020202020
2020202020202020202020202020202020202020
2020202020202020202020202020202020202020
2020202020202020202020202020202020202020
2020202020202020202020202020202020202020
2020202020202020202020202020202020202020
2020202020202020202020202020202020202020
2020202020202020202020202020202020202020
2020202020202020202020202020202020202020
2020202020202020202020202020202020202020
2020202020202020202020202020202020202020
2020202020202020202020202020202020202020
2020202020202020202020202020202020202020
2020202020202020202020202020202020202020
2020202020202020202020202020202020202020
2020202020202020202020202020202020202020
2020202020202020202020202020202020202020
2020202020202020202020202020202020202020
2020202020202020202020202020202020202020
2020202020202020202020202020202020202020
2020202020202020202020202020202020202020
2020202020202020202020202020202020202020
2020202020202020202020202020202020202020
6973765f6372616e6b2020202020202020202020
2020202020202020202020202020202020202020
2020202020202020202020202020202020202020
2020202020202020202020202020202020202020
2020202020202020202020202020202020202020
2020202020202020202020202020202020202020
2020202020202020202020202020202020202020
2020202020202020202020202020202020202020
2020202020202020202020202020202020202020
2020202020202020202020202020202020202020
2020202020202020202020202020202020202020
2020202020202020202020202020202020202020
2020202020202020202020202020202020202020
6973765f636f6173742020202020202020202020
2020202020202020202020202020202020202020
2020202020202020202020202020202020202020
2020202020202020202020202020202020202020
2020202020202020202020202020202020202020
2020202020202020202020202020202020202020
2020202020202020202020202020202020202020
2020202020202020202020202020202020202020
2020202020202020202020202020202020202020
6973765f69646c655f616e645f776f7420202020
2020202020202020202020202020202020202020
2020202020202020202020202020202020202020
2020202020202020202020202020202020202020
2020202020202020202020202020202020202020
2020202020202020202020202020202020202020
2020202020202020202020202020202020202020
2020202020202020202020202020202020202020
2020202020202020202020202020202020202020
2020202020202020202020202020202020202020
6973765f69646c65202020202020202020202020
2020202020202020202020202020202020202020
2020202020202020202020202020202020202020
69646c655f686967685f6c6f6164202020202020
2020202020202020202020202020202020202020
2020202020202020202020202020202020202020
2020202020202020202020202020202020202020
2020202020202020202020202020202020202020
2020202020202020202020202020202020202020
2020202020202020202020202020202020202020
2020202020202020202020202020202020202020
2020202020202020202020202020202020202020
2020202020202020202020202020202020202020
2020202020202020202020202020202020202020
2020202020202020202020202020202020202020
6c6162656c313939202020202020202020202020
2020202020202020202020202020202020202020
2020202020202020202020202020202020202020
2020202020202020202020202020202020202020
2020202020202020202020202020202020202020
2020202020202020202020202020202020202020
2020202020202020202020202020202020202020
2020202020202020202020202020202020202020
2020202020202020202020202020202020202020
2020202020202020202020202020202020202020
2020202020202020202020202020202020202020
2020202020202020202020202020202020202020
2020202020202020202020202020202020202020
2020202020202020202020202020202020202020
2020202020202020202020202020202020202020
2020202020202020202020202020202020202020
6c6162656c323031202020202020202020202020
2020202020202020202020202020202020202020
2020202020202020202020202020202020202020
2020202020202020202020202020202020202020
6c6162656c323030202020202020202020202020
2020202020202020202020202020202020202020
2020202020202020202020202020202020202020
2020202020202020202020202020202020202020
2020202020202020202020202020202020202020
2020202020202020202020202020202020202020
69646c655f666c6172655f707265762020202020
2020202020202020202020202020202020202020
2020202020202020202020202020202020202020
2020202020202020202020202020202020202020
2020202020202020202020202020202020202020
2020202020202020202020202020202020202020
6c6162656c323034202020202020202020202020
2020202020202020202020202020202020202020
2020202020202020202020202020202020202020
2020202020202020202020202020202020202020
2020202020202020202020202020202020202020
6c6162656c323032202020202020202020202020
2020202020202020202020202020202020202020
2020202020202020202020202020202020202020
2020202020202020202020202020202020202020
2020202020202020202020202020202020202020
6c6162656c323035202020202020202020202020
2020202020202020202020202020202020202020
2020202020202020202020202020202020202020
2020202020202020202020202020202020202020
2020202020202020202020202020202020202020
2020202020202020202020202020202020202020
2020202020202020202020202020202020202020
2020202020202020202020202020202020202020
2020202020202020202020202020202020202020
2020202020202020202020202020202020202020
2020202020202020202020202020202020202020
2020202020202020202020202020202020202020
2020202020202020202020202020202020202020
2020202020202020202020202020202020202020
2020202020202020202020202020202020202020
2020202020202020202020202020202020202020
6c6162656c323037202020202020202020202020
2020202020202020202020202020202020202020
2020202020202020202020202020202020202020
6c6162656c323036202020202020202020202020
2020202020202020202020202020202020202020
2020202020202020202020202020202020202020
6973765f636c6f7365645f6c6f6f702020202020
2020202020202020202020202020202020202020
2020202020202020202020202020202020202020
2020202020202020202020202020202020202020
2020202020202020202020202020202020202020
2020202020202020202020202020202020202020
2020202020202020202020202020202020202020
2020202020202020202020202020202020202020
2020202020202020202020202020202020202020
2020202020202020202020202020202020202020
2020202020202020202020202020202020202020
2020202020202020202020202020202020202020
2020202020202020202020202020202020202020
2020202020202020202020202020202020202020
2020202020202020202020202020202020202020
2020202020202020202020202020202020202020
2020202020202020202020202020202020202020
2020202020202020202020202020202020202020
6c6162656c323038202020202020202020202020
2020202020202020202020202020202020202020
2020202020202020202020202020202020202020
6973765f70695f636f7272202020202020202020
2020202020202020202020202020202020202020
2020202020202020202020202020202020202020
2020202020202020202020202020202020202020
2020202020202020202020202020202020202020
2020202020202020202020202020202020202020
2020202020202020202020202020202020202020
2020202020202020202020202020202020202020
2020202020202020202020202020202020202020
2020202020202020202020202020202020202020
2020202020202020202020202020202020202020
2020202020202020202020202020202020202020
2020202020202020202020202020202020202020
2020202020202020202020202020202020202020
2020202020202020202020202020202020202020
6c6162656c323130202020202020202020202020
2020202020202020202020202020202020202020
6c6162656c323131202020202020202020202020
2020202020202020202020202020202020202020
2020202020202020202020202020202020202020
2020202020202020202020202020202020202020
2020202020202020202020202020202020202020
2020202020202020202020202020202020202020
2020202020202020202020202020202020202020
2020202020202020202020202020202020202020
2020202020202020202020202020202020202020
2020202020202020202020202020202020202020
2020202020202020202020202020202020202020
2020202020202020202020202020202020202020
2020202020202020202020202020202020202020
2020202020202020202020202020202020202020
2020202020202020202020202020202020202020
2020202020202020202020202020202020202020
2020202020202020202020202020202020202020
6c6162656c323133202020202020202020202020
2020202020202020202020202020202020202020
2020202020202020202020202020202020202020
2020202020202020202020202020202020202020
2020202020202020202020202020202020202020
2020202020202020202020202020202020202020
2020202020202020202020202020202020202020
2020202020202020202020202020202020202020
2020202020202020202020202020202020202020
2020202020202020202020202020202020202020
2020202020202020202020202020202020202020
2020202020202020202020202020202020202020
2020202020202020202020202020202020202020
6c6162656c323132202020202020202020202020
2020202020202020202020202020202020202020
2020202020202020202020202020202020202020
2020202020202020202020202020202020202020
2020202020202020202020202020202020202020
2020202020202020202020202020202020202020
2020202020202020202020202020202020202020
2020202020202020202020202020202020202020
2020202020202020202020202020202020202020
2020202020202020202020202020202020202020
2020202020202020202020202020202020202020
2020202020202020202020202020202020202020
2020202020202020202020202020202020202020
2020202020202020202020202020202020202020
6c6162656c323136202020202020202020202020
2020202020202020202020202020202020202020
2020202020202020202020202020202020202020
2020202020202020202020202020202020202020
6c6162656c323137202020202020202020202020
2020202020202020202020202020202020202020
2020202020202020202020202020202020202020
2020202020202020202020202020202020202020
2020202020202020202020202020202020202020
6c6162656c323135202020202020202020202020
2020202020202020202020202020202020202020
2020202020202020202020202020202020202020
2020202020202020202020202020202020202020
2020202020202020202020202020202020202020
2020202020202020202020202020202020202020
2020202020202020202020202020202020202020
2020202020202020202020202020202020202020
2020202020202020202020202020202020202020
2020202020202020202020202020202020202020
2020202020202020202020202020202020202020
2020202020202020202020202020202020202020
2020202020202020202020202020202020202020
2020202020202020202020202020202020202020
2020202020202020202020202020202020202020
2020202020202020202020202020202020202020
2020202020202020202020202020202020202020
2020202020202020202020202020202020202020
2020202020202020202020202020202020202020
2020202020202020202020202020202020202020
6c6162656c323231202020202020202020202020
2020202020202020202020202020202020202020
2020202020202020202020202020202020202020
2020202020202020202020202020202020202020
2020202020202020202020202020202020202020
2020202020202020202020202020202020202020
2020202020202020202020202020202020202020
6c6162656c323139202020202020202020202020
2020202020202020202020202020202020202020
2020202020202020202020202020202020202020
2020202020202020202020202020202020202020
2020202020202020202020202020202020202020
2020202020202020202020202020202020202020
2020202020202020202020202020202020202020
2020202020202020202020202020202020202020
2020202020202020202020202020202020202020
2020202020202020202020202020202020202020
6c6162656c323232202020202020202020202020
2020202020202020202020202020202020202020
2020202020202020202020202020202020202020
2020202020202020202020202020202020202020
2020202020202020202020202020202020202020
6c6162656c323230202020202020202020202020
2020202020202020202020202020202020202020
2020202020202020202020202020202020202020
2020202020202020202020202020202020202020
2020202020202020202020202020202020202020
2020202020202020202020202020202020202020
2020202020202020202020202020202020202020
2020202020202020202020202020202020202020
6c6162656c323233202020202020202020202020
2020202020202020202020202020202020202020
2020202020202020202020202020202020202020
2020202020202020202020202020202020202020
6c6162656c323234202020202020202020202020
2020202020202020202020202020202020202020
2020202020202020202020202020202020202020
2020202020202020202020202020202020202020
2020202020202020202020202020202020202020
2020202020202020202020202020202020202020
2020202020202020202020202020202020202020
6c6162656c313936202020202020202020202020
2020202020202020202020202020202020202020
2020202020202020202020202020202020202020
6973765f6f70656e5f6c6f6f7020202020202020
2020202020202020202020202020202020202020
2020202020202020202020202020202020202020
2020202020202020202020202020202020202020
2020202020202020202020202020202020202020
2020202020202020202020202020202020202020
2020202020202020202020202020202020202020
2020202020202020202020202020202020202020
2020202020202020202020202020202020202020
2020202020202020202020202020202020202020
2020202020202020202020202020202020202020
2020202020202020202020202020202020202020
2020202020202020202020202020202020202020
2020202020202020202020202020202020202020
2020202020202020202020202020202020202020
2020202020202020202020202020202020202020
2020202020202020202020202020202020202020
6c6162656c323236202020202020202020202020
2020202020202020202020202020202020202020
2020202020202020202020202020202020202020
2020202020202020202020202020202020202020
2020202020202020202020202020202020202020
2020202020202020202020202020202020202020
2020202020202020202020202020202020202020
2020202020202020202020202020202020202020
6c6162656c323238202020202020202020202020
2020202020202020202020202020202020202020
2020202020202020202020202020202020202020
2020202020202020202020202020202020202020
2020202020202020202020202020202020202020
2020202020202020202020202020202020202020
2020202020202020202020202020202020202020
2020202020202020202020202020202020202020
6c6162656c323239202020202020202020202020
2020202020202020202020202020202020202020
2020202020202020202020202020202020202020
2020202020202020202020202020202020202020
2020202020202020202020202020202020202020
2020202020202020202020202020202020202020
69676e5f6164765f6f7574202020202020202020
2020202020202020202020202020202020202020
2020202020202020202020202020202020202020
2020202020202020202020202020202020202020
2020202020202020202020202020202020202020
2020202020202020202020202020202020202020
2020202020202020202020202020202020202020
2020202020202020202020202020202020202020
2020202020202020202020202020202020202020
2020202020202020202020202020202020202020
2020202020202020202020202020202020202020
2020202020202020202020202020202020202020
2020202020202020202020202020202020202020
2020202020202020202020202020202020202020
2020202020202020202020202020202020202020
2020202020202020202020202020202020202020
2020202020202020202020202020202020202020
2020202020202020202020202020202020202020
6c6162656c323331202020202020202020202020
2020202020202020202020202020202020202020
2020202020202020202020202020202020202020
2020202020202020202020202020202020202020
6c6f616474696d6572315f6a6d70312020202020
2020202020202020202020202020202020202020
2020202020202020202020202020202020202020
2020202020202020202020202020202020202020
2020202020202020202020202020202020202020
6c6162656c353138202020202020202020202020
2020202020202020202020202020202020202020
2020202020202020202020202020202020202020
2020202020202020202020202020202020202020
2020202020202020202020202020202020202020
2020202020202020202020202020202020202020
2020202020202020202020202020202020202020
2020202020202020202020202020202020202020
2020202020202020202020202020202020202020
2020202020202020202020202020202020202020
2020202020202020202020202020202020202020
2020202020202020202020202020202020202020
2020202020202020202020202020202020202020
2020202020202020202020202020202020202020
2020202020202020202020202020202020202020
2020202020202020202020202020202020202020
2020202020202020202020202020202020202020
2020202020202020202020202020202020202020
2020202020202020202020202020202020202020
2020202020202020202020202020202020202020
2020202020202020202020202020202020202020
2020202020202020202020202020202020202020
2020202020202020202020202020202020202020
2020202020202020202020202020202020202020
2020202020202020202020202020202020202020
2020202020202020202020202020202020202020
2020202020202020202020202020202020202020
2020202020202020202020202020202020202020
2020202020202020202020202020202020202020
2020202020202020202020202020202020202020
2020202020202020202020202020202020202020
2020202020202020202020202020202020202020
2020202020202020202020202020202020202020
2020202020202020202020202020202020202020
2020202020202020202020202020202020202020
2020202020202020202020202020202020202020
2020202020202020202020202020202020202020
2020202020202020202020202020202020202020
2020202020202020202020202020202020202020
2020202020202020202020202020202020202020
2020202020202020202020202020202020202020
2020202020202020202020202020202020202020
2020202020202020202020202020202020202020
2020202020202020202020202020202020202020
2020202020202020202020202020202020202020
2020202020202020202020202020202020202020
2020202020202020202020202020202020202020
2020202020202020202020202020202020202020
2020202020202020202020202020202020202020
2020202020202020202020202020202020202020
2020202020202020202020202020202020202020
73796e635f746d72202020202020202020202020
2020202020202020202020202020202020202020
2020202020202020202020202020202020202020
2020202020202020202020202020202020202020
2020202020202020202020202020202020202020
2020202020202020202020202020202020202020
2020202020202020202020202020202020202020
2020202020202020202020202020202020202020
2020202020202020202020202020202020202020
2020202020202020202020202020202020202020
2020202020202020202020202020202020202020
2020202020202020202020202020202020202020
2020202020202020202020202020202020202020
6973765f72657365742020202020202020202020
2020202020202020202020202020202020202020
2020202020202020202020202020202020202020
2020202020202020202020202020202020202020
2020202020202020202020202020202020202020
2020202020202020202020202020202020202020
2020202020202020202020202020202020202020
2020202020202020202020202020202020202020
2020202020202020202020202020202020202020
2020202020202020202020202020202020202020
2020202020202020202020202020202020202020
73617475725f6164642020202020202020202020
2020202020202020202020202020202020202020
2020202020202020202020202020202020202020
2020202020202020202020202020202020202020
2020202020202020202020202020202020202020
2020202020202020202020202020202020202020
6c6162656c323333202020202020202020202020
2020202020202020202020202020202020202020
2020202020202020202020202020202020202020
2020202020202020202020202020202020202020
2020202020202020202020202020202020202020
2020202020202020202020202020202020202020
2020202020202020202020202020202020202020
2020202020202020202020202020202020202020
2020202020202020202020202020202020202020
2020202020202020202020202020202020202020
6c6162656c323334202020202020202020202020
2020202020202020202020202020202020202020
2020202020202020202020202020202020202020
2020202020202020202020202020202020202020
2020202020202020202020202020202020202020
2020202020202020202020202020202020202020
2020202020202020202020202020202020202020
2020202020202020202020202020202020202020
2020202020202020202020202020202020202020
2020202020202020202020202020202020202020
2020202020202020202020202020202020202020
2020202020202020202020202020202020202020
2020202020202020202020202020202020202020
2020202020202020202020202020202020202020
2020202020202020202020202020202020202020
2020202020202020202020202020202020202020
6c6162656c353932202020202020202020202020
2020202020202020202020202020202020202020
2020202020202020202020202020202020202020
2020202020202020202020202020202020202020
2020202020202020202020202020202020202020
2020202020202020202020202020202020202020
6c6162656c323335202020202020202020202020
2020202020202020202020202020202020202020
2020202020202020202020202020202020202020
2020202020202020202020202020202020202020
2020202020202020202020202020202020202020
2020202020202020202020202020202020202020
2020202020202020202020202020202020202020
2020202020202020202020202020202020202020
2020202020202020202020202020202020202020
2020202020202020202020202020202020202020
2020202020202020202020202020202020202020
2020202020202020202020202020202020202020
2020202020202020202020202020202020202020
2020202020202020202020202020202020202020
2020202020202020202020202020202020202020
2020202020202020202020202020202020202020
2020202020202020202020202020202020202020
2020202020202020202020202020202020202020
2020202020202020202020202020202020202020
6c6162656c323337202020202020202020202020
2020202020202020202020202020202020202020
2020202020202020202020202020202020202020
2020202020202020202020202020202020202020
2020202020202020202020202020202020202020
2020202020202020202020202020202020202020
6c6162656c323336202020202020202020202020
2020202020202020202020202020202020202020
2020202020202020202020202020202020202020
2020202020202020202020202020202020202020
2020202020202020202020202020202020202020
2020202020202020202020202020202020202020
2020202020202020202020202020202020202020
2020202020202020202020202020202020202020
6c6162656c323431202020202020202020202020
2020202020202020202020202020202020202020
2020202020202020202020202020202020202020
2020202020202020202020202020202020202020
2020202020202020202020202020202020202020
6c6162656c323339202020202020202020202020
2020202020202020202020202020202020202020
2020202020202020202020202020202020202020
2020202020202020202020202020202020202020
2020202020202020202020202020202020202020
2020202020202020202020202020202020202020
2020202020202020202020202020202020202020
2020202020202020202020202020202020202020
2020202020202020202020202020202020202020
2020202020202020202020202020202020202020
2020202020202020202020202020202020202020
2020202020202020202020202020202020202020
2020202020202020202020202020202020202020
2020202020202020202020202020202020202020
2020202020202020202020202020202020202020
2020202020202020202020202020202020202020
2020202020202020202020202020202020202020
2020202020202020202020202020202020202020
2020202020202020202020202020202020202020
2020202020202020202020202020202020202020
2020202020202020202020202020202020202020
2020202020202020202020202020202020202020
2020202020202020202020202020202020202020
2020202020202020202020202020202020202020
2020202020202020202020202020202020202020
2020202020202020202020202020202020202020
2020202020202020202020202020202020202020
2020202020202020202020202020202020202020
2020202020202020202020202020202020202020
6c6162656c323434202020202020202020202020
2020202020202020202020202020202020202020
2020202020202020202020202020202020202020
2020202020202020202020202020202020202020
2020202020202020202020202020202020202020
2020202020202020202020202020202020202020
2020202020202020202020202020202020202020
2020202020202020202020202020202020202020
6c6162656c323435202020202020202020202020
2020202020202020202020202020202020202020
2020202020202020202020202020202020202020
2020202020202020202020202020202020202020
2020202020202020202020202020202020202020
2020202020202020202020202020202020202020
2020202020202020202020202020202020202020
2020202020202020202020202020202020202020
2020202020202020202020202020202020202020
2020202020202020202020202020202020202020
2020202020202020202020202020202020202020
2020202020202020202020202020202020202020
2020202020202020202020202020202020202020
2020202020202020202020202020202020202020
2020202020202020202020202020202020202020
2020202020202020202020202020202020202020
2020202020202020202020202020202020202020
6c6162656c323437202020202020202020202020
2020202020202020202020202020202020202020
2020202020202020202020202020202020202020
2020202020202020202020202020202020202020
2020202020202020202020202020202020202020
2020202020202020202020202020202020202020
6c6162656c323436202020202020202020202020
2020202020202020202020202020202020202020
6c6162656c323438202020202020202020202020
2020202020202020202020202020202020202020
2020202020202020202020202020202020202020
2020202020202020202020202020202020202020
2020202020202020202020202020202020202020
2020202020202020202020202020202020202020
2020202020202020202020202020202020202020
6c6162656c323439202020202020202020202020
2020202020202020202020202020202020202020
2020202020202020202020202020202020202020
2020202020202020202020202020202020202020
2020202020202020202020202020202020202020
2020202020202020202020202020202020202020
2020202020202020202020202020202020202020
2020202020202020202020202020202020202020
2020202020202020202020202020202020202020
6c6162656c323530202020202020202020202020
2020202020202020202020202020202020202020
2020202020202020202020202020202020202020
2020202020202020202020202020202020202020
2020202020202020202020202020202020202020
2020202020202020202020202020202020202020
2020202020202020202020202020202020202020
2020202020202020202020202020202020202020
2020202020202020202020202020202020202020
2020202020202020202020202020202020202020
6c6162656c323433202020202020202020202020
2020202020202020202020202020202020202020
6c6162656c323532202020202020202020202020
2020202020202020202020202020202020202020
2020202020202020202020202020202020202020
2020202020202020202020202020202020202020
2020202020202020202020202020202020202020
2020202020202020202020202020202020202020
2020202020202020202020202020202020202020
2020202020202020202020202020202020202020
2020202020202020202020202020202020202020
2020202020202020202020202020202020202020
2020202020202020202020202020202020202020
2020202020202020202020202020202020202020
2020202020202020202020202020202020202020
2020202020202020202020202020202020202020
2020202020202020202020202020202020202020
2020202020202020202020202020202020202020
2020202020202020202020202020202020202020
2020202020202020202020202020202020202020
2020202020202020202020202020202020202020
2020202020202020202020202020202020202020
2020202020202020202020202020202020202020
6c6162656c323535202020202020202020202020
2020202020202020202020202020202020202020
2020202020202020202020202020202020202020
2020202020202020202020202020202020202020
2020202020202020202020202020202020202020
2020202020202020202020202020202020202020
2020202020202020202020202020202020202020
2020202020202020202020202020202020202020
6c6162656c323534202020202020202020202020
2020202020202020202020202020202020202020
2020202020202020202020202020202020202020
2020202020202020202020202020202020202020
2020202020202020202020202020202020202020
2020202020202020202020202020202020202020
2020202020202020202020202020202020202020
2020202020202020202020202020202020202020
2020202020202020202020202020202020202020
2020202020202020202020202020202020202020
2020202020202020202020202020202020202020
2020202020202020202020202020202020202020
2020202020202020202020202020202020202020
2020202020202020202020202020202020202020
2020202020202020202020202020202020202020
2020202020202020202020202020202020202020
6c6162656c323537202020202020202020202020
2020202020202020202020202020202020202020
2020202020202020202020202020202020202020
2020202020202020202020202020202020202020
2020202020202020202020202020202020202020
2020202020202020202020202020202020202020
6c6162656c323536202020202020202020202020
2020202020202020202020202020202020202020
2020202020202020202020202020202020202020
2020202020202020202020202020202020202020
2020202020202020202020202020202020202020
2020202020202020202020202020202020202020
2020202020202020202020202020202020202020
2020202020202020202020202020202020202020
2020202020202020202020202020202020202020
2020202020202020202020202020202020202020
2020202020202020202020202020202020202020
2020202020202020202020202020202020202020
2020202020202020202020202020202020202020
2020202020202020202020202020202020202020
2020202020202020202020202020202020202020
2020202020202020202020202020202020202020
2020202020202020202020202020202020202020
2020202020202020202020202020202020202020
2020202020202020202020202020202020202020
2020202020202020202020202020202020202020
6c6162656c323538202020202020202020202020
2020202020202020202020202020202020202020
2020202020202020202020202020202020202020
6d756c7431367831365f73686966742020202020
2020202020202020202020202020202020202020
2020202020202020202020202020202020202020
2020202020202020202020202020202020202020
2020202020202020202020202020202020202020
2020202020202020202020202020202020202020
2020202020202020202020202020202020202020
2020202020202020202020202020202020202020
2020202020202020202020202020202020202020
2020202020202020202020202020202020202020
2020202020202020202020202020202020202020
73617475725f7375622020202020202020202020
2020202020202020202020202020202020202020
2020202020202020202020202020202020202020
2020202020202020202020202020202020202020
2020202020202020202020202020202020202020
2020202020202020202020202020202020202020
2020202020202020202020202020202020202020
2020202020202020202020202020202020202020
2020202020202020202020202020202020202020
2020202020202020202020202020202020202020
2020202020202020202020202020202020202020
2020202020202020202020202020202020202020
2020202020202020202020202020202020202020
6c6162656c323631202020202020202020202020
2020202020202020202020202020202020202020
2020202020202020202020202020202020202020
2020202020202020202020202020202020202020
2020202020202020202020202020202020202020
2020202020202020202020202020202020202020
2020202020202020202020202020202020202020
2020202020202020202020202020202020202020
2020202020202020202020202020202020202020
2020202020202020202020202020202020202020
6c6162656c323632202020202020202020202020
2020202020202020202020202020202020202020
2020202020202020202020202020202020202020
2020202020202020202020202020202020202020
2020202020202020202020202020202020202020
2020202020202020202020202020202020202020
2020202020202020202020202020202020202020
2020202020202020202020202020202020202020
2020202020202020202020202020202020202020
2020202020202020202020202020202020202020
2020202020202020202020202020202020202020
2020202020202020202020202020202020202020
2020202020202020202020202020202020202020
2020202020202020202020202020202020202020
2020202020202020202020202020202020202020
2020202020202020202020202020202020202020
2020202020202020202020202020202020202020
2020202020202020202020202020202020202020
2020202020202020202020202020202020202020
2020202020202020202020202020202020202020
2020202020202020202020202020202020202020
2020202020202020202020202020202020202020
2020202020202020202020202020202020202020
2020202020202020202020202020202020202020
6c6162656c323635202020202020202020202020
2020202020202020202020202020202020202020
2020202020202020202020202020202020202020
2020202020202020202020202020202020202020
6c6162656c323634202020202020202020202020
2020202020202020202020202020202020202020
2020202020202020202020202020202020202020
2020202020202020202020202020202020202020
2020202020202020202020202020202020202020
2020202020202020202020202020202020202020
6c6162656c323633202020202020202020202020
2020202020202020202020202020202020202020
2020202020202020202020202020202020202020
2020202020202020202020202020202020202020
2020202020202020202020202020202020202020
2020202020202020202020202020202020202020
2020202020202020202020202020202020202020
2020202020202020202020202020202020202020
6c6162656c323636202020202020202020202020
2020202020202020202020202020202020202020
2020202020202020202020202020202020202020
2020202020202020202020202020202020202020
2020202020202020202020202020202020202020
2020202020202020202020202020202020202020
2020202020202020202020202020202020202020
2020202020202020202020202020202020202020
2020202020202020202020202020202020202020
2020202020202020202020202020202020202020
6c6162656c323638202020202020202020202020
2020202020202020202020202020202020202020
2020202020202020202020202020202020202020
2020202020202020202020202020202020202020
6b6c725f6f757431202020202020202020202020
2020202020202020202020202020202020202020
2020202020202020202020202020202020202020
2020202020202020202020202020202020202020
6b6c725f6f757430202020202020202020202020
2020202020202020202020202020202020202020
69676e5f6f75745f746f5f6b6c72202020202020
2020202020202020202020202020202020202020
2020202020202020202020202020202020202020
2020202020202020202020202020202020202020
2020202020202020202020202020202020202020
2020202020202020202020202020202020202020
2020202020202020202020202020202020202020
2020202020202020202020202020202020202020
2020202020202020202020202020202020202020
2020202020202020202020202020202020202020
6c6162656c323731202020202020202020202020
2020202020202020202020202020202020202020
2020202020202020202020202020202020202020
2020202020202020202020202020202020202020
6b6c725f6f7574305f3120202020202020202020
2020202020202020202020202020202020202020
2020202020202020202020202020202020202020
2020202020202020202020202020202020202020
2020202020202020202020202020202020202020
2020202020202020202020202020202020202020
6c6162656c323732202020202020202020202020
2020202020202020202020202020202020202020
2020202020202020202020202020202020202020
2020202020202020202020202020202020202020
2020202020202020202020202020202020202020
2020202020202020202020202020202020202020
2020202020202020202020202020202020202020
2020202020202020202020202020202020202020
6b6c725f6f7574315f3120202020202020202020
2020202020202020202020202020202020202020
2020202020202020202020202020202020202020
2020202020202020202020202020202020202020
6c6162656c323733202020202020202020202020
2020202020202020202020202020202020202020
2020202020202020202020202020202020202020
2020202020202020202020202020202020202020
6b6c725f6f7574305f3320202020202020202020
2020202020202020202020202020202020202020
6c6162656c323734202020202020202020202020
2020202020202020202020202020202020202020
6973765f737465705f6f70656e20202020202020
2020202020202020202020202020202020202020
2020202020202020202020202020202020202020
2020202020202020202020202020202020202020
2020202020202020202020202020202020202020
2020202020202020202020202020202020202020
2020202020202020202020202020202020202020
6973765f737465705f636c6f7365202020202020
2020202020202020202020202020202020202020
2020202020202020202020202020202020202020
2020202020202020202020202020202020202020
2020202020202020202020202020202020202020
2020202020202020202020202020202020202020
2020202020202020202020202020202020202020
2020202020202020202020202020202020202020
2020202020202020202020202020202020202020
6973765f6572726f725f636f7272202020202020
2020202020202020202020202020202020202020
2020202020202020202020202020202020202020
2020202020202020202020202020202020202020
2020202020202020202020202020202020202020
2020202020202020202020202020202020202020
2020202020202020202020202020202020202020
6c6162656c323735202020202020202020202020
2020202020202020202020202020202020202020
2020202020202020202020202020202020202020
2020202020202020202020202020202020202020
2020202020202020202020202020202020202020
2020202020202020202020202020202020202020
2020202020202020202020202020202020202020
2020202020202020202020202020202020202020
6c6162656c323736202020202020202020202020
2020202020202020202020202020202020202020
2020202020202020202020202020202020202020
2020202020202020202020202020202020202020
2020202020202020202020202020202020202020
2020202020202020202020202020202020202020
2020202020202020202020202020202020202020
2020202020202020202020202020202020202020
2020202020202020202020202020202020202020
2020202020202020202020202020202020202020
2020202020202020202020202020202020202020
2020202020202020202020202020202020202020
6c6162656c323737202020202020202020202020
2020202020202020202020202020202020202020
2020202020202020202020202020202020202020
2020202020202020202020202020202020202020
6c6162656c323738202020202020202020202020
6c616d6264615f73746174657570647465202020
2020202020202020202020202020202020202020
2020202020202020202020202020202020202020
2020202020202020202020202020202020202020
2020202020202020202020202020202020202020
2020202020202020202020202020202020202020
2020202020202020202020202020202020202020
2020202020202020202020202020202020202020
2020202020202020202020202020202020202020
2020202020202020202020202020202020202020
2020202020202020202020202020202020202020
2020202020202020202020202020202020202020
2020202020202020202020202020202020202020
2020202020202020202020202020202020202020
2020202020202020202020202020202020202020
6c6162656c323831202020202020202020202020
2020202020202020202020202020202020202020
2020202020202020202020202020202020202020
2020202020202020202020202020202020202020
2020202020202020202020202020202020202020
2020202020202020202020202020202020202020
6c6162656c323832202020202020202020202020
2020202020202020202020202020202020202020
2020202020202020202020202020202020202020
2020202020202020202020202020202020202020
2020202020202020202020202020202020202020
2020202020202020202020202020202020202020
2020202020202020202020202020202020202020
2020202020202020202020202020202020202020
2020202020202020202020202020202020202020
2020202020202020202020202020202020202020
2020202020202020202020202020202020202020
2020202020202020202020202020202020202020
2020202020202020202020202020202020202020
2020202020202020202020202020202020202020
2020202020202020202020202020202020202020
6c6162656c323833202020202020202020202020
2020202020202020202020202020202020202020
2020202020202020202020202020202020202020
2020202020202020202020202020202020202020
2020202020202020202020202020202020202020
2020202020202020202020202020202020202020
2020202020202020202020202020202020202020
2020202020202020202020202020202020202020
2020202020202020202020202020202020202020
2020202020202020202020202020202020202020
2020202020202020202020202020202020202020
2020202020202020202020202020202020202020
2020202020202020202020202020202020202020
2020202020202020202020202020202020202020
2020202020202020202020202020202020202020
2020202020202020202020202020202020202020
2020202020202020202020202020202020202020
2020202020202020202020202020202020202020
2020202020202020202020202020202020202020
2020202020202020202020202020202020202020
2020202020202020202020202020202020202020
2020202020202020202020202020202020202020
2020202020202020202020202020202020202020
6c6162656c323830202020202020202020202020
2020202020202020202020202020202020202020
2020202020202020202020202020202020202020
2020202020202020202020202020202020202020
2020202020202020202020202020202020202020
2020202020202020202020202020202020202020
2020202020202020202020202020202020202020
2020202020202020202020202020202020202020
2020202020202020202020202020202020202020
2020202020202020202020202020202020202020
6c6162656c323834202020202020202020202020
2020202020202020202020202020202020202020
2020202020202020202020202020202020202020
2020202020202020202020202020202020202020
2020202020202020202020202020202020202020
2020202020202020202020202020202020202020
2020202020202020202020202020202020202020
2020202020202020202020202020202020202020
2020202020202020202020202020202020202020
2020202020202020202020202020202020202020
2020202020202020202020202020202020202020
2020202020202020202020202020202020202020
2020202020202020202020202020202020202020
2020202020202020202020202020202020202020
2020202020202020202020202020202020202020
2020202020202020202020202020202020202020
2020202020202020202020202020202020202020
2020202020202020202020202020202020202020
6c6162656c323739202020202020202020202020
2020202020202020202020202020202020202020
2020202020202020202020202020202020202020
7761726d75705f74696d65722020202020202020
2020202020202020202020202020202020202020
2020202020202020202020202020202020202020
2020202020202020202020202020202020202020
2020202020202020202020202020202020202020
2020202020202020202020202020202020202020
2020202020202020202020202020202020202020
2020202020202020202020202020202020202020
2020202020202020202020202020202020202020
2020202020202020202020202020202020202020
2020202020202020202020202020202020202020
2020202020202020202020202020202020202020
6c6162656c323837202020202020202020202020
2020202020202020202020202020202020202020
2020202020202020202020202020202020202020
2020202020202020202020202020202020202020
2020202020202020202020202020202020202020
2020202020202020202020202020202020202020
2020202020202020202020202020202020202020
2020202020202020202020202020202020202020
2020202020202020202020202020202020202020
6c6162656c323836202020202020202020202020
2020202020202020202020202020202020202020
2020202020202020202020202020202020202020
6b6c725f6f75745f646c79202020202020202020
2020202020202020202020202020202020202020
2020202020202020202020202020202020202020
2020202020202020202020202020202020202020
2020202020202020202020202020202020202020
6b6c725f6f7574315f3220202020202020202020
2020202020202020202020202020202020202020
2020202020202020202020202020202020202020
6372616e6b5f73796e6320202020202020202020
2020202020202020202020202020202020202020
2020202020202020202020202020202020202020
2020202020202020202020202020202020202020
2020202020202020202020202020202020202020
2020202020202020202020202020202020202020
2020202020202020202020202020202020202020
2020202020202020202020202020202020202020
2020202020202020202020202020202020202020
2020202020202020202020202020202020202020
2020202020202020202020202020202020202020
2020202020202020202020202020202020202020
2020202020202020202020202020202020202020
2020202020202020202020202020202020202020
2020202020202020202020202020202020202020
2020202020202020202020202020202020202020
2020202020202020202020202020202020202020
2020202020202020202020202020202020202020
2020202020202020202020202020202020202020
2020202020202020202020202020202020202020
2020202020202020202020202020202020202020
2020202020202020202020202020202020202020
2020202020202020202020202020202020202020
2020202020202020202020202020202020202020
2020202020202020202020202020202020202020
6372616e6b5f73796e635f6c6f6f702020202020
2020202020202020202020202020202020202020
2020202020202020202020202020202020202020
2020202020202020202020202020202020202020
2020202020202020202020202020202020202020
2020202020202020202020202020202020202020
2020202020202020202020202020202020202020
2020202020202020202020202020202020202020
2020202020202020202020202020202020202020
6c6162656c323839202020202020202020202020
2020202020202020202020202020202020202020
2020202020202020202020202020202020202020
2020202020202020202020202020202020202020
2020202020202020202020202020202020202020
2020202020202020202020202020202020202020
2020202020202020202020202020202020202020
2020202020202020202020202020202020202020
2020202020202020202020202020202020202020
2020202020202020202020202020202020202020
2020202020202020202020202020202020202020
2020202020202020202020202020202020202020
6c6162656c323931202020202020202020202020
2020202020202020202020202020202020202020
2020202020202020202020202020202020202020
2020202020202020202020202020202020202020
2020202020202020202020202020202020202020
2020202020202020202020202020202020202020
2020202020202020202020202020202020202020
6372616e6b5f6564676520202020202020202020
2020202020202020202020202020202020202020
2020202020202020202020202020202020202020
2020202020202020202020202020202020202020
2020202020202020202020202020202020202020
2020202020202020202020202020202020202020
2020202020202020202020202020202020202020
2020202020202020202020202020202020202020
2020202020202020202020202020202020202020
2020202020202020202020202020202020202020
2020202020202020202020202020202020202020
2020202020202020202020202020202020202020
2020202020202020202020202020202020202020
2020202020202020202020202020202020202020
2020202020202020202020202020202020202020
2020202020202020202020202020202020202020
2020202020202020202020202020202020202020
2020202020202020202020202020202020202020
2020202020202020202020202020202020202020
2020202020202020202020202020202020202020
6c6162656c323932202020202020202020202020
2020202020202020202020202020202020202020
2020202020202020202020202020202020202020
2020202020202020202020202020202020202020
2020202020202020202020202020202020202020
2020202020202020202020202020202020202020
636c725f31635f32202020202020202020202020
2020202020202020202020202020202020202020
2020202020202020202020202020202020202020
2020202020202020202020202020202020202020
2020202020202020202020202020202020202020
2020202020202020202020202020202020202020
2020202020202020202020202020202020202020
2020202020202020202020202020202020202020
2020202020202020202020202020202020202020
2020202020202020202020202020202020202020
2020202020202020202020202020202020202020
2020202020202020202020202020202020202020
2020202020202020202020202020202020202020
2020202020202020202020202020202020202020
2020202020202020202020202020202020202020
2020202020202020202020202020202020202020
2020202020202020202020202020202020202020
2020202020202020202020202020202020202020
2020202020202020202020202020202020202020
2020202020202020202020202020202020202020
2020202020202020202020202020202020202020
2020202020202020202020202020202020202020
6c6162656c323934202020202020202020202020
2020202020202020202020202020202020202020
2020202020202020202020202020202020202020
2020202020202020202020202020202020202020
6c6162656c323935202020202020202020202020
2020202020202020202020202020202020202020
2020202020202020202020202020202020202020
2020202020202020202020202020202020202020
2020202020202020202020202020202020202020
2020202020202020202020202020202020202020
2020202020202020202020202020202020202020
2020202020202020202020202020202020202020
2020202020202020202020202020202020202020
2020202020202020202020202020202020202020
2020202020202020202020202020202020202020
2020202020202020202020202020202020202020
2020202020202020202020202020202020202020
6c6162656c323938202020202020202020202020
2020202020202020202020202020202020202020
2020202020202020202020202020202020202020
2020202020202020202020202020202020202020
2020202020202020202020202020202020202020
2020202020202020202020202020202020202020
2020202020202020202020202020202020202020
2020202020202020202020202020202020202020
2020202020202020202020202020202020202020
2020202020202020202020202020202020202020
2020202020202020202020202020202020202020
2020202020202020202020202020202020202020
2020202020202020202020202020202020202020
2020202020202020202020202020202020202020
2020202020202020202020202020202020202020
2020202020202020202020202020202020202020
2020202020202020202020202020202020202020
2020202020202020202020202020202020202020
2020202020202020202020202020202020202020
2020202020202020202020202020202020202020
6c6162656c333032202020202020202020202020
2020202020202020202020202020202020202020
2020202020202020202020202020202020202020
2020202020202020202020202020202020202020
6c6162656c333033202020202020202020202020
2020202020202020202020202020202020202020
2020202020202020202020202020202020202020
2020202020202020202020202020202020202020
2020202020202020202020202020202020202020
2020202020202020202020202020202020202020
6c6162656c323939202020202020202020202020
2020202020202020202020202020202020202020
2020202020202020202020202020202020202020
2020202020202020202020202020202020202020
2020202020202020202020202020202020202020
2020202020202020202020202020202020202020
2020202020202020202020202020202020202020
2020202020202020202020202020202020202020
2020202020202020202020202020202020202020
2020202020202020202020202020202020202020
2020202020202020202020202020202020202020
2020202020202020202020202020202020202020
2020202020202020202020202020202020202020
2020202020202020202020202020202020202020
2020202020202020202020202020202020202020
2020202020202020202020202020202020202020
2020202020202020202020202020202020202020
2020202020202020202020202020202020202020
2020202020202020202020202020202020202020
2020202020202020202020202020202020202020
2020202020202020202020202020202020202020
2020202020202020202020202020202020202020
6c6162656c333034202020202020202020202020
2020202020202020202020202020202020202020
2020202020202020202020202020202020202020
6c6162656c333036202020202020202020202020
2020202020202020202020202020202020202020
2020202020202020202020202020202020202020
2020202020202020202020202020202020202020
6c6162656c333037202020202020202020202020
2020202020202020202020202020202020202020
2020202020202020202020202020202020202020
2020202020202020202020202020202020202020
2020202020202020202020202020202020202020
2020202020202020202020202020202020202020
2020202020202020202020202020202020202020
2020202020202020202020202020202020202020
2020202020202020202020202020202020202020
2020202020202020202020202020202020202020
2020202020202020202020202020202020202020
2020202020202020202020202020202020202020
2020202020202020202020202020202020202020
2020202020202020202020202020202020202020
2020202020202020202020202020202020202020
6c6162656c333030202020202020202020202020
2020202020202020202020202020202020202020
2020202020202020202020202020202020202020
2020202020202020202020202020202020202020
2020202020202020202020202020202020202020
2020202020202020202020202020202020202020
6c6162656c333031202020202020202020202020
2020202020202020202020202020202020202020
2020202020202020202020202020202020202020
2020202020202020202020202020202020202020
2020202020202020202020202020202020202020
2020202020202020202020202020202020202020
6c6162656c333035202020202020202020202020
2020202020202020202020202020202020202020
2020202020202020202020202020202020202020
2020202020202020202020202020202020202020
2020202020202020202020202020202020202020
2020202020202020202020202020202020202020
2020202020202020202020202020202020202020
2020202020202020202020202020202020202020
2020202020202020202020202020202020202020
2020202020202020202020202020202020202020
2020202020202020202020202020202020202020
2020202020202020202020202020202020202020
2020202020202020202020202020202020202020
2020202020202020202020202020202020202020
2020202020202020202020202020202020202020
2020202020202020202020202020202020202020
2020202020202020202020202020202020202020
6c6162656c323937202020202020202020202020
2020202020202020202020202020202020202020
2020202020202020202020202020202020202020
2020202020202020202020202020202020202020
2020202020202020202020202020202020202020
2020202020202020202020202020202020202020
2020202020202020202020202020202020202020
2020202020202020202020202020202020202020
2020202020202020202020202020202020202020
2020202020202020202020202020202020202020
2020202020202020202020202020202020202020
2020202020202020202020202020202020202020
2020202020202020202020202020202020202020
2020202020202020202020202020202020202020
2020202020202020202020202020202020202020
6c6162656c333039202020202020202020202020
2020202020202020202020202020202020202020
2020202020202020202020202020202020202020
2020202020202020202020202020202020202020
2020202020202020202020202020202020202020
2020202020202020202020202020202020202020
2020202020202020202020202020202020202020
2020202020202020202020202020202020202020
2020202020202020202020202020202020202020
2020202020202020202020202020202020202020
2020202020202020202020202020202020202020
2020202020202020202020202020202020202020
2020202020202020202020202020202020202020
6c6162656c333130202020202020202020202020
2020202020202020202020202020202020202020
2020202020202020202020202020202020202020
2020202020202020202020202020202020202020
2020202020202020202020202020202020202020
2020202020202020202020202020202020202020
2020202020202020202020202020202020202020
2020202020202020202020202020202020202020
2020202020202020202020202020202020202020
2020202020202020202020202020202020202020
2020202020202020202020202020202020202020
2020202020202020202020202020202020202020
2020202020202020202020202020202020202020
2020202020202020202020202020202020202020
2020202020202020202020202020202020202020
2020202020202020202020202020202020202020
2020202020202020202020202020202020202020
2020202020202020202020202020202020202020
2020202020202020202020202020202020202020
2020202020202020202020202020202020202020
2020202020202020202020202020202020202020
2020202020202020202020202020202020202020
2020202020202020202020202020202020202020
2020202020202020202020202020202020202020
2020202020202020202020202020202020202020
2020202020202020202020202020202020202020
2020202020202020202020202020202020202020
6c6162656c333131202020202020202020202020
2020202020202020202020202020202020202020
2020202020202020202020202020202020202020
2020202020202020202020202020202020202020
2020202020202020202020202020202020202020
2020202020202020202020202020202020202020
2020202020202020202020202020202020202020
2020202020202020202020202020202020202020
2020202020202020202020202020202020202020
6c6162656c333132202020202020202020202020
2020202020202020202020202020202020202020
6c6162656c333038202020202020202020202020
2020202020202020202020202020202020202020
2020202020202020202020202020202020202020
2020202020202020202020202020202020202020
2020202020202020202020202020202020202020
2020202020202020202020202020202020202020
2020202020202020202020202020202020202020
2020202020202020202020202020202020202020
2020202020202020202020202020202020202020
2020202020202020202020202020202020202020
2020202020202020202020202020202020202020
2020202020202020202020202020202020202020
2020202020202020202020202020202020202020
2020202020202020202020202020202020202020
2020202020202020202020202020202020202020
2020202020202020202020202020202020202020
2020202020202020202020202020202020202020
2020202020202020202020202020202020202020
2020202020202020202020202020202020202020
2020202020202020202020202020202020202020
2020202020202020202020202020202020202020
6c6162656c333133202020202020202020202020
2020202020202020202020202020202020202020
6c6162656c333134202020202020202020202020
2020202020202020202020202020202020202020
2020202020202020202020202020202020202020
2020202020202020202020202020202020202020
2020202020202020202020202020202020202020
2020202020202020202020202020202020202020
2020202020202020202020202020202020202020
2020202020202020202020202020202020202020
2020202020202020202020202020202020202020
2020202020202020202020202020202020202020
2020202020202020202020202020202020202020
2020202020202020202020202020202020202020
2020202020202020202020202020202020202020
2020202020202020202020202020202020202020
2020202020202020202020202020202020202020
2020202020202020202020202020202020202020
2020202020202020202020202020202020202020
2020202020202020202020202020202020202020
2020202020202020202020202020202020202020
6c6162656c333135202020202020202020202020
2020202020202020202020202020202020202020
2020202020202020202020202020202020202020
6c6162656c333137202020202020202020202020
2020202020202020202020202020202020202020
2020202020202020202020202020202020202020
2020202020202020202020202020202020202020
2020202020202020202020202020202020202020
2020202020202020202020202020202020202020
2020202020202020202020202020202020202020
6c6162656c333136202020202020202020202020
2020202020202020202020202020202020202020
2020202020202020202020202020202020202020
2020202020202020202020202020202020202020
2020202020202020202020202020202020202020
2020202020202020202020202020202020202020
2020202020202020202020202020202020202020
2020202020202020202020202020202020202020
2020202020202020202020202020202020202020
2020202020202020202020202020202020202020
2020202020202020202020202020202020202020
2020202020202020202020202020202020202020
2020202020202020202020202020202020202020
2020202020202020202020202020202020202020
2020202020202020202020202020202020202020
2020202020202020202020202020202020202020
2020202020202020202020202020202020202020
2020202020202020202020202020202020202020
2020202020202020202020202020202020202020
6c6162656c333230202020202020202020202020
2020202020202020202020202020202020202020
2020202020202020202020202020202020202020
2020202020202020202020202020202020202020
6c6162656c333139202020202020202020202020
2020202020202020202020202020202020202020
2020202020202020202020202020202020202020
2020202020202020202020202020202020202020
2020202020202020202020202020202020202020
2020202020202020202020202020202020202020
2020202020202020202020202020202020202020
2020202020202020202020202020202020202020
6c6162656c333437202020202020202020202020
2020202020202020202020202020202020202020
2020202020202020202020202020202020202020
2020202020202020202020202020202020202020
2020202020202020202020202020202020202020
2020202020202020202020202020202020202020
2020202020202020202020202020202020202020
2020202020202020202020202020202020202020
2020202020202020202020202020202020202020
2020202020202020202020202020202020202020
2020202020202020202020202020202020202020
2020202020202020202020202020202020202020
2020202020202020202020202020202020202020
2020202020202020202020202020202020202020
2020202020202020202020202020202020202020
2020202020202020202020202020202020202020
2020202020202020202020202020202020202020
2020202020202020202020202020202020202020
2020202020202020202020202020202020202020
2020202020202020202020202020202020202020
2020202020202020202020202020202020202020
2020202020202020202020202020202020202020
2020202020202020202020202020202020202020
2020202020202020202020202020202020202020
2020202020202020202020202020202020202020
2020202020202020202020202020202020202020
2020202020202020202020202020202020202020
2020202020202020202020202020202020202020
2020202020202020202020202020202020202020
2020202020202020202020202020202020202020
2020202020202020202020202020202020202020
2020202020202020202020202020202020202020
2020202020202020202020202020202020202020
2020202020202020202020202020202020202020
69676e5f616c745f626173652020202020202020
2020202020202020202020202020202020202020
2020202020202020202020202020202020202020
6c6162656c333235202020202020202020202020
2020202020202020202020202020202020202020
2020202020202020202020202020202020202020
2020202020202020202020202020202020202020
2020202020202020202020202020202020202020
2020202020202020202020202020202020202020
2020202020202020202020202020202020202020
2020202020202020202020202020202020202020
2020202020202020202020202020202020202020
2020202020202020202020202020202020202020
2020202020202020202020202020202020202020
2020202020202020202020202020202020202020
2020202020202020202020202020202020202020
2020202020202020202020202020202020202020
6c6162656c333237202020202020202020202020
2020202020202020202020202020202020202020
2020202020202020202020202020202020202020
2020202020202020202020202020202020202020
2020202020202020202020202020202020202020
2020202020202020202020202020202020202020
2020202020202020202020202020202020202020
2020202020202020202020202020202020202020
2020202020202020202020202020202020202020
2020202020202020202020202020202020202020
2020202020202020202020202020202020202020
2020202020202020202020202020202020202020
2020202020202020202020202020202020202020
2020202020202020202020202020202020202020
2020202020202020202020202020202020202020
2020202020202020202020202020202020202020
2020202020202020202020202020202020202020
2020202020202020202020202020202020202020
6c6162656c333239202020202020202020202020
2020202020202020202020202020202020202020
2020202020202020202020202020202020202020
2020202020202020202020202020202020202020
2020202020202020202020202020202020202020
2020202020202020202020202020202020202020
2020202020202020202020202020202020202020
2020202020202020202020202020202020202020
2020202020202020202020202020202020202020
2020202020202020202020202020202020202020
2020202020202020202020202020202020202020
2020202020202020202020202020202020202020
2020202020202020202020202020202020202020
2020202020202020202020202020202020202020
2020202020202020202020202020202020202020
2020202020202020202020202020202020202020
2020202020202020202020202020202020202020
2020202020202020202020202020202020202020
2020202020202020202020202020202020202020
2020202020202020202020202020202020202020
2020202020202020202020202020202020202020
2020202020202020202020202020202020202020
2020202020202020202020202020202020202020
2020202020202020202020202020202020202020
2020202020202020202020202020202020202020
2020202020202020202020202020202020202020
2020202020202020202020202020202020202020
2020202020202020202020202020202020202020
2020202020202020202020202020202020202020
2020202020202020202020202020202020202020
2020202020202020202020202020202020202020
2020202020202020202020202020202020202020
2020202020202020202020202020202020202020
6c6162656c333330202020202020202020202020
2020202020202020202020202020202020202020
2020202020202020202020202020202020202020
2020202020202020202020202020202020202020
2020202020202020202020202020202020202020
2020202020202020202020202020202020202020
2020202020202020202020202020202020202020
2020202020202020202020202020202020202020
2020202020202020202020202020202020202020
2020202020202020202020202020202020202020
2020202020202020202020202020202020202020
2020202020202020202020202020202020202020
2020202020202020202020202020202020202020
2020202020202020202020202020202020202020
2020202020202020202020202020202020202020
2020202020202020202020202020202020202020
2020202020202020202020202020202020202020
2020202020202020202020202020202020202020
2020202020202020202020202020202020202020
2020202020202020202020202020202020202020
2020202020202020202020202020202020202020
2020202020202020202020202020202020202020
2020202020202020202020202020202020202020
6c6162656c333332202020202020202020202020
2020202020202020202020202020202020202020
2020202020202020202020202020202020202020
2020202020202020202020202020202020202020
2020202020202020202020202020202020202020
2020202020202020202020202020202020202020
2020202020202020202020202020202020202020
2020202020202020202020202020202020202020
2020202020202020202020202020202020202020
6c6162656c333331202020202020202020202020
2020202020202020202020202020202020202020
2020202020202020202020202020202020202020
2020202020202020202020202020202020202020
2020202020202020202020202020202020202020
2020202020202020202020202020202020202020
2020202020202020202020202020202020202020
2020202020202020202020202020202020202020
2020202020202020202020202020202020202020
2020202020202020202020202020202020202020
2020202020202020202020202020202020202020
2020202020202020202020202020202020202020
2020202020202020202020202020202020202020
2020202020202020202020202020202020202020
2020202020202020202020202020202020202020
2020202020202020202020202020202020202020
2020202020202020202020202020202020202020
2020202020202020202020202020202020202020
2020202020202020202020202020202020202020
2020202020202020202020202020202020202020
2020202020202020202020202020202020202020
2020202020202020202020202020202020202020
2020202020202020202020202020202020202020
2020202020202020202020202020202020202020
2020202020202020202020202020202020202020
2020202020202020202020202020202020202020
2020202020202020202020202020202020202020
2020202020202020202020202020202020202020
2020202020202020202020202020202020202020
2020202020202020202020202020202020202020
2020202020202020202020202020202020202020
2020202020202020202020202020202020202020
6c6162656c333335202020202020202020202020
2020202020202020202020202020202020202020
2020202020202020202020202020202020202020
2020202020202020202020202020202020202020
2020202020202020202020202020202020202020
2020202020202020202020202020202020202020
2020202020202020202020202020202020202020
2020202020202020202020202020202020202020
2020202020202020202020202020202020202020
2020202020202020202020202020202020202020
2020202020202020202020202020202020202020
2020202020202020202020202020202020202020
2020202020202020202020202020202020202020
2020202020202020202020202020202020202020
2020202020202020202020202020202020202020
2020202020202020202020202020202020202020
2020202020202020202020202020202020202020
2020202020202020202020202020202020202020
2020202020202020202020202020202020202020
2020202020202020202020202020202020202020
2020202020202020202020202020202020202020
2020202020202020202020202020202020202020
2020202020202020202020202020202020202020
6c6162656c333336202020202020202020202020
2020202020202020202020202020202020202020
2020202020202020202020202020202020202020
2020202020202020202020202020202020202020
2020202020202020202020202020202020202020
2020202020202020202020202020202020202020
2020202020202020202020202020202020202020
2020202020202020202020202020202020202020
2020202020202020202020202020202020202020
2020202020202020202020202020202020202020
2020202020202020202020202020202020202020
2020202020202020202020202020202020202020
2020202020202020202020202020202020202020
6c6162656c333337202020202020202020202020
2020202020202020202020202020202020202020
2020202020202020202020202020202020202020
2020202020202020202020202020202020202020
2020202020202020202020202020202020202020
2020202020202020202020202020202020202020
2020202020202020202020202020202020202020
2020202020202020202020202020202020202020
6c6162656c333338202020202020202020202020
2020202020202020202020202020202020202020
2020202020202020202020202020202020202020
2020202020202020202020202020202020202020
2020202020202020202020202020202020202020
6c6162656c333339202020202020202020202020
2020202020202020202020202020202020202020
2020202020202020202020202020202020202020
6c6162656c333238202020202020202020202020
2020202020202020202020202020202020202020
2020202020202020202020202020202020202020
2020202020202020202020202020202020202020
2020202020202020202020202020202020202020
2020202020202020202020202020202020202020
2020202020202020202020202020202020202020
2020202020202020202020202020202020202020
2020202020202020202020202020202020202020
2020202020202020202020202020202020202020
2020202020202020202020202020202020202020
2020202020202020202020202020202020202020
2020202020202020202020202020202020202020
2020202020202020202020202020202020202020
6c6162656c333431202020202020202020202020
2020202020202020202020202020202020202020
2020202020202020202020202020202020202020
2020202020202020202020202020202020202020
2020202020202020202020202020202020202020
2020202020202020202020202020202020202020
2020202020202020202020202020202020202020
2020202020202020202020202020202020202020
2020202020202020202020202020202020202020
2020202020202020202020202020202020202020
2020202020202020202020202020202020202020
2020202020202020202020202020202020202020
2020202020202020202020202020202020202020
2020202020202020202020202020202020202020
2020202020202020202020202020202020202020
2020202020202020202020202020202020202020
2020202020202020202020202020202020202020
2020202020202020202020202020202020202020
2020202020202020202020202020202020202020
2020202020202020202020202020202020202020
2020202020202020202020202020202020202020
2020202020202020202020202020202020202020
2020202020202020202020202020202020202020
6c6162656c333432202020202020202020202020
2020202020202020202020202020202020202020
2020202020202020202020202020202020202020
2020202020202020202020202020202020202020
2020202020202020202020202020202020202020
2020202020202020202020202020202020202020
2020202020202020202020202020202020202020
2020202020202020202020202020202020202020
2020202020202020202020202020202020202020
2020202020202020202020202020202020202020
6c6162656c333433202020202020202020202020
2020202020202020202020202020202020202020
2020202020202020202020202020202020202020
2020202020202020202020202020202020202020
2020202020202020202020202020202020202020
2020202020202020202020202020202020202020
2020202020202020202020202020202020202020
2020202020202020202020202020202020202020
2020202020202020202020202020202020202020
6c6162656c333434202020202020202020202020
2020202020202020202020202020202020202020
2020202020202020202020202020202020202020
2020202020202020202020202020202020202020
6c6162656c333435202020202020202020202020
2020202020202020202020202020202020202020
2020202020202020202020202020202020202020
2020202020202020202020202020202020202020
2020202020202020202020202020202020202020
2020202020202020202020202020202020202020
2020202020202020202020202020202020202020
6c6162656c333233202020202020202020202020
2020202020202020202020202020202020202020
2020202020202020202020202020202020202020
2020202020202020202020202020202020202020
2020202020202020202020202020202020202020
2020202020202020202020202020202020202020
2020202020202020202020202020202020202020
2020202020202020202020202020202020202020
2020202020202020202020202020202020202020
2020202020202020202020202020202020202020
2020202020202020202020202020202020202020
2020202020202020202020202020202020202020
2020202020202020202020202020202020202020
2020202020202020202020202020202020202020
2020202020202020202020202020202020202020
2020202020202020202020202020202020202020
2020202020202020202020202020202020202020
2020202020202020202020202020202020202020
2020202020202020202020202020202020202020
2020202020202020202020202020202020202020
2020202020202020202020202020202020202020
2020202020202020202020202020202020202020
2020202020202020202020202020202020202020
6c6162656c333436202020202020202020202020
2020202020202020202020202020202020202020
2020202020202020202020202020202020202020
2020202020202020202020202020202020202020
696e746572706f6c202020202020202020202020
2020202020202020202020202020202020202020
2020202020202020202020202020202020202020
2020202020202020202020202020202020202020
2020202020202020202020202020202020202020
2020202020202020202020202020202020202020
2020202020202020202020202020202020202020
2020202020202020202020202020202020202020
2020202020202020202020202020202020202020
2020202020202020202020202020202020202020
2020202020202020202020202020202020202020
2020202020202020202020202020202020202020
2020202020202020202020202020202020202020
2020202020202020202020202020202020202020
2020202020202020202020202020202020202020
2020202020202020202020202020202020202020
2020202020202020202020202020202020202020
2020202020202020202020202020202020202020
2020202020202020202020202020202020202020
2020202020202020202020202020202020202020
6c6162656c333439202020202020202020202020
2020202020202020202020202020202020202020
2020202020202020202020202020202020202020
2020202020202020202020202020202020202020
2020202020202020202020202020202020202020
2020202020202020202020202020202020202020
2020202020202020202020202020202020202020
2020202020202020202020202020202020202020
2020202020202020202020202020202020202020
2020202020202020202020202020202020202020
2020202020202020202020202020202020202020
2020202020202020202020202020202020202020
2020202020202020202020202020202020202020
2020202020202020202020202020202020202020
2020202020202020202020202020202020202020
2020202020202020202020202020202020202020
6c6162656c333531202020202020202020202020
2020202020202020202020202020202020202020
2020202020202020202020202020202020202020
2020202020202020202020202020202020202020
2020202020202020202020202020202020202020
2020202020202020202020202020202020202020
2020202020202020202020202020202020202020
2020202020202020202020202020202020202020
2020202020202020202020202020202020202020
2020202020202020202020202020202020202020
2020202020202020202020202020202020202020
2020202020202020202020202020202020202020
2020202020202020202020202020202020202020
2020202020202020202020202020202020202020
2020202020202020202020202020202020202020
2020202020202020202020202020202020202020
2020202020202020202020202020202020202020
2020202020202020202020202020202020202020
2020202020202020202020202020202020202020
2020202020202020202020202020202020202020
2020202020202020202020202020202020202020
2020202020202020202020202020202020202020
2020202020202020202020202020202020202020
2020202020202020202020202020202020202020
2020202020202020202020202020202020202020
2020202020202020202020202020202020202020
2020202020202020202020202020202020202020
2020202020202020202020202020202020202020
2020202020202020202020202020202020202020
2020202020202020202020202020202020202020
2020202020202020202020202020202020202020
2020202020202020202020202020202020202020
6c6162656c333530202020202020202020202020
2020202020202020202020202020202020202020
2020202020202020202020202020202020202020
2020202020202020202020202020202020202020
2020202020202020202020202020202020202020
2020202020202020202020202020202020202020
2020202020202020202020202020202020202020
2020202020202020202020202020202020202020
6c6162656c333532202020202020202020202020
2020202020202020202020202020202020202020
2020202020202020202020202020202020202020
2020202020202020202020202020202020202020
2020202020202020202020202020202020202020
2020202020202020202020202020202020202020
2020202020202020202020202020202020202020
2020202020202020202020202020202020202020
2020202020202020202020202020202020202020
2020202020202020202020202020202020202020
2020202020202020202020202020202020202020
2020202020202020202020202020202020202020
2020202020202020202020202020202020202020
2020202020202020202020202020202020202020
2020202020202020202020202020202020202020
2020202020202020202020202020202020202020
2020202020202020202020202020202020202020
2020202020202020202020202020202020202020
2020202020202020202020202020202020202020
2020202020202020202020202020202020202020
2020202020202020202020202020202020202020
2020202020202020202020202020202020202020
2020202020202020202020202020202020202020
2020202020202020202020202020202020202020
2020202020202020202020202020202020202020
2020202020202020202020202020202020202020
6c6162656c333534202020202020202020202020
2020202020202020202020202020202020202020
2020202020202020202020202020202020202020
2020202020202020202020202020202020202020
2020202020202020202020202020202020202020
2020202020202020202020202020202020202020
2020202020202020202020202020202020202020
2020202020202020202020202020202020202020
2020202020202020202020202020202020202020
2020202020202020202020202020202020202020
2020202020202020202020202020202020202020
2020202020202020202020202020202020202020
6c6162656c333535202020202020202020202020
2020202020202020202020202020202020202020
2020202020202020202020202020202020202020
2020202020202020202020202020202020202020
6c6162656c333536202020202020202020202020
2020202020202020202020202020202020202020
2020202020202020202020202020202020202020
6c6162656c323936202020202020202020202020
2020202020202020202020202020202020202020
2020202020202020202020202020202020202020
2020202020202020202020202020202020202020
2020202020202020202020202020202020202020
2020202020202020202020202020202020202020
2020202020202020202020202020202020202020
2020202020202020202020202020202020202020
2020202020202020202020202020202020202020
2020202020202020202020202020202020202020
2020202020202020202020202020202020202020
2020202020202020202020202020202020202020
2020202020202020202020202020202020202020
2020202020202020202020202020202020202020
2020202020202020202020202020202020202020
2020202020202020202020202020202020202020
2020202020202020202020202020202020202020
2020202020202020202020202020202020202020
6675656c5f70756d705f6f6e3120202020202020
2020202020202020202020202020202020202020
2020202020202020202020202020202020202020
2020202020202020202020202020202020202020
2020202020202020202020202020202020202020
2020202020202020202020202020202020202020
2020202020202020202020202020202020202020
2020202020202020202020202020202020202020
2020202020202020202020202020202020202020
2020202020202020202020202020202020202020
2020202020202020202020202020202020202020
2020202020202020202020202020202020202020
2020202020202020202020202020202020202020
2020202020202020202020202020202020202020
2020202020202020202020202020202020202020
2020202020202020202020202020202020202020
2020202020202020202020202020202020202020
2020202020202020202020202020202020202020
2020202020202020202020202020202020202020
2020202020202020202020202020202020202020
2020202020202020202020202020202020202020
2020202020202020202020202020202020202020
2020202020202020202020202020202020202020
2020202020202020202020202020202020202020
2020202020202020202020202020202020202020
2020202020202020202020202020202020202020
2020202020202020202020202020202020202020
2020202020202020202020202020202020202020
2020202020202020202020202020202020202020
2020202020202020202020202020202020202020
2020202020202020202020202020202020202020
2020202020202020202020202020202020202020
2020202020202020202020202020202020202020
2020202020202020202020202020202020202020
2020202020202020202020202020202020202020
2020202020202020202020202020202020202020
2020202020202020202020202020202020202020
2020202020202020202020202020202020202020
2020202020202020202020202020202020202020
2020202020202020202020202020202020202020
2020202020202020202020202020202020202020
2020202020202020202020202020202020202020
2020202020202020202020202020202020202020
2020202020202020202020202020202020202020
2020202020202020202020202020202020202020
2020202020202020202020202020202020202020
2020202020202020202020202020202020202020
2020202020202020202020202020202020202020
2020202020202020202020202020202020202020
2020202020202020202020202020202020202020
2020202020202020202020202020202020202020
2020202020202020202020202020202020202020
2020202020202020202020202020202020202020
2020202020202020202020202020202020202020
2020202020202020202020202020202020202020
2020202020202020202020202020202020202020
2020202020202020202020202020202020202020
2020202020202020202020202020202020202020
2020202020202020202020202020202020202020
6d756c74325f3136622020202020202020202020
2020202020202020202020202020202020202020
2020202020202020202020202020202020202020
2020202020202020202020202020202020202020
6c6162656c333637202020202020202020202020
2020202020202020202020202020202020202020
2020202020202020202020202020202020202020
2020202020202020202020202020202020202020
2020202020202020202020202020202020202020
2020202020202020202020202020202020202020
2020202020202020202020202020202020202020
2020202020202020202020202020202020202020
2020202020202020202020202020202020202020
2020202020202020202020202020202020202020
2020202020202020202020202020202020202020
2020202020202020202020202020202020202020
2020202020202020202020202020202020202020
2020202020202020202020202020202020202020
2020202020202020202020202020202020202020
2020202020202020202020202020202020202020
2020202020202020202020202020202020202020
2020202020202020202020202020202020202020
2020202020202020202020202020202020202020
2020202020202020202020202020202020202020
2020202020202020202020202020202020202020
6b6c725f6f7574305f3220202020202020202020
2020202020202020202020202020202020202020
6c6162656c343330202020202020202020202020
2020202020202020202020202020202020202020
2020202020202020202020202020202020202020
6d61696e5f315f6a6d7020202020202020202020
2020202020202020202020202020202020202020
2020202020202020202020202020202020202020
6d61696e5f636f6e745f6a6d7020202020202020
2020202020202020202020202020202020202020
2020202020202020202020202020202020202020
6a6d705f746f5f7a65726f5f72616d2020202020
2020202020202020202020202020202020202020
2020202020202020202020202020202020202020
6c6162656c353120202020202020202020202020
2020202020202020202020202020202020202020
2020202020202020202020202020202020202020
2020202020202020202020202020202020202020
2020202020202020202020202020202020202020
2020202020202020202020202020202020202020
6c6162656c343535202020202020202020202020
2020202020202020202020202020202020202020
6c6162656c343431202020202020202020202020
6c6162656c353620202020202020202020202020
2020202020202020202020202020202020202020
2020202020202020202020202020202020202020
64656c6179313063792020202020202020202020
2020202020202020202020202020202020202020
2020202020202020202020202020202020202020
6a6d705f6164765f6f7574202020202020202020
2020202020202020202020202020202020202020
2020202020202020202020202020202020202020
2020202020202020202020202020202020202020
2020202020202020202020202020202020202020
2020202020202020202020202020202020202020
2020202020202020202020202020202020202020
2020202020202020202020202020202020202020
2020202020202020202020202020202020202020
2020202020202020202020202020202020202020
2020202020202020202020202020202020202020
2020202020202020202020202020202020202020
6c6162656c323220202020202020202020202020
2020202020202020202020202020202020202020
2020202020202020202020202020202020202020
6c6162656c333420202020202020202020202020
2020202020202020202020202020202020202020
2020202020202020202020202020202020202020
6c6162656c343320202020202020202020202020
2020202020202020202020202020202020202020
2020202020202020202020202020202020202020
6c6162656c383620202020202020202020202020
2020202020202020202020202020202020202020
2020202020202020202020202020202020202020
6c6162656c383720202020202020202020202020
2020202020202020202020202020202020202020
2020202020202020202020202020202020202020
616972666c6f7731202020202020202020202020
2020202020202020202020202020202020202020
2020202020202020202020202020202020202020
64756d6d795f3130336220202020202020202020
2020202020202020202020202020202020202020
2020202020202020202020202020202020202020
6c6162656c393320202020202020202020202020
2020202020202020202020202020202020202020
2020202020202020202020202020202020202020
2020202020202020202020202020202020202020
2020202020202020202020202020202020202020
2020202020202020202020202020202020202020
2020202020202020202020202020202020202020
2020202020202020202020202020202020202020
2020202020202020202020202020202020202020
6c6162656c313339202020202020202020202020
2020202020202020202020202020202020202020
2020202020202020202020202020202020202020
6c6162656c313534202020202020202020202020
2020202020202020202020202020202020202020
2020202020202020202020202020202020202020
6c6162656c313538202020202020202020202020
2020202020202020202020202020202020202020
2020202020202020202020202020202020202020
6c6162656c313835202020202020202020202020
2020202020202020202020202020202020202020
2020202020202020202020202020202020202020
6c6162656c313836202020202020202020202020
2020202020202020202020202020202020202020
2020202020202020202020202020202020202020
6c6162656c323838202020202020202020202020
2020202020202020202020202020202020202020
2020202020202020202020202020202020202020
6c6162656c323835202020202020202020202020
2020202020202020202020202020202020202020
2020202020202020202020202020202020202020
6c6162656c323432202020202020202020202020
2020202020202020202020202020202020202020
2020202020202020202020202020202020202020
646961675f736e617073686f745f6a6d70202020
2020202020202020202020202020202020202020
2020202020202020202020202020202020202020
6c6162656c323539202020202020202020202020
2020202020202020202020202020202020202020
2020202020202020202020202020202020202020
6c6162656c323630202020202020202020202020
2020202020202020202020202020202020202020
2020202020202020202020202020202020202020
6c6162656c313838202020202020202020202020
2020202020202020202020202020202020202020
2020202020202020202020202020202020202020
6c6162656c313938202020202020202020202020
2020202020202020202020202020202020202020
2020202020202020202020202020202020202020
6c6162656c323033202020202020202020202020
2020202020202020202020202020202020202020
2020202020202020202020202020202020202020
6c6162656c323039202020202020202020202020
2020202020202020202020202020202020202020
2020202020202020202020202020202020202020
6c6162656c323138202020202020202020202020
2020202020202020202020202020202020202020
2020202020202020202020202020202020202020
6c6162656c323235202020202020202020202020
2020202020202020202020202020202020202020
2020202020202020202020202020202020202020
6c6162656c323330202020202020202020202020
2020202020202020202020202020202020202020
2020202020202020202020202020202020202020
6c6f616474696d6572315f6a6d70322020202020
2020202020202020202020202020202020202020
2020202020202020202020202020202020202020
6c6162656c333232202020202020202020202020
2020202020202020202020202020202020202020
2020202020202020202020202020202020202020
6c6162656c333236202020202020202020202020
2020202020202020202020202020202020202020
2020202020202020202020202020202020202020
6c6162656c333334202020202020202020202020
2020202020202020202020202020202020202020
2020202020202020202020202020202020202020
6c6162656c333430202020202020202020202020
2020202020202020202020202020202020202020
2020202020202020202020202020202020202020
6c6162656c333438202020202020202020202020
2020202020202020202020202020202020202020
2020202020202020202020202020202020202020
2020202020202020202020202020202020202020
2020202020202020202020202020202020202020
2020202020202020202020202020202020202020
2020202020202020202020202020202020202020
2020202020202020202020202020202020202020
2020202020202020202020202020202020202020
2020202020202020202020202020202020202020
2020202020202020202020202020202020202020
2020202020202020202020202020202020202020
2020202020202020202020202020202020202020
2020202020202020202020202020202020202020
2020202020202020202020202020202020202020
2020202020202020202020202020202020202020
2020202020202020202020202020202020202020
2020202020202020202020202020202020202020
2020202020202020202020202020202020202020
2020202020202020202020202020202020202020
2020202020202020202020202020202020202020
2020202020202020202020202020202020202020
2020202020202020202020202020202020202020
2020202020202020202020202020202020202020
2020202020202020202020202020202020202020
2020202020202020202020202020202020202020
2020202020202020202020202020202020202020
2020202020202020202020202020202020202020
2020202020202020202020202020202020202020
2020202020202020202020202020202020202020
2020202020202020202020202020202020202020
2020202020202020202020202020202020202020
2020202020202020202020202020202020202020
2020202020202020202020202020202020202020
2020202020202020202020202020202020202020
2020202020202020202020202020202020202020
2020202020202020202020202020202020202020
2020202020202020202020202020202020202020
2020202020202020202020202020202020202020
2020202020202020202020202020202020202020
2020202020202020202020202020202020202020
2020202020202020202020202020202020202020
2020202020202020202020202020202020202020
2020202020202020202020202020202020202020
2020202020202020202020202020202020202020
2020202020202020202020202020202020202020
2020202020202020202020202020202020202020
2020202020202020202020202020202020202020
2020202020202020202020202020202020202020
2020202020202020202020202020202020202020
2020202020202020202020202020202020202020
2020202020202020202020202020202020202020
2020202020202020202020202020202020202020
2020202020202020202020202020202020202020
2020202020202020202020202020202020202020
2020202020202020202020202020202020202020
2020202020202020202020202020202020202020
2020202020202020202020202020202020202020
2020202020202020202020202020202020202020
2020202020202020202020202020202020202020
2020202020202020202020202020202020202020
2020202020202020202020202020202020202020
2020202020202020202020202020202020202020
2020202020202020202020202020202020202020
2020202020202020202020202020202020202020
2020202020202020202020202020202020202020
2020202020202020202020202020202020202020
2020202020202020202020202020202020202020
2020202020202020202020202020202020202020
2020202020202020202020202020202020202020
2020202020202020202020202020202020202020
2020202020202020202020202020202020202020
2020202020202020202020202020202020202020
2020202020202020202020202020202020202020
6c6162656c343130202020202020202020202020
2020202020202020202020202020202020202020
2020202020202020202020202020202020202020
2020202020202020202020202020202020202020
2020202020202020202020202020202020202020
2020202020202020202020202020202020202020
2020202020202020202020202020202020202020
2020202020202020202020202020202020202020
6c6162656c343033202020202020202020202020
2020202020202020202020202020202020202020
2020202020202020202020202020202020202020
2020202020202020202020202020202020202020
2020202020202020202020202020202020202020
2020202020202020202020202020202020202020
2020202020202020202020202020202020202020
2020202020202020202020202020202020202020
2020202020202020202020202020202020202020
2020202020202020202020202020202020202020
2020202020202020202020202020202020202020
2020202020202020202020202020202020202020
2020202020202020202020202020202020202020
2020202020202020202020202020202020202020
2020202020202020202020202020202020202020
2020202020202020202020202020202020202020
2020202020202020202020202020202020202020
2020202020202020202020202020202020202020
2020202020202020202020202020202020202020
2020202020202020202020202020202020202020
2020202020202020202020202020202020202020
2020202020202020202020202020202020202020
2020202020202020202020202020202020202020
2020202020202020202020202020202020202020
2020202020202020202020202020202020202020
2020202020202020202020202020202020202020
2020202020202020202020202020202020202020
2020202020202020202020202020202020202020
2020202020202020202020202020202020202020
2020202020202020202020202020202020202020
2020202020202020202020202020202020202020
2020202020202020202020202020202020202020
2020202020202020202020202020202020202020
6c6162656c343237202020202020202020202020
2020202020202020202020202020202020202020
6c6162656c343239202020202020202020202020
2020202020202020202020202020202020202020
2020202020202020202020202020202020202020
2020202020202020202020202020202020202020
2020202020202020202020202020202020202020
2020202020202020202020202020202020202020
2020202020202020202020202020202020202020
2020202020202020202020202020202020202020
2020202020202020202020202020202020202020
2020202020202020202020202020202020202020
2020202020202020202020202020202020202020
2020202020202020202020202020202020202020
6c6162656c333939202020202020202020202020
6c6162656c343030202020202020202020202020
2020202020202020202020202020202020202020
2020202020202020202020202020202020202020
2020202020202020202020202020202020202020
2020202020202020202020202020202020202020
2020202020202020202020202020202020202020
2020202020202020202020202020202020202020
2020202020202020202020202020202020202020
6c6162656c343235202020202020202020202020
2020202020202020202020202020202020202020
2020202020202020202020202020202020202020
2020202020202020202020202020202020202020
2020202020202020202020202020202020202020
6c6162656c343837202020202020202020202020
2020202020202020202020202020202020202020
2020202020202020202020202020202020202020
2020202020202020202020202020202020202020
2020202020202020202020202020202020202020
2020202020202020202020202020202020202020
2020202020202020202020202020202020202020
2020202020202020202020202020202020202020
2020202020202020202020202020202020202020
2020202020202020202020202020202020202020
2020202020202020202020202020202020202020
2020202020202020202020202020202020202020
2020202020202020202020202020202020202020
2020202020202020202020202020202020202020
2020202020202020202020202020202020202020
2020202020202020202020202020202020202020
2020202020202020202020202020202020202020
2020202020202020202020202020202020202020
2020202020202020202020202020202020202020
6c6162656c343638202020202020202020202020
2020202020202020202020202020202020202020
2020202020202020202020202020202020202020
6c6162656c343630202020202020202020202020
6c6162656c343632202020202020202020202020
2020202020202020202020202020202020202020
2020202020202020202020202020202020202020
2020202020202020202020202020202020202020
2020202020202020202020202020202020202020
6c6162656c343536202020202020202020202020
2020202020202020202020202020202020202020
6c6162656c343134202020202020202020202020
2020202020202020202020202020202020202020
2020202020202020202020202020202020202020
2020202020202020202020202020202020202020
2020202020202020202020202020202020202020
2020202020202020202020202020202020202020
2020202020202020202020202020202020202020
2020202020202020202020202020202020202020
2020202020202020202020202020202020202020
2020202020202020202020202020202020202020
2020202020202020202020202020202020202020
2020202020202020202020202020202020202020
2020202020202020202020202020202020202020
2020202020202020202020202020202020202020
2020202020202020202020202020202020202020
2020202020202020202020202020202020202020
6c6162656c343336202020202020202020202020
2020202020202020202020202020202020202020
2020202020202020202020202020202020202020
2020202020202020202020202020202020202020
2020202020202020202020202020202020202020
2020202020202020202020202020202020202020
2020202020202020202020202020202020202020
2020202020202020202020202020202020202020
2020202020202020202020202020202020202020
2020202020202020202020202020202020202020
2020202020202020202020202020202020202020
2020202020202020202020202020202020202020
2020202020202020202020202020202020202020
2020202020202020202020202020202020202020
2020202020202020202020202020202020202020
2020202020202020202020202020202020202020
2020202020202020202020202020202020202020
2020202020202020202020202020202020202020
2020202020202020202020202020202020202020
2020202020202020202020202020202020202020
2020202020202020202020202020202020202020
2020202020202020202020202020202020202020
2020202020202020202020202020202020202020
2020202020202020202020202020202020202020
2020202020202020202020202020202020202020
2020202020202020202020202020202020202020
2020202020202020202020202020202020202020
6c6162656c343931202020202020202020202020
2020202020202020202020202020202020202020
2020202020202020202020202020202020202020
2020202020202020202020202020202020202020
2020202020202020202020202020202020202020
6c6162656c353034202020202020202020202020
2020202020202020202020202020202020202020
2020202020202020202020202020202020202020
2020202020202020202020202020202020202020
2020202020202020202020202020202020202020
2020202020202020202020202020202020202020
2020202020202020202020202020202020202020
2020202020202020202020202020202020202020
2020202020202020202020202020202020202020
2020202020202020202020202020202020202020
2020202020202020202020202020202020202020
2020202020202020202020202020202020202020
2020202020202020202020202020202020202020
2020202020202020202020202020202020202020
2020202020202020202020202020202020202020
2020202020202020202020202020202020202020
2020202020202020202020202020202020202020
2020202020202020202020202020202020202020
2020202020202020202020202020202020202020
2020202020202020202020202020202020202020
2020202020202020202020202020202020202020
2020202020202020202020202020202020202020
2020202020202020202020202020202020202020
2020202020202020202020202020202020202020
2020202020202020202020202020202020202020
2020202020202020202020202020202020202020
2020202020202020202020202020202020202020
2020202020202020202020202020202020202020
6c6162656c343135202020202020202020202020
6c6162656c343236202020202020202020202020
6c6162656c343136202020202020202020202020
2020202020202020202020202020202020202020
2020202020202020202020202020202020202020
2020202020202020202020202020202020202020
6c6162656c343138202020202020202020202020
2020202020202020202020202020202020202020
6c6162656c343139202020202020202020202020
2020202020202020202020202020202020202020
6c6162656c343230202020202020202020202020
2020202020202020202020202020202020202020
2020202020202020202020202020202020202020
2020202020202020202020202020202020202020
2020202020202020202020202020202020202020
2020202020202020202020202020202020202020
2020202020202020202020202020202020202020
2020202020202020202020202020202020202020
2020202020202020202020202020202020202020
2020202020202020202020202020202020202020
2020202020202020202020202020202020202020
2020202020202020202020202020202020202020
6c6162656c343231202020202020202020202020
2020202020202020202020202020202020202020
6c6162656c343232202020202020202020202020
2020202020202020202020202020202020202020
6c6162656c343233202020202020202020202020
2020202020202020202020202020202020202020
2020202020202020202020202020202020202020
2020202020202020202020202020202020202020
2020202020202020202020202020202020202020
2020202020202020202020202020202020202020
2020202020202020202020202020202020202020
2020202020202020202020202020202020202020
2020202020202020202020202020202020202020
2020202020202020202020202020202020202020
2020202020202020202020202020202020202020
2020202020202020202020202020202020202020
2020202020202020202020202020202020202020
2020202020202020202020202020202020202020
2020202020202020202020202020202020202020
2020202020202020202020202020202020202020
2020202020202020202020202020202020202020
2020202020202020202020202020202020202020
2020202020202020202020202020202020202020
2020202020202020202020202020202020202020
2020202020202020202020202020202020202020
2020202020202020202020202020202020202020
2020202020202020202020202020202020202020
2020202020202020202020202020202020202020
2020202020202020202020202020202020202020
6c6162656c343339202020202020202020202020
2020202020202020202020202020202020202020
2020202020202020202020202020202020202020
2020202020202020202020202020202020202020
2020202020202020202020202020202020202020
2020202020202020202020202020202020202020
2020202020202020202020202020202020202020
2020202020202020202020202020202020202020
2020202020202020202020202020202020202020
2020202020202020202020202020202020202020
2020202020202020202020202020202020202020
2020202020202020202020202020202020202020
2020202020202020202020202020202020202020
2020202020202020202020202020202020202020
2020202020202020202020202020202020202020
2020202020202020202020202020202020202020
2020202020202020202020202020202020202020
2020202020202020202020202020202020202020
2020202020202020202020202020202020202020
2020202020202020202020202020202020202020
2020202020202020202020202020202020202020
2020202020202020202020202020202020202020
2020202020202020202020202020202020202020
2020202020202020202020202020202020202020
2020202020202020202020202020202020202020
2020202020202020202020202020202020202020
2020202020202020202020202020202020202020
2020202020202020202020202020202020202020
6c6162656c343238202020202020202020202020
2020202020202020202020202020202020202020
2020202020202020202020202020202020202020
2020202020202020202020202020202020202020
2020202020202020202020202020202020202020
2020202020202020202020202020202020202020
2020202020202020202020202020202020202020
2020202020202020202020202020202020202020
2020202020202020202020202020202020202020
2020202020202020202020202020202020202020
2020202020202020202020202020202020202020
2020202020202020202020202020202020202020
2020202020202020202020202020202020202020
2020202020202020202020202020202020202020
2020202020202020202020202020202020202020
2020202020202020202020202020202020202020
2020202020202020202020202020202020202020
2020202020202020202020202020202020202020
2020202020202020202020202020202020202020
2020202020202020202020202020202020202020
2020202020202020202020202020202020202020
2020202020202020202020202020202020202020
2020202020202020202020202020202020202020
2020202020202020202020202020202020202020
2020202020202020202020202020202020202020
2020202020202020202020202020202020202020
2020202020202020202020202020202020202020
2020202020202020202020202020202020202020
2020202020202020202020202020202020202020
2020202020202020202020202020202020202020
2020202020202020202020202020202020202020
2020202020202020202020202020202020202020
2020202020202020202020202020202020202020
2020202020202020202020202020202020202020
2020202020202020202020202020202020202020
2020202020202020202020202020202020202020
2020202020202020202020202020202020202020
2020202020202020202020202020202020202020
2020202020202020202020202020202020202020
2020202020202020202020202020202020202020
2020202020202020202020202020202020202020
2020202020202020202020202020202020202020
2020202020202020202020202020202020202020
6c6162656c343335202020202020202020202020
2020202020202020202020202020202020202020
2020202020202020202020202020202020202020
6c6162656c343337202020202020202020202020
2020202020202020202020202020202020202020
2020202020202020202020202020202020202020
2020202020202020202020202020202020202020
2020202020202020202020202020202020202020
2020202020202020202020202020202020202020
2020202020202020202020202020202020202020
2020202020202020202020202020202020202020
2020202020202020202020202020202020202020
2020202020202020202020202020202020202020
2020202020202020202020202020202020202020
2020202020202020202020202020202020202020
2020202020202020202020202020202020202020
2020202020202020202020202020202020202020
2020202020202020202020202020202020202020
2020202020202020202020202020202020202020
2020202020202020202020202020202020202020
2020202020202020202020202020202020202020
2020202020202020202020202020202020202020
2020202020202020202020202020202020202020
2020202020202020202020202020202020202020
2020202020202020202020202020202020202020
6c6162656c343435202020202020202020202020
2020202020202020202020202020202020202020
2020202020202020202020202020202020202020
2020202020202020202020202020202020202020
2020202020202020202020202020202020202020
2020202020202020202020202020202020202020
2020202020202020202020202020202020202020
2020202020202020202020202020202020202020
6c6162656c343432202020202020202020202020
2020202020202020202020202020202020202020
6c6162656c343437202020202020202020202020
2020202020202020202020202020202020202020
2020202020202020202020202020202020202020
2020202020202020202020202020202020202020
6c6162656c343532202020202020202020202020
2020202020202020202020202020202020202020
2020202020202020202020202020202020202020
2020202020202020202020202020202020202020
2020202020202020202020202020202020202020
2020202020202020202020202020202020202020
2020202020202020202020202020202020202020
2020202020202020202020202020202020202020
2020202020202020202020202020202020202020
2020202020202020202020202020202020202020
2020202020202020202020202020202020202020
2020202020202020202020202020202020202020
2020202020202020202020202020202020202020
2020202020202020202020202020202020202020
2020202020202020202020202020202020202020
2020202020202020202020202020202020202020
2020202020202020202020202020202020202020
2020202020202020202020202020202020202020
2020202020202020202020202020202020202020
2020202020202020202020202020202020202020
2020202020202020202020202020202020202020
2020202020202020202020202020202020202020
2020202020202020202020202020202020202020
2020202020202020202020202020202020202020
2020202020202020202020202020202020202020
2020202020202020202020202020202020202020
2020202020202020202020202020202020202020
2020202020202020202020202020202020202020
2020202020202020202020202020202020202020
2020202020202020202020202020202020202020
2020202020202020202020202020202020202020
2020202020202020202020202020202020202020
2020202020202020202020202020202020202020
2020202020202020202020202020202020202020
2020202020202020202020202020202020202020
2020202020202020202020202020202020202020
2020202020202020202020202020202020202020
2020202020202020202020202020202020202020
2020202020202020202020202020202020202020
2020202020202020202020202020202020202020
2020202020202020202020202020202020202020
2020202020202020202020202020202020202020
6c6162656c353332202020202020202020202020
2020202020202020202020202020202020202020
2020202020202020202020202020202020202020
2020202020202020202020202020202020202020
2020202020202020202020202020202020202020
2020202020202020202020202020202020202020
2020202020202020202020202020202020202020
2020202020202020202020202020202020202020
2020202020202020202020202020202020202020
2020202020202020202020202020202020202020
2020202020202020202020202020202020202020
2020202020202020202020202020202020202020
2020202020202020202020202020202020202020
2020202020202020202020202020202020202020
2020202020202020202020202020202020202020
2020202020202020202020202020202020202020
2020202020202020202020202020202020202020
2020202020202020202020202020202020202020
2020202020202020202020202020202020202020
2020202020202020202020202020202020202020
2020202020202020202020202020202020202020
2020202020202020202020202020202020202020
2020202020202020202020202020202020202020
2020202020202020202020202020202020202020
2020202020202020202020202020202020202020
2020202020202020202020202020202020202020
2020202020202020202020202020202020202020
2020202020202020202020202020202020202020
2020202020202020202020202020202020202020
2020202020202020202020202020202020202020
2020202020202020202020202020202020202020
2020202020202020202020202020202020202020
2020202020202020202020202020202020202020
2020202020202020202020202020202020202020
2020202020202020202020202020202020202020
2020202020202020202020202020202020202020
2020202020202020202020202020202020202020
2020202020202020202020202020202020202020
2020202020202020202020202020202020202020
2020202020202020202020202020202020202020
2020202020202020202020202020202020202020
2020202020202020202020202020202020202020
2020202020202020202020202020202020202020
2020202020202020202020202020202020202020
2020202020202020202020202020202020202020
2020202020202020202020202020202020202020
2020202020202020202020202020202020202020
2020202020202020202020202020202020202020
2020202020202020202020202020202020202020
2020202020202020202020202020202020202020
2020202020202020202020202020202020202020
2020202020202020202020202020202020202020
2020202020202020202020202020202020202020
2020202020202020202020202020202020202020
2020202020202020202020202020202020202020
2020202020202020202020202020202020202020
2020202020202020202020202020202020202020
2020202020202020202020202020202020202020
2020202020202020202020202020202020202020
2020202020202020202020202020202020202020
2020202020202020202020202020202020202020
2020202020202020202020202020202020202020
2020202020202020202020202020202020202020
2020202020202020202020202020202020202020
2020202020202020202020202020202020202020
2020202020202020202020202020202020202020
2020202020202020202020202020202020202020
2020202020202020202020202020202020202020
2020202020202020202020202020202020202020
2020202020202020202020202020202020202020
6c6162656c343438202020202020202020202020
2020202020202020202020202020202020202020
2020202020202020202020202020202020202020
2020202020202020202020202020202020202020
2020202020202020202020202020202020202020
2020202020202020202020202020202020202020
2020202020202020202020202020202020202020
2020202020202020202020202020202020202020
2020202020202020202020202020202020202020
2020202020202020202020202020202020202020
2020202020202020202020202020202020202020
2020202020202020202020202020202020202020
2020202020202020202020202020202020202020
2020202020202020202020202020202020202020
2020202020202020202020202020202020202020
2020202020202020202020202020202020202020
2020202020202020202020202020202020202020
2020202020202020202020202020202020202020
2020202020202020202020202020202020202020
2020202020202020202020202020202020202020
2020202020202020202020202020202020202020
2020202020202020202020202020202020202020
2020202020202020202020202020202020202020
2020202020202020202020202020202020202020
2020202020202020202020202020202020202020
2020202020202020202020202020202020202020
2020202020202020202020202020202020202020
2020202020202020202020202020202020202020
2020202020202020202020202020202020202020
2020202020202020202020202020202020202020
2020202020202020202020202020202020202020
2020202020202020202020202020202020202020
2020202020202020202020202020202020202020
2020202020202020202020202020202020202020
2020202020202020202020202020202020202020
2020202020202020202020202020202020202020
2020202020202020202020202020202020202020
2020202020202020202020202020202020202020
2020202020202020202020202020202020202020
2020202020202020202020202020202020202020
2020202020202020202020202020202020202020
2020202020202020202020202020202020202020
2020202020202020202020202020202020202020
2020202020202020202020202020202020202020
2020202020202020202020202020202020202020
2020202020202020202020202020202020202020
2020202020202020202020202020202020202020
2020202020202020202020202020202020202020
2020202020202020202020202020202020202020
2020202020202020202020202020202020202020
2020202020202020202020202020202020202020
2020202020202020202020202020202020202020
2020202020202020202020202020202020202020
2020202020202020202020202020202020202020
2020202020202020202020202020202020202020
2020202020202020202020202020202020202020
2020202020202020202020202020202020202020
2020202020202020202020202020202020202020
2020202020202020202020202020202020202020
2020202020202020202020202020202020202020
2020202020202020202020202020202020202020
2020202020202020202020202020202020202020
2020202020202020202020202020202020202020
2020202020202020202020202020202020202020
2020202020202020202020202020202020202020
2020202020202020202020202020202020202020
2020202020202020202020202020202020202020
2020202020202020202020202020202020202020
2020202020202020202020202020202020202020
2020202020202020202020202020202020202020
2020202020202020202020202020202020202020
2020202020202020202020202020202020202020
2020202020202020202020202020202020202020
2020202020202020202020202020202020202020
2020202020202020202020202020202020202020
2020202020202020202020202020202020202020
2020202020202020202020202020202020202020
2020202020202020202020202020202020202020
2020202020202020202020202020202020202020
2020202020202020202020202020202020202020
2020202020202020202020202020202020202020
2020202020202020202020202020202020202020
2020202020202020202020202020202020202020
2020202020202020202020202020202020202020
2020202020202020202020202020202020202020
2020202020202020202020202020202020202020
2020202020202020202020202020202020202020
2020202020202020202020202020202020202020
6c6162656c343537202020202020202020202020
2020202020202020202020202020202020202020
2020202020202020202020202020202020202020
2020202020202020202020202020202020202020
2020202020202020202020202020202020202020
2020202020202020202020202020202020202020
2020202020202020202020202020202020202020
2020202020202020202020202020202020202020
2020202020202020202020202020202020202020
2020202020202020202020202020202020202020
2020202020202020202020202020202020202020
2020202020202020202020202020202020202020
2020202020202020202020202020202020202020
2020202020202020202020202020202020202020
2020202020202020202020202020202020202020
2020202020202020202020202020202020202020
2020202020202020202020202020202020202020
6c6162656c343032202020202020202020202020
2020202020202020202020202020202020202020
2020202020202020202020202020202020202020
2020202020202020202020202020202020202020
2020202020202020202020202020202020202020
2020202020202020202020202020202020202020
2020202020202020202020202020202020202020
2020202020202020202020202020202020202020
2020202020202020202020202020202020202020
2020202020202020202020202020202020202020
2020202020202020202020202020202020202020
2020202020202020202020202020202020202020
2020202020202020202020202020202020202020
2020202020202020202020202020202020202020
2020202020202020202020202020202020202020
2020202020202020202020202020202020202020
2020202020202020202020202020202020202020
2020202020202020202020202020202020202020
2020202020202020202020202020202020202020
2020202020202020202020202020202020202020
2020202020202020202020202020202020202020
2020202020202020202020202020202020202020
2020202020202020202020202020202020202020
2020202020202020202020202020202020202020
2020202020202020202020202020202020202020
2020202020202020202020202020202020202020
2020202020202020202020202020202020202020
2020202020202020202020202020202020202020
2020202020202020202020202020202020202020
2020202020202020202020202020202020202020
2020202020202020202020202020202020202020
2020202020202020202020202020202020202020
2020202020202020202020202020202020202020
2020202020202020202020202020202020202020
2020202020202020202020202020202020202020
6c6162656c343538202020202020202020202020
2020202020202020202020202020202020202020
2020202020202020202020202020202020202020
6c6162656c343534202020202020202020202020
2020202020202020202020202020202020202020
2020202020202020202020202020202020202020
2020202020202020202020202020202020202020
2020202020202020202020202020202020202020
2020202020202020202020202020202020202020
2020202020202020202020202020202020202020
2020202020202020202020202020202020202020
2020202020202020202020202020202020202020
2020202020202020202020202020202020202020
2020202020202020202020202020202020202020
2020202020202020202020202020202020202020
2020202020202020202020202020202020202020
2020202020202020202020202020202020202020
2020202020202020202020202020202020202020
2020202020202020202020202020202020202020
6c6162656c343835202020202020202020202020
2020202020202020202020202020202020202020
2020202020202020202020202020202020202020
2020202020202020202020202020202020202020
2020202020202020202020202020202020202020
6c6162656c343836202020202020202020202020
2020202020202020202020202020202020202020
2020202020202020202020202020202020202020
2020202020202020202020202020202020202020
2020202020202020202020202020202020202020
2020202020202020202020202020202020202020
2020202020202020202020202020202020202020
2020202020202020202020202020202020202020
2020202020202020202020202020202020202020
2020202020202020202020202020202020202020
2020202020202020202020202020202020202020
2020202020202020202020202020202020202020
2020202020202020202020202020202020202020
2020202020202020202020202020202020202020
2020202020202020202020202020202020202020
2020202020202020202020202020202020202020
2020202020202020202020202020202020202020
2020202020202020202020202020202020202020
2020202020202020202020202020202020202020
2020202020202020202020202020202020202020
2020202020202020202020202020202020202020
2020202020202020202020202020202020202020
2020202020202020202020202020202020202020
6c6162656c343634202020202020202020202020
2020202020202020202020202020202020202020
2020202020202020202020202020202020202020
2020202020202020202020202020202020202020
2020202020202020202020202020202020202020
2020202020202020202020202020202020202020
2020202020202020202020202020202020202020
2020202020202020202020202020202020202020
6c6162656c343635202020202020202020202020
2020202020202020202020202020202020202020
2020202020202020202020202020202020202020
2020202020202020202020202020202020202020
2020202020202020202020202020202020202020
6c6162656c343036202020202020202020202020
2020202020202020202020202020202020202020
2020202020202020202020202020202020202020
6c6162656c343734202020202020202020202020
2020202020202020202020202020202020202020
2020202020202020202020202020202020202020
2020202020202020202020202020202020202020
6c6162656c343636202020202020202020202020
2020202020202020202020202020202020202020
2020202020202020202020202020202020202020
2020202020202020202020202020202020202020
2020202020202020202020202020202020202020
2020202020202020202020202020202020202020
2020202020202020202020202020202020202020
2020202020202020202020202020202020202020
2020202020202020202020202020202020202020
2020202020202020202020202020202020202020
2020202020202020202020202020202020202020
2020202020202020202020202020202020202020
2020202020202020202020202020202020202020
2020202020202020202020202020202020202020
2020202020202020202020202020202020202020
2020202020202020202020202020202020202020
2020202020202020202020202020202020202020
2020202020202020202020202020202020202020
6c6162656c343637202020202020202020202020
2020202020202020202020202020202020202020
2020202020202020202020202020202020202020
2020202020202020202020202020202020202020
2020202020202020202020202020202020202020
2020202020202020202020202020202020202020
2020202020202020202020202020202020202020
2020202020202020202020202020202020202020
2020202020202020202020202020202020202020
2020202020202020202020202020202020202020
2020202020202020202020202020202020202020
2020202020202020202020202020202020202020
2020202020202020202020202020202020202020
2020202020202020202020202020202020202020
2020202020202020202020202020202020202020
2020202020202020202020202020202020202020
6c6162656c343639202020202020202020202020
2020202020202020202020202020202020202020
2020202020202020202020202020202020202020
2020202020202020202020202020202020202020
2020202020202020202020202020202020202020
2020202020202020202020202020202020202020
2020202020202020202020202020202020202020
2020202020202020202020202020202020202020
2020202020202020202020202020202020202020
2020202020202020202020202020202020202020
2020202020202020202020202020202020202020
2020202020202020202020202020202020202020
2020202020202020202020202020202020202020
2020202020202020202020202020202020202020
2020202020202020202020202020202020202020
2020202020202020202020202020202020202020
2020202020202020202020202020202020202020
2020202020202020202020202020202020202020
2020202020202020202020202020202020202020
2020202020202020202020202020202020202020
2020202020202020202020202020202020202020
2020202020202020202020202020202020202020
2020202020202020202020202020202020202020
2020202020202020202020202020202020202020
2020202020202020202020202020202020202020
2020202020202020202020202020202020202020
2020202020202020202020202020202020202020
2020202020202020202020202020202020202020
2020202020202020202020202020202020202020
2020202020202020202020202020202020202020
2020202020202020202020202020202020202020
2020202020202020202020202020202020202020
2020202020202020202020202020202020202020
2020202020202020202020202020202020202020
2020202020202020202020202020202020202020
2020202020202020202020202020202020202020
2020202020202020202020202020202020202020
2020202020202020202020202020202020202020
2020202020202020202020202020202020202020
2020202020202020202020202020202020202020
2020202020202020202020202020202020202020
2020202020202020202020202020202020202020
2020202020202020202020202020202020202020
2020202020202020202020202020202020202020
2020202020202020202020202020202020202020
2020202020202020202020202020202020202020
2020202020202020202020202020202020202020
2020202020202020202020202020202020202020
2020202020202020202020202020202020202020
2020202020202020202020202020202020202020
2020202020202020202020202020202020202020
2020202020202020202020202020202020202020
2020202020202020202020202020202020202020
2020202020202020202020202020202020202020
2020202020202020202020202020202020202020
2020202020202020202020202020202020202020
2020202020202020202020202020202020202020
2020202020202020202020202020202020202020
2020202020202020202020202020202020202020
2020202020202020202020202020202020202020
2020202020202020202020202020202020202020
6c6162656c343730202020202020202020202020
2020202020202020202020202020202020202020
2020202020202020202020202020202020202020
2020202020202020202020202020202020202020
2020202020202020202020202020202020202020
6c6162656c343731202020202020202020202020
2020202020202020202020202020202020202020
2020202020202020202020202020202020202020
2020202020202020202020202020202020202020
2020202020202020202020202020202020202020
2020202020202020202020202020202020202020
2020202020202020202020202020202020202020
2020202020202020202020202020202020202020
2020202020202020202020202020202020202020
2020202020202020202020202020202020202020
2020202020202020202020202020202020202020
2020202020202020202020202020202020202020
2020202020202020202020202020202020202020
2020202020202020202020202020202020202020
2020202020202020202020202020202020202020
2020202020202020202020202020202020202020
2020202020202020202020202020202020202020
2020202020202020202020202020202020202020
2020202020202020202020202020202020202020
2020202020202020202020202020202020202020
2020202020202020202020202020202020202020
2020202020202020202020202020202020202020
2020202020202020202020202020202020202020
2020202020202020202020202020202020202020
2020202020202020202020202020202020202020
2020202020202020202020202020202020202020
2020202020202020202020202020202020202020
2020202020202020202020202020202020202020
2020202020202020202020202020202020202020
2020202020202020202020202020202020202020
2020202020202020202020202020202020202020
2020202020202020202020202020202020202020
2020202020202020202020202020202020202020
2020202020202020202020202020202020202020
2020202020202020202020202020202020202020
2020202020202020202020202020202020202020
2020202020202020202020202020202020202020
2020202020202020202020202020202020202020
2020202020202020202020202020202020202020
2020202020202020202020202020202020202020
2020202020202020202020202020202020202020
2020202020202020202020202020202020202020
2020202020202020202020202020202020202020
2020202020202020202020202020202020202020
2020202020202020202020202020202020202020
2020202020202020202020202020202020202020
2020202020202020202020202020202020202020
2020202020202020202020202020202020202020
2020202020202020202020202020202020202020
2020202020202020202020202020202020202020
2020202020202020202020202020202020202020
2020202020202020202020202020202020202020
2020202020202020202020202020202020202020
2020202020202020202020202020202020202020
2020202020202020202020202020202020202020
2020202020202020202020202020202020202020
2020202020202020202020202020202020202020
2020202020202020202020202020202020202020
6c6162656c343737202020202020202020202020
2020202020202020202020202020202020202020
2020202020202020202020202020202020202020
2020202020202020202020202020202020202020
2020202020202020202020202020202020202020
2020202020202020202020202020202020202020
2020202020202020202020202020202020202020
6c6162656c343738202020202020202020202020
2020202020202020202020202020202020202020
2020202020202020202020202020202020202020
2020202020202020202020202020202020202020
2020202020202020202020202020202020202020
2020202020202020202020202020202020202020
2020202020202020202020202020202020202020
2020202020202020202020202020202020202020
2020202020202020202020202020202020202020
2020202020202020202020202020202020202020
2020202020202020202020202020202020202020
2020202020202020202020202020202020202020
2020202020202020202020202020202020202020
2020202020202020202020202020202020202020
2020202020202020202020202020202020202020
2020202020202020202020202020202020202020
2020202020202020202020202020202020202020
2020202020202020202020202020202020202020
2020202020202020202020202020202020202020
2020202020202020202020202020202020202020
6c6162656c343832202020202020202020202020
2020202020202020202020202020202020202020
2020202020202020202020202020202020202020
2020202020202020202020202020202020202020
2020202020202020202020202020202020202020
2020202020202020202020202020202020202020
2020202020202020202020202020202020202020
2020202020202020202020202020202020202020
2020202020202020202020202020202020202020
2020202020202020202020202020202020202020
2020202020202020202020202020202020202020
2020202020202020202020202020202020202020
2020202020202020202020202020202020202020
2020202020202020202020202020202020202020
2020202020202020202020202020202020202020
2020202020202020202020202020202020202020
2020202020202020202020202020202020202020
2020202020202020202020202020202020202020
2020202020202020202020202020202020202020
2020202020202020202020202020202020202020
2020202020202020202020202020202020202020
2020202020202020202020202020202020202020
2020202020202020202020202020202020202020
2020202020202020202020202020202020202020
2020202020202020202020202020202020202020
2020202020202020202020202020202020202020
2020202020202020202020202020202020202020
2020202020202020202020202020202020202020
2020202020202020202020202020202020202020
2020202020202020202020202020202020202020
2020202020202020202020202020202020202020
2020202020202020202020202020202020202020
2020202020202020202020202020202020202020
2020202020202020202020202020202020202020
2020202020202020202020202020202020202020
2020202020202020202020202020202020202020
2020202020202020202020202020202020202020
2020202020202020202020202020202020202020
2020202020202020202020202020202020202020
2020202020202020202020202020202020202020
2020202020202020202020202020202020202020
2020202020202020202020202020202020202020
2020202020202020202020202020202020202020
2020202020202020202020202020202020202020
2020202020202020202020202020202020202020
2020202020202020202020202020202020202020
2020202020202020202020202020202020202020
2020202020202020202020202020202020202020
2020202020202020202020202020202020202020
2020202020202020202020202020202020202020
2020202020202020202020202020202020202020
2020202020202020202020202020202020202020
2020202020202020202020202020202020202020
2020202020202020202020202020202020202020
2020202020202020202020202020202020202020
2020202020202020202020202020202020202020
2020202020202020202020202020202020202020
2020202020202020202020202020202020202020
2020202020202020202020202020202020202020
2020202020202020202020202020202020202020
2020202020202020202020202020202020202020
2020202020202020202020202020202020202020
2020202020202020202020202020202020202020
2020202020202020202020202020202020202020
2020202020202020202020202020202020202020
2020202020202020202020202020202020202020
2020202020202020202020202020202020202020
2020202020202020202020202020202020202020
2020202020202020202020202020202020202020
2020202020202020202020202020202020202020
2020202020202020202020202020202020202020
2020202020202020202020202020202020202020
2020202020202020202020202020202020202020
2020202020202020202020202020202020202020
2020202020202020202020202020202020202020
2020202020202020202020202020202020202020
2020202020202020202020202020202020202020
2020202020202020202020202020202020202020
2020202020202020202020202020202020202020
2020202020202020202020202020202020202020
2020202020202020202020202020202020202020
2020202020202020202020202020202020202020
2020202020202020202020202020202020202020
2020202020202020202020202020202020202020
2020202020202020202020202020202020202020
2020202020202020202020202020202020202020
2020202020202020202020202020202020202020
2020202020202020202020202020202020202020
2020202020202020202020202020202020202020
2020202020202020202020202020202020202020
2020202020202020202020202020202020202020
6c6162656c343933202020202020202020202020
2020202020202020202020202020202020202020
2020202020202020202020202020202020202020
2020202020202020202020202020202020202020
2020202020202020202020202020202020202020
2020202020202020202020202020202020202020
2020202020202020202020202020202020202020
6c6162656c343934202020202020202020202020
2020202020202020202020202020202020202020
2020202020202020202020202020202020202020
2020202020202020202020202020202020202020
6c6162656c343038202020202020202020202020
2020202020202020202020202020202020202020
2020202020202020202020202020202020202020
2020202020202020202020202020202020202020
2020202020202020202020202020202020202020
2020202020202020202020202020202020202020
2020202020202020202020202020202020202020
2020202020202020202020202020202020202020
2020202020202020202020202020202020202020
2020202020202020202020202020202020202020
2020202020202020202020202020202020202020
2020202020202020202020202020202020202020
2020202020202020202020202020202020202020
2020202020202020202020202020202020202020
2020202020202020202020202020202020202020
2020202020202020202020202020202020202020
6c6162656c343039202020202020202020202020
2020202020202020202020202020202020202020
2020202020202020202020202020202020202020
2020202020202020202020202020202020202020
2020202020202020202020202020202020202020
2020202020202020202020202020202020202020
2020202020202020202020202020202020202020
2020202020202020202020202020202020202020
2020202020202020202020202020202020202020
2020202020202020202020202020202020202020
2020202020202020202020202020202020202020
2020202020202020202020202020202020202020
2020202020202020202020202020202020202020
2020202020202020202020202020202020202020
2020202020202020202020202020202020202020
2020202020202020202020202020202020202020
2020202020202020202020202020202020202020
2020202020202020202020202020202020202020
2020202020202020202020202020202020202020
2020202020202020202020202020202020202020
2020202020202020202020202020202020202020
2020202020202020202020202020202020202020
2020202020202020202020202020202020202020
2020202020202020202020202020202020202020
2020202020202020202020202020202020202020
2020202020202020202020202020202020202020
2020202020202020202020202020202020202020
6c6162656c353030202020202020202020202020
6c6162656c343938202020202020202020202020
2020202020202020202020202020202020202020
2020202020202020202020202020202020202020
2020202020202020202020202020202020202020
2020202020202020202020202020202020202020
2020202020202020202020202020202020202020
2020202020202020202020202020202020202020
2020202020202020202020202020202020202020
2020202020202020202020202020202020202020
2020202020202020202020202020202020202020
2020202020202020202020202020202020202020
2020202020202020202020202020202020202020
2020202020202020202020202020202020202020
2020202020202020202020202020202020202020
6c6162656c343936202020202020202020202020
2020202020202020202020202020202020202020
2020202020202020202020202020202020202020
2020202020202020202020202020202020202020
2020202020202020202020202020202020202020
2020202020202020202020202020202020202020
2020202020202020202020202020202020202020
6c6162656c343935202020202020202020202020
2020202020202020202020202020202020202020
2020202020202020202020202020202020202020
2020202020202020202020202020202020202020
2020202020202020202020202020202020202020
2020202020202020202020202020202020202020
2020202020202020202020202020202020202020
2020202020202020202020202020202020202020
2020202020202020202020202020202020202020
2020202020202020202020202020202020202020
2020202020202020202020202020202020202020
2020202020202020202020202020202020202020
2020202020202020202020202020202020202020
2020202020202020202020202020202020202020
2020202020202020202020202020202020202020
2020202020202020202020202020202020202020
2020202020202020202020202020202020202020
2020202020202020202020202020202020202020
2020202020202020202020202020202020202020
2020202020202020202020202020202020202020
2020202020202020202020202020202020202020
2020202020202020202020202020202020202020
2020202020202020202020202020202020202020
2020202020202020202020202020202020202020
2020202020202020202020202020202020202020
2020202020202020202020202020202020202020
2020202020202020202020202020202020202020
2020202020202020202020202020202020202020
2020202020202020202020202020202020202020
2020202020202020202020202020202020202020
2020202020202020202020202020202020202020
2020202020202020202020202020202020202020
2020202020202020202020202020202020202020
2020202020202020202020202020202020202020
2020202020202020202020202020202020202020
2020202020202020202020202020202020202020
2020202020202020202020202020202020202020
2020202020202020202020202020202020202020
2020202020202020202020202020202020202020
2020202020202020202020202020202020202020
2020202020202020202020202020202020202020
2020202020202020202020202020202020202020
2020202020202020202020202020202020202020
2020202020202020202020202020202020202020
2020202020202020202020202020202020202020
2020202020202020202020202020202020202020
2020202020202020202020202020202020202020
2020202020202020202020202020202020202020
2020202020202020202020202020202020202020
2020202020202020202020202020202020202020
2020202020202020202020202020202020202020
2020202020202020202020202020202020202020
2020202020202020202020202020202020202020
2020202020202020202020202020202020202020
2020202020202020202020202020202020202020
2020202020202020202020202020202020202020
2020202020202020202020202020202020202020
2020202020202020202020202020202020202020
2020202020202020202020202020202020202020
2020202020202020202020202020202020202020
2020202020202020202020202020202020202020
2020202020202020202020202020202020202020
2020202020202020202020202020202020202020
2020202020202020202020202020202020202020
2020202020202020202020202020202020202020
2020202020202020202020202020202020202020
2020202020202020202020202020202020202020
2020202020202020202020202020202020202020
2020202020202020202020202020202020202020
2020202020202020202020202020202020202020
2020202020202020202020202020202020202020
2020202020202020202020202020202020202020
2020202020202020202020202020202020202020
2020202020202020202020202020202020202020
2020202020202020202020202020202020202020
2020202020202020202020202020202020202020
2020202020202020202020202020202020202020
2020202020202020202020202020202020202020
2020202020202020202020202020202020202020
2020202020202020202020202020202020202020
2020202020202020202020202020202020202020
2020202020202020202020202020202020202020
2020202020202020202020202020202020202020
2020202020202020202020202020202020202020
2020202020202020202020202020202020202020
2020202020202020202020202020202020202020
2020202020202020202020202020202020202020
2020202020202020202020202020202020202020
2020202020202020202020202020202020202020
2020202020202020202020202020202020202020
2020202020202020202020202020202020202020
2020202020202020202020202020202020202020
2020202020202020202020202020202020202020
2020202020202020202020202020202020202020
2020202020202020202020202020202020202020
2020202020202020202020202020202020202020
2020202020202020202020202020202020202020
2020202020202020202020202020202020202020
2020202020202020202020202020202020202020
2020202020202020202020202020202020202020
2020202020202020202020202020202020202020
2020202020202020202020202020202020202020
2020202020202020202020202020202020202020
2020202020202020202020202020202020202020
2020202020202020202020202020202020202020
2020202020202020202020202020202020202020
2020202020202020202020202020202020202020
2020202020202020202020202020202020202020
2020202020202020202020202020202020202020
2020202020202020202020202020202020202020
2020202020202020202020202020202020202020
2020202020202020202020202020202020202020
2020202020202020202020202020202020202020
2020202020202020202020202020202020202020
2020202020202020202020202020202020202020
2020202020202020202020202020202020202020
2020202020202020202020202020202020202020
2020202020202020202020202020202020202020
2020202020202020202020202020202020202020
2020202020202020202020202020202020202020
2020202020202020202020202020202020202020
2020202020202020202020202020202020202020
2020202020202020202020202020202020202020
2020202020202020202020202020202020202020
2020202020202020202020202020202020202020
2020202020202020202020202020202020202020
2020202020202020202020202020202020202020
2020202020202020202020202020202020202020
2020202020202020202020202020202020202020
2020202020202020202020202020202020202020
2020202020202020202020202020202020202020
2020202020202020202020202020202020202020
2020202020202020202020202020202020202020
2020202020202020202020202020202020202020
2020202020202020202020202020202020202020
2020202020202020202020202020202020202020
2020202020202020202020202020202020202020
2020202020202020202020202020202020202020
2020202020202020202020202020202020202020
2020202020202020202020202020202020202020
2020202020202020202020202020202020202020
2020202020202020202020202020202020202020
2020202020202020202020202020202020202020
2020202020202020202020202020202020202020
6c6162656c353032202020202020202020202020
2020202020202020202020202020202020202020
2020202020202020202020202020202020202020
2020202020202020202020202020202020202020
2020202020202020202020202020202020202020
2020202020202020202020202020202020202020
2020202020202020202020202020202020202020
2020202020202020202020202020202020202020
2020202020202020202020202020202020202020
2020202020202020202020202020202020202020
2020202020202020202020202020202020202020
2020202020202020202020202020202020202020
2020202020202020202020202020202020202020
2020202020202020202020202020202020202020
2020202020202020202020202020202020202020
2020202020202020202020202020202020202020
2020202020202020202020202020202020202020
2020202020202020202020202020202020202020
2020202020202020202020202020202020202020
2020202020202020202020202020202020202020
2020202020202020202020202020202020202020
2020202020202020202020202020202020202020
2020202020202020202020202020202020202020
2020202020202020202020202020202020202020
2020202020202020202020202020202020202020
2020202020202020202020202020202020202020
2020202020202020202020202020202020202020
2020202020202020202020202020202020202020
2020202020202020202020202020202020202020
2020202020202020202020202020202020202020
2020202020202020202020202020202020202020
2020202020202020202020202020202020202020
2020202020202020202020202020202020202020
2020202020202020202020202020202020202020
2020202020202020202020202020202020202020
2020202020202020202020202020202020202020
2020202020202020202020202020202020202020
2020202020202020202020202020202020202020
2020202020202020202020202020202020202020
2020202020202020202020202020202020202020
2020202020202020202020202020202020202020
2020202020202020202020202020202020202020
2020202020202020202020202020202020202020
2020202020202020202020202020202020202020
2020202020202020202020202020202020202020
2020202020202020202020202020202020202020
2020202020202020202020202020202020202020
2020202020202020202020202020202020202020
2020202020202020202020202020202020202020
2020202020202020202020202020202020202020
2020202020202020202020202020202020202020
2020202020202020202020202020202020202020
2020202020202020202020202020202020202020
2020202020202020202020202020202020202020
2020202020202020202020202020202020202020
2020202020202020202020202020202020202020
2020202020202020202020202020202020202020
2020202020202020202020202020202020202020
2020202020202020202020202020202020202020
2020202020202020202020202020202020202020
2020202020202020202020202020202020202020
2020202020202020202020202020202020202020
2020202020202020202020202020202020202020
2020202020202020202020202020202020202020
2020202020202020202020202020202020202020
2020202020202020202020202020202020202020
2020202020202020202020202020202020202020
2020202020202020202020202020202020202020
2020202020202020202020202020202020202020
2020202020202020202020202020202020202020
2020202020202020202020202020202020202020
2020202020202020202020202020202020202020
2020202020202020202020202020202020202020
2020202020202020202020202020202020202020
2020202020202020202020202020202020202020
2020202020202020202020202020202020202020
2020202020202020202020202020202020202020
2020202020202020202020202020202020202020
2020202020202020202020202020202020202020
2020202020202020202020202020202020202020
2020202020202020202020202020202020202020
2020202020202020202020202020202020202020
2020202020202020202020202020202020202020
2020202020202020202020202020202020202020
2020202020202020202020202020202020202020
2020202020202020202020202020202020202020
2020202020202020202020202020202020202020
2020202020202020202020202020202020202020
2020202020202020202020202020202020202020
2020202020202020202020202020202020202020
2020202020202020202020202020202020202020
2020202020202020202020202020202020202020
6c6162656c353134202020202020202020202020
2020202020202020202020202020202020202020
2020202020202020202020202020202020202020
2020202020202020202020202020202020202020
2020202020202020202020202020202020202020
2020202020202020202020202020202020202020
2020202020202020202020202020202020202020
2020202020202020202020202020202020202020
2020202020202020202020202020202020202020
2020202020202020202020202020202020202020
2020202020202020202020202020202020202020
2020202020202020202020202020202020202020
2020202020202020202020202020202020202020
2020202020202020202020202020202020202020
2020202020202020202020202020202020202020
2020202020202020202020202020202020202020
2020202020202020202020202020202020202020
2020202020202020202020202020202020202020
2020202020202020202020202020202020202020
2020202020202020202020202020202020202020
2020202020202020202020202020202020202020
2020202020202020202020202020202020202020
2020202020202020202020202020202020202020
2020202020202020202020202020202020202020
2020202020202020202020202020202020202020
2020202020202020202020202020202020202020
2020202020202020202020202020202020202020
2020202020202020202020202020202020202020
2020202020202020202020202020202020202020
2020202020202020202020202020202020202020
2020202020202020202020202020202020202020
2020202020202020202020202020202020202020
2020202020202020202020202020202020202020
2020202020202020202020202020202020202020
2020202020202020202020202020202020202020
2020202020202020202020202020202020202020
2020202020202020202020202020202020202020
2020202020202020202020202020202020202020
2020202020202020202020202020202020202020
2020202020202020202020202020202020202020
2020202020202020202020202020202020202020
2020202020202020202020202020202020202020
2020202020202020202020202020202020202020
2020202020202020202020202020202020202020
2020202020202020202020202020202020202020
2020202020202020202020202020202020202020
2020202020202020202020202020202020202020
2020202020202020202020202020202020202020
2020202020202020202020202020202020202020
2020202020202020202020202020202020202020
2020202020202020202020202020202020202020
2020202020202020202020202020202020202020
2020202020202020202020202020202020202020
2020202020202020202020202020202020202020
2020202020202020202020202020202020202020
6c6162656c353039202020202020202020202020
2020202020202020202020202020202020202020
2020202020202020202020202020202020202020
2020202020202020202020202020202020202020
2020202020202020202020202020202020202020
2020202020202020202020202020202020202020
2020202020202020202020202020202020202020
2020202020202020202020202020202020202020
2020202020202020202020202020202020202020
2020202020202020202020202020202020202020
2020202020202020202020202020202020202020
2020202020202020202020202020202020202020
2020202020202020202020202020202020202020
2020202020202020202020202020202020202020
2020202020202020202020202020202020202020
2020202020202020202020202020202020202020
2020202020202020202020202020202020202020
2020202020202020202020202020202020202020
2020202020202020202020202020202020202020
2020202020202020202020202020202020202020
2020202020202020202020202020202020202020
2020202020202020202020202020202020202020
2020202020202020202020202020202020202020
2020202020202020202020202020202020202020
2020202020202020202020202020202020202020
2020202020202020202020202020202020202020
2020202020202020202020202020202020202020
2020202020202020202020202020202020202020
2020202020202020202020202020202020202020
2020202020202020202020202020202020202020
2020202020202020202020202020202020202020
2020202020202020202020202020202020202020
2020202020202020202020202020202020202020
2020202020202020202020202020202020202020
2020202020202020202020202020202020202020
2020202020202020202020202020202020202020
2020202020202020202020202020202020202020
2020202020202020202020202020202020202020
2020202020202020202020202020202020202020
2020202020202020202020202020202020202020
2020202020202020202020202020202020202020
2020202020202020202020202020202020202020
2020202020202020202020202020202020202020
2020202020202020202020202020202020202020
2020202020202020202020202020202020202020
2020202020202020202020202020202020202020
2020202020202020202020202020202020202020
2020202020202020202020202020202020202020
2020202020202020202020202020202020202020
2020202020202020202020202020202020202020
2020202020202020202020202020202020202020
6c6162656c353139202020202020202020202020
2020202020202020202020202020202020202020
2020202020202020202020202020202020202020
2020202020202020202020202020202020202020
2020202020202020202020202020202020202020
2020202020202020202020202020202020202020
2020202020202020202020202020202020202020
2020202020202020202020202020202020202020
2020202020202020202020202020202020202020
2020202020202020202020202020202020202020
2020202020202020202020202020202020202020
2020202020202020202020202020202020202020
2020202020202020202020202020202020202020
2020202020202020202020202020202020202020
2020202020202020202020202020202020202020
2020202020202020202020202020202020202020
2020202020202020202020202020202020202020
2020202020202020202020202020202020202020
2020202020202020202020202020202020202020
2020202020202020202020202020202020202020
2020202020202020202020202020202020202020
2020202020202020202020202020202020202020
2020202020202020202020202020202020202020
2020202020202020202020202020202020202020
2020202020202020202020202020202020202020
2020202020202020202020202020202020202020
2020202020202020202020202020202020202020
2020202020202020202020202020202020202020
2020202020202020202020202020202020202020
2020202020202020202020202020202020202020
2020202020202020202020202020202020202020
2020202020202020202020202020202020202020
2020202020202020202020202020202020202020
2020202020202020202020202020202020202020
2020202020202020202020202020202020202020
2020202020202020202020202020202020202020
2020202020202020202020202020202020202020
2020202020202020202020202020202020202020
2020202020202020202020202020202020202020
2020202020202020202020202020202020202020
2020202020202020202020202020202020202020
2020202020202020202020202020202020202020
2020202020202020202020202020202020202020
2020202020202020202020202020202020202020
2020202020202020202020202020202020202020
2020202020202020202020202020202020202020
2020202020202020202020202020202020202020
2020202020202020202020202020202020202020
2020202020202020202020202020202020202020
2020202020202020202020202020202020202020
2020202020202020202020202020202020202020
2020202020202020202020202020202020202020
2020202020202020202020202020202020202020
2020202020202020202020202020202020202020
2020202020202020202020202020202020202020
2020202020202020202020202020202020202020
2020202020202020202020202020202020202020
2020202020202020202020202020202020202020
2020202020202020202020202020202020202020
2020202020202020202020202020202020202020
2020202020202020202020202020202020202020
2020202020202020202020202020202020202020
2020202020202020202020202020202020202020
2020202020202020202020202020202020202020
2020202020202020202020202020202020202020
2020202020202020202020202020202020202020
2020202020202020202020202020202020202020
2020202020202020202020202020202020202020
2020202020202020202020202020202020202020
2020202020202020202020202020202020202020
2020202020202020202020202020202020202020
2020202020202020202020202020202020202020
6c6162656c353237202020202020202020202020
2020202020202020202020202020202020202020
2020202020202020202020202020202020202020
2020202020202020202020202020202020202020
2020202020202020202020202020202020202020
2020202020202020202020202020202020202020
2020202020202020202020202020202020202020
2020202020202020202020202020202020202020
2020202020202020202020202020202020202020
2020202020202020202020202020202020202020
2020202020202020202020202020202020202020
2020202020202020202020202020202020202020
6c6162656c353230202020202020202020202020
2020202020202020202020202020202020202020
2020202020202020202020202020202020202020
2020202020202020202020202020202020202020
2020202020202020202020202020202020202020
2020202020202020202020202020202020202020
2020202020202020202020202020202020202020
2020202020202020202020202020202020202020
2020202020202020202020202020202020202020
2020202020202020202020202020202020202020
2020202020202020202020202020202020202020
2020202020202020202020202020202020202020
2020202020202020202020202020202020202020
2020202020202020202020202020202020202020
2020202020202020202020202020202020202020
2020202020202020202020202020202020202020
2020202020202020202020202020202020202020
2020202020202020202020202020202020202020
2020202020202020202020202020202020202020
2020202020202020202020202020202020202020
2020202020202020202020202020202020202020
2020202020202020202020202020202020202020
2020202020202020202020202020202020202020
2020202020202020202020202020202020202020
2020202020202020202020202020202020202020
2020202020202020202020202020202020202020
2020202020202020202020202020202020202020
2020202020202020202020202020202020202020
2020202020202020202020202020202020202020
2020202020202020202020202020202020202020
2020202020202020202020202020202020202020
2020202020202020202020202020202020202020
2020202020202020202020202020202020202020
2020202020202020202020202020202020202020
2020202020202020202020202020202020202020
2020202020202020202020202020202020202020
6c6162656c353234202020202020202020202020
2020202020202020202020202020202020202020
2020202020202020202020202020202020202020
2020202020202020202020202020202020202020
6c6162656c353235202020202020202020202020
2020202020202020202020202020202020202020
6c6162656c353233202020202020202020202020
2020202020202020202020202020202020202020
6c6162656c353236202020202020202020202020
2020202020202020202020202020202020202020
2020202020202020202020202020202020202020
2020202020202020202020202020202020202020
2020202020202020202020202020202020202020
2020202020202020202020202020202020202020
2020202020202020202020202020202020202020
2020202020202020202020202020202020202020
2020202020202020202020202020202020202020
2020202020202020202020202020202020202020
2020202020202020202020202020202020202020
2020202020202020202020202020202020202020
6c6162656c353239202020202020202020202020
2020202020202020202020202020202020202020
2020202020202020202020202020202020202020
2020202020202020202020202020202020202020
2020202020202020202020202020202020202020
2020202020202020202020202020202020202020
2020202020202020202020202020202020202020
2020202020202020202020202020202020202020
2020202020202020202020202020202020202020
2020202020202020202020202020202020202020
2020202020202020202020202020202020202020
2020202020202020202020202020202020202020
2020202020202020202020202020202020202020
2020202020202020202020202020202020202020
2020202020202020202020202020202020202020
2020202020202020202020202020202020202020
2020202020202020202020202020202020202020
2020202020202020202020202020202020202020
2020202020202020202020202020202020202020
2020202020202020202020202020202020202020
2020202020202020202020202020202020202020
2020202020202020202020202020202020202020
2020202020202020202020202020202020202020
2020202020202020202020202020202020202020
2020202020202020202020202020202020202020
2020202020202020202020202020202020202020
2020202020202020202020202020202020202020
2020202020202020202020202020202020202020
2020202020202020202020202020202020202020
6c6162656c343131202020202020202020202020
2020202020202020202020202020202020202020
2020202020202020202020202020202020202020
2020202020202020202020202020202020202020
2020202020202020202020202020202020202020
2020202020202020202020202020202020202020
2020202020202020202020202020202020202020
2020202020202020202020202020202020202020
2020202020202020202020202020202020202020
2020202020202020202020202020202020202020
2020202020202020202020202020202020202020
2020202020202020202020202020202020202020
2020202020202020202020202020202020202020
2020202020202020202020202020202020202020
2020202020202020202020202020202020202020
2020202020202020202020202020202020202020
2020202020202020202020202020202020202020
2020202020202020202020202020202020202020
2020202020202020202020202020202020202020
2020202020202020202020202020202020202020
2020202020202020202020202020202020202020
2020202020202020202020202020202020202020
2020202020202020202020202020202020202020
2020202020202020202020202020202020202020
2020202020202020202020202020202020202020
2020202020202020202020202020202020202020
2020202020202020202020202020202020202020
2020202020202020202020202020202020202020
2020202020202020202020202020202020202020
2020202020202020202020202020202020202020
2020202020202020202020202020202020202020
2020202020202020202020202020202020202020
2020202020202020202020202020202020202020
2020202020202020202020202020202020202020
2020202020202020202020202020202020202020
2020202020202020202020202020202020202020
2020202020202020202020202020202020202020
2020202020202020202020202020202020202020
2020202020202020202020202020202020202020
2020202020202020202020202020202020202020
2020202020202020202020202020202020202020
2020202020202020202020202020202020202020
2020202020202020202020202020202020202020
2020202020202020202020202020202020202020
2020202020202020202020202020202020202020
2020202020202020202020202020202020202020
2020202020202020202020202020202020202020
2020202020202020202020202020202020202020
2020202020202020202020202020202020202020
2020202020202020202020202020202020202020
2020202020202020202020202020202020202020
2020202020202020202020202020202020202020
2020202020202020202020202020202020202020
2020202020202020202020202020202020202020
2020202020202020202020202020202020202020
2020202020202020202020202020202020202020
2020202020202020202020202020202020202020
2020202020202020202020202020202020202020
2020202020202020202020202020202020202020
2020202020202020202020202020202020202020
2020202020202020202020202020202020202020
6c6162656c353331202020202020202020202020
2020202020202020202020202020202020202020
2020202020202020202020202020202020202020
2020202020202020202020202020202020202020
2020202020202020202020202020202020202020
2020202020202020202020202020202020202020
2020202020202020202020202020202020202020
2020202020202020202020202020202020202020
2020202020202020202020202020202020202020
2020202020202020202020202020202020202020
2020202020202020202020202020202020202020
2020202020202020202020202020202020202020
2020202020202020202020202020202020202020
2020202020202020202020202020202020202020
2020202020202020202020202020202020202020
2020202020202020202020202020202020202020
2020202020202020202020202020202020202020
2020202020202020202020202020202020202020
2020202020202020202020202020202020202020
2020202020202020202020202020202020202020
2020202020202020202020202020202020202020
2020202020202020202020202020202020202020
2020202020202020202020202020202020202020
6c6162656c353333202020202020202020202020
2020202020202020202020202020202020202020
2020202020202020202020202020202020202020
2020202020202020202020202020202020202020
2020202020202020202020202020202020202020
2020202020202020202020202020202020202020
6c6162656c353334202020202020202020202020
2020202020202020202020202020202020202020
2020202020202020202020202020202020202020
2020202020202020202020202020202020202020
2020202020202020202020202020202020202020
2020202020202020202020202020202020202020
2020202020202020202020202020202020202020
2020202020202020202020202020202020202020
2020202020202020202020202020202020202020
2020202020202020202020202020202020202020
2020202020202020202020202020202020202020
2020202020202020202020202020202020202020
2020202020202020202020202020202020202020
2020202020202020202020202020202020202020
2020202020202020202020202020202020202020
2020202020202020202020202020202020202020
2020202020202020202020202020202020202020
2020202020202020202020202020202020202020
2020202020202020202020202020202020202020
2020202020202020202020202020202020202020
2020202020202020202020202020202020202020
2020202020202020202020202020202020202020
2020202020202020202020202020202020202020
2020202020202020202020202020202020202020
2020202020202020202020202020202020202020
2020202020202020202020202020202020202020
2020202020202020202020202020202020202020
2020202020202020202020202020202020202020
2020202020202020202020202020202020202020
2020202020202020202020202020202020202020
2020202020202020202020202020202020202020
2020202020202020202020202020202020202020
2020202020202020202020202020202020202020
2020202020202020202020202020202020202020
2020202020202020202020202020202020202020
2020202020202020202020202020202020202020
2020202020202020202020202020202020202020
2020202020202020202020202020202020202020
2020202020202020202020202020202020202020
2020202020202020202020202020202020202020
2020202020202020202020202020202020202020
2020202020202020202020202020202020202020
2020202020202020202020202020202020202020
2020202020202020202020202020202020202020
2020202020202020202020202020202020202020
2020202020202020202020202020202020202020
2020202020202020202020202020202020202020
2020202020202020202020202020202020202020
2020202020202020202020202020202020202020
2020202020202020202020202020202020202020
2020202020202020202020202020202020202020
2020202020202020202020202020202020202020
6c6162656c353335202020202020202020202020
2020202020202020202020202020202020202020
2020202020202020202020202020202020202020
2020202020202020202020202020202020202020
2020202020202020202020202020202020202020
2020202020202020202020202020202020202020
2020202020202020202020202020202020202020
2020202020202020202020202020202020202020
2020202020202020202020202020202020202020
2020202020202020202020202020202020202020
2020202020202020202020202020202020202020
2020202020202020202020202020202020202020
2020202020202020202020202020202020202020
2020202020202020202020202020202020202020
2020202020202020202020202020202020202020
2020202020202020202020202020202020202020
2020202020202020202020202020202020202020
2020202020202020202020202020202020202020
2020202020202020202020202020202020202020
2020202020202020202020202020202020202020
2020202020202020202020202020202020202020
2020202020202020202020202020202020202020
2020202020202020202020202020202020202020
2020202020202020202020202020202020202020
2020202020202020202020202020202020202020
2020202020202020202020202020202020202020
2020202020202020202020202020202020202020
2020202020202020202020202020202020202020
2020202020202020202020202020202020202020
2020202020202020202020202020202020202020
2020202020202020202020202020202020202020
2020202020202020202020202020202020202020
2020202020202020202020202020202020202020
2020202020202020202020202020202020202020
6c6162656c353337202020202020202020202020
2020202020202020202020202020202020202020
2020202020202020202020202020202020202020
2020202020202020202020202020202020202020
2020202020202020202020202020202020202020
2020202020202020202020202020202020202020
2020202020202020202020202020202020202020
2020202020202020202020202020202020202020
2020202020202020202020202020202020202020
70756c73655f73796e6334202020202020202020
2020202020202020202020202020202020202020
2020202020202020202020202020202020202020
2020202020202020202020202020202020202020
2020202020202020202020202020202020202020
2020202020202020202020202020202020202020
2020202020202020202020202020202020202020
2020202020202020202020202020202020202020
2020202020202020202020202020202020202020
2020202020202020202020202020202020202020
2020202020202020202020202020202020202020
2020202020202020202020202020202020202020
2020202020202020202020202020202020202020
2020202020202020202020202020202020202020
2020202020202020202020202020202020202020
2020202020202020202020202020202020202020
2020202020202020202020202020202020202020
2020202020202020202020202020202020202020
2020202020202020202020202020202020202020
2020202020202020202020202020202020202020
2020202020202020202020202020202020202020
2020202020202020202020202020202020202020
6c6162656c353338202020202020202020202020
2020202020202020202020202020202020202020
6c6162656c353530202020202020202020202020
2020202020202020202020202020202020202020
2020202020202020202020202020202020202020
2020202020202020202020202020202020202020
2020202020202020202020202020202020202020
2020202020202020202020202020202020202020
2020202020202020202020202020202020202020
2020202020202020202020202020202020202020
2020202020202020202020202020202020202020
2020202020202020202020202020202020202020
2020202020202020202020202020202020202020
2020202020202020202020202020202020202020
6c6162656c353532202020202020202020202020
2020202020202020202020202020202020202020
2020202020202020202020202020202020202020
2020202020202020202020202020202020202020
2020202020202020202020202020202020202020
6c6162656c343434202020202020202020202020
2020202020202020202020202020202020202020
2020202020202020202020202020202020202020
2020202020202020202020202020202020202020
2020202020202020202020202020202020202020
2020202020202020202020202020202020202020
2020202020202020202020202020202020202020
2020202020202020202020202020202020202020
2020202020202020202020202020202020202020
2020202020202020202020202020202020202020
2020202020202020202020202020202020202020
2020202020202020202020202020202020202020
2020202020202020202020202020202020202020
2020202020202020202020202020202020202020
2020202020202020202020202020202020202020
2020202020202020202020202020202020202020
2020202020202020202020202020202020202020
70756c73655f73796e6330202020202020202020
2020202020202020202020202020202020202020
2020202020202020202020202020202020202020
2020202020202020202020202020202020202020
2020202020202020202020202020202020202020
2020202020202020202020202020202020202020
2020202020202020202020202020202020202020
2020202020202020202020202020202020202020
6c6162656c353535202020202020202020202020
2020202020202020202020202020202020202020
2020202020202020202020202020202020202020
2020202020202020202020202020202020202020
2020202020202020202020202020202020202020
2020202020202020202020202020202020202020
2020202020202020202020202020202020202020
2020202020202020202020202020202020202020
2020202020202020202020202020202020202020
2020202020202020202020202020202020202020
6c6162656c353536202020202020202020202020
2020202020202020202020202020202020202020
2020202020202020202020202020202020202020
2020202020202020202020202020202020202020
2020202020202020202020202020202020202020
2020202020202020202020202020202020202020
2020202020202020202020202020202020202020
2020202020202020202020202020202020202020
2020202020202020202020202020202020202020
2020202020202020202020202020202020202020
2020202020202020202020202020202020202020
2020202020202020202020202020202020202020
2020202020202020202020202020202020202020
2020202020202020202020202020202020202020
2020202020202020202020202020202020202020
2020202020202020202020202020202020202020
2020202020202020202020202020202020202020
2020202020202020202020202020202020202020
2020202020202020202020202020202020202020
2020202020202020202020202020202020202020
2020202020202020202020202020202020202020
2020202020202020202020202020202020202020
2020202020202020202020202020202020202020
2020202020202020202020202020202020202020
2020202020202020202020202020202020202020
2020202020202020202020202020202020202020
2020202020202020202020202020202020202020
2020202020202020202020202020202020202020
2020202020202020202020202020202020202020
2020202020202020202020202020202020202020
2020202020202020202020202020202020202020
2020202020202020202020202020202020202020
2020202020202020202020202020202020202020
2020202020202020202020202020202020202020
2020202020202020202020202020202020202020
2020202020202020202020202020202020202020
2020202020202020202020202020202020202020
70756c73655f73796e6335202020202020202020
2020202020202020202020202020202020202020
2020202020202020202020202020202020202020
2020202020202020202020202020202020202020
2020202020202020202020202020202020202020
2020202020202020202020202020202020202020
2020202020202020202020202020202020202020
2020202020202020202020202020202020202020
2020202020202020202020202020202020202020
2020202020202020202020202020202020202020
6c6162656c353038202020202020202020202020
70756c73655f73796e6332202020202020202020
2020202020202020202020202020202020202020
2020202020202020202020202020202020202020
2020202020202020202020202020202020202020
2020202020202020202020202020202020202020
2020202020202020202020202020202020202020
2020202020202020202020202020202020202020
2020202020202020202020202020202020202020
2020202020202020202020202020202020202020
2020202020202020202020202020202020202020
2020202020202020202020202020202020202020
2020202020202020202020202020202020202020
2020202020202020202020202020202020202020
2020202020202020202020202020202020202020
2020202020202020202020202020202020202020
2020202020202020202020202020202020202020
2020202020202020202020202020202020202020
2020202020202020202020202020202020202020
2020202020202020202020202020202020202020
2020202020202020202020202020202020202020
2020202020202020202020202020202020202020
2020202020202020202020202020202020202020
2020202020202020202020202020202020202020
2020202020202020202020202020202020202020
2020202020202020202020202020202020202020
2020202020202020202020202020202020202020
2020202020202020202020202020202020202020
2020202020202020202020202020202020202020
2020202020202020202020202020202020202020
2020202020202020202020202020202020202020
2020202020202020202020202020202020202020
2020202020202020202020202020202020202020
70756c73655f73796e6339202020202020202020
2020202020202020202020202020202020202020
2020202020202020202020202020202020202020
2020202020202020202020202020202020202020
2020202020202020202020202020202020202020
2020202020202020202020202020202020202020
2020202020202020202020202020202020202020
2020202020202020202020202020202020202020
2020202020202020202020202020202020202020
2020202020202020202020202020202020202020
2020202020202020202020202020202020202020
2020202020202020202020202020202020202020
2020202020202020202020202020202020202020
2020202020202020202020202020202020202020
2020202020202020202020202020202020202020
2020202020202020202020202020202020202020
2020202020202020202020202020202020202020
2020202020202020202020202020202020202020
2020202020202020202020202020202020202020
2020202020202020202020202020202020202020
2020202020202020202020202020202020202020
2020202020202020202020202020202020202020
2020202020202020202020202020202020202020
2020202020202020202020202020202020202020
2020202020202020202020202020202020202020
2020202020202020202020202020202020202020
2020202020202020202020202020202020202020
2020202020202020202020202020202020202020
2020202020202020202020202020202020202020
2020202020202020202020202020202020202020
2020202020202020202020202020202020202020
2020202020202020202020202020202020202020
2020202020202020202020202020202020202020
2020202020202020202020202020202020202020
2020202020202020202020202020202020202020
2020202020202020202020202020202020202020
2020202020202020202020202020202020202020
2020202020202020202020202020202020202020
2020202020202020202020202020202020202020
2020202020202020202020202020202020202020
2020202020202020202020202020202020202020
2020202020202020202020202020202020202020
2020202020202020202020202020202020202020
2020202020202020202020202020202020202020
2020202020202020202020202020202020202020
2020202020202020202020202020202020202020
2020202020202020202020202020202020202020
2020202020202020202020202020202020202020
2020202020202020202020202020202020202020
2020202020202020202020202020202020202020
2020202020202020202020202020202020202020
2020202020202020202020202020202020202020
2020202020202020202020202020202020202020
2020202020202020202020202020202020202020
2020202020202020202020202020202020202020
2020202020202020202020202020202020202020
2020202020202020202020202020202020202020
2020202020202020202020202020202020202020
2020202020202020202020202020202020202020
2020202020202020202020202020202020202020
2020202020202020202020202020202020202020
2020202020202020202020202020202020202020
2020202020202020202020202020202020202020
2020202020202020202020202020202020202020
2020202020202020202020202020202020202020
2020202020202020202020202020202020202020
2020202020202020202020202020202020202020
2020202020202020202020202020202020202020
2020202020202020202020202020202020202020
2020202020202020202020202020202020202020
2020202020202020202020202020202020202020
2020202020202020202020202020202020202020
2020202020202020202020202020202020202020
2020202020202020202020202020202020202020
2020202020202020202020202020202020202020
2020202020202020202020202020202020202020
2020202020202020202020202020202020202020
2020202020202020202020202020202020202020
2020202020202020202020202020202020202020
2020202020202020202020202020202020202020
2020202020202020202020202020202020202020
2020202020202020202020202020202020202020
2020202020202020202020202020202020202020
2020202020202020202020202020202020202020
2020202020202020202020202020202020202020
2020202020202020202020202020202020202020
2020202020202020202020202020202020202020
2020202020202020202020202020202020202020
2020202020202020202020202020202020202020
2020202020202020202020202020202020202020
2020202020202020202020202020202020202020
2020202020202020202020202020202020202020
2020202020202020202020202020202020202020
2020202020202020202020202020202020202020
2020202020202020202020202020202020202020
2020202020202020202020202020202020202020
2020202020202020202020202020202020202020
2020202020202020202020202020202020202020
2020202020202020202020202020202020202020
2020202020202020202020202020202020202020
2020202020202020202020202020202020202020
2020202020202020202020202020202020202020
2020202020202020202020202020202020202020
2020202020202020202020202020202020202020
2020202020202020202020202020202020202020
2020202020202020202020202020202020202020
2020202020202020202020202020202020202020
2020202020202020202020202020202020202020
2020202020202020202020202020202020202020
2020202020202020202020202020202020202020
2020202020202020202020202020202020202020
2020202020202020202020202020202020202020
2020202020202020202020202020202020202020
2020202020202020202020202020202020202020
2020202020202020202020202020202020202020
2020202020202020202020202020202020202020
2020202020202020202020202020202020202020
2020202020202020202020202020202020202020
2020202020202020202020202020202020202020
2020202020202020202020202020202020202020
2020202020202020202020202020202020202020
2020202020202020202020202020202020202020
2020202020202020202020202020202020202020
2020202020202020202020202020202020202020
2020202020202020202020202020202020202020
2020202020202020202020202020202020202020
2020202020202020202020202020202020202020
2020202020202020202020202020202020202020
2020202020202020202020202020202020202020
2020202020202020202020202020202020202020
2020202020202020202020202020202020202020
2020202020202020202020202020202020202020
2020202020202020202020202020202020202020
2020202020202020202020202020202020202020
2020202020202020202020202020202020202020
2020202020202020202020202020202020202020
2020202020202020202020202020202020202020
2020202020202020202020202020202020202020
2020202020202020202020202020202020202020
2020202020202020202020202020202020202020
2020202020202020202020202020202020202020
2020202020202020202020202020202020202020
2020202020202020202020202020202020202020
2020202020202020202020202020202020202020
2020202020202020202020202020202020202020
2020202020202020202020202020202020202020
2020202020202020202020202020202020202020
2020202020202020202020202020202020202020
2020202020202020202020202020202020202020
2020202020202020202020202020202020202020
2020202020202020202020202020202020202020
2020202020202020202020202020202020202020
2020202020202020202020202020202020202020
2020202020202020202020202020202020202020
2020202020202020202020202020202020202020
2020202020202020202020202020202020202020
2020202020202020202020202020202020202020
2020202020202020202020202020202020202020
2020202020202020202020202020202020202020
2020202020202020202020202020202020202020
2020202020202020202020202020202020202020
6c6162656c353534202020202020202020202020
2020202020202020202020202020202020202020
2020202020202020202020202020202020202020
2020202020202020202020202020202020202020
2020202020202020202020202020202020202020
6c6162656c353538202020202020202020202020
2020202020202020202020202020202020202020
2020202020202020202020202020202020202020
2020202020202020202020202020202020202020
2020202020202020202020202020202020202020
2020202020202020202020202020202020202020
2020202020202020202020202020202020202020
2020202020202020202020202020202020202020
2020202020202020202020202020202020202020
2020202020202020202020202020202020202020
2020202020202020202020202020202020202020
2020202020202020202020202020202020202020
2020202020202020202020202020202020202020
2020202020202020202020202020202020202020
2020202020202020202020202020202020202020
2020202020202020202020202020202020202020
2020202020202020202020202020202020202020
2020202020202020202020202020202020202020
2020202020202020202020202020202020202020
2020202020202020202020202020202020202020
2020202020202020202020202020202020202020
2020202020202020202020202020202020202020
2020202020202020202020202020202020202020
2020202020202020202020202020202020202020
2020202020202020202020202020202020202020
2020202020202020202020202020202020202020
2020202020202020202020202020202020202020
2020202020202020202020202020202020202020
2020202020202020202020202020202020202020
2020202020202020202020202020202020202020
2020202020202020202020202020202020202020
2020202020202020202020202020202020202020
2020202020202020202020202020202020202020
2020202020202020202020202020202020202020
2020202020202020202020202020202020202020
2020202020202020202020202020202020202020
2020202020202020202020202020202020202020
2020202020202020202020202020202020202020
2020202020202020202020202020202020202020
2020202020202020202020202020202020202020
2020202020202020202020202020202020202020
2020202020202020202020202020202020202020
2020202020202020202020202020202020202020
2020202020202020202020202020202020202020
2020202020202020202020202020202020202020
2020202020202020202020202020202020202020
6c6162656c363839202020202020202020202020
2020202020202020202020202020202020202020
2020202020202020202020202020202020202020
2020202020202020202020202020202020202020
2020202020202020202020202020202020202020
2020202020202020202020202020202020202020
2020202020202020202020202020202020202020
2020202020202020202020202020202020202020
2020202020202020202020202020202020202020
2020202020202020202020202020202020202020
2020202020202020202020202020202020202020
2020202020202020202020202020202020202020
2020202020202020202020202020202020202020
2020202020202020202020202020202020202020
2020202020202020202020202020202020202020
2020202020202020202020202020202020202020
2020202020202020202020202020202020202020
2020202020202020202020202020202020202020
2020202020202020202020202020202020202020
2020202020202020202020202020202020202020
2020202020202020202020202020202020202020
2020202020202020202020202020202020202020
2020202020202020202020202020202020202020
2020202020202020202020202020202020202020
2020202020202020202020202020202020202020
2020202020202020202020202020202020202020
2020202020202020202020202020202020202020
2020202020202020202020202020202020202020
2020202020202020202020202020202020202020
2020202020202020202020202020202020202020
2020202020202020202020202020202020202020
2020202020202020202020202020202020202020
2020202020202020202020202020202020202020
2020202020202020202020202020202020202020
2020202020202020202020202020202020202020
2020202020202020202020202020202020202020
2020202020202020202020202020202020202020
2020202020202020202020202020202020202020
2020202020202020202020202020202020202020
2020202020202020202020202020202020202020
2020202020202020202020202020202020202020
2020202020202020202020202020202020202020
2020202020202020202020202020202020202020
2020202020202020202020202020202020202020
2020202020202020202020202020202020202020
2020202020202020202020202020202020202020
2020202020202020202020202020202020202020
2020202020202020202020202020202020202020
2020202020202020202020202020202020202020
2020202020202020202020202020202020202020
2020202020202020202020202020202020202020
2020202020202020202020202020202020202020
6c6162656c353630202020202020202020202020
2020202020202020202020202020202020202020
2020202020202020202020202020202020202020
2020202020202020202020202020202020202020
2020202020202020202020202020202020202020
2020202020202020202020202020202020202020
2020202020202020202020202020202020202020
2020202020202020202020202020202020202020
2020202020202020202020202020202020202020
2020202020202020202020202020202020202020
2020202020202020202020202020202020202020
2020202020202020202020202020202020202020
2020202020202020202020202020202020202020
2020202020202020202020202020202020202020
6c6162656c353638202020202020202020202020
2020202020202020202020202020202020202020
6c6162656c353635202020202020202020202020
6c6162656c353637202020202020202020202020
2020202020202020202020202020202020202020
2020202020202020202020202020202020202020
2020202020202020202020202020202020202020
6c6162656c353632202020202020202020202020
2020202020202020202020202020202020202020
6c6162656c353639202020202020202020202020
2020202020202020202020202020202020202020
2020202020202020202020202020202020202020
2020202020202020202020202020202020202020
2020202020202020202020202020202020202020
2020202020202020202020202020202020202020
2020202020202020202020202020202020202020
2020202020202020202020202020202020202020
2020202020202020202020202020202020202020
2020202020202020202020202020202020202020
2020202020202020202020202020202020202020
2020202020202020202020202020202020202020
2020202020202020202020202020202020202020
2020202020202020202020202020202020202020
2020202020202020202020202020202020202020
2020202020202020202020202020202020202020
2020202020202020202020202020202020202020
2020202020202020202020202020202020202020
2020202020202020202020202020202020202020
2020202020202020202020202020202020202020
2020202020202020202020202020202020202020
2020202020202020202020202020202020202020
2020202020202020202020202020202020202020
2020202020202020202020202020202020202020
2020202020202020202020202020202020202020
2020202020202020202020202020202020202020
2020202020202020202020202020202020202020
2020202020202020202020202020202020202020
2020202020202020202020202020202020202020
2020202020202020202020202020202020202020
2020202020202020202020202020202020202020
2020202020202020202020202020202020202020
2020202020202020202020202020202020202020
2020202020202020202020202020202020202020
2020202020202020202020202020202020202020
2020202020202020202020202020202020202020
2020202020202020202020202020202020202020
2020202020202020202020202020202020202020
2020202020202020202020202020202020202020
2020202020202020202020202020202020202020
2020202020202020202020202020202020202020
2020202020202020202020202020202020202020
2020202020202020202020202020202020202020
2020202020202020202020202020202020202020
2020202020202020202020202020202020202020
2020202020202020202020202020202020202020
2020202020202020202020202020202020202020
2020202020202020202020202020202020202020
2020202020202020202020202020202020202020
2020202020202020202020202020202020202020
2020202020202020202020202020202020202020
2020202020202020202020202020202020202020
2020202020202020202020202020202020202020
2020202020202020202020202020202020202020
2020202020202020202020202020202020202020
2020202020202020202020202020202020202020
2020202020202020202020202020202020202020
2020202020202020202020202020202020202020
2020202020202020202020202020202020202020
2020202020202020202020202020202020202020
2020202020202020202020202020202020202020
2020202020202020202020202020202020202020
2020202020202020202020202020202020202020
2020202020202020202020202020202020202020
2020202020202020202020202020202020202020
2020202020202020202020202020202020202020
2020202020202020202020202020202020202020
2020202020202020202020202020202020202020
2020202020202020202020202020202020202020
2020202020202020202020202020202020202020
2020202020202020202020202020202020202020
2020202020202020202020202020202020202020
2020202020202020202020202020202020202020
2020202020202020202020202020202020202020
2020202020202020202020202020202020202020
2020202020202020202020202020202020202020
2020202020202020202020202020202020202020
2020202020202020202020202020202020202020
2020202020202020202020202020202020202020
2020202020202020202020202020202020202020
2020202020202020202020202020202020202020
2020202020202020202020202020202020202020
2020202020202020202020202020202020202020
2020202020202020202020202020202020202020
2020202020202020202020202020202020202020
2020202020202020202020202020202020202020
2020202020202020202020202020202020202020
2020202020202020202020202020202020202020
2020202020202020202020202020202020202020
2020202020202020202020202020202020202020
2020202020202020202020202020202020202020
2020202020202020202020202020202020202020
2020202020202020202020202020202020202020
6c6162656c353736202020202020202020202020
2020202020202020202020202020202020202020
2020202020202020202020202020202020202020
2020202020202020202020202020202020202020
2020202020202020202020202020202020202020
2020202020202020202020202020202020202020
2020202020202020202020202020202020202020
2020202020202020202020202020202020202020
2020202020202020202020202020202020202020
2020202020202020202020202020202020202020
2020202020202020202020202020202020202020
2020202020202020202020202020202020202020
2020202020202020202020202020202020202020
2020202020202020202020202020202020202020
2020202020202020202020202020202020202020
2020202020202020202020202020202020202020
2020202020202020202020202020202020202020
2020202020202020202020202020202020202020
2020202020202020202020202020202020202020
2020202020202020202020202020202020202020
2020202020202020202020202020202020202020
2020202020202020202020202020202020202020
2020202020202020202020202020202020202020
2020202020202020202020202020202020202020
6c6162656c353832202020202020202020202020
2020202020202020202020202020202020202020
2020202020202020202020202020202020202020
2020202020202020202020202020202020202020
2020202020202020202020202020202020202020
2020202020202020202020202020202020202020
2020202020202020202020202020202020202020
2020202020202020202020202020202020202020
2020202020202020202020202020202020202020
2020202020202020202020202020202020202020
2020202020202020202020202020202020202020
2020202020202020202020202020202020202020
6c6162656c353834202020202020202020202020
2020202020202020202020202020202020202020
2020202020202020202020202020202020202020
2020202020202020202020202020202020202020
2020202020202020202020202020202020202020
2020202020202020202020202020202020202020
2020202020202020202020202020202020202020
2020202020202020202020202020202020202020
2020202020202020202020202020202020202020
2020202020202020202020202020202020202020
2020202020202020202020202020202020202020
6c6162656c353730202020202020202020202020
2020202020202020202020202020202020202020
6c6162656c353731202020202020202020202020
2020202020202020202020202020202020202020
2020202020202020202020202020202020202020
6c6162656c353732202020202020202020202020
2020202020202020202020202020202020202020
2020202020202020202020202020202020202020
2020202020202020202020202020202020202020
2020202020202020202020202020202020202020
2020202020202020202020202020202020202020
6c6162656c353733202020202020202020202020
2020202020202020202020202020202020202020
2020202020202020202020202020202020202020
2020202020202020202020202020202020202020
2020202020202020202020202020202020202020
2020202020202020202020202020202020202020
2020202020202020202020202020202020202020
2020202020202020202020202020202020202020
6c6162656c353837202020202020202020202020
2020202020202020202020202020202020202020
2020202020202020202020202020202020202020
2020202020202020202020202020202020202020
2020202020202020202020202020202020202020
2020202020202020202020202020202020202020
2020202020202020202020202020202020202020
2020202020202020202020202020202020202020
2020202020202020202020202020202020202020
2020202020202020202020202020202020202020
6c6162656c353838202020202020202020202020
2020202020202020202020202020202020202020
2020202020202020202020202020202020202020
2020202020202020202020202020202020202020
2020202020202020202020202020202020202020
2020202020202020202020202020202020202020
2020202020202020202020202020202020202020
2020202020202020202020202020202020202020
2020202020202020202020202020202020202020
2020202020202020202020202020202020202020
2020202020202020202020202020202020202020
2020202020202020202020202020202020202020
2020202020202020202020202020202020202020
2020202020202020202020202020202020202020
2020202020202020202020202020202020202020
2020202020202020202020202020202020202020
2020202020202020202020202020202020202020
2020202020202020202020202020202020202020
2020202020202020202020202020202020202020
2020202020202020202020202020202020202020
2020202020202020202020202020202020202020
2020202020202020202020202020202020202020
2020202020202020202020202020202020202020
2020202020202020202020202020202020202020
2020202020202020202020202020202020202020
2020202020202020202020202020202020202020
2020202020202020202020202020202020202020
2020202020202020202020202020202020202020
2020202020202020202020202020202020202020
2020202020202020202020202020202020202020
2020202020202020202020202020202020202020
2020202020202020202020202020202020202020
2020202020202020202020202020202020202020
2020202020202020202020202020202020202020
2020202020202020202020202020202020202020
2020202020202020202020202020202020202020
2020202020202020202020202020202020202020
6c6162656c353737202020202020202020202020
2020202020202020202020202020202020202020
2020202020202020202020202020202020202020
2020202020202020202020202020202020202020
2020202020202020202020202020202020202020
2020202020202020202020202020202020202020
2020202020202020202020202020202020202020
2020202020202020202020202020202020202020
2020202020202020202020202020202020202020
2020202020202020202020202020202020202020
2020202020202020202020202020202020202020
6c6162656c353735202020202020202020202020
2020202020202020202020202020202020202020
2020202020202020202020202020202020202020
2020202020202020202020202020202020202020
2020202020202020202020202020202020202020
2020202020202020202020202020202020202020
2020202020202020202020202020202020202020
2020202020202020202020202020202020202020
2020202020202020202020202020202020202020
2020202020202020202020202020202020202020
2020202020202020202020202020202020202020
2020202020202020202020202020202020202020
2020202020202020202020202020202020202020
2020202020202020202020202020202020202020
2020202020202020202020202020202020202020
2020202020202020202020202020202020202020
2020202020202020202020202020202020202020
2020202020202020202020202020202020202020
2020202020202020202020202020202020202020
2020202020202020202020202020202020202020
2020202020202020202020202020202020202020
2020202020202020202020202020202020202020
2020202020202020202020202020202020202020
2020202020202020202020202020202020202020
2020202020202020202020202020202020202020
2020202020202020202020202020202020202020
2020202020202020202020202020202020202020
2020202020202020202020202020202020202020
2020202020202020202020202020202020202020
2020202020202020202020202020202020202020
2020202020202020202020202020202020202020
2020202020202020202020202020202020202020
6c6162656c353831202020202020202020202020
2020202020202020202020202020202020202020
2020202020202020202020202020202020202020
2020202020202020202020202020202020202020
2020202020202020202020202020202020202020
2020202020202020202020202020202020202020
2020202020202020202020202020202020202020
2020202020202020202020202020202020202020
2020202020202020202020202020202020202020
2020202020202020202020202020202020202020
2020202020202020202020202020202020202020
2020202020202020202020202020202020202020
2020202020202020202020202020202020202020
2020202020202020202020202020202020202020
2020202020202020202020202020202020202020
2020202020202020202020202020202020202020
2020202020202020202020202020202020202020
2020202020202020202020202020202020202020
2020202020202020202020202020202020202020
2020202020202020202020202020202020202020
2020202020202020202020202020202020202020
2020202020202020202020202020202020202020
2020202020202020202020202020202020202020
2020202020202020202020202020202020202020
2020202020202020202020202020202020202020
2020202020202020202020202020202020202020
2020202020202020202020202020202020202020
2020202020202020202020202020202020202020
2020202020202020202020202020202020202020
2020202020202020202020202020202020202020
2020202020202020202020202020202020202020
2020202020202020202020202020202020202020
2020202020202020202020202020202020202020
2020202020202020202020202020202020202020
2020202020202020202020202020202020202020
2020202020202020202020202020202020202020
2020202020202020202020202020202020202020
2020202020202020202020202020202020202020
2020202020202020202020202020202020202020
2020202020202020202020202020202020202020
2020202020202020202020202020202020202020
2020202020202020202020202020202020202020
2020202020202020202020202020202020202020
2020202020202020202020202020202020202020
2020202020202020202020202020202020202020
2020202020202020202020202020202020202020
2020202020202020202020202020202020202020
2020202020202020202020202020202020202020
2020202020202020202020202020202020202020
2020202020202020202020202020202020202020
2020202020202020202020202020202020202020
2020202020202020202020202020202020202020
2020202020202020202020202020202020202020
2020202020202020202020202020202020202020
2020202020202020202020202020202020202020
2020202020202020202020202020202020202020
2020202020202020202020202020202020202020
2020202020202020202020202020202020202020
2020202020202020202020202020202020202020
2020202020202020202020202020202020202020
2020202020202020202020202020202020202020
2020202020202020202020202020202020202020
2020202020202020202020202020202020202020
2020202020202020202020202020202020202020
2020202020202020202020202020202020202020
2020202020202020202020202020202020202020
2020202020202020202020202020202020202020
2020202020202020202020202020202020202020
2020202020202020202020202020202020202020
2020202020202020202020202020202020202020
2020202020202020202020202020202020202020
2020202020202020202020202020202020202020
2020202020202020202020202020202020202020
2020202020202020202020202020202020202020
2020202020202020202020202020202020202020
2020202020202020202020202020202020202020
2020202020202020202020202020202020202020
2020202020202020202020202020202020202020
2020202020202020202020202020202020202020
2020202020202020202020202020202020202020
2020202020202020202020202020202020202020
2020202020202020202020202020202020202020
2020202020202020202020202020202020202020
2020202020202020202020202020202020202020
2020202020202020202020202020202020202020
2020202020202020202020202020202020202020
2020202020202020202020202020202020202020
2020202020202020202020202020202020202020
2020202020202020202020202020202020202020
2020202020202020202020202020202020202020
2020202020202020202020202020202020202020
2020202020202020202020202020202020202020
2020202020202020202020202020202020202020
2020202020202020202020202020202020202020
2020202020202020202020202020202020202020
2020202020202020202020202020202020202020
2020202020202020202020202020202020202020
2020202020202020202020202020202020202020
2020202020202020202020202020202020202020
2020202020202020202020202020202020202020
2020202020202020202020202020202020202020
2020202020202020202020202020202020202020
2020202020202020202020202020202020202020
2020202020202020202020202020202020202020
2020202020202020202020202020202020202020
2020202020202020202020202020202020202020
2020202020202020202020202020202020202020
2020202020202020202020202020202020202020
2020202020202020202020202020202020202020
2020202020202020202020202020202020202020
2020202020202020202020202020202020202020
2020202020202020202020202020202020202020
2020202020202020202020202020202020202020
2020202020202020202020202020202020202020
2020202020202020202020202020202020202020
2020202020202020202020202020202020202020
2020202020202020202020202020202020202020
2020202020202020202020202020202020202020
2020202020202020202020202020202020202020
2020202020202020202020202020202020202020
2020202020202020202020202020202020202020
2020202020202020202020202020202020202020
2020202020202020202020202020202020202020
2020202020202020202020202020202020202020
2020202020202020202020202020202020202020
2020202020202020202020202020202020202020
2020202020202020202020202020202020202020
2020202020202020202020202020202020202020
2020202020202020202020202020202020202020
2020202020202020202020202020202020202020
2020202020202020202020202020202020202020
2020202020202020202020202020202020202020
2020202020202020202020202020202020202020
2020202020202020202020202020202020202020
2020202020202020202020202020202020202020
2020202020202020202020202020202020202020
2020202020202020202020202020202020202020
2020202020202020202020202020202020202020
2020202020202020202020202020202020202020
2020202020202020202020202020202020202020
2020202020202020202020202020202020202020
2020202020202020202020202020202020202020
2020202020202020202020202020202020202020
2020202020202020202020202020202020202020
2020202020202020202020202020202020202020
2020202020202020202020202020202020202020
2020202020202020202020202020202020202020
2020202020202020202020202020202020202020
2020202020202020202020202020202020202020
2020202020202020202020202020202020202020
2020202020202020202020202020202020202020
2020202020202020202020202020202020202020
2020202020202020202020202020202020202020
2020202020202020202020202020202020202020
2020202020202020202020202020202020202020
2020202020202020202020202020202020202020
2020202020202020202020202020202020202020
2020202020202020202020202020202020202020
2020202020202020202020202020202020202020
2020202020202020202020202020202020202020
2020202020202020202020202020202020202020
6c6162656c353836202020202020202020202020
2020202020202020202020202020202020202020
2020202020202020202020202020202020202020
2020202020202020202020202020202020202020
2020202020202020202020202020202020202020
6c6162656c353839202020202020202020202020
2020202020202020202020202020202020202020
2020202020202020202020202020202020202020
2020202020202020202020202020202020202020
2020202020202020202020202020202020202020
2020202020202020202020202020202020202020
2020202020202020202020202020202020202020
2020202020202020202020202020202020202020
2020202020202020202020202020202020202020
2020202020202020202020202020202020202020
2020202020202020202020202020202020202020
2020202020202020202020202020202020202020
2020202020202020202020202020202020202020
2020202020202020202020202020202020202020
2020202020202020202020202020202020202020
2020202020202020202020202020202020202020
2020202020202020202020202020202020202020
2020202020202020202020202020202020202020
2020202020202020202020202020202020202020
2020202020202020202020202020202020202020
2020202020202020202020202020202020202020
2020202020202020202020202020202020202020
2020202020202020202020202020202020202020
2020202020202020202020202020202020202020
2020202020202020202020202020202020202020
2020202020202020202020202020202020202020
2020202020202020202020202020202020202020
2020202020202020202020202020202020202020
2020202020202020202020202020202020202020
2020202020202020202020202020202020202020
2020202020202020202020202020202020202020
2020202020202020202020202020202020202020
2020202020202020202020202020202020202020
2020202020202020202020202020202020202020
2020202020202020202020202020202020202020
2020202020202020202020202020202020202020
2020202020202020202020202020202020202020
2020202020202020202020202020202020202020
2020202020202020202020202020202020202020
2020202020202020202020202020202020202020
2020202020202020202020202020202020202020
2020202020202020202020202020202020202020
2020202020202020202020202020202020202020
2020202020202020202020202020202020202020
2020202020202020202020202020202020202020
2020202020202020202020202020202020202020
2020202020202020202020202020202020202020
2020202020202020202020202020202020202020
2020202020202020202020202020202020202020
2020202020202020202020202020202020202020
2020202020202020202020202020202020202020
2020202020202020202020202020202020202020
2020202020202020202020202020202020202020
2020202020202020202020202020202020202020
2020202020202020202020202020202020202020
2020202020202020202020202020202020202020
2020202020202020202020202020202020202020
2020202020202020202020202020202020202020
2020202020202020202020202020202020202020
2020202020202020202020202020202020202020
2020202020202020202020202020202020202020
2020202020202020202020202020202020202020
2020202020202020202020202020202020202020
2020202020202020202020202020202020202020
2020202020202020202020202020202020202020
2020202020202020202020202020202020202020
2020202020202020202020202020202020202020
2020202020202020202020202020202020202020
2020202020202020202020202020202020202020
2020202020202020202020202020202020202020
2020202020202020202020202020202020202020
2020202020202020202020202020202020202020
2020202020202020202020202020202020202020
2020202020202020202020202020202020202020
2020202020202020202020202020202020202020
2020202020202020202020202020202020202020
2020202020202020202020202020202020202020
2020202020202020202020202020202020202020
2020202020202020202020202020202020202020
2020202020202020202020202020202020202020
2020202020202020202020202020202020202020
2020202020202020202020202020202020202020
2020202020202020202020202020202020202020
2020202020202020202020202020202020202020
2020202020202020202020202020202020202020
2020202020202020202020202020202020202020
2020202020202020202020202020202020202020
2020202020202020202020202020202020202020
2020202020202020202020202020202020202020
616972666c6f7732202020202020202020202020
2020202020202020202020202020202020202020
2020202020202020202020202020202020202020
2020202020202020202020202020202020202020
2020202020202020202020202020202020202020
2020202020202020202020202020202020202020
6c6162656c353931202020202020202020202020
2020202020202020202020202020202020202020
2020202020202020202020202020202020202020
6c616d6264615f61646a75737420202020202020
2020202020202020202020202020202020202020
2020202020202020202020202020202020202020
2020202020202020202020202020202020202020
2020202020202020202020202020202020202020
2020202020202020202020202020202020202020
6c6162656c353933202020202020202020202020
6c6f616474696d65723120202020202020202020
2020202020202020202020202020202020202020
2020202020202020202020202020202020202020
2020202020202020202020202020202020202020
2020202020202020202020202020202020202020
2020202020202020202020202020202020202020
2020202020202020202020202020202020202020
2020202020202020202020202020202020202020
2020202020202020202020202020202020202020
2020202020202020202020202020202020202020
2020202020202020202020202020202020202020
2020202020202020202020202020202020202020
2020202020202020202020202020202020202020
2020202020202020202020202020202020202020
2020202020202020202020202020202020202020
2020202020202020202020202020202020202020
2020202020202020202020202020202020202020
2020202020202020202020202020202020202020
2020202020202020202020202020202020202020
2020202020202020202020202020202020202020
2020202020202020202020202020202020202020
2020202020202020202020202020202020202020
2020202020202020202020202020202020202020
2020202020202020202020202020202020202020
2020202020202020202020202020202020202020
2020202020202020202020202020202020202020
2020202020202020202020202020202020202020
2020202020202020202020202020202020202020
2020202020202020202020202020202020202020
2020202020202020202020202020202020202020
2020202020202020202020202020202020202020
2020202020202020202020202020202020202020
2020202020202020202020202020202020202020
2020202020202020202020202020202020202020
2020202020202020202020202020202020202020
2020202020202020202020202020202020202020
2020202020202020202020202020202020202020
2020202020202020202020202020202020202020
2020202020202020202020202020202020202020
2020202020202020202020202020202020202020
2020202020202020202020202020202020202020
2020202020202020202020202020202020202020
2020202020202020202020202020202020202020
2020202020202020202020202020202020202020
2020202020202020202020202020202020202020
2020202020202020202020202020202020202020
2020202020202020202020202020202020202020
2020202020202020202020202020202020202020
2020202020202020202020202020202020202020
2020202020202020202020202020202020202020
2020202020202020202020202020202020202020
2020202020202020202020202020202020202020
2020202020202020202020202020202020202020
2020202020202020202020202020202020202020
2020202020202020202020202020202020202020
2020202020202020202020202020202020202020
2020202020202020202020202020202020202020
2020202020202020202020202020202020202020
2020202020202020202020202020202020202020
2020202020202020202020202020202020202020
2020202020202020202020202020202020202020
2020202020202020202020202020202020202020
2020202020202020202020202020202020202020
2020202020202020202020202020202020202020
2020202020202020202020202020202020202020
6c6f616474696d6572315f726574202020202020
72706d5f636f7272656374696f6e202020202020
2020202020202020202020202020202020202020
2020202020202020202020202020202020202020
2020202020202020202020202020202020202020
2020202020202020202020202020202020202020
2020202020202020202020202020202020202020
2020202020202020202020202020202020202020
2020202020202020202020202020202020202020
2020202020202020202020202020202020202020
2020202020202020202020202020202020202020
2020202020202020202020202020202020202020
2020202020202020202020202020202020202020
2020202020202020202020202020202020202020
2020202020202020202020202020202020202020
2020202020202020202020202020202020202020
2020202020202020202020202020202020202020
2020202020202020202020202020202020202020
6c6162656c353937202020202020202020202020
2020202020202020202020202020202020202020
2020202020202020202020202020202020202020
2020202020202020202020202020202020202020
2020202020202020202020202020202020202020
2020202020202020202020202020202020202020
2020202020202020202020202020202020202020
6c6162656c353935202020202020202020202020
2020202020202020202020202020202020202020
2020202020202020202020202020202020202020
2020202020202020202020202020202020202020
2020202020202020202020202020202020202020
2020202020202020202020202020202020202020
2020202020202020202020202020202020202020
2020202020202020202020202020202020202020
2020202020202020202020202020202020202020
2020202020202020202020202020202020202020
6c6162656c353938202020202020202020202020
2020202020202020202020202020202020202020
2020202020202020202020202020202020202020
2020202020202020202020202020202020202020
2020202020202020202020202020202020202020
6c6162656c353936202020202020202020202020
2020202020202020202020202020202020202020
2020202020202020202020202020202020202020
2020202020202020202020202020202020202020
2020202020202020202020202020202020202020
2020202020202020202020202020202020202020
2020202020202020202020202020202020202020
2020202020202020202020202020202020202020
2020202020202020202020202020202020202020
2020202020202020202020202020202020202020
6c6162656c363030202020202020202020202020
2020202020202020202020202020202020202020
2020202020202020202020202020202020202020
2020202020202020202020202020202020202020
6c6162656c363031202020202020202020202020
2020202020202020202020202020202020202020
2020202020202020202020202020202020202020
2020202020202020202020202020202020202020
2020202020202020202020202020202020202020
2020202020202020202020202020202020202020
2020202020202020202020202020202020202020
2020202020202020202020202020202020202020
2020202020202020202020202020202020202020
2020202020202020202020202020202020202020
6765745f74707320202020202020202020202020
2020202020202020202020202020202020202020
2020202020202020202020202020202020202020
2020202020202020202020202020202020202020
2020202020202020202020202020202020202020
2020202020202020202020202020202020202020
2020202020202020202020202020202020202020
2020202020202020202020202020202020202020
2020202020202020202020202020202020202020
2020202020202020202020202020202020202020
2020202020202020202020202020202020202020
2020202020202020202020202020202020202020
2020202020202020202020202020202020202020
2020202020202020202020202020202020202020
2020202020202020202020202020202020202020
6765745f656e675f737461746520202020202020
2020202020202020202020202020202020202020
2020202020202020202020202020202020202020
2020202020202020202020202020202020202020
2020202020202020202020202020202020202020
6c6162656c363032202020202020202020202020
2020202020202020202020202020202020202020
2020202020202020202020202020202020202020
2020202020202020202020202020202020202020
2020202020202020202020202020202020202020
2020202020202020202020202020202020202020
2020202020202020202020202020202020202020
2020202020202020202020202020202020202020
2020202020202020202020202020202020202020
2020202020202020202020202020202020202020
2020202020202020202020202020202020202020
2020202020202020202020202020202020202020
2020202020202020202020202020202020202020
2020202020202020202020202020202020202020
2020202020202020202020202020202020202020
2020202020202020202020202020202020202020
2020202020202020202020202020202020202020
2020202020202020202020202020202020202020
2020202020202020202020202020202020202020
2020202020202020202020202020202020202020
2020202020202020202020202020202020202020
2020202020202020202020202020202020202020
2020202020202020202020202020202020202020
2020202020202020202020202020202020202020
2020202020202020202020202020202020202020
6c6162656c363033202020202020202020202020
2020202020202020202020202020202020202020
6c6162656c363034202020202020202020202020
2020202020202020202020202020202020202020
2020202020202020202020202020202020202020
2020202020202020202020202020202020202020
2020202020202020202020202020202020202020
2020202020202020202020202020202020202020
2020202020202020202020202020202020202020
2020202020202020202020202020202020202020
2020202020202020202020202020202020202020
2020202020202020202020202020202020202020
2020202020202020202020202020202020202020
2020202020202020202020202020202020202020
2020202020202020202020202020202020202020
2020202020202020202020202020202020202020
2020202020202020202020202020202020202020
2020202020202020202020202020202020202020
2020202020202020202020202020202020202020
2020202020202020202020202020202020202020
2020202020202020202020202020202020202020
6c6162656c363035202020202020202020202020
2020202020202020202020202020202020202020
2020202020202020202020202020202020202020
2020202020202020202020202020202020202020
2020202020202020202020202020202020202020
2020202020202020202020202020202020202020
2020202020202020202020202020202020202020
2020202020202020202020202020202020202020
2020202020202020202020202020202020202020
2020202020202020202020202020202020202020
2020202020202020202020202020202020202020
6c6162656c363038202020202020202020202020
2020202020202020202020202020202020202020
2020202020202020202020202020202020202020
2020202020202020202020202020202020202020
2020202020202020202020202020202020202020
2020202020202020202020202020202020202020
2020202020202020202020202020202020202020
2020202020202020202020202020202020202020
2020202020202020202020202020202020202020
6c6162656c363039202020202020202020202020
2020202020202020202020202020202020202020
2020202020202020202020202020202020202020
2020202020202020202020202020202020202020
2020202020202020202020202020202020202020
6c6162656c363037202020202020202020202020
2020202020202020202020202020202020202020
2020202020202020202020202020202020202020
2020202020202020202020202020202020202020
6c6162656c363130202020202020202020202020
6c6162656c363036202020202020202020202020
2020202020202020202020202020202020202020
2020202020202020202020202020202020202020
72706d69646c6574656d70202020202020202020
2020202020202020202020202020202020202020
2020202020202020202020202020202020202020
2020202020202020202020202020202020202020
2020202020202020202020202020202020202020
2020202020202020202020202020202020202020
2020202020202020202020202020202020202020
2020202020202020202020202020202020202020
2020202020202020202020202020202020202020
2020202020202020202020202020202020202020
2020202020202020202020202020202020202020
2020202020202020202020202020202020202020
2020202020202020202020202020202020202020
2020202020202020202020202020202020202020
6c6162656c363131202020202020202020202020
2020202020202020202020202020202020202020
2020202020202020202020202020202020202020
2020202020202020202020202020202020202020
2020202020202020202020202020202020202020
2020202020202020202020202020202020202020
2020202020202020202020202020202020202020
2020202020202020202020202020202020202020
2020202020202020202020202020202020202020
2020202020202020202020202020202020202020
2020202020202020202020202020202020202020
2020202020202020202020202020202020202020
6c6162656c363135202020202020202020202020
2020202020202020202020202020202020202020
2020202020202020202020202020202020202020
6c6162656c363136202020202020202020202020
2020202020202020202020202020202020202020
2020202020202020202020202020202020202020
2020202020202020202020202020202020202020
2020202020202020202020202020202020202020
2020202020202020202020202020202020202020
6c6162656c363134202020202020202020202020
2020202020202020202020202020202020202020
2020202020202020202020202020202020202020
2020202020202020202020202020202020202020
2020202020202020202020202020202020202020
2020202020202020202020202020202020202020
2020202020202020202020202020202020202020
2020202020202020202020202020202020202020
2020202020202020202020202020202020202020
6c6162656c363139202020202020202020202020
2020202020202020202020202020202020202020
2020202020202020202020202020202020202020
2020202020202020202020202020202020202020
2020202020202020202020202020202020202020
2020202020202020202020202020202020202020
2020202020202020202020202020202020202020
2020202020202020202020202020202020202020
2020202020202020202020202020202020202020
6c6162656c363231202020202020202020202020
2020202020202020202020202020202020202020
2020202020202020202020202020202020202020
6c6162656c363232202020202020202020202020
2020202020202020202020202020202020202020
2020202020202020202020202020202020202020
2020202020202020202020202020202020202020
2020202020202020202020202020202020202020
2020202020202020202020202020202020202020
2020202020202020202020202020202020202020
2020202020202020202020202020202020202020
2020202020202020202020202020202020202020
2020202020202020202020202020202020202020
2020202020202020202020202020202020202020
2020202020202020202020202020202020202020
2020202020202020202020202020202020202020
6c6162656c363230202020202020202020202020
2020202020202020202020202020202020202020
2020202020202020202020202020202020202020
2020202020202020202020202020202020202020
2020202020202020202020202020202020202020
2020202020202020202020202020202020202020
2020202020202020202020202020202020202020
2020202020202020202020202020202020202020
2020202020202020202020202020202020202020
6c6162656c363233202020202020202020202020
2020202020202020202020202020202020202020
2020202020202020202020202020202020202020
2020202020202020202020202020202020202020
2020202020202020202020202020202020202020
2020202020202020202020202020202020202020
2020202020202020202020202020202020202020
2020202020202020202020202020202020202020
2020202020202020202020202020202020202020
2020202020202020202020202020202020202020
2020202020202020202020202020202020202020
2020202020202020202020202020202020202020
2020202020202020202020202020202020202020
2020202020202020202020202020202020202020
2020202020202020202020202020202020202020
2020202020202020202020202020202020202020
2020202020202020202020202020202020202020
2020202020202020202020202020202020202020
2020202020202020202020202020202020202020
2020202020202020202020202020202020202020
2020202020202020202020202020202020202020
2020202020202020202020202020202020202020
6c6162656c363138202020202020202020202020
2020202020202020202020202020202020202020
2020202020202020202020202020202020202020
2020202020202020202020202020202020202020
6c6162656c363133202020202020202020202020
2020202020202020202020202020202020202020
2020202020202020202020202020202020202020
69646c655f70775f63616c632020202020202020
2020202020202020202020202020202020202020
2020202020202020202020202020202020202020
2020202020202020202020202020202020202020
2020202020202020202020202020202020202020
2020202020202020202020202020202020202020
2020202020202020202020202020202020202020
2020202020202020202020202020202020202020
2020202020202020202020202020202020202020
2020202020202020202020202020202020202020
2020202020202020202020202020202020202020
2020202020202020202020202020202020202020
6c6162656c363234202020202020202020202020
2020202020202020202020202020202020202020
2020202020202020202020202020202020202020
2020202020202020202020202020202020202020
2020202020202020202020202020202020202020
6c6162656c363235202020202020202020202020
2020202020202020202020202020202020202020
2020202020202020202020202020202020202020
2020202020202020202020202020202020202020
2020202020202020202020202020202020202020
2020202020202020202020202020202020202020
6c6162656c363236202020202020202020202020
2020202020202020202020202020202020202020
2020202020202020202020202020202020202020
2020202020202020202020202020202020202020
2020202020202020202020202020202020202020
2020202020202020202020202020202020202020
2020202020202020202020202020202020202020
2020202020202020202020202020202020202020
69646c655f74656d705f636f7272202020202020
2020202020202020202020202020202020202020
2020202020202020202020202020202020202020
2020202020202020202020202020202020202020
2020202020202020202020202020202020202020
2020202020202020202020202020202020202020
2020202020202020202020202020202020202020
2020202020202020202020202020202020202020
2020202020202020202020202020202020202020
736c6f775f6675656c5f63757420202020202020
2020202020202020202020202020202020202020
2020202020202020202020202020202020202020
2020202020202020202020202020202020202020
2020202020202020202020202020202020202020
2020202020202020202020202020202020202020
2020202020202020202020202020202020202020
2020202020202020202020202020202020202020
2020202020202020202020202020202020202020
2020202020202020202020202020202020202020
2020202020202020202020202020202020202020
2020202020202020202020202020202020202020
2020202020202020202020202020202020202020
2020202020202020202020202020202020202020
2020202020202020202020202020202020202020
2020202020202020202020202020202020202020
2020202020202020202020202020202020202020
2020202020202020202020202020202020202020
6c6162656c363238202020202020202020202020
2020202020202020202020202020202020202020
2020202020202020202020202020202020202020
2020202020202020202020202020202020202020
2020202020202020202020202020202020202020
2020202020202020202020202020202020202020
2020202020202020202020202020202020202020
2020202020202020202020202020202020202020
6c6162656c363239202020202020202020202020
2020202020202020202020202020202020202020
2020202020202020202020202020202020202020
2020202020202020202020202020202020202020
2020202020202020202020202020202020202020
2020202020202020202020202020202020202020
2020202020202020202020202020202020202020
2020202020202020202020202020202020202020
2020202020202020202020202020202020202020
2020202020202020202020202020202020202020
2020202020202020202020202020202020202020
2020202020202020202020202020202020202020
2020202020202020202020202020202020202020
2020202020202020202020202020202020202020
2020202020202020202020202020202020202020
2020202020202020202020202020202020202020
2020202020202020202020202020202020202020
6c6162656c363331202020202020202020202020
2020202020202020202020202020202020202020
2020202020202020202020202020202020202020
2020202020202020202020202020202020202020
2020202020202020202020202020202020202020
2020202020202020202020202020202020202020
6c6162656c363330202020202020202020202020
2020202020202020202020202020202020202020
6c6162656c363332202020202020202020202020
2020202020202020202020202020202020202020
2020202020202020202020202020202020202020
2020202020202020202020202020202020202020
2020202020202020202020202020202020202020
2020202020202020202020202020202020202020
2020202020202020202020202020202020202020
6c6162656c363333202020202020202020202020
2020202020202020202020202020202020202020
2020202020202020202020202020202020202020
2020202020202020202020202020202020202020
2020202020202020202020202020202020202020
2020202020202020202020202020202020202020
2020202020202020202020202020202020202020
6c6162656c363334202020202020202020202020
2020202020202020202020202020202020202020
2020202020202020202020202020202020202020
2020202020202020202020202020202020202020
2020202020202020202020202020202020202020
2020202020202020202020202020202020202020
2020202020202020202020202020202020202020
2020202020202020202020202020202020202020
2020202020202020202020202020202020202020
6c6162656c363335202020202020202020202020
2020202020202020202020202020202020202020
2020202020202020202020202020202020202020
2020202020202020202020202020202020202020
2020202020202020202020202020202020202020
2020202020202020202020202020202020202020
2020202020202020202020202020202020202020
2020202020202020202020202020202020202020
2020202020202020202020202020202020202020
2020202020202020202020202020202020202020
6c6162656c363237202020202020202020202020
2020202020202020202020202020202020202020
6c6162656c363336202020202020202020202020
2020202020202020202020202020202020202020
2020202020202020202020202020202020202020
72325f706c757332202020202020202020202020
2020202020202020202020202020202020202020
2020202020202020202020202020202020202020
2020202020202020202020202020202020202020
2020202020202020202020202020202020202020
6c6162656c353934202020202020202020202020
2020202020202020202020202020202020202020
2020202020202020202020202020202020202020
2020202020202020202020202020202020202020
2020202020202020202020202020202020202020
2020202020202020202020202020202020202020
2020202020202020202020202020202020202020
2020202020202020202020202020202020202020
2020202020202020202020202020202020202020
2020202020202020202020202020202020202020
6c6162656c363337202020202020202020202020
2020202020202020202020202020202020202020
2020202020202020202020202020202020202020
2020202020202020202020202020202020202020
636f6c6473746172742020202020202020202020
2020202020202020202020202020202020202020
2020202020202020202020202020202020202020
2020202020202020202020202020202020202020
2020202020202020202020202020202020202020
2020202020202020202020202020202020202020
2020202020202020202020202020202020202020
2020202020202020202020202020202020202020
2020202020202020202020202020202020202020
2020202020202020202020202020202020202020
2020202020202020202020202020202020202020
2020202020202020202020202020202020202020
2020202020202020202020202020202020202020
2020202020202020202020202020202020202020
2020202020202020202020202020202020202020
2020202020202020202020202020202020202020
2020202020202020202020202020202020202020
2020202020202020202020202020202020202020
2020202020202020202020202020202020202020
2020202020202020202020202020202020202020
2020202020202020202020202020202020202020
2020202020202020202020202020202020202020
2020202020202020202020202020202020202020
2020202020202020202020202020202020202020
2020202020202020202020202020202020202020
2020202020202020202020202020202020202020
2020202020202020202020202020202020202020
2020202020202020202020202020202020202020
2020202020202020202020202020202020202020
2020202020202020202020202020202020202020
2020202020202020202020202020202020202020
2020202020202020202020202020202020202020
2020202020202020202020202020202020202020
6c6162656c363338202020202020202020202020
2020202020202020202020202020202020202020
2020202020202020202020202020202020202020
2020202020202020202020202020202020202020
2020202020202020202020202020202020202020
2020202020202020202020202020202020202020
2020202020202020202020202020202020202020
2020202020202020202020202020202020202020
2020202020202020202020202020202020202020
2020202020202020202020202020202020202020
2020202020202020202020202020202020202020
6c6162656c363431202020202020202020202020
2020202020202020202020202020202020202020
2020202020202020202020202020202020202020
6c6162656c363432202020202020202020202020
2020202020202020202020202020202020202020
2020202020202020202020202020202020202020
2020202020202020202020202020202020202020
2020202020202020202020202020202020202020
2020202020202020202020202020202020202020
2020202020202020202020202020202020202020
2020202020202020202020202020202020202020
2020202020202020202020202020202020202020
2020202020202020202020202020202020202020
2020202020202020202020202020202020202020
2020202020202020202020202020202020202020
2020202020202020202020202020202020202020
2020202020202020202020202020202020202020
2020202020202020202020202020202020202020
2020202020202020202020202020202020202020
2020202020202020202020202020202020202020
2020202020202020202020202020202020202020
2020202020202020202020202020202020202020
2020202020202020202020202020202020202020
2020202020202020202020202020202020202020
2020202020202020202020202020202020202020
2020202020202020202020202020202020202020
2020202020202020202020202020202020202020
2020202020202020202020202020202020202020
2020202020202020202020202020202020202020
2020202020202020202020202020202020202020
2020202020202020202020202020202020202020
2020202020202020202020202020202020202020
2020202020202020202020202020202020202020
2020202020202020202020202020202020202020
2020202020202020202020202020202020202020
2020202020202020202020202020202020202020
6c6162656c363434202020202020202020202020
2020202020202020202020202020202020202020
2020202020202020202020202020202020202020
2020202020202020202020202020202020202020
2020202020202020202020202020202020202020
6c6162656c363433202020202020202020202020
2020202020202020202020202020202020202020
2020202020202020202020202020202020202020
2020202020202020202020202020202020202020
2020202020202020202020202020202020202020
2020202020202020202020202020202020202020
2020202020202020202020202020202020202020
2020202020202020202020202020202020202020
2020202020202020202020202020202020202020
2020202020202020202020202020202020202020
2020202020202020202020202020202020202020
2020202020202020202020202020202020202020
6c6162656c363437202020202020202020202020
2020202020202020202020202020202020202020
2020202020202020202020202020202020202020
2020202020202020202020202020202020202020
2020202020202020202020202020202020202020
2020202020202020202020202020202020202020
2020202020202020202020202020202020202020
2020202020202020202020202020202020202020
2020202020202020202020202020202020202020
2020202020202020202020202020202020202020
6c6162656c363436202020202020202020202020
2020202020202020202020202020202020202020
2020202020202020202020202020202020202020
2020202020202020202020202020202020202020
2020202020202020202020202020202020202020
2020202020202020202020202020202020202020
2020202020202020202020202020202020202020
6c6162656c363435202020202020202020202020
2020202020202020202020202020202020202020
2020202020202020202020202020202020202020
2020202020202020202020202020202020202020
6c6162656c363438202020202020202020202020
2020202020202020202020202020202020202020
2020202020202020202020202020202020202020
2020202020202020202020202020202020202020
2020202020202020202020202020202020202020
2020202020202020202020202020202020202020
2020202020202020202020202020202020202020
2020202020202020202020202020202020202020
2020202020202020202020202020202020202020
2020202020202020202020202020202020202020
2020202020202020202020202020202020202020
2020202020202020202020202020202020202020
2020202020202020202020202020202020202020
6c6162656c363439202020202020202020202020
2020202020202020202020202020202020202020
2020202020202020202020202020202020202020
6c6162656c363430202020202020202020202020
2020202020202020202020202020202020202020
2020202020202020202020202020202020202020
2020202020202020202020202020202020202020
2020202020202020202020202020202020202020
2020202020202020202020202020202020202020
2020202020202020202020202020202020202020
6c6162656c363531202020202020202020202020
2020202020202020202020202020202020202020
2020202020202020202020202020202020202020
6c6162656c363532202020202020202020202020
2020202020202020202020202020202020202020
2020202020202020202020202020202020202020
2020202020202020202020202020202020202020
2020202020202020202020202020202020202020
2020202020202020202020202020202020202020
2020202020202020202020202020202020202020
2020202020202020202020202020202020202020
2020202020202020202020202020202020202020
2020202020202020202020202020202020202020
2020202020202020202020202020202020202020
6c6162656c363533202020202020202020202020
2020202020202020202020202020202020202020
2020202020202020202020202020202020202020
2020202020202020202020202020202020202020
2020202020202020202020202020202020202020
2020202020202020202020202020202020202020
2020202020202020202020202020202020202020
2020202020202020202020202020202020202020
2020202020202020202020202020202020202020
2020202020202020202020202020202020202020
2020202020202020202020202020202020202020
2020202020202020202020202020202020202020
2020202020202020202020202020202020202020
2020202020202020202020202020202020202020
2020202020202020202020202020202020202020
2020202020202020202020202020202020202020
2020202020202020202020202020202020202020
2020202020202020202020202020202020202020
2020202020202020202020202020202020202020
2020202020202020202020202020202020202020
2020202020202020202020202020202020202020
2020202020202020202020202020202020202020
2020202020202020202020202020202020202020
2020202020202020202020202020202020202020
6c6162656c363535202020202020202020202020
2020202020202020202020202020202020202020
2020202020202020202020202020202020202020
2020202020202020202020202020202020202020
2020202020202020202020202020202020202020
2020202020202020202020202020202020202020
2020202020202020202020202020202020202020
6c6162656c363530202020202020202020202020
2020202020202020202020202020202020202020
2020202020202020202020202020202020202020
736176655f6675656c5f736574746e6720202020
2020202020202020202020202020202020202020
2020202020202020202020202020202020202020
2020202020202020202020202020202020202020
2020202020202020202020202020202020202020
2020202020202020202020202020202020202020
2020202020202020202020202020202020202020
7072657363616c65202020202020202020202020
2020202020202020202020202020202020202020
2020202020202020202020202020202020202020
2020202020202020202020202020202020202020
2020202020202020202020202020202020202020
2020202020202020202020202020202020202020
2020202020202020202020202020202020202020
2020202020202020202020202020202020202020
2020202020202020202020202020202020202020
6d756c745f523530202020202020202020202020
2020202020202020202020202020202020202020
2020202020202020202020202020202020202020
2020202020202020202020202020202020202020
2020202020202020202020202020202020202020
2020202020202020202020202020202020202020
2020202020202020202020202020202020202020
2020202020202020202020202020202020202020
2020202020202020202020202020202020202020
2020202020202020202020202020202020202020
2020202020202020202020202020202020202020
6c6162656c363536202020202020202020202020
2020202020202020202020202020202020202020
2020202020202020202020202020202020202020
2020202020202020202020202020202020202020
2020202020202020202020202020202020202020
73656e645f64696167735f703220202020202020
2020202020202020202020202020202020202020
2020202020202020202020202020202020202020
2020202020202020202020202020202020202020
2020202020202020202020202020202020202020
2020202020202020202020202020202020202020
2020202020202020202020202020202020202020
2020202020202020202020202020202020202020
2020202020202020202020202020202020202020
2020202020202020202020202020202020202020
2020202020202020202020202020202020202020
2020202020202020202020202020202020202020
2020202020202020202020202020202020202020
2020202020202020202020202020202020202020
6c6162656c363537202020202020202020202020
2020202020202020202020202020202020202020
6c6162656c363632202020202020202020202020
2020202020202020202020202020202020202020
2020202020202020202020202020202020202020
2020202020202020202020202020202020202020
2020202020202020202020202020202020202020
2020202020202020202020202020202020202020
2020202020202020202020202020202020202020
2020202020202020202020202020202020202020
2020202020202020202020202020202020202020
2020202020202020202020202020202020202020
2020202020202020202020202020202020202020
2020202020202020202020202020202020202020
2020202020202020202020202020202020202020
2020202020202020202020202020202020202020
6c6162656c363539202020202020202020202020
6c6162656c363630202020202020202020202020
2020202020202020202020202020202020202020
2020202020202020202020202020202020202020
2020202020202020202020202020202020202020
2020202020202020202020202020202020202020
2020202020202020202020202020202020202020
2020202020202020202020202020202020202020
2020202020202020202020202020202020202020
2020202020202020202020202020202020202020
2020202020202020202020202020202020202020
2020202020202020202020202020202020202020
2020202020202020202020202020202020202020
2020202020202020202020202020202020202020
2020202020202020202020202020202020202020
2020202020202020202020202020202020202020
2020202020202020202020202020202020202020
2020202020202020202020202020202020202020
2020202020202020202020202020202020202020
2020202020202020202020202020202020202020
2020202020202020202020202020202020202020
2020202020202020202020202020202020202020
2020202020202020202020202020202020202020
2020202020202020202020202020202020202020
2020202020202020202020202020202020202020
2020202020202020202020202020202020202020
2020202020202020202020202020202020202020
2020202020202020202020202020202020202020
2020202020202020202020202020202020202020
6c6162656c363538202020202020202020202020
2020202020202020202020202020202020202020
2020202020202020202020202020202020202020
2020202020202020202020202020202020202020
2020202020202020202020202020202020202020
2020202020202020202020202020202020202020
2020202020202020202020202020202020202020
2020202020202020202020202020202020202020
2020202020202020202020202020202020202020
2020202020202020202020202020202020202020
2020202020202020202020202020202020202020
2020202020202020202020202020202020202020
2020202020202020202020202020202020202020
2020202020202020202020202020202020202020
2020202020202020202020202020202020202020
2020202020202020202020202020202020202020
2020202020202020202020202020202020202020
2020202020202020202020202020202020202020
2020202020202020202020202020202020202020
2020202020202020202020202020202020202020
2020202020202020202020202020202020202020
6c6162656c363631202020202020202020202020
2020202020202020202020202020202020202020
2020202020202020202020202020202020202020
696e69745f73657269616c202020202020202020
2020202020202020202020202020202020202020
2020202020202020202020202020202020202020
2020202020202020202020202020202020202020
2020202020202020202020202020202020202020
2020202020202020202020202020202020202020
2020202020202020202020202020202020202020
2020202020202020202020202020202020202020
2020202020202020202020202020202020202020
2020202020202020202020202020202020202020
2020202020202020202020202020202020202020
2020202020202020202020202020202020202020
2020202020202020202020202020202020202020
2020202020202020202020202020202020202020
2020202020202020202020202020202020202020
2020202020202020202020202020202020202020
2020202020202020202020202020202020202020
2020202020202020202020202020202020202020
73657269616c5f31627974652020202020202020
2020202020202020202020202020202020202020
2020202020202020202020202020202020202020
2020202020202020202020202020202020202020
2020202020202020202020202020202020202020
2020202020202020202020202020202020202020
2020202020202020202020202020202020202020
2020202020202020202020202020202020202020
73656e645f646961675f31202020202020202020
2020202020202020202020202020202020202020
2020202020202020202020202020202020202020
2020202020202020202020202020202020202020
73656e645f646961675f32202020202020202020
2020202020202020202020202020202020202020
2020202020202020202020202020202020202020
2020202020202020202020202020202020202020
73656e645f646961675f33202020202020202020
2020202020202020202020202020202020202020
2020202020202020202020202020202020202020
2020202020202020202020202020202020202020
2020202020202020202020202020202020202020
2020202020202020202020202020202020202020
2020202020202020202020202020202020202020
2020202020202020202020202020202020202020
2020202020202020202020202020202020202020
2020202020202020202020202020202020202020
2020202020202020202020202020202020202020
73656e645f646961675f34202020202020202020
2020202020202020202020202020202020202020
2020202020202020202020202020202020202020
2020202020202020202020202020202020202020
2020202020202020202020202020202020202020
2020202020202020202020202020202020202020
2020202020202020202020202020202020202020
2020202020202020202020202020202020202020
2020202020202020202020202020202020202020
2020202020202020202020202020202020202020
2020202020202020202020202020202020202020
2020202020202020202020202020202020202020
2020202020202020202020202020202020202020
2020202020202020202020202020202020202020
2020202020202020202020202020202020202020
2020202020202020202020202020202020202020
2020202020202020202020202020202020202020
2020202020202020202020202020202020202020
2020202020202020202020202020202020202020
73656e645f646961675f35202020202020202020
2020202020202020202020202020202020202020
2020202020202020202020202020202020202020
2020202020202020202020202020202020202020
2020202020202020202020202020202020202020
2020202020202020202020202020202020202020
2020202020202020202020202020202020202020
2020202020202020202020202020202020202020
2020202020202020202020202020202020202020
2020202020202020202020202020202020202020
73656e645f646961675f36202020202020202020
2020202020202020202020202020202020202020
2020202020202020202020202020202020202020
2020202020202020202020202020202020202020
2020202020202020202020202020202020202020
2020202020202020202020202020202020202020
2020202020202020202020202020202020202020
2020202020202020202020202020202020202020
2020202020202020202020202020202020202020
2020202020202020202020202020202020202020
2020202020202020202020202020202020202020
2020202020202020202020202020202020202020
2020202020202020202020202020202020202020
2020202020202020202020202020202020202020
2020202020202020202020202020202020202020
2020202020202020202020202020202020202020
2020202020202020202020202020202020202020
2020202020202020202020202020202020202020
2020202020202020202020202020202020202020
73656e645f646961675f37202020202020202020
2020202020202020202020202020202020202020
2020202020202020202020202020202020202020
2020202020202020202020202020202020202020
2020202020202020202020202020202020202020
2020202020202020202020202020202020202020
2020202020202020202020202020202020202020
2020202020202020202020202020202020202020
2020202020202020202020202020202020202020
2020202020202020202020202020202020202020
2020202020202020202020202020202020202020
2020202020202020202020202020202020202020
2020202020202020202020202020202020202020
2020202020202020202020202020202020202020
2020202020202020202020202020202020202020
2020202020202020202020202020202020202020
2020202020202020202020202020202020202020
2020202020202020202020202020202020202020
2020202020202020202020202020202020202020
2020202020202020202020202020202020202020
2020202020202020202020202020202020202020
2020202020202020202020202020202020202020
2020202020202020202020202020202020202020
2020202020202020202020202020202020202020
2020202020202020202020202020202020202020
2020202020202020202020202020202020202020
2020202020202020202020202020202020202020
2020202020202020202020202020202020202020
2020202020202020202020202020202020202020
2020202020202020202020202020202020202020
2020202020202020202020202020202020202020
2020202020202020202020202020202020202020
2020202020202020202020202020202020202020
2020202020202020202020202020202020202020
2020202020202020202020202020202020202020
2020202020202020202020202020202020202020
2020202020202020202020202020202020202020
2020202020202020202020202020202020202020
2020202020202020202020202020202020202020
2020202020202020202020202020202020202020
2020202020202020202020202020202020202020
2020202020202020202020202020202020202020
2020202020202020202020202020202020202020
2020202020202020202020202020202020202020
2020202020202020202020202020202020202020
2020202020202020202020202020202020202020
2020202020202020202020202020202020202020
73656e645f646961675f38202020202020202020
2020202020202020202020202020202020202020
2020202020202020202020202020202020202020
2020202020202020202020202020202020202020
2020202020202020202020202020202020202020
2020202020202020202020202020202020202020
2020202020202020202020202020202020202020
2020202020202020202020202020202020202020
2020202020202020202020202020202020202020
2020202020202020202020202020202020202020
2020202020202020202020202020202020202020
73656e645f646961675f39202020202020202020
2020202020202020202020202020202020202020
2020202020202020202020202020202020202020
2020202020202020202020202020202020202020
2020202020202020202020202020202020202020
2020202020202020202020202020202020202020
2020202020202020202020202020202020202020
2020202020202020202020202020202020202020
2020202020202020202020202020202020202020
2020202020202020202020202020202020202020
2020202020202020202020202020202020202020
2020202020202020202020202020202020202020
2020202020202020202020202020202020202020
2020202020202020202020202020202020202020
2020202020202020202020202020202020202020
646961675f73657269616c5f73656e6420202020
2020202020202020202020202020202020202020
2020202020202020202020202020202020202020
2020202020202020202020202020202020202020
2020202020202020202020202020202020202020
2020202020202020202020202020202020202020
2020202020202020202020202020202020202020
2020202020202020202020202020202020202020
2020202020202020202020202020202020202020
2020202020202020202020202020202020202020
6c6162656c363733202020202020202020202020
2020202020202020202020202020202020202020
2020202020202020202020202020202020202020
2020202020202020202020202020202020202020
2020202020202020202020202020202020202020
2020202020202020202020202020202020202020
2020202020202020202020202020202020202020
2020202020202020202020202020202020202020
2020202020202020202020202020202020202020
2020202020202020202020202020202020202020
2020202020202020202020202020202020202020
2020202020202020202020202020202020202020
2020202020202020202020202020202020202020
2020202020202020202020202020202020202020
2020202020202020202020202020202020202020
2020202020202020202020202020202020202020
2020202020202020202020202020202020202020
2020202020202020202020202020202020202020
2020202020202020202020202020202020202020
2020202020202020202020202020202020202020
6c6162656c363732202020202020202020202020
2020202020202020202020202020202020202020
6c6162656c363734202020202020202020202020
2020202020202020202020202020202020202020
2020202020202020202020202020202020202020
2020202020202020202020202020202020202020
2020202020202020202020202020202020202020
2020202020202020202020202020202020202020
2020202020202020202020202020202020202020
2020202020202020202020202020202020202020
2020202020202020202020202020202020202020
2020202020202020202020202020202020202020
2020202020202020202020202020202020202020
2020202020202020202020202020202020202020
2020202020202020202020202020202020202020
2020202020202020202020202020202020202020
2020202020202020202020202020202020202020
2020202020202020202020202020202020202020
2020202020202020202020202020202020202020
2020202020202020202020202020202020202020
6c6162656c363735202020202020202020202020
2020202020202020202020202020202020202020
2020202020202020202020202020202020202020
2020202020202020202020202020202020202020
2020202020202020202020202020202020202020
2020202020202020202020202020202020202020
2020202020202020202020202020202020202020
2020202020202020202020202020202020202020
2020202020202020202020202020202020202020
2020202020202020202020202020202020202020
2020202020202020202020202020202020202020
2020202020202020202020202020202020202020
6c6162656c363736202020202020202020202020
2020202020202020202020202020202020202020
2020202020202020202020202020202020202020
6d61696e5f6c6f6f705f636f6e74202020202020
2020202020202020202020202020202020202020
2020202020202020202020202020202020202020
2020202020202020202020202020202020202020
2020202020202020202020202020202020202020
2020202020202020202020202020202020202020
2020202020202020202020202020202020202020
2020202020202020202020202020202020202020
2020202020202020202020202020202020202020
2020202020202020202020202020202020202020
2020202020202020202020202020202020202020
2020202020202020202020202020202020202020
2020202020202020202020202020202020202020
2020202020202020202020202020202020202020
2020202020202020202020202020202020202020
2020202020202020202020202020202020202020
2020202020202020202020202020202020202020
2020202020202020202020202020202020202020
6675656c5f70756d705f6f6e3220202020202020
2020202020202020202020202020202020202020
2020202020202020202020202020202020202020
2020202020202020202020202020202020202020
2020202020202020202020202020202020202020
2020202020202020202020202020202020202020
2020202020202020202020202020202020202020
2020202020202020202020202020202020202020
2020202020202020202020202020202020202020
2020202020202020202020202020202020202020
2020202020202020202020202020202020202020
2020202020202020202020202020202020202020
2020202020202020202020202020202020202020
2020202020202020202020202020202020202020
2020202020202020202020202020202020202020
2020202020202020202020202020202020202020
2020202020202020202020202020202020202020
2020202020202020202020202020202020202020
2020202020202020202020202020202020202020
2020202020202020202020202020202020202020
2020202020202020202020202020202020202020
2020202020202020202020202020202020202020
2020202020202020202020202020202020202020
2020202020202020202020202020202020202020
2020202020202020202020202020202020202020
2020202020202020202020202020202020202020
2020202020202020202020202020202020202020
2020202020202020202020202020202020202020
2020202020202020202020202020202020202020
2020202020202020202020202020202020202020
2020202020202020202020202020202020202020
2020202020202020202020202020202020202020
2020202020202020202020202020202020202020
2020202020202020202020202020202020202020
2020202020202020202020202020202020202020
2020202020202020202020202020202020202020
2020202020202020202020202020202020202020
2020202020202020202020202020202020202020
2020202020202020202020202020202020202020
2020202020202020202020202020202020202020
2020202020202020202020202020202020202020
2020202020202020202020202020202020202020
2020202020202020202020202020202020202020
2020202020202020202020202020202020202020
2020202020202020202020202020202020202020
2020202020202020202020202020202020202020
2020202020202020202020202020202020202020
2020202020202020202020202020202020202020
2020202020202020202020202020202020202020
656e675f73796e635f636865636b202020202020
2020202020202020202020202020202020202020
2020202020202020202020202020202020202020
2020202020202020202020202020202020202020
2020202020202020202020202020202020202020
2020202020202020202020202020202020202020
2020202020202020202020202020202020202020
2020202020202020202020202020202020202020
2020202020202020202020202020202020202020
2020202020202020202020202020202020202020
63616c6c5f72645f6164635f7072632020202020
2020202020202020202020202020202020202020
2020202020202020202020202020202020202020
2020202020202020202020202020202020202020
6c6162656c363831202020202020202020202020
2020202020202020202020202020202020202020
2020202020202020202020202020202020202020
616972666c6f775f63616c632020202020202020
2020202020202020202020202020202020202020
2020202020202020202020202020202020202020
2020202020202020202020202020202020202020
2020202020202020202020202020202020202020
2020202020202020202020202020202020202020
2020202020202020202020202020202020202020
2020202020202020202020202020202020202020
2020202020202020202020202020202020202020
2020202020202020202020202020202020202020
2020202020202020202020202020202020202020
2020202020202020202020202020202020202020
2020202020202020202020202020202020202020
2020202020202020202020202020202020202020
2020202020202020202020202020202020202020
2020202020202020202020202020202020202020
2020202020202020202020202020202020202020
2020202020202020202020202020202020202020
2020202020202020202020202020202020202020
2020202020202020202020202020202020202020
2020202020202020202020202020202020202020
2020202020202020202020202020202020202020
2020202020202020202020202020202020202020
2020202020202020202020202020202020202020
2020202020202020202020202020202020202020
2020202020202020202020202020202020202020
2020202020202020202020202020202020202020
2020202020202020202020202020202020202020
6c6162656c363833202020202020202020202020
2020202020202020202020202020202020202020
2020202020202020202020202020202020202020
2020202020202020202020202020202020202020
2020202020202020202020202020202020202020
2020202020202020202020202020202020202020
2020202020202020202020202020202020202020
2020202020202020202020202020202020202020
2020202020202020202020202020202020202020
2020202020202020202020202020202020202020
2020202020202020202020202020202020202020
2020202020202020202020202020202020202020
2020202020202020202020202020202020202020
6c6162656c363834202020202020202020202020
2020202020202020202020202020202020202020
2020202020202020202020202020202020202020
2020202020202020202020202020202020202020
2020202020202020202020202020202020202020
2020202020202020202020202020202020202020
6c6162656c363835202020202020202020202020
2020202020202020202020202020202020202020
2020202020202020202020202020202020202020
2020202020202020202020202020202020202020
2020202020202020202020202020202020202020
2020202020202020202020202020202020202020
2020202020202020202020202020202020202020
2020202020202020202020202020202020202020
2020202020202020202020202020202020202020
2020202020202020202020202020202020202020
2020202020202020202020202020202020202020
2020202020202020202020202020202020202020
2020202020202020202020202020202020202020
2020202020202020202020202020202020202020
2020202020202020202020202020202020202020
6c6162656c363836202020202020202020202020
2020202020202020202020202020202020202020
2020202020202020202020202020202020202020
2020202020202020202020202020202020202020
2020202020202020202020202020202020202020
2020202020202020202020202020202020202020
2020202020202020202020202020202020202020
2020202020202020202020202020202020202020
2020202020202020202020202020202020202020
2020202020202020202020202020202020202020
2020202020202020202020202020202020202020
2020202020202020202020202020202020202020
2020202020202020202020202020202020202020
2020202020202020202020202020202020202020
2020202020202020202020202020202020202020
2020202020202020202020202020202020202020
2020202020202020202020202020202020202020
6c6162656c363837202020202020202020202020
2020202020202020202020202020202020202020
2020202020202020202020202020202020202020
2020202020202020202020202020202020202020
6c6162656c363832202020202020202020202020
2020202020202020202020202020202020202020
2020202020202020202020202020202020202020
2020202020202020202020202020202020202020
2020202020202020202020202020202020202020
2020202020202020202020202020202020202020
2020202020202020202020202020202020202020
2020202020202020202020202020202020202020
2020202020202020202020202020202020202020
2020202020202020202020202020202020202020
2020202020202020202020202020202020202020
2020202020202020202020202020202020202020
2020202020202020202020202020202020202020
2020202020202020202020202020202020202020
2020202020202020202020202020202020202020
2020202020202020202020202020202020202020
2020202020202020202020202020202020202020
76617269616e745f6d61705f73656c6563742020
2020202020202020202020202020202020202020
2020202020202020202020202020202020202020
2020202020202020202020202020202020202020
2020202020202020202020202020202020202020
2020202020202020202020202020202020202020
2020202020202020202020202020202020202020
2020202020202020202020202020202020202020
2020202020202020202020202020202020202020
2020202020202020202020202020202020202020
2020202020202020202020202020202020202020
6c6162656c363838202020202020202020202020
2020202020202020202020202020202020202020