7273745f74617220202020202020202020202020
2020202020202020202020202020202020202020
2020202020202020202020202020202020202020
4945312020202020202020202020202020202020
2020202020202020202020202020202020202020
657830696e745f6a202020202020202020202020
2020202020202020202020202020202020202020
52372c2041202020202020202020202020202020
52372c2041202020202020202020202020202020
52372c2041202020202020202020202020202020
52372c2041202020202020202020202020202020
3930682020202020202020202020202020202020
2020202020202020202020202020202020202020
3041682020202020202020202020202020202020
2020202020202020202020202020202020202020
2020202020202020202020202020202020202020
52372c2041202020202020202020202020202020
52372c2041202020202020202020202020202020
52372c2041202020202020202020202020202020
3336682020202020202020202020202020202020
2020202020202020202020202020202020202020
3143682c206578315f696e745f6a202020202020
2020202020202020202020202020202020202020
2020202020202020202020202020202020202020
2020202020202020202020202020202020202020
52372c2041202020202020202020202020202020
52372c2041202020202020202020202020202020
3241682c207431696e745f746172202020202020
2020202020202020202020202020202020202020
2020202020202020202020202020202020202020
74315f7265746920202020202020202020202020
2020202020202020202020202020202020202020
7273745f74617220202020202020202020202020
2020202020202020202020202020202020202020
2020202020202020202020202020202020202020
54492c206c6162656c3520202020202020202020
2020202020202020202020202020202020202020
2020202020202020202020202020202020202020
52302c2053425546202020202020202020202020
2020202020202020202020202020202020202020
5442382020202020202020202020202020202020
2020202020202020202020202020202020202020
534255462c204052302020202020202020202020
2020202020202020202020202020202020202020
5249202020202020202020202020202020202020
2020202020202020202020202020202020202020
4945302020202020202020202020202020202020
2020202020202020202020202020202020202020
2020202020202020202020202020202020202020
3934682c7431696e745f7461725f322020202020
2020202020202020202020202020202020202020
2020202020202020202020202020202020202020
3934682020202020202020202020202020202020
2020202020202020202020202020202020202020
5448312c20343168202020202020202020202020
2020202020202020202020202020202020202020
2020202020202020202020202020202020202020
544c312c20343068202020202020202020202020
2020202020202020202020202020202020202020
2020202020202020202020202020202020202020
3143682c7431696e745f7461725f312020202020
2020202020202020202020202020202020202020
2020202020202020202020202020202020202020
4945302020202020202020202020202020202020
2020202020202020202020202020202020202020
2020202020202020202020202020202020202020
5448312c20343568202020202020202020202020
2020202020202020202020202020202020202020
2020202020202020202020202020202020202020
544c312c20343468202020202020202020202020
2020202020202020202020202020202020202020
2020202020202020202020202020202020202020
3431682c20343368202020202020202020202020
2020202020202020202020202020202020202020
2020202020202020202020202020202020202020
3430682c20343268202020202020202020202020
2020202020202020202020202020202020202020
2020202020202020202020202020202020202020
3337682c20333668202020202020202020202020
2020202020202020202020202020202020202020
2020202020202020202020202020202020202020
3336682c20233068202020202020202020202020
2020202020202020202020202020202020202020
2020202020202020202020202020202020202020
3137682020202020202020202020202020202020
2020202020202020202020202020202020202020
3143682c206c6162656c38202020202020202020
2020202020202020202020202020202020202020
2020202020202020202020202020202020202020
4945302020202020202020202020202020202020
2020202020202020202020202020202020202020
2020202020202020202020202020202020202020
3242682c206c6162656c39202020202020202020
2020202020202020202020202020202020202020
2020202020202020202020202020202020202020
3244682c206c6162656c31302020202020202020
2020202020202020202020202020202020202020
2020202020202020202020202020202020202020
6b6c725f6f7574305f3220202020202020202020
2020202020202020202020202020202020202020
2020202020202020202020202020202020202020
49452c2023304541682020202020202020202020
2020202020202020202020202020202020202020
2020202020202020202020202020202020202020
6578315f72657469202020202020202020202020
2020202020202020202020202020202020202020
4945312c20242020202020202020202020202020
2020202020202020202020202020202020202020
2020202020202020202020202020202020202020
3336682020202020202020202020202020202020
2020202020202020202020202020202020202020
4945312020202020202020202020202020202020
2020202020202020202020202020202020202020
3244682c206c6162656c31332020202020202020
2020202020202020202020202020202020202020
2020202020202020202020202020202020202020
6b6c725f6f7574305f3220202020202020202020
2020202020202020202020202020202020202020
2020202020202020202020202020202020202020
3130682c206c6162656c31342020202020202020
2020202020202020202020202020202020202020
2020202020202020202020202020202020202020
494e54312c20746f67676c655f69676e5f312020
2020202020202020202020202020202020202020
2020202020202020202020202020202020202020
4945312c206c6162656c31362020202020202020
2020202020202020202020202020202020202020
2020202020202020202020202020202020202020
3931682020202020202020202020202020202020
2020202020202020202020202020202020202020
4945312c206c6162656c31372020202020202020
2020202020202020202020202020202020202020
2020202020202020202020202020202020202020
6c6162656c313820202020202020202020202020
2020202020202020202020202020202020202020
4945312c20242020202020202020202020202020
2020202020202020202020202020202020202020
2020202020202020202020202020202020202020
3931682020202020202020202020202020202020
2020202020202020202020202020202020202020
4558312020202020202020202020202020202020
2020202020202020202020202020202020202020
69676e5f6477656c6c5f31202020202020202020
2020202020202020202020202020202020202020
3244682c206578315f7265746920202020202020
2020202020202020202020202020202020202020
2020202020202020202020202020202020202020
6b6c725f6f7574305f3220202020202020202020
2020202020202020202020202020202020202020
2020202020202020202020202020202020202020
2020202020202020202020202020202020202020
4143432020202020202020202020202020202020
2020202020202020202020202020202020202020
5053572020202020202020202020202020202020
2020202020202020202020202020202020202020
3931682c2069676e5f6477656c6c5f3220202020
2020202020202020202020202020202020202020
2020202020202020202020202020202020202020
4120202020202020202020202020202020202020
432c203130682020202020202020202020202020
2020202020202020202020202020202020202020
412c203330682020202020202020202020202020
2020202020202020202020202020202020202020
4120202020202020202020202020202020202020
4120202020202020202020202020202020202020
3130682c20432020202020202020202020202020
2020202020202020202020202020202020202020
4558312020202020202020202020202020202020
2020202020202020202020202020202020202020
412c203242682020202020202020202020202020
2020202020202020202020202020202020202020
3242682c20412020202020202020202020202020
2020202020202020202020202020202020202020
4558312020202020202020202020202020202020
2020202020202020202020202020202020202020
4945302020202020202020202020202020202020
2020202020202020202020202020202020202020
4558302020202020202020202020202020202020
2020202020202020202020202020202020202020
5053572020202020202020202020202020202020
2020202020202020202020202020202020202020
4143432020202020202020202020202020202020
2020202020202020202020202020202020202020
2020202020202020202020202020202020202020
4450482020202020202020202020202020202020
2020202020202020202020202020202020202020
44504c2020202020202020202020202020202020
2020202020202020202020202020202020202020
4220202020202020202020202020202020202020
2020202020202020202020202020202020202020
445054522c202331313630682020202020202020
2020202020202020202020202020202020202020
2020202020202020202020202020202020202020
4120202020202020202020202020202020202020
432c203130682020202020202020202020202020
2020202020202020202020202020202020202020
412c203333682020202020202020202020202020
2020202020202020202020202020202020202020
412c203331682020202020202020202020202020
2020202020202020202020202020202020202020
4320202020202020202020202020202020202020
412c203537682020202020202020202020202020
2020202020202020202020202020202020202020
4320202020202020202020202020202020202020
412c203246682020202020202020202020202020
2020202020202020202020202020202020202020
4120202020202020202020202020202020202020
4120202020202020202020202020202020202020
3130682c20432020202020202020202020202020
2020202020202020202020202020202020202020
4558312020202020202020202020202020202020
2020202020202020202020202020202020202020
412c203242682020202020202020202020202020
2020202020202020202020202020202020202020
3242682c20412020202020202020202020202020
2020202020202020202020202020202020202020
4558312020202020202020202020202020202020
2020202020202020202020202020202020202020
412c202333682020202020202020202020202020
2020202020202020202020202020202020202020
412c203335682020202020202020202020202020
2020202020202020202020202020202020202020
412c2040412b4450545220202020202020202020
4558312020202020202020202020202020202020
2020202020202020202020202020202020202020
412c203244682020202020202020202020202020
2020202020202020202020202020202020202020
3244682c20412020202020202020202020202020
2020202020202020202020202020202020202020
4558312020202020202020202020202020202020
2020202020202020202020202020202020202020
7265665f726573796e6320202020202020202020
2020202020202020202020202020202020202020
4945302020202020202020202020202020202020
2020202020202020202020202020202020202020
4558302020202020202020202020202020202020
2020202020202020202020202020202020202020
5053572c20233138682020202020202020202020
2020202020202020202020202020202020202020
2020202020202020202020202020202020202020
6c6162656c323220202020202020202020202020
2020202020202020202020202020202020202020
2020202020202020202020202020202020202020
3334682c206c6162656c32332020202020202020
2020202020202020202020202020202020202020
2020202020202020202020202020202020202020
52352c2023324468202020202020202020202020
2020202020202020202020202020202020202020
3136682c206c6162656c32342020202020202020
2020202020202020202020202020202020202020
2020202020202020202020202020202020202020
52352c2023324268202020202020202020202020
2020202020202020202020202020202020202020
3135682c206c6162656c32342020202020202020
2020202020202020202020202020202020202020
2020202020202020202020202020202020202020
52352c2023323968202020202020202020202020
2020202020202020202020202020202020202020
3134682c206c6162656c32342020202020202020
2020202020202020202020202020202020202020
2020202020202020202020202020202020202020
52352c2023323768202020202020202020202020
2020202020202020202020202020202020202020
412c205235202020202020202020202020202020
412c2040412b4450545220202020202020202020
3334682c20412020202020202020202020202020
2020202020202020202020202020202020202020
5235202020202020202020202020202020202020
412c205235202020202020202020202020202020
412c2040412b4450545220202020202020202020
52352c2041202020202020202020202020202020
412c203332682020202020202020202020202020
2020202020202020202020202020202020202020
52362c2041202020202020202020202020202020
52372c2033316820202020202020202020202020
2020202020202020202020202020202020202020
4320202020202020202020202020202020202020
412c205237202020202020202020202020202020
4320202020202020202020202020202020202020
304537682c206c6162656c323520202020202020
2020202020202020202020202020202020202020
2020202020202020202020202020202020202020
4120202020202020202020202020202020202020
4120202020202020202020202020202020202020
412c205235202020202020202020202020202020
412c205236202020202020202020202020202020
6c6162656c323620202020202020202020202020
2020202020202020202020202020202020202020
412c205237202020202020202020202020202020
412c205235202020202020202020202020202020
6c6162656c323620202020202020202020202020
2020202020202020202020202020202020202020
412c205235202020202020202020202020202020
412c205236202020202020202020202020202020
6c6162656c323620202020202020202020202020
2020202020202020202020202020202020202020
412c205237202020202020202020202020202020
412c205235202020202020202020202020202020
3331682c20412020202020202020202020202020
2020202020202020202020202020202020202020
412c202331682020202020202020202020202020
2020202020202020202020202020202020202020
412c2040412b4450545220202020202020202020
3335682020202020202020202020202020202020
2020202020202020202020202020202020202020
412c203335682c206c6162656c32372020202020
2020202020202020202020202020202020202020
2020202020202020202020202020202020202020
3335682c20233068202020202020202020202020
2020202020202020202020202020202020202020
2020202020202020202020202020202020202020
445054522c202330303068202020202020202020
2020202020202020202020202020202020202020
2020202020202020202020202020202020202020
40445054522c2041202020202020202020202020
40445054522c2041202020202020202020202020
40445054522c2041202020202020202020202020
40445054522c2041202020202020202020202020
445054522c202331313630682020202020202020
2020202020202020202020202020202020202020
2020202020202020202020202020202020202020
6c6162656c323820202020202020202020202020
2020202020202020202020202020202020202020
3141682c206c6162656c32382020202020202020
2020202020202020202020202020202020202020
2020202020202020202020202020202020202020
3046682c206c6162656c32392020202020202020
2020202020202020202020202020202020202020
2020202020202020202020202020202020202020
6c6162656c333020202020202020202020202020
2020202020202020202020202020202020202020
422c202334306820202020202020202020202020
2020202020202020202020202020202020202020
2020202020202020202020202020202020202020
412c203443682020202020202020202020202020
2020202020202020202020202020202020202020
4142202020202020202020202020202020202020
52362c2041202020202020202020202020202020
52372c2042202020202020202020202020202020
2020202020202020202020202020202020202020
3041682c206c6162656c33312020202020202020
2020202020202020202020202020202020202020
2020202020202020202020202020202020202020
5452302020202020202020202020202020202020
2020202020202020202020202020202020202020
4320202020202020202020202020202020202020
412c20544c302020202020202020202020202020
2020202020202020202020202020202020202020
412c205236202020202020202020202020202020
544c302c20412020202020202020202020202020
2020202020202020202020202020202020202020
412c205448302020202020202020202020202020
2020202020202020202020202020202020202020
412c205237202020202020202020202020202020
5448302c20412020202020202020202020202020
2020202020202020202020202020202020202020
6c6162656c333220202020202020202020202020
2020202020202020202020202020202020202020
4320202020202020202020202020202020202020
412c202331316820202020202020202020202020
2020202020202020202020202020202020202020
412c2040412b4450545220202020202020202020
412c203337682020202020202020202020202020
2020202020202020202020202020202020202020
432c203144682020202020202020202020202020
2020202020202020202020202020202020202020
6c6162656c333320202020202020202020202020
2020202020202020202020202020202020202020
52362c2034416820202020202020202020202020
2020202020202020202020202020202020202020
52372c2034426820202020202020202020202020
2020202020202020202020202020202020202020
6c6162656c333420202020202020202020202020
2020202020202020202020202020202020202020
2020202020202020202020202020202020202020
3141682c206c6162656c33312020202020202020
2020202020202020202020202020202020202020
2020202020202020202020202020202020202020
3044682c206c6162656c33352020202020202020
2020202020202020202020202020202020202020
2020202020202020202020202020202020202020
412c203444682020202020202020202020202020
2020202020202020202020202020202020202020
412c20233130682c206c6162656c333620202020
2020202020202020202020202020202020202020
2020202020202020202020202020202020202020
6c6162656c333720202020202020202020202020
2020202020202020202020202020202020202020
3044682020202020202020202020202020202020
2020202020202020202020202020202020202020
3136682c206c6162656c33382020202020202020
2020202020202020202020202020202020202020
2020202020202020202020202020202020202020
3136682020202020202020202020202020202020
2020202020202020202020202020202020202020
3334682c20233168202020202020202020202020
2020202020202020202020202020202020202020
2020202020202020202020202020202020202020
6c6162656c333520202020202020202020202020
2020202020202020202020202020202020202020
445054522c202331313430682020202020202020
2020202020202020202020202020202020202020
2020202020202020202020202020202020202020
3045682c206c6162656c33392020202020202020
2020202020202020202020202020202020202020
2020202020202020202020202020202020202020
412c202331306820202020202020202020202020
2020202020202020202020202020202020202020
412c2040412b4450545220202020202020202020
412c20233430682c2074315f7265746930202020
2020202020202020202020202020202020202020
2020202020202020202020202020202020202020
3136682c2074315f726574693020202020202020
2020202020202020202020202020202020202020
2020202020202020202020202020202020202020
3136682020202020202020202020202020202020
2020202020202020202020202020202020202020
3334682c20233168202020202020202020202020
2020202020202020202020202020202020202020
2020202020202020202020202020202020202020
6d756c7438783136202020202020202020202020
2020202020202020202020202020202020202020
412c202332682020202020202020202020202020
2020202020202020202020202020202020202020
73686966746c6566743234202020202020202020
2020202020202020202020202020202020202020
3046682c206c6162656c33312020202020202020
2020202020202020202020202020202020202020
2020202020202020202020202020202020202020
3046682020202020202020202020202020202020
2020202020202020202020202020202020202020
422c202334306820202020202020202020202020
2020202020202020202020202020202020202020
2020202020202020202020202020202020202020
412c203443682020202020202020202020202020
2020202020202020202020202020202020202020
4142202020202020202020202020202020202020
412c205236202020202020202020202020202020
52362c2041202020202020202020202020202020
412c204220202020202020202020202020202020
2020202020202020202020202020202020202020
412c205237202020202020202020202020202020
52372c2041202020202020202020202020202020
74315f7265746933202020202020202020202020
2020202020202020202020202020202020202020
2020202020202020202020202020202020202020
412c203534682020202020202020202020202020
2020202020202020202020202020202020202020
422c202335682020202020202020202020202020
2020202020202020202020202020202020202020
2020202020202020202020202020202020202020
4142202020202020202020202020202020202020
5452302020202020202020202020202020202020
2020202020202020202020202020202020202020
412c205236202020202020202020202020202020
4120202020202020202020202020202020202020
544c302c20412020202020202020202020202020
2020202020202020202020202020202020202020
412c204220202020202020202020202020202020
2020202020202020202020202020202020202020
412c205237202020202020202020202020202020
4120202020202020202020202020202020202020
5448302c20412020202020202020202020202020
2020202020202020202020202020202020202020
4541202020202020202020202020202020202020
2020202020202020202020202020202020202020
3930682020202020202020202020202020202020
2020202020202020202020202020202020202020
3041682020202020202020202020202020202020
2020202020202020202020202020202020202020
5452302020202020202020202020202020202020
2020202020202020202020202020202020202020
4554302020202020202020202020202020202020
2020202020202020202020202020202020202020
4945302020202020202020202020202020202020
2020202020202020202020202020202020202020
4541202020202020202020202020202020202020
2020202020202020202020202020202020202020
412c203444682020202020202020202020202020
2020202020202020202020202020202020202020
304537682c206c6162656c333020202020202020
2020202020202020202020202020202020202020
2020202020202020202020202020202020202020
3444682020202020202020202020202020202020
2020202020202020202020202020202020202020
4220202020202020202020202020202020202020
2020202020202020202020202020202020202020
44504c2020202020202020202020202020202020
2020202020202020202020202020202020202020
4450482020202020202020202020202020202020
2020202020202020202020202020202020202020
5053572020202020202020202020202020202020
2020202020202020202020202020202020202020
4143432020202020202020202020202020202020
2020202020202020202020202020202020202020
2020202020202020202020202020202020202020
5053572020202020202020202020202020202020
2020202020202020202020202020202020202020
432c20494e543120202020202020202020202020
2020202020202020202020202020202020202020
432c204945312020202020202020202020202020
2020202020202020202020202020202020202020
3242682c20324368202020202020202020202020
2020202020202020202020202020202020202020
2020202020202020202020202020202020202020
3244682c20324568202020202020202020202020
2020202020202020202020202020202020202020
2020202020202020202020202020202020202020
74315f7265746934202020202020202020202020
2020202020202020202020202020202020202020
432c203131682020202020202020202020202020
2020202020202020202020202020202020202020
74315f7265746935202020202020202020202020
2020202020202020202020202020202020202020
432c202f31316820202020202020202020202020
2020202020202020202020202020202020202020
6c6162656c34353a202020202020202020202020
2020202020202020202020202020202020202020
3242682020202020202020202020202020202020
2020202020202020202020202020202020202020
3130682c20432020202020202020202020202020
2020202020202020202020202020202020202020
3242682c206c6162656c34362020202020202020
2020202020202020202020202020202020202020
2020202020202020202020202020202020202020
3242682020202020202020202020202020202020
2020202020202020202020202020202020202020
3330682020202020202020202020202020202020
2020202020202020202020202020202020202020
3330682020202020202020202020202020202020
2020202020202020202020202020202020202020
3335682c20233068202020202020202020202020
2020202020202020202020202020202020202020
2020202020202020202020202020202020202020
432c203133682020202020202020202020202020
2020202020202020202020202020202020202020
3931682c20432020202020202020202020202020
2020202020202020202020202020202020202020
5053572020202020202020202020202020202020
2020202020202020202020202020202020202020
2020202020202020202020202020202020202020
412c202332682020202020202020202020202020
2020202020202020202020202020202020202020
412c2040412b4450545220202020202020202020
3245682c20412020202020202020202020202020
2020202020202020202020202020202020202020
3133682020202020202020202020202020202020
2020202020202020202020202020202020202020
412c202330682020202020202020202020202020
2020202020202020202020202020202020202020
412c2040412b4450545220202020202020202020
4320202020202020202020202020202020202020
412c203331682020202020202020202020202020
2020202020202020202020202020202020202020
4320202020202020202020202020202020202020
412c203537682020202020202020202020202020
2020202020202020202020202020202020202020
4320202020202020202020202020202020202020
412c203246682020202020202020202020202020
2020202020202020202020202020202020202020
6c6162656c343720202020202020202020202020
2020202020202020202020202020202020202020
4320202020202020202020202020202020202020
3133682020202020202020202020202020202020
2020202020202020202020202020202020202020
412c203246682020202020202020202020202020
2020202020202020202020202020202020202020
4320202020202020202020202020202020202020
4120202020202020202020202020202020202020
6c6162656c343820202020202020202020202020
2020202020202020202020202020202020202020
3243682c20412020202020202020202020202020
2020202020202020202020202020202020202020
3131682c20432020202020202020202020202020
2020202020202020202020202020202020202020
412c202337682020202020202020202020202020
2020202020202020202020202020202020202020
412c203335682020202020202020202020202020
2020202020202020202020202020202020202020
412c2040412b4450545220202020202020202020
412c203331682020202020202020202020202020
2020202020202020202020202020202020202020
412c203537682020202020202020202020202020
2020202020202020202020202020202020202020
3333682c20412020202020202020202020202020
2020202020202020202020202020202020202020
3330682c20324668202020202020202020202020
2020202020202020202020202020202020202020
2020202020202020202020202020202020202020
2020202020202020202020202020202020202020
49452c2023383068202020202020202020202020
2020202020202020202020202020202020202020
2020202020202020202020202020202020202020
50312c2023304646682020202020202020202020
2020202020202020202020202020202020202020
2020202020202020202020202020202020202020
50332c2023304646682020202020202020202020
2020202020202020202020202020202020202020
2020202020202020202020202020202020202020
544d4f442c202331316820202020202020202020
2020202020202020202020202020202020202020
2020202020202020202020202020202020202020
49502c2023326820202020202020202020202020
2020202020202020202020202020202020202020
2020202020202020202020202020202020202020
54434f4e2c202335682020202020202020202020
2020202020202020202020202020202020202020
2020202020202020202020202020202020202020
53434f4e2c202339306820202020202020202020
2020202020202020202020202020202020202020
2020202020202020202020202020202020202020
53502c2023363368202020202020202020202020
2020202020202020202020202020202020202020
2020202020202020202020202020202020202020
445054522c202331313630682020202020202020
2020202020202020202020202020202020202020
2020202020202020202020202020202020202020
5053572c20233068202020202020202020202020
2020202020202020202020202020202020202020
2020202020202020202020202020202020202020
52302c2023363468202020202020202020202020
2020202020202020202020202020202020202020
4120202020202020202020202020202020202020
6a6d705f746f5f7a65726f5f72616d2020202020
2020202020202020202020202020202020202020
2020202020202020202020202020202020202020
4052302c20412020202020202020202020202020
52302c207a65726f5f72616d5f6c6f6f70202020
2020202020202020202020202020202020202020
6c6162656c353120202020202020202020202020
2020202020202020202020202020202020202020
2020202020202020202020202020202020202020
3143682020202020202020202020202020202020
2020202020202020202020202020202020202020
52302c2023306820202020202020202020202020
2020202020202020202020202020202020202020
52312c2023343068202020202020202020202020
2020202020202020202020202020202020202020
6c6f616474696d6572315f6a6d70312020202020
2020202020202020202020202020202020202020
2020202020202020202020202020202020202020
5452312020202020202020202020202020202020
2020202020202020202020202020202020202020
4554312020202020202020202020202020202020
2020202020202020202020202020202020202020
4558312020202020202020202020202020202020
2020202020202020202020202020202020202020
5446312020202020202020202020202020202020
2020202020202020202020202020202020202020
3137682c20242020202020202020202020202020
2020202020202020202020202020202020202020
2020202020202020202020202020202020202020
3137682020202020202020202020202020202020
2020202020202020202020202020202020202020
3137682c20242020202020202020202020202020
2020202020202020202020202020202020202020
2020202020202020202020202020202020202020
3141482020202020202020202020202020202020
2020202020202020202020202020202020202020
6d61696e5f315f6a6d7020202020202020202020
2020202020202020202020202020202020202020
2020202020202020202020202020202020202020
412c202330456820202020202020202020202020
2020202020202020202020202020202020202020
412c2040412b4450545220202020202020202020
52302c2041202020202020202020202020202020
70756c73655f73796e6320202020202020202020
2020202020202020202020202020202020202020
52302c206c6162656c3535202020202020202020
2020202020202020202020202020202020202020
6c6162656c353620202020202020202020202020
2020202020202020202020202020202020202020
2020202020202020202020202020202020202020
4945302020202020202020202020202020202020
2020202020202020202020202020202020202020
50322c2023306820202020202020202020202020
2020202020202020202020202020202020202020
2020202020202020202020202020202020202020
4052302c20412020202020202020202020202020
4052302c20412020202020202020202020202020
4052302c20412020202020202020202020202020
4052302c20412020202020202020202020202020
412c202330446820202020202020202020202020
2020202020202020202020202020202020202020
412c2040412b4450545220202020202020202020
3241682c20412020202020202020202020202020
2020202020202020202020202020202020202020
3137682c206c6162656c35372020202020202020
2020202020202020202020202020202020202020
2020202020202020202020202020202020202020
3137682020202020202020202020202020202020
2020202020202020202020202020202020202020
4052302c20412020202020202020202020202020
4945302c206c6162656c35382020202020202020
2020202020202020202020202020202020202020
2020202020202020202020202020202020202020
4558302020202020202020202020202020202020
2020202020202020202020202020202020202020
3143682020202020202020202020202020202020
2020202020202020202020202020202020202020
6c6162656c353920202020202020202020202020
2020202020202020202020202020202020202020
2020202020202020202020202020202020202020
494e54312c202420202020202020202020202020
2020202020202020202020202020202020202020
2020202020202020202020202020202020202020
494e54312c202420202020202020202020202020
2020202020202020202020202020202020202020
2020202020202020202020202020202020202020
2020202020202020202020202020202020202020
50322c2023306820202020202020202020202020
2020202020202020202020202020202020202020
2020202020202020202020202020202020202020
412c204052302020202020202020202020202020
52322c2023333268202020202020202020202020
2020202020202020202020202020202020202020
52302c2023313068202020202020202020202020
2020202020202020202020202020202020202020
52332c2023386820202020202020202020202020
2020202020202020202020202020202020202020
412c204052302020202020202020202020202020
52322c2024202020202020202020202020202020
2020202020202020202020202020202020202020
5032202020202020202020202020202020202020
2020202020202020202020202020202020202020
412c204052302020202020202020202020202020
4052302c20412020202020202020202020202020
5230202020202020202020202020202020202020
52322c2023333268202020202020202020202020
2020202020202020202020202020202020202020
412c204052302020202020202020202020202020
52332c726561645f6164635f6c696e6573202020
2020202020202020202020202020202020202020
412c203132682020202020202020202020202020
2020202020202020202020202020202020202020
4120202020202020202020202020202020202020
52342c2041202020202020202020202020202020
52322c2023316820202020202020202020202020
2020202020202020202020202020202020202020
6d61705f6c6f6f6b757020202020202020202020
2020202020202020202020202020202020202020
3132682c20412020202020202020202020202020
2020202020202020202020202020202020202020
412c203133682020202020202020202020202020
2020202020202020202020202020202020202020
4120202020202020202020202020202020202020
52342c2041202020202020202020202020202020
6d61705f6c6f6f6b757020202020202020202020
2020202020202020202020202020202020202020
3133682c20412020202020202020202020202020
2020202020202020202020202020202020202020
52302c2023333868202020202020202020202020
2020202020202020202020202020202020202020
52312c2023334368202020202020202020202020
2020202020202020202020202020202020202020
52322c2023346820202020202020202020202020
2020202020202020202020202020202020202020
52332c2023333368202020202020202020202020
2020202020202020202020202020202020202020
3143682c206c6162656c36322020202020202020
2020202020202020202020202020202020202020
2020202020202020202020202020202020202020
412c204052302020202020202020202020202020
4120202020202020202020202020202020202020
4052302c20412020202020202020202020202020
6c6162656c363320202020202020202020202020
2020202020202020202020202020202020202020
412c205233202020202020202020202020202020
412c2040412b4450545220202020202020202020
4052302c20412020202020202020202020202020
412c204052312020202020202020202020202020
6c6162656c363320202020202020202020202020
2020202020202020202020202020202020202020
4120202020202020202020202020202020202020
4052312c20412020202020202020202020202020
5230202020202020202020202020202020202020
5231202020202020202020202020202020202020
5233202020202020202020202020202020202020
52322c206c6162656c3634202020202020202020
2020202020202020202020202020202020202020
412c202331386820202020202020202020202020
2020202020202020202020202020202020202020
412c2040412b4450545220202020202020202020
412c203337682c206c6162656c36352020202020
2020202020202020202020202020202020202020
2020202020202020202020202020202020202020
6c6162656c363620202020202020202020202020
2020202020202020202020202020202020202020
3143682c206c6162656c36362020202020202020
2020202020202020202020202020202020202020
2020202020202020202020202020202020202020
52352c2035356820202020202020202020202020
2020202020202020202020202020202020202020
412c203337682020202020202020202020202020
2020202020202020202020202020202020202020
4320202020202020202020202020202020202020
412c205235202020202020202020202020202020
46302c2043202020202020202020202020202020
2020202020202020202020202020202020202020
6c6162656c363720202020202020202020202020
2020202020202020202020202020202020202020
4120202020202020202020202020202020202020
4120202020202020202020202020202020202020
412c204220202020202020202020202020202020
2020202020202020202020202020202020202020
412c202331356820202020202020202020202020
2020202020202020202020202020202020202020
412c2040412b4450545220202020202020202020
4142202020202020202020202020202020202020
52362c2041202020202020202020202020202020
304537682c206c6162656c363820202020202020
2020202020202020202020202020202020202020
2020202020202020202020202020202020202020
412c204220202020202020202020202020202020
2020202020202020202020202020202020202020
6c6162656c363920202020202020202020202020
2020202020202020202020202020202020202020
52362c2023374668202020202020202020202020
2020202020202020202020202020202020202020
412c203536682020202020202020202020202020
2020202020202020202020202020202020202020
46302c206c6162656c3730202020202020202020
2020202020202020202020202020202020202020
2020202020202020202020202020202020202020
4320202020202020202020202020202020202020
412c205236202020202020202020202020202020
6c6162656c373120202020202020202020202020
2020202020202020202020202020202020202020
412c202338306820202020202020202020202020
2020202020202020202020202020202020202020
52352c202330682c206c6162656c373220202020
2020202020202020202020202020202020202020
2020202020202020202020202020202020202020
6c6162656c373120202020202020202020202020
2020202020202020202020202020202020202020
3535682020202020202020202020202020202020
2020202020202020202020202020202020202020
6c6162656c373120202020202020202020202020
2020202020202020202020202020202020202020
412c205236202020202020202020202020202020
6c6162656c373120202020202020202020202020
2020202020202020202020202020202020202020
412c202338306820202020202020202020202020
2020202020202020202020202020202020202020
52352c2023304646682c206c6162656c37332020
2020202020202020202020202020202020202020
2020202020202020202020202020202020202020
6c6162656c373120202020202020202020202020
2020202020202020202020202020202020202020
3535682020202020202020202020202020202020
2020202020202020202020202020202020202020
3536682c20412020202020202020202020202020
2020202020202020202020202020202020202020
412c202331396820202020202020202020202020
2020202020202020202020202020202020202020
412c2040412b4450545220202020202020202020
412c203439682c206c6162656c37342020202020
2020202020202020202020202020202020202020
2020202020202020202020202020202020202020
412c202330682020202020202020202020202020
2020202020202020202020202020202020202020
6c6162656c373520202020202020202020202020
2020202020202020202020202020202020202020
412c203535682020202020202020202020202020
2020202020202020202020202020202020202020
412c203337682c206c6162656c37362020202020
2020202020202020202020202020202020202020
2020202020202020202020202020202020202020
6c6162656c373720202020202020202020202020
2020202020202020202020202020202020202020
6c6162656c373820202020202020202020202020
2020202020202020202020202020202020202020
412c202331366820202020202020202020202020
2020202020202020202020202020202020202020
412c2040412b4450545220202020202020202020
6c6162656c373520202020202020202020202020
2020202020202020202020202020202020202020
412c202330682020202020202020202020202020
2020202020202020202020202020202020202020
6c6162656c373520202020202020202020202020
2020202020202020202020202020202020202020
412c202331376820202020202020202020202020
2020202020202020202020202020202020202020
412c2040412b4450545220202020202020202020
3537682c20412020202020202020202020202020
2020202020202020202020202020202020202020
6c6f616463616c63202020202020202020202020
2020202020202020202020202020202020202020
3535682c20333768202020202020202020202020
2020202020202020202020202020202020202020
2020202020202020202020202020202020202020
3536682c20233830682020202020202020202020
2020202020202020202020202020202020202020
2020202020202020202020202020202020202020
3537682c20233068202020202020202020202020
2020202020202020202020202020202020202020
2020202020202020202020202020202020202020
3141682c206c6162656c38302020202020202020
2020202020202020202020202020202020202020
2020202020202020202020202020202020202020
52352c2023306820202020202020202020202020
2020202020202020202020202020202020202020
412c202331326820202020202020202020202020
2020202020202020202020202020202020202020
412c2040412b4450545220202020202020202020
3439682c20412020202020202020202020202020
2020202020202020202020202020202020202020
422c202331396820202020202020202020202020
2020202020202020202020202020202020202020
2020202020202020202020202020202020202020
4142202020202020202020202020202020202020
52362c2041202020202020202020202020202020
52372c2042202020202020202020202020202020
2020202020202020202020202020202020202020
412c202331682020202020202020202020202020
2020202020202020202020202020202020202020
412c2040412b4450545220202020202020202020
422c203439682020202020202020202020202020
2020202020202020202020202020202020202020
2020202020202020202020202020202020202020
4142202020202020202020202020202020202020
422c202331396820202020202020202020202020
2020202020202020202020202020202020202020
2020202020202020202020202020202020202020
4142202020202020202020202020202020202020
3436682c20422020202020202020202020202020
2020202020202020202020202020202020202020
2020202020202020202020202020202020202020
3437682c20412020202020202020202020202020
2020202020202020202020202020202020202020
3438682c20233068202020202020202020202020
2020202020202020202020202020202020202020
2020202020202020202020202020202020202020
6c6162656c383120202020202020202020202020
2020202020202020202020202020202020202020
52332c2033376820202020202020202020202020
2020202020202020202020202020202020202020
412c202333326820202020202020202020202020
2020202020202020202020202020202020202020
422c205233202020202020202020202020202020
2020202020202020202020202020202020202020
4142202020202020202020202020202020202020
52372c2041202020202020202020202020202020
6469763136202020202020202020202020202020
2020202020202020202020202020202020202020
52362c2041202020202020202020202020202020
412c203130682020202020202020202020202020
2020202020202020202020202020202020202020
422c202332306820202020202020202020202020
2020202020202020202020202020202020202020
2020202020202020202020202020202020202020
4142202020202020202020202020202020202020
52322c2041202020202020202020202020202020
52332c2042202020202020202020202020202020
2020202020202020202020202020202020202020
445054522c202331304634682020202020202020
2020202020202020202020202020202020202020
2020202020202020202020202020202020202020
412c2040412b4450545220202020202020202020
6d756c7438783136202020202020202020202020
2020202020202020202020202020202020202020
445054522c202331304643682020202020202020
2020202020202020202020202020202020202020
2020202020202020202020202020202020202020
412c205232202020202020202020202020202020
412c2040412b4450545220202020202020202020
73686966746c6566743234202020202020202020
2020202020202020202020202020202020202020
445054522c202331313034682020202020202020
2020202020202020202020202020202020202020
2020202020202020202020202020202020202020
412c205233202020202020202020202020202020
412c2040412b4450545220202020202020202020
6d756c7438783136202020202020202020202020
2020202020202020202020202020202020202020
445054522c202331313630682020202020202020
2020202020202020202020202020202020202020
2020202020202020202020202020202020202020
412c202331336820202020202020202020202020
2020202020202020202020202020202020202020
636c616d70202020202020202020202020202020
2020202020202020202020202020202020202020
412c202331346820202020202020202020202020
2020202020202020202020202020202020202020
636c616d70312020202020202020202020202020
2020202020202020202020202020202020202020
412c205236202020202020202020202020202020
52332c2041202020202020202020202020202020
412c205237202020202020202020202020202020
52342c2041202020202020202020202020202020
52322c2023314268202020202020202020202020
2020202020202020202020202020202020202020
6d61705f6c6f6f6b757020202020202020202020
2020202020202020202020202020202020202020
2020202020202020202020202020202020202020
52352c2041202020202020202020202020202020
52322c2034366820202020202020202020202020
2020202020202020202020202020202020202020
52312c2034376820202020202020202020202020
2020202020202020202020202020202020202020
52302c2034386820202020202020202020202020
2020202020202020202020202020202020202020
6c6f777061737332342020202020202020202020
2020202020202020202020202020202020202020
2020202020202020202020202020202020202020
3436682c20523220202020202020202020202020
2020202020202020202020202020202020202020
3437682c20523120202020202020202020202020
2020202020202020202020202020202020202020
3438682c20523020202020202020202020202020
2020202020202020202020202020202020202020
52372c2034366820202020202020202020202020
2020202020202020202020202020202020202020
52362c2034376820202020202020202020202020
2020202020202020202020202020202020202020
412c202330413468202020202020202020202020
2020202020202020202020202020202020202020
6d756c7438783136202020202020202020202020
2020202020202020202020202020202020202020
412c202334682020202020202020202020202020
2020202020202020202020202020202020202020
73686966746c6566743234202020202020202020
2020202020202020202020202020202020202020
3439682c20523720202020202020202020202020
2020202020202020202020202020202020202020
52372c2034366820202020202020202020202020
2020202020202020202020202020202020202020
52362c2034376820202020202020202020202020
2020202020202020202020202020202020202020
6c6162656c383620202020202020202020202020
2020202020202020202020202020202020202020
2020202020202020202020202020202020202020
3530682020202020202020202020202020202020
2020202020202020202020202020202020202020
6c6162656c383720202020202020202020202020
2020202020202020202020202020202020202020
2020202020202020202020202020202020202020
52302c2034456820202020202020202020202020
2020202020202020202020202020202020202020
52312c2034466820202020202020202020202020
2020202020202020202020202020202020202020
6d756c7431367831362020202020202020202020
2020202020202020202020202020202020202020
412c203530682020202020202020202020202020
2020202020202020202020202020202020202020
73686966746c6566743234202020202020202020
2020202020202020202020202020202020202020
3530682020202020202020202020202020202020
2020202020202020202020202020202020202020
616972666c6f7731202020202020202020202020
2020202020202020202020202020202020202020
2020202020202020202020202020202020202020
52322c2023314168202020202020202020202020
2020202020202020202020202020202020202020
6d61705f6c6f6f6b757020202020202020202020
2020202020202020202020202020202020202020
3534682c20412020202020202020202020202020
2020202020202020202020202020202020202020
4541202020202020202020202020202020202020
2020202020202020202020202020202020202020
3442682c20523720202020202020202020202020
2020202020202020202020202020202020202020
3441682c20523620202020202020202020202020
2020202020202020202020202020202020202020
4945302020202020202020202020202020202020
2020202020202020202020202020202020202020
4541202020202020202020202020202020202020
2020202020202020202020202020202020202020
64756d6d795f3130336220202020202020202020
2020202020202020202020202020202020202020
2020202020202020202020202020202020202020
3145682c206c6162656c39312020202020202020
2020202020202020202020202020202020202020
2020202020202020202020202020202020202020
52312c2023353068202020202020202020202020
2020202020202020202020202020202020202020
4553202020202020202020202020202020202020
2020202020202020202020202020202020202020
52312c206c6162656c3932202020202020202020
2020202020202020202020202020202020202020
4553202020202020202020202020202020202020
2020202020202020202020202020202020202020
6c6162656c393320202020202020202020202020
2020202020202020202020202020202020202020
2020202020202020202020202020202020202020
4630202020202020202020202020202020202020
2020202020202020202020202020202020202020
412c2040412b4450545220202020202020202020
422c202331396820202020202020202020202020
2020202020202020202020202020202020202020
2020202020202020202020202020202020202020
4142202020202020202020202020202020202020
52332c2041202020202020202020202020202020
412c205236202020202020202020202020202020
412c204220202020202020202020202020202020
2020202020202020202020202020202020202020
412c205237202020202020202020202020202020
46302c206c6162656c3934202020202020202020
2020202020202020202020202020202020202020
2020202020202020202020202020202020202020
4320202020202020202020202020202020202020
6c6162656c393520202020202020202020202020
2020202020202020202020202020202020202020
412c205233202020202020202020202020202020
52362c2041202020202020202020202020202020
412c204220202020202020202020202020202020
2020202020202020202020202020202020202020
52372c2041202020202020202020202020202020
2020202020202020202020202020202020202020
412c205230202020202020202020202020202020
422c205236202020202020202020202020202020
2020202020202020202020202020202020202020
4142202020202020202020202020202020202020
52352c2042202020202020202020202020202020
2020202020202020202020202020202020202020
412c205231202020202020202020202020202020
422c205236202020202020202020202020202020
2020202020202020202020202020202020202020
4142202020202020202020202020202020202020
412c205235202020202020202020202020202020
52352c2041202020202020202020202020202020
4120202020202020202020202020202020202020
412c204220202020202020202020202020202020
2020202020202020202020202020202020202020
52362c2041202020202020202020202020202020
412c205230202020202020202020202020202020
422c205237202020202020202020202020202020
2020202020202020202020202020202020202020
4142202020202020202020202020202020202020
412c205235202020202020202020202020202020
52352c2041202020202020202020202020202020
412c205236202020202020202020202020202020
412c204220202020202020202020202020202020
2020202020202020202020202020202020202020
52362c2041202020202020202020202020202020
4120202020202020202020202020202020202020
4120202020202020202020202020202020202020
412c205237202020202020202020202020202020
422c204120202020202020202020202020202020
2020202020202020202020202020202020202020
412c205231202020202020202020202020202020
4142202020202020202020202020202020202020
412c205236202020202020202020202020202020
52362c2041202020202020202020202020202020
412c205237202020202020202020202020202020
412c204220202020202020202020202020202020
2020202020202020202020202020202020202020
52372c2041202020202020202020202020202020
2020202020202020202020202020202020202020
3141682c206c6162656c39362020202020202020
2020202020202020202020202020202020202020
2020202020202020202020202020202020202020
3138682c206c6162656c39362020202020202020
2020202020202020202020202020202020202020
2020202020202020202020202020202020202020
4320202020202020202020202020202020202020
412c203130682020202020202020202020202020
2020202020202020202020202020202020202020
412c203533682020202020202020202020202020
2020202020202020202020202020202020202020
6c6162656c393620202020202020202020202020
2020202020202020202020202020202020202020
33682c2041202020202020202020202020202020
2020202020202020202020202020202020202020
412c202333376820202020202020202020202020
2020202020202020202020202020202020202020
412c2040412b4450545220202020202020202020
4320202020202020202020202020202020202020
412c203337682020202020202020202020202020
2020202020202020202020202020202020202020
6c6162656c393720202020202020202020202020
2020202020202020202020202020202020202020
422c202330682020202020202020202020202020
2020202020202020202020202020202020202020
2020202020202020202020202020202020202020
6c6162656c393820202020202020202020202020
2020202020202020202020202020202020202020
52322c2023314368202020202020202020202020
2020202020202020202020202020202020202020
6d61705f6c6f6f6b757020202020202020202020
2020202020202020202020202020202020202020
2020202020202020202020202020202020202020
422c204120202020202020202020202020202020
2020202020202020202020202020202020202020
6d61705f6c6f6f6b757020202020202020202020
2020202020202020202020202020202020202020
2020202020202020202020202020202020202020
4142202020202020202020202020202020202020
3046682c206c6162656c39392020202020202020
2020202020202020202020202020202020202020
2020202020202020202020202020202020202020
3443682c20422020202020202020202020202020
2020202020202020202020202020202020202020
2020202020202020202020202020202020202020
52322c2023314568202020202020202020202020
2020202020202020202020202020202020202020
6d61705f6c6f6f6b757020202020202020202020
2020202020202020202020202020202020202020
2020202020202020202020202020202020202020
6c6162656c393620202020202020202020202020
2020202020202020202020202020202020202020
422c204120202020202020202020202020202020
2020202020202020202020202020202020202020
412c203443682020202020202020202020202020
2020202020202020202020202020202020202020
6c6162656c313030202020202020202020202020
2020202020202020202020202020202020202020
3046682020202020202020202020202020202020
2020202020202020202020202020202020202020
6d61705f6c6f6f6b757020202020202020202020
2020202020202020202020202020202020202020
2020202020202020202020202020202020202020
4142202020202020202020202020202020202020
6d61705f6c6f6f6b757020202020202020202020
2020202020202020202020202020202020202020
4142202020202020202020202020202020202020
412c204220202020202020202020202020202020
2020202020202020202020202020202020202020
412c203344682c206c6162656c31303120202020
2020202020202020202020202020202020202020
2020202020202020202020202020202020202020
6c6162656c393620202020202020202020202020
2020202020202020202020202020202020202020
3344682c20412020202020202020202020202020
2020202020202020202020202020202020202020
3533682c20353268202020202020202020202020
2020202020202020202020202020202020202020
2020202020202020202020202020202020202020
3532682c20353168202020202020202020202020
2020202020202020202020202020202020202020
2020202020202020202020202020202020202020
3531682c20313068202020202020202020202020
2020202020202020202020202020202020202020
2020202020202020202020202020202020202020
412c203344682020202020202020202020202020
2020202020202020202020202020202020202020
7072657363616c655f6c6f202020202020202020
2020202020202020202020202020202020202020
2020202020202020202020202020202020202020
6c6162656c313033202020202020202020202020
2020202020202020202020202020202020202020
52352c2041202020202020202020202020202020
422c205236202020202020202020202020202020
2020202020202020202020202020202020202020
4142202020202020202020202020202020202020
52362c2042202020202020202020202020202020
2020202020202020202020202020202020202020
412c205235202020202020202020202020202020
422c205237202020202020202020202020202020
2020202020202020202020202020202020202020
4142202020202020202020202020202020202020
412c205236202020202020202020202020202020
52362c2041202020202020202020202020202020
4120202020202020202020202020202020202020
412c204220202020202020202020202020202020
2020202020202020202020202020202020202020
52372c2041202020202020202020202020202020
2020202020202020202020202020202020202020
4120202020202020202020202020202020202020
52342c2023386820202020202020202020202020
2020202020202020202020202020202020202020
4320202020202020202020202020202020202020
4120202020202020202020202020202020202020
412c204220202020202020202020202020202020
2020202020202020202020202020202020202020
4120202020202020202020202020202020202020
43592c2064697631365f33202020202020202020
2020202020202020202020202020202020202020
2020202020202020202020202020202020202020
412c205233202020202020202020202020202020
64697631365f3220202020202020202020202020
2020202020202020202020202020202020202020
412c205233202020202020202020202020202020
412c204220202020202020202020202020202020
2020202020202020202020202020202020202020
52342c64697631365f3120202020202020202020
2020202020202020202020202020202020202020
4120202020202020202020202020202020202020
4120202020202020202020202020202020202020
2020202020202020202020202020202020202020
412c205233202020202020202020202020202020
4320202020202020202020202020202020202020
412c204220202020202020202020202020202020
2020202020202020202020202020202020202020
52342c2064697631365f31202020202020202020
2020202020202020202020202020202020202020
4120202020202020202020202020202020202020
4120202020202020202020202020202020202020
2020202020202020202020202020202020202020
7265745f73686966746c65667420202020202020
2020202020202020202020202020202020202020
412c205237202020202020202020202020202020
304537682c2073686966746c65667432345f3220
2020202020202020202020202020202020202020
2020202020202020202020202020202020202020
412c205237202020202020202020202020202020
2020202020202020202020202020202020202020
4320202020202020202020202020202020202020
412c205235202020202020202020202020202020
4120202020202020202020202020202020202020
412c205235202020202020202020202020202020
412c205236202020202020202020202020202020
4120202020202020202020202020202020202020
412c205236202020202020202020202020202020
4120202020202020202020202020202020202020
412c205237202020202020202020202020202020
4120202020202020202020202020202020202020
73686966746c6566743234202020202020202020
2020202020202020202020202020202020202020
4220202020202020202020202020202020202020
2020202020202020202020202020202020202020
445054522c202331303930682020202020202020
2020202020202020202020202020202020202020
2020202020202020202020202020202020202020
412c205232202020202020202020202020202020
5232202020202020202020202020202020202020
5253302020202020202020202020202020202020
2020202020202020202020202020202020202020
412c2040412b4450545220202020202020202020
412c2023304646682c206c6162656c3130392020
2020202020202020202020202020202020202020
2020202020202020202020202020202020202020
3241682020202020202020202020202020202020
2020202020202020202020202020202020202020
6d61705f6c6f6f6b75705f636c65616e20202020
2020202020202020202020202020202020202020
3241682020202020202020202020202020202020
2020202020202020202020202020202020202020
432c203045306820202020202020202020202020
2020202020202020202020202020202020202020
3045306820202020202020202020202020202020
2020202020202020202020202020202020202020
445054522c202331314530682020202020202020
2020202020202020202020202020202020202020
2020202020202020202020202020202020202020
52372c2041202020202020202020202020202020
5237202020202020202020202020202020202020
412c2040412b4450545220202020202020202020
412c205237202020202020202020202020202020
412c2040412b4450545220202020202020202020
44504c2c20412020202020202020202020202020
2020202020202020202020202020202020202020
4450482c20523720202020202020202020202020
2020202020202020202020202020202020202020
33444d6170202020202020202020202020202020
2020202020202020202020202020202020202020
4765745f4d61705f416464722020202020202020
2020202020202020202020202020202020202020
4765745f4d61705f76616c202020202020202020
2020202020202020202020202020202020202020
6d61705f6c6f6f6b75705f636c65616e20202020
2020202020202020202020202020202020202020
4765745f4d61705f416464722020202020202020
2020202020202020202020202020202020202020
422c205231202020202020202020202020202020
2020202020202020202020202020202020202020
412c205230202020202020202020202020202020
52362c2041202020202020202020202020202020
412c205233202020202020202020202020202020
52372c2041202020202020202020202020202020
4765745f4d61705f416464722020202020202020
2020202020202020202020202020202020202020
412c205232202020202020202020202020202020
4142202020202020202020202020202020202020
412c205231202020202020202020202020202020
52312c2041202020202020202020202020202020
412c205237202020202020202020202020202020
6c6162656c313134202020202020202020202020
2020202020202020202020202020202020202020
4765745f4d61705f76616c202020202020202020
2020202020202020202020202020202020202020
412c205232202020202020202020202020202020
4120202020202020202020202020202020202020
4120202020202020202020202020202020202020
412c205231202020202020202020202020202020
52312c2041202020202020202020202020202020
4765745f4d61705f76616c202020202020202020
2020202020202020202020202020202020202020
412c205237202020202020202020202020202020
6c6162656c313135202020202020202020202020
2020202020202020202020202020202020202020
412c205237202020202020202020202020202020
6d61705f6c6f6f6b75705f636c65616e20202020
2020202020202020202020202020202020202020
52332c2041202020202020202020202020202020
422c205236202020202020202020202020202020
2020202020202020202020202020202020202020
412c205237202020202020202020202020202020
52352c2041202020202020202020202020202020
412c205232202020202020202020202020202020
696e746572705f7369676e65645f6d756c202020
2020202020202020202020202020202020202020
5253302020202020202020202020202020202020
2020202020202020202020202020202020202020
4220202020202020202020202020202020202020
2020202020202020202020202020202020202020
445054522c202331313630682020202020202020
2020202020202020202020202020202020202020
2020202020202020202020202020202020202020
2020202020202020202020202020202020202020
4120202020202020202020202020202020202020
412c2040412b4450545220202020202020202020
52302c2041202020202020202020202020202020
4450545220202020202020202020202020202020
4120202020202020202020202020202020202020
412c2040412b4450545220202020202020202020
52322c2041202020202020202020202020202020
52312c2041202020202020202020202020202020
412c204052302020202020202020202020202020
52302c2041202020202020202020202020202020
412c205231202020202020202020202020202020
412c2040412b4450545220202020202020202020
412c205230202020202020202020202020202020
52302c2041202020202020202020202020202020
6765745f6d61705f613120202020202020202020
2020202020202020202020202020202020202020
52312c20696e725f6765745f6d61705f61646472
2020202020202020202020202020202020202020
5231202020202020202020202020202020202020
4120202020202020202020202020202020202020
6765745f6d61705f613220202020202020202020
2020202020202020202020202020202020202020
412c205231202020202020202020202020202020
412c205232202020202020202020202020202020
6765745f6d61705f613220202020202020202020
2020202020202020202020202020202020202020
412c205231202020202020202020202020202020
412c2040412b4450545220202020202020202020
52332c2041202020202020202020202020202020
4450545220202020202020202020202020202020
412c205232202020202020202020202020202020
412c2044504c2020202020202020202020202020
2020202020202020202020202020202020202020
44504c2c20412020202020202020202020202020
2020202020202020202020202020202020202020
4120202020202020202020202020202020202020
412c204450482020202020202020202020202020
2020202020202020202020202020202020202020
4450482c20412020202020202020202020202020
2020202020202020202020202020202020202020
2020202020202020202020202020202020202020
412c205233202020202020202020202020202020
6d61705f76616c5f696e7472706c746520202020
2020202020202020202020202020202020202020
412c205231202020202020202020202020202020
4120202020202020202020202020202020202020
412c2040412b4450545220202020202020202020
2020202020202020202020202020202020202020
422c205230202020202020202020202020202020
2020202020202020202020202020202020202020
412c205231202020202020202020202020202020
4120202020202020202020202020202020202020
412c2040412b4450545220202020202020202020
52352c2041202020202020202020202020202020
412c205231202020202020202020202020202020
412c2040412b4450545220202020202020202020
4320202020202020202020202020202020202020
412c205235202020202020202020202020202020
46302c2043202020202020202020202020202020
2020202020202020202020202020202020202020
6578315f72657469312020202020202020202020
2020202020202020202020202020202020202020
4120202020202020202020202020202020202020
4120202020202020202020202020202020202020
4142202020202020202020202020202020202020
6d61705f64697620202020202020202020202020
2020202020202020202020202020202020202020
412c204220202020202020202020202020202020
2020202020202020202020202020202020202020
4320202020202020202020202020202020202020
4120202020202020202020202020202020202020
6578315f72657469332020202020202020202020
2020202020202020202020202020202020202020
412c205233202020202020202020202020202020
4320202020202020202020202020202020202020
4120202020202020202020202020202020202020
412c204220202020202020202020202020202020
2020202020202020202020202020202020202020
46302c206578315f726574693420202020202020
2020202020202020202020202020202020202020
2020202020202020202020202020202020202020
4120202020202020202020202020202020202020
4120202020202020202020202020202020202020
412c205235202020202020202020202020202020
2020202020202020202020202020202020202020
5253302020202020202020202020202020202020
2020202020202020202020202020202020202020
4765745f4d61705f416464722020202020202020
2020202020202020202020202020202020202020
5231202020202020202020202020202020202020
412c205231202020202020202020202020202020
412c2040412b4450545220202020202020202020
445054522c202331313630682020202020202020
2020202020202020202020202020202020202020
2020202020202020202020202020202020202020
5253302020202020202020202020202020202020
2020202020202020202020202020202020202020
2020202020202020202020202020202020202020
52342c2023386820202020202020202020202020
2020202020202020202020202020202020202020
4320202020202020202020202020202020202020
4120202020202020202020202020202020202020
412c204220202020202020202020202020202020
2020202020202020202020202020202020202020
4120202020202020202020202020202020202020
43592c206578315f726574693520202020202020
2020202020202020202020202020202020202020
2020202020202020202020202020202020202020
412c205233202020202020202020202020202020
6578315f72657469362020202020202020202020
2020202020202020202020202020202020202020
412c205233202020202020202020202020202020
412c204220202020202020202020202020202020
2020202020202020202020202020202020202020
52342c206d61705f6469765f6c6f6f7020202020
2020202020202020202020202020202020202020
4120202020202020202020202020202020202020
4120202020202020202020202020202020202020
6578315f72657469382020202020202020202020
2020202020202020202020202020202020202020
412c205233202020202020202020202020202020
4320202020202020202020202020202020202020
412c204220202020202020202020202020202020
2020202020202020202020202020202020202020
52342c206d61705f6469765f6c6f6f7020202020
2020202020202020202020202020202020202020
4120202020202020202020202020202020202020
4120202020202020202020202020202020202020
6578315f72657469382020202020202020202020
2020202020202020202020202020202020202020
412c205233202020202020202020202020202020
4320202020202020202020202020202020202020
412c205231202020202020202020202020202020
52362c2041202020202020202020202020202020
412c205234202020202020202020202020202020
412c205232202020202020202020202020202020
52372c2041202020202020202020202020202020
6578315f72657469392020202020202020202020
2020202020202020202020202020202020202020
412c205236202020202020202020202020202020
6578315f72657469392020202020202020202020
2020202020202020202020202020202020202020
52302c2041202020202020202020202020202020
6c6162656c313330202020202020202020202020
2020202020202020202020202020202020202020
412c205235202020202020202020202020202020
6d756c7438783136202020202020202020202020
2020202020202020202020202020202020202020
4320202020202020202020202020202020202020
412c205235202020202020202020202020202020
412c205230202020202020202020202020202020
52302c2041202020202020202020202020202020
412c205236202020202020202020202020202020
412c205231202020202020202020202020202020
52312c2041202020202020202020202020202020
412c205237202020202020202020202020202020
412c205232202020202020202020202020202020
52322c2041202020202020202020202020202020
6c6162656c313331202020202020202020202020
2020202020202020202020202020202020202020
2020202020202020202020202020202020202020
4320202020202020202020202020202020202020
412c205236202020202020202020202020202020
4120202020202020202020202020202020202020
412c202331682020202020202020202020202020
2020202020202020202020202020202020202020
52362c2041202020202020202020202020202020
412c205237202020202020202020202020202020
4120202020202020202020202020202020202020
412c202330682020202020202020202020202020
2020202020202020202020202020202020202020
52372c2041202020202020202020202020202020
412c205235202020202020202020202020202020
6d756c7438783136202020202020202020202020
2020202020202020202020202020202020202020
4320202020202020202020202020202020202020
412c205230202020202020202020202020202020
412c205235202020202020202020202020202020
52302c2041202020202020202020202020202020
412c205231202020202020202020202020202020
412c205236202020202020202020202020202020
52312c2041202020202020202020202020202020
412c205232202020202020202020202020202020
412c205237202020202020202020202020202020
52322c2041202020202020202020202020202020
2020202020202020202020202020202020202020
4120202020202020202020202020202020202020
432c203936682020202020202020202020202020
2020202020202020202020202020202020202020
4120202020202020202020202020202020202020
6c6162656c313332202020202020202020202020
2020202020202020202020202020202020202020
4120202020202020202020202020202020202020
432c205430202020202020202020202020202020
2020202020202020202020202020202020202020
4120202020202020202020202020202020202020
412c205232202020202020202020202020202020
52322c2041202020202020202020202020202020
2020202020202020202020202020202020202020
696e74315f70726f632020202020202020202020
2020202020202020202020202020202020202020
412c202330466820202020202020202020202020
2020202020202020202020202020202020202020
412c2040412b4450545220202020202020202020
52302c2023306820202020202020202020202020
2020202020202020202020202020202020202020
52312c2041202020202020202020202020202020
636865636b5f74696d655f6c6566742020202020
2020202020202020202020202020202020202020
494e54312c206c6f6f705f666f725f696e74315f
2020202020202020202020202020202020202020
2020202020202020202020202020202020202020
636865636b5f74696d655f6c6566742020202020
2020202020202020202020202020202020202020
494e54312c206c6f6f705f666f725f696e74315f
2020202020202020202020202020202020202020
2020202020202020202020202020202020202020
2020202020202020202020202020202020202020
52302c20696e74315f70726f635f726574202020
2020202020202020202020202020202020202020
52312c20696e74315f70726f635f726574202020
2020202020202020202020202020202020202020
7273745f74617220202020202020202020202020
2020202020202020202020202020202020202020
2020202020202020202020202020202020202020
445054522c202331313234682020202020202020
2020202020202020202020202020202020202020
2020202020202020202020202020202020202020
6c696e6561725f6c6f6f6b757020202020202020
2020202020202020202020202020202020202020
4120202020202020202020202020202020202020
3139682c20432020202020202020202020202020
2020202020202020202020202020202020202020
4120202020202020202020202020202020202020
3138682c20432020202020202020202020202020
2020202020202020202020202020202020202020
6c6162656c313339202020202020202020202020
2020202020202020202020202020202020202020
2020202020202020202020202020202020202020
412c203135682020202020202020202020202020
2020202020202020202020202020202020202020
412c20233830682c206c6162656c313430202020
2020202020202020202020202020202020202020
2020202020202020202020202020202020202020
4320202020202020202020202020202020202020
3142682c20432020202020202020202020202020
2020202020202020202020202020202020202020
412c203134682020202020202020202020202020
2020202020202020202020202020202020202020
412c20233830682c206c6162656c313431202020
2020202020202020202020202020202020202020
2020202020202020202020202020202020202020
4320202020202020202020202020202020202020
3245682c20432020202020202020202020202020
2020202020202020202020202020202020202020
412c202331306820202020202020202020202020
2020202020202020202020202020202020202020
412c2040412b4450545220202020202020202020
4320202020202020202020202020202020202020
412c203337682020202020202020202020202020
2020202020202020202020202020202020202020
6c6162656c313432202020202020202020202020
2020202020202020202020202020202020202020
52322c2023336820202020202020202020202020
2020202020202020202020202020202020202020
6d61705f6c6f6f6b757020202020202020202020
2020202020202020202020202020202020202020
4320202020202020202020202020202020202020
412c203337682020202020202020202020202020
2020202020202020202020202020202020202020
6c6162656c313433202020202020202020202020
2020202020202020202020202020202020202020
2020202020202020202020202020202020202020
3141682020202020202020202020202020202020
2020202020202020202020202020202020202020
2020202020202020202020202020202020202020
3141682020202020202020202020202020202020
2020202020202020202020202020202020202020
2020202020202020202020202020202020202020
52352c2023306820202020202020202020202020
2020202020202020202020202020202020202020
4320202020202020202020202020202020202020
3141682c206c6162656c31343420202020202020
2020202020202020202020202020202020202020
2020202020202020202020202020202020202020
52322c2023346820202020202020202020202020
2020202020202020202020202020202020202020
6765745f696e6a5f707720202020202020202020
2020202020202020202020202020202020202020
6c6162656c313436202020202020202020202020
2020202020202020202020202020202020202020
3138682c206c6162656c31343720202020202020
2020202020202020202020202020202020202020
2020202020202020202020202020202020202020
52322c2023376820202020202020202020202020
2020202020202020202020202020202020202020
6765745f696e6a5f707720202020202020202020
2020202020202020202020202020202020202020
54305f76617269616e745f6f6666736574202020
2020202020202020202020202020202020202020
6c6162656c313439202020202020202020202020
2020202020202020202020202020202020202020
3139682c206c6162656c31353020202020202020
2020202020202020202020202020202020202020
2020202020202020202020202020202020202020
52322c2023304268202020202020202020202020
2020202020202020202020202020202020202020
6765745f696e6a5f707720202020202020202020
2020202020202020202020202020202020202020
54305f76617269616e745f6f6666736574202020
2020202020202020202020202020202020202020
696e6a5f72706d5f636f72722020202020202020
2020202020202020202020202020202020202020
52322c2023313168202020202020202020202020
2020202020202020202020202020202020202020
412c202332306820202020202020202020202020
2020202020202020202020202020202020202020
412c2040412b4450545220202020202020202020
412c203439682020202020202020202020202020
2020202020202020202020202020202020202020
6c6162656c313532202020202020202020202020
2020202020202020202020202020202020202020
6765745f696e6a5f707720202020202020202020
2020202020202020202020202020202020202020
63686b5f6c616d6264615f6c6f77202020202020
2020202020202020202020202020202020202020
6c6162656c313439202020202020202020202020
2020202020202020202020202020202020202020
5232202020202020202020202020202020202020
6765745f696e6a5f707720202020202020202020
2020202020202020202020202020202020202020
63686b5f6c616d6264615f6c6f77202020202020
2020202020202020202020202020202020202020
445054522c202331313245682020202020202020
2020202020202020202020202020202020202020
2020202020202020202020202020202020202020
6c696e6561725f6c6f6f6b757020202020202020
2020202020202020202020202020202020202020
304532682c206c6162656c313439202020202020
2020202020202020202020202020202020202020
2020202020202020202020202020202020202020
412c202332316820202020202020202020202020
2020202020202020202020202020202020202020
412c2040412b4450545220202020202020202020
4320202020202020202020202020202020202020
412c203337682020202020202020202020202020
2020202020202020202020202020202020202020
6c6162656c313439202020202020202020202020
2020202020202020202020202020202020202020
412c202332326820202020202020202020202020
2020202020202020202020202020202020202020
412c2040412b4450545220202020202020202020
412c205235202020202020202020202020202020
52352c2041202020202020202020202020202020
6d61705f6c6f6f6b757020202020202020202020
2020202020202020202020202020202020202020
412c205235202020202020202020202020202020
4320202020202020202020202020202020202020
412c202331346820202020202020202020202020
2020202020202020202020202020202020202020
52352c2041202020202020202020202020202020
6c6162656c313534202020202020202020202020
2020202020202020202020202020202020202020
2020202020202020202020202020202020202020
52322c2023313768202020202020202020202020
2020202020202020202020202020202020202020
6d61705f6c6f6f6b757020202020202020202020
2020202020202020202020202020202020202020
412c205235202020202020202020202020202020
4320202020202020202020202020202020202020
412c202331346820202020202020202020202020
2020202020202020202020202020202020202020
52352c2041202020202020202020202020202020
52302c2041202020202020202020202020202020
432c203045376820202020202020202020202020
2020202020202020202020202020202020202020
412c202332336820202020202020202020202020
2020202020202020202020202020202020202020
6c6162656c313535202020202020202020202020
2020202020202020202020202020202020202020
4120202020202020202020202020202020202020
412c2040412b4450545220202020202020202020
52312c2041202020202020202020202020202020
6c6162656c313536202020202020202020202020
2020202020202020202020202020202020202020
412c205230202020202020202020202020202020
4320202020202020202020202020202020202020
412c205230202020202020202020202020202020
6c6162656c313537202020202020202020202020
2020202020202020202020202020202020202020
412c205231202020202020202020202020202020
52352c2041202020202020202020202020202020
412c205235202020202020202020202020202020
432c203045376820202020202020202020202020
2020202020202020202020202020202020202020
4120202020202020202020202020202020202020
52352c2041202020202020202020202020202020
6c6162656c313538202020202020202020202020
2020202020202020202020202020202020202020
2020202020202020202020202020202020202020
3141682c206c6162656c31353920202020202020
2020202020202020202020202020202020202020
2020202020202020202020202020202020202020
3138682c206c6162656c31363020202020202020
2020202020202020202020202020202020202020
2020202020202020202020202020202020202020
52322c2023313968202020202020202020202020
2020202020202020202020202020202020202020
6d61705f6c6f6f6b757020202020202020202020
2020202020202020202020202020202020202020
4320202020202020202020202020202020202020
412c203337682020202020202020202020202020
2020202020202020202020202020202020202020
6c6162656c313631202020202020202020202020
2020202020202020202020202020202020202020
52332c2041202020202020202020202020202020
412c202333326820202020202020202020202020
2020202020202020202020202020202020202020
3045682c206c6162656c31363220202020202020
2020202020202020202020202020202020202020
2020202020202020202020202020202020202020
412c202333316820202020202020202020202020
2020202020202020202020202020202020202020
412c2040412b4450545220202020202020202020
412c205233202020202020202020202020202020
6c6162656c313539202020202020202020202020
2020202020202020202020202020202020202020
3135682020202020202020202020202020202020
2020202020202020202020202020202020202020
412c205235202020202020202020202020202020
412c203331682c206c6162656c31353920202020
2020202020202020202020202020202020202020
2020202020202020202020202020202020202020
3144682020202020202020202020202020202020
2020202020202020202020202020202020202020
3135682020202020202020202020202020202020
2020202020202020202020202020202020202020
3332682c20412020202020202020202020202020
2020202020202020202020202020202020202020
3331682c20412020202020202020202020202020
2020202020202020202020202020202020202020
2020202020202020202020202020202020202020
3045682020202020202020202020202020202020
2020202020202020202020202020202020202020
3135682020202020202020202020202020202020
2020202020202020202020202020202020202020
3144682c206c6162656c31353920202020202020
2020202020202020202020202020202020202020
2020202020202020202020202020202020202020
412c202332466820202020202020202020202020
2020202020202020202020202020202020202020
412c2040412b4450545220202020202020202020
6c6162656c313633202020202020202020202020
2020202020202020202020202020202020202020
3135682020202020202020202020202020202020
2020202020202020202020202020202020202020
3144682c206c6162656c31353920202020202020
2020202020202020202020202020202020202020
2020202020202020202020202020202020202020
3045682020202020202020202020202020202020
2020202020202020202020202020202020202020
412c202333306820202020202020202020202020
2020202020202020202020202020202020202020
412c2040412b4450545220202020202020202020
412c203331682020202020202020202020202020
2020202020202020202020202020202020202020
3331682c20412020202020202020202020202020
2020202020202020202020202020202020202020
3332682c20523520202020202020202020202020
2020202020202020202020202020202020202020
4320202020202020202020202020202020202020
412c205235202020202020202020202020202020
412c203331682020202020202020202020202020
2020202020202020202020202020202020202020
304537682c206c6162656c313634202020202020
2020202020202020202020202020202020202020
2020202020202020202020202020202020202020
3334682c20233168202020202020202020202020
2020202020202020202020202020202020202020
2020202020202020202020202020202020202020
3444682c20233068202020202020202020202020
2020202020202020202020202020202020202020
2020202020202020202020202020202020202020
3044682020202020202020202020202020202020
2020202020202020202020202020202020202020
3144682020202020202020202020202020202020
2020202020202020202020202020202020202020
6c6162656c313539202020202020202020202020
2020202020202020202020202020202020202020
412c202332446820202020202020202020202020
2020202020202020202020202020202020202020
412c2040412b4450545220202020202020202020
3334682c20412020202020202020202020202020
2020202020202020202020202020202020202020
3136682020202020202020202020202020202020
2020202020202020202020202020202020202020
3444682c20233068202020202020202020202020
2020202020202020202020202020202020202020
2020202020202020202020202020202020202020
3044682020202020202020202020202020202020
2020202020202020202020202020202020202020
3144682020202020202020202020202020202020
2020202020202020202020202020202020202020
2020202020202020202020202020202020202020
4320202020202020202020202020202020202020
412c202332356820202020202020202020202020
2020202020202020202020202020202020202020
412c2040412b4450545220202020202020202020
412c203439682020202020202020202020202020
2020202020202020202020202020202020202020
6c6162656c313635202020202020202020202020
2020202020202020202020202020202020202020
412c202332366820202020202020202020202020
2020202020202020202020202020202020202020
412c2040412b4450545220202020202020202020
412c203337682020202020202020202020202020
2020202020202020202020202020202020202020
4320202020202020202020202020202020202020
3134682c206c6162656c31363620202020202020
2020202020202020202020202020202020202020
2020202020202020202020202020202020202020
4320202020202020202020202020202020202020
6c6162656c313637202020202020202020202020
2020202020202020202020202020202020202020
3134682020202020202020202020202020202020
2020202020202020202020202020202020202020
3136682c206c6162656c31363720202020202020
2020202020202020202020202020202020202020
2020202020202020202020202020202020202020
3135682c206c6162656c31363720202020202020
2020202020202020202020202020202020202020
2020202020202020202020202020202020202020
3334682c20233168202020202020202020202020
2020202020202020202020202020202020202020
2020202020202020202020202020202020202020
412c205235202020202020202020202020202020
3143682c206c6162656c31363820202020202020
2020202020202020202020202020202020202020
2020202020202020202020202020202020202020
3331682c20412020202020202020202020202020
2020202020202020202020202020202020202020
3334682c20233168202020202020202020202020
2020202020202020202020202020202020202020
2020202020202020202020202020202020202020
412c205235202020202020202020202020202020
3136682c206c6162656c31363920202020202020
2020202020202020202020202020202020202020
2020202020202020202020202020202020202020
4320202020202020202020202020202020202020
412c203331682020202020202020202020202020
2020202020202020202020202020202020202020
304537682c206c6162656c313639202020202020
2020202020202020202020202020202020202020
2020202020202020202020202020202020202020
3136682020202020202020202020202020202020
2020202020202020202020202020202020202020
3334682c20233168202020202020202020202020
2020202020202020202020202020202020202020
2020202020202020202020202020202020202020
3332682c20523520202020202020202020202020
2020202020202020202020202020202020202020
2020202020202020202020202020202020202020
6d61705f6c6f6f6b757020202020202020202020
2020202020202020202020202020202020202020
3241682c206c6162656c31373020202020202020
2020202020202020202020202020202020202020
2020202020202020202020202020202020202020
412c205235202020202020202020202020202020
4320202020202020202020202020202020202020
412c202331346820202020202020202020202020
2020202020202020202020202020202020202020
52352c2041202020202020202020202020202020
6765745f696e6a5f707720202020202020202020
2020202020202020202020202020202020202020
2020202020202020202020202020202020202020
52322c2023313868202020202020202020202020
2020202020202020202020202020202020202020
6d61705f6c6f6f6b757020202020202020202020
2020202020202020202020202020202020202020
3246682c20412020202020202020202020202020
2020202020202020202020202020202020202020
2020202020202020202020202020202020202020
445054522c202331313245682020202020202020
2020202020202020202020202020202020202020
2020202020202020202020202020202020202020
6c696e6561725f6c6f6f6b757020202020202020
2020202020202020202020202020202020202020
3045326820202020202020202020202020202020
2020202020202020202020202020202020202020
412c202331426820202020202020202020202020
2020202020202020202020202020202020202020
412c2040412b4450545220202020202020202020
422c204120202020202020202020202020202020
2020202020202020202020202020202020202020
52322c2023323168202020202020202020202020
2020202020202020202020202020202020202020
6d61705f6c6f6f6b757020202020202020202020
2020202020202020202020202020202020202020
4142202020202020202020202020202020202020
52372c2042202020202020202020202020202020
2020202020202020202020202020202020202020
52362c2041202020202020202020202020202020
3530682c20233268202020202020202020202020
2020202020202020202020202020202020202020
2020202020202020202020202020202020202020
6d61705f6c6f6f6b757020202020202020202020
2020202020202020202020202020202020202020
6d756c745f7363616c6520202020202020202020
2020202020202020202020202020202020202020
2020202020202020202020202020202020202020
3141682c206c6162656c31373220202020202020
2020202020202020202020202020202020202020
2020202020202020202020202020202020202020
52322c2023324668202020202020202020202020
2020202020202020202020202020202020202020
412c202331466820202020202020202020202020
2020202020202020202020202020202020202020
412c2040412b4450545220202020202020202020
412c203133682c206c6162656c31373320202020
2020202020202020202020202020202020202020
2020202020202020202020202020202020202020
6c6162656c313734202020202020202020202020
2020202020202020202020202020202020202020
5232202020202020202020202020202020202020
6d61705f6c6f6f6b757020202020202020202020
2020202020202020202020202020202020202020
3343682c20412020202020202020202020202020
2020202020202020202020202020202020202020
52322c2023333168202020202020202020202020
2020202020202020202020202020202020202020
6d61705f6c6f6f6b757020202020202020202020
2020202020202020202020202020202020202020
52342c2041202020202020202020202020202020
52332c2023356820202020202020202020202020
2020202020202020202020202020202020202020
52312c2023386820202020202020202020202020
2020202020202020202020202020202020202020
3043682c206c6162656c31373520202020202020
2020202020202020202020202020202020202020
2020202020202020202020202020202020202020
6d61705f6c6f6f6b757020202020202020202020
2020202020202020202020202020202020202020
4320202020202020202020202020202020202020
412c203337682020202020202020202020202020
2020202020202020202020202020202020202020
6c6162656c313736202020202020202020202020
2020202020202020202020202020202020202020
412c202331416820202020202020202020202020
2020202020202020202020202020202020202020
412c2040412b4450545220202020202020202020
412c203444682020202020202020202020202020
2020202020202020202020202020202020202020
6c6162656c313737202020202020202020202020
2020202020202020202020202020202020202020
3043682020202020202020202020202020202020
2020202020202020202020202020202020202020
3444682c20233068202020202020202020202020
2020202020202020202020202020202020202020
2020202020202020202020202020202020202020
52322c2023333368202020202020202020202020
2020202020202020202020202020202020202020
6d61705f6c6f6f6b757020202020202020202020
2020202020202020202020202020202020202020
2020202020202020202020202020202020202020
422c204120202020202020202020202020202020
2020202020202020202020202020202020202020
6d61705f6c6f6f6b757020202020202020202020
2020202020202020202020202020202020202020
2020202020202020202020202020202020202020
4142202020202020202020202020202020202020
412c205234202020202020202020202020202020
304537682c206c6162656c313738202020202020
2020202020202020202020202020202020202020
2020202020202020202020202020202020202020
4120202020202020202020202020202020202020
412c205231202020202020202020202020202020
4120202020202020202020202020202020202020
412c205231202020202020202020202020202020
5233202020202020202020202020202020202020
6c6162656c313739202020202020202020202020
2020202020202020202020202020202020202020
4142202020202020202020202020202020202020
52342c2042202020202020202020202020202020
2020202020202020202020202020202020202020
304537682c206c6162656c313737202020202020
2020202020202020202020202020202020202020
2020202020202020202020202020202020202020
5234202020202020202020202020202020202020
412c205234202020202020202020202020202020
412c2031682c206c6162656c3138302020202020
2020202020202020202020202020202020202020
2020202020202020202020202020202020202020
6c6162656c313831202020202020202020202020
2020202020202020202020202020202020202020
6d756c7438783136202020202020202020202020
2020202020202020202020202020202020202020
2020202020202020202020202020202020202020
412c203530682020202020202020202020202020
2020202020202020202020202020202020202020
412c205233202020202020202020202020202020
73686966746c6566743234202020202020202020
2020202020202020202020202020202020202020
2020202020202020202020202020202020202020
3530682c20412020202020202020202020202020
2020202020202020202020202020202020202020
6c6162656c313832202020202020202020202020
2020202020202020202020202020202020202020
2020202020202020202020202020202020202020
54305f76617269616e745f6f6666736574202020
2020202020202020202020202020202020202020
2020202020202020202020202020202020202020
6d61705f6c6f6f6b757020202020202020202020
2020202020202020202020202020202020202020
2020202020202020202020202020202020202020
422c204120202020202020202020202020202020
2020202020202020202020202020202020202020
52322c2023323568202020202020202020202020
2020202020202020202020202020202020202020
3138682c206c6162656c31383320202020202020
2020202020202020202020202020202020202020
2020202020202020202020202020202020202020
5232202020202020202020202020202020202020
6d61705f6c6f6f6b757020202020202020202020
2020202020202020202020202020202020202020
2020202020202020202020202020202020202020
4142202020202020202020202020202020202020
412c204220202020202020202020202020202020
2020202020202020202020202020202020202020
7072657363616c655f6c6f202020202020202020
2020202020202020202020202020202020202020
2020202020202020202020202020202020202020
412c203343682020202020202020202020202020
2020202020202020202020202020202020202020
7072657363616c655f6c6f202020202020202020
2020202020202020202020202020202020202020
2020202020202020202020202020202020202020
52322c2023323768202020202020202020202020
2020202020202020202020202020202020202020
54305f76617269616e745f6f6666736574202020
2020202020202020202020202020202020202020
2020202020202020202020202020202020202020
3138682c206c6162656c31383420202020202020
2020202020202020202020202020202020202020
2020202020202020202020202020202020202020
52322c2023323968202020202020202020202020
2020202020202020202020202020202020202020
54305f76617269616e745f6f6666736574202020
2020202020202020202020202020202020202020
2020202020202020202020202020202020202020
3139682c206c6162656c31383420202020202020
2020202020202020202020202020202020202020
2020202020202020202020202020202020202020
52322c2023324268202020202020202020202020
2020202020202020202020202020202020202020
63686b5f6c616d6264615f6c6f77202020202020
2020202020202020202020202020202020202020
2020202020202020202020202020202020202020
6d61705f6c6f6f6b757020202020202020202020
2020202020202020202020202020202020202020
2020202020202020202020202020202020202020
6d756c745f7363616c6520202020202020202020
2020202020202020202020202020202020202020
2020202020202020202020202020202020202020
6c6162656c313835202020202020202020202020
2020202020202020202020202020202020202020
2020202020202020202020202020202020202020
3445682c20523620202020202020202020202020
2020202020202020202020202020202020202020
3446682c20523720202020202020202020202020
2020202020202020202020202020202020202020
6c6162656c313836202020202020202020202020
2020202020202020202020202020202020202020
2020202020202020202020202020202020202020
6c6162656c313837202020202020202020202020
2020202020202020202020202020202020202020
412c202338306820202020202020202020202020
2020202020202020202020202020202020202020
6d756c745f7363616c6520202020202020202020
2020202020202020202020202020202020202020
4120202020202020202020202020202020202020
3530682020202020202020202020202020202020
2020202020202020202020202020202020202020
6d756c7438783136202020202020202020202020
2020202020202020202020202020202020202020
2020202020202020202020202020202020202020
412c203530682020202020202020202020202020
2020202020202020202020202020202020202020
4120202020202020202020202020202020202020
73686966746c6566743234202020202020202020
2020202020202020202020202020202020202020
2020202020202020202020202020202020202020
3530682c20412020202020202020202020202020
2020202020202020202020202020202020202020
2020202020202020202020202020202020202020
6c6162656c313838202020202020202020202020
2020202020202020202020202020202020202020
2020202020202020202020202020202020202020
3143682c206c6162656c31383920202020202020
2020202020202020202020202020202020202020
2020202020202020202020202020202020202020
6973765f72657365742020202020202020202020
2020202020202020202020202020202020202020
2020202020202020202020202020202020202020
3230682c20233068202020202020202020202020
2020202020202020202020202020202020202020
2020202020202020202020202020202020202020
3668202020202020202020202020202020202020
2020202020202020202020202020202020202020
31682c206973765f70745f6f725f776f74202020
2020202020202020202020202020202020202020
2020202020202020202020202020202020202020
3168202020202020202020202020202020202020
2020202020202020202020202020202020202020
2020202020202020202020202020202020202020
3141682c206973765f6372616e6b202020202020
2020202020202020202020202020202020202020
2020202020202020202020202020202020202020
3144682c206973765f636f617374202020202020
2020202020202020202020202020202020202020
2020202020202020202020202020202020202020
432c203139682020202020202020202020202020
2020202020202020202020202020202020202020
432c203138682020202020202020202020202020
2020202020202020202020202020202020202020
6973765f69646c655f616e645f776f7420202020
2020202020202020202020202020202020202020
3138682c206973765f69646c6520202020202020
2020202020202020202020202020202020202020
2020202020202020202020202020202020202020
6973765f72657365742020202020202020202020
2020202020202020202020202020202020202020
2020202020202020202020202020202020202020
3668202020202020202020202020202020202020
2020202020202020202020202020202020202020
3068202020202020202020202020202020202020
2020202020202020202020202020202020202020
6c6162656c313936202020202020202020202020
2020202020202020202020202020202020202020
3668202020202020202020202020202020202020
2020202020202020202020202020202020202020
3068202020202020202020202020202020202020
2020202020202020202020202020202020202020
52322c2023333568202020202020202020202020
2020202020202020202020202020202020202020
6d61705f6c6f6f6b757020202020202020202020
2020202020202020202020202020202020202020
2020202020202020202020202020202020202020
3746682c20412020202020202020202020202020
2020202020202020202020202020202020202020
6973765f636c6f7365645f6c6f6f702020202020
2020202020202020202020202020202020202020
3668202020202020202020202020202020202020
2020202020202020202020202020202020202020
3068202020202020202020202020202020202020
2020202020202020202020202020202020202020
6973765f72657365742020202020202020202020
2020202020202020202020202020202020202020
2020202020202020202020202020202020202020
6c6162656c313936202020202020202020202020
2020202020202020202020202020202020202020
412c202333436820202020202020202020202020
2020202020202020202020202020202020202020
412c2040412b4450545220202020202020202020
4320202020202020202020202020202020202020
4120202020202020202020202020202020202020
52312c2041202020202020202020202020202020
52302c2023306820202020202020202020202020
2020202020202020202020202020202020202020
6c6f616474696d6572315f6a6d70312020202020
2020202020202020202020202020202020202020
6c6162656c313938202020202020202020202020
2020202020202020202020202020202020202020
2020202020202020202020202020202020202020
3142682c206c6162656c31393920202020202020
2020202020202020202020202020202020202020
2020202020202020202020202020202020202020
52322c2023333668202020202020202020202020
2020202020202020202020202020202020202020
6d61705f6c6f6f6b757020202020202020202020
2020202020202020202020202020202020202020
2020202020202020202020202020202020202020
3746682c20412020202020202020202020202020
2020202020202020202020202020202020202020
6973765f636c6f7365645f6c6f6f702020202020
2020202020202020202020202020202020202020
52322c2023333768202020202020202020202020
2020202020202020202020202020202020202020
6d61705f6c6f6f6b757020202020202020202020
2020202020202020202020202020202020202020
2020202020202020202020202020202020202020
422c204120202020202020202020202020202020
2020202020202020202020202020202020202020
54312c206c6162656c3230302020202020202020
2020202020202020202020202020202020202020
2020202020202020202020202020202020202020
412c202333396820202020202020202020202020
2020202020202020202020202020202020202020
412c2040412b4450545220202020202020202020
412c20422c206c6162656c323031202020202020
2020202020202020202020202020202020202020
2020202020202020202020202020202020202020
6c6162656c323030202020202020202020202020
2020202020202020202020202020202020202020
422c204120202020202020202020202020202020
2020202020202020202020202020202020202020
36682c206c6162656c3230322020202020202020
2020202020202020202020202020202020202020
2020202020202020202020202020202020202020
6c6162656c323033202020202020202020202020
2020202020202020202020202020202020202020
2020202020202020202020202020202020202020
30682c206c6162656c3230342020202020202020
2020202020202020202020202020202020202020
2020202020202020202020202020202020202020
3746682c20333768202020202020202020202020
2020202020202020202020202020202020202020
2020202020202020202020202020202020202020
3743682c20233168202020202020202020202020
2020202020202020202020202020202020202020
2020202020202020202020202020202020202020
3668202020202020202020202020202020202020
2020202020202020202020202020202020202020
412c204220202020202020202020202020202020
2020202020202020202020202020202020202020
412c203746682c206c6162656c32303520202020
2020202020202020202020202020202020202020
2020202020202020202020202020202020202020
6c6162656c323036202020202020202020202020
2020202020202020202020202020202020202020
3743682c206c6162656c32303720202020202020
2020202020202020202020202020202020202020
2020202020202020202020202020202020202020
3746682020202020202020202020202020202020
2020202020202020202020202020202020202020
412c202333466820202020202020202020202020
2020202020202020202020202020202020202020
432c203068202020202020202020202020202020
2020202020202020202020202020202020202020
412c202330682020202020202020202020202020
2020202020202020202020202020202020202020
412c2040412b4450545220202020202020202020
3743682c20412020202020202020202020202020
2020202020202020202020202020202020202020
422c203746682020202020202020202020202020
2020202020202020202020202020202020202020
2020202020202020202020202020202020202020
3746682c20422020202020202020202020202020
2020202020202020202020202020202020202020
2020202020202020202020202020202020202020
412c202333386820202020202020202020202020
2020202020202020202020202020202020202020
412c2040412b4450545220202020202020202020
412c203337682020202020202020202020202020
2020202020202020202020202020202020202020
4320202020202020202020202020202020202020
412c203746682020202020202020202020202020
2020202020202020202020202020202020202020
6c6162656c323038202020202020202020202020
2020202020202020202020202020202020202020
412c202338306820202020202020202020202020
2020202020202020202020202020202020202020
412c203745682020202020202020202020202020
2020202020202020202020202020202020202020
6c6162656c323038202020202020202020202020
2020202020202020202020202020202020202020
6973765f72657365742020202020202020202020
2020202020202020202020202020202020202020
6c6162656c323039202020202020202020202020
2020202020202020202020202020202020202020
2020202020202020202020202020202020202020
412c203746682020202020202020202020202020
2020202020202020202020202020202020202020
4320202020202020202020202020202020202020
412c203337682020202020202020202020202020
2020202020202020202020202020202020202020
32682c2043202020202020202020202020202020
2020202020202020202020202020202020202020
6c6162656c323130202020202020202020202020
2020202020202020202020202020202020202020
3368202020202020202020202020202020202020
2020202020202020202020202020202020202020
4120202020202020202020202020202020202020
4120202020202020202020202020202020202020
6c6162656c323131202020202020202020202020
2020202020202020202020202020202020202020
3468202020202020202020202020202020202020
2020202020202020202020202020202020202020
52332c2041202020202020202020202020202020
52312c2037456820202020202020202020202020
2020202020202020202020202020202020202020
52302c2037446820202020202020202020202020
2020202020202020202020202020202020202020
33682c206c6162656c3231322020202020202020
2020202020202020202020202020202020202020
2020202020202020202020202020202020202020
34682c206c6162656c3231322020202020202020
2020202020202020202020202020202020202020
2020202020202020202020202020202020202020
52322c2023333868202020202020202020202020
2020202020202020202020202020202020202020
32682c206c6162656c3231332020202020202020
2020202020202020202020202020202020202020
2020202020202020202020202020202020202020
5232202020202020202020202020202020202020
6d61705f6c6f6f6b757020202020202020202020
2020202020202020202020202020202020202020
2020202020202020202020202020202020202020
422c204120202020202020202020202020202020
2020202020202020202020202020202020202020
412c205233202020202020202020202020202020
6973765f6572726f725f636f7272202020202020
2020202020202020202020202020202020202020
2020202020202020202020202020202020202020
3744682c20523020202020202020202020202020
2020202020202020202020202020202020202020
3745682c20523120202020202020202020202020
2020202020202020202020202020202020202020
32682c206c6162656c3231352020202020202020
2020202020202020202020202020202020202020
2020202020202020202020202020202020202020
52322c2023334168202020202020202020202020
2020202020202020202020202020202020202020
6d61705f6c6f6f6b757020202020202020202020
2020202020202020202020202020202020202020
2020202020202020202020202020202020202020
422c204120202020202020202020202020202020
2020202020202020202020202020202020202020
412c205233202020202020202020202020202020
412c20233346682c206c6162656c323136202020
2020202020202020202020202020202020202020
2020202020202020202020202020202020202020
6c6162656c323137202020202020202020202020
2020202020202020202020202020202020202020
412c203346682020202020202020202020202020
2020202020202020202020202020202020202020
4120202020202020202020202020202020202020
4120202020202020202020202020202020202020
6973765f6572726f725f636f7272202020202020
2020202020202020202020202020202020202020
2020202020202020202020202020202020202020
6c6162656c323138202020202020202020202020
2020202020202020202020202020202020202020
2020202020202020202020202020202020202020
412c205231202020202020202020202020202020
4320202020202020202020202020202020202020
304537682c206c6162656c323139202020202020
2020202020202020202020202020202020202020
2020202020202020202020202020202020202020
3141682c206c6162656c32323020202020202020
2020202020202020202020202020202020202020
2020202020202020202020202020202020202020
412c202333446820202020202020202020202020
2020202020202020202020202020202020202020
412c2040412b4450545220202020202020202020
4120202020202020202020202020202020202020
412c202338306820202020202020202020202020
2020202020202020202020202020202020202020
412c2031682c206c6162656c3232312020202020
2020202020202020202020202020202020202020
2020202020202020202020202020202020202020
6c6162656c323230202020202020202020202020
2020202020202020202020202020202020202020
52312c2041202020202020202020202020202020
3368202020202020202020202020202020202020
2020202020202020202020202020202020202020
6c6162656c323230202020202020202020202020
2020202020202020202020202020202020202020
412c202333456820202020202020202020202020
2020202020202020202020202020202020202020
412c2040412b4450545220202020202020202020
4120202020202020202020202020202020202020
4120202020202020202020202020202020202020
412c202338306820202020202020202020202020
2020202020202020202020202020202020202020
412c2031682c206c6162656c3232322020202020
2020202020202020202020202020202020202020
2020202020202020202020202020202020202020
6c6162656c323230202020202020202020202020
2020202020202020202020202020202020202020
52312c2041202020202020202020202020202020
3468202020202020202020202020202020202020
2020202020202020202020202020202020202020
52322c2023334468202020202020202020202020
2020202020202020202020202020202020202020
6d61705f6c6f6f6b757020202020202020202020
2020202020202020202020202020202020202020
2020202020202020202020202020202020202020
412c203439682c206c6162656c32323320202020
2020202020202020202020202020202020202020
2020202020202020202020202020202020202020
6c6162656c323234202020202020202020202020
2020202020202020202020202020202020202020
3468202020202020202020202020202020202020
2020202020202020202020202020202020202020
412c205231202020202020202020202020202020
4320202020202020202020202020202020202020
412c202338306820202020202020202020202020
2020202020202020202020202020202020202020
35682c2043202020202020202020202020202020
2020202020202020202020202020202020202020
52312c2041202020202020202020202020202020
6c6162656c323235202020202020202020202020
2020202020202020202020202020202020202020
2020202020202020202020202020202020202020
52322c2023334368202020202020202020202020
2020202020202020202020202020202020202020
6d61705f6c6f6f6b757020202020202020202020
2020202020202020202020202020202020202020
2020202020202020202020202020202020202020
422c204120202020202020202020202020202020
2020202020202020202020202020202020202020
3144682c206c6162656c32323620202020202020
2020202020202020202020202020202020202020
2020202020202020202020202020202020202020
52322c2023334268202020202020202020202020
2020202020202020202020202020202020202020
6d61705f6c6f6f6b757020202020202020202020
2020202020202020202020202020202020202020
2020202020202020202020202020202020202020
73617475725f6164642020202020202020202020
2020202020202020202020202020202020202020
3142682c206c6162656c32323820202020202020
2020202020202020202020202020202020202020
2020202020202020202020202020202020202020
412c202333426820202020202020202020202020
2020202020202020202020202020202020202020
412c2040412b4450545220202020202020202020
73617475725f6164642020202020202020202020
2020202020202020202020202020202020202020
54312c206c6162656c3232392020202020202020
2020202020202020202020202020202020202020
2020202020202020202020202020202020202020
412c202333416820202020202020202020202020
2020202020202020202020202020202020202020
412c2040412b4450545220202020202020202020
73617475725f6164642020202020202020202020
2020202020202020202020202020202020202020
412c202338306820202020202020202020202020
2020202020202020202020202020202020202020
4142202020202020202020202020202020202020
6c6162656c323330202020202020202020202020
2020202020202020202020202020202020202020
2020202020202020202020202020202020202020
412c205230202020202020202020202020202020
52302c2041202020202020202020202020202020
412c204220202020202020202020202020202020
2020202020202020202020202020202020202020
412c205231202020202020202020202020202020
52312c2041202020202020202020202020202020
304537682c206c6f616474696d6572315f6a6d70
2020202020202020202020202020202020202020
2020202020202020202020202020202020202020
35682c206c6162656c3233312020202020202020
2020202020202020202020202020202020202020
2020202020202020202020202020202020202020
52312c2023306820202020202020202020202020
2020202020202020202020202020202020202020
52302c2023306820202020202020202020202020
2020202020202020202020202020202020202020
6c6f616474696d6572315f6a6d70312020202020
2020202020202020202020202020202020202020
52312c2023374668202020202020202020202020
2020202020202020202020202020202020202020
52302c2023304646682020202020202020202020
2020202020202020202020202020202020202020
6c6f616474696d6572315f6a6d70322020202020
2020202020202020202020202020202020202020
2020202020202020202020202020202020202020
52372c2031682020202020202020202020202020
2020202020202020202020202020202020202020
52362c2030682020202020202020202020202020
2020202020202020202020202020202020202020
412c202331682020202020202020202020202020
2020202020202020202020202020202020202020
73686966746c6566743234202020202020202020
2020202020202020202020202020202020202020
2020202020202020202020202020202020202020
3742682c20523720202020202020202020202020
2020202020202020202020202020202020202020
412c202334316820202020202020202020202020
2020202020202020202020202020202020202020
412c2040412b4450545220202020202020202020
6d756c7438783136202020202020202020202020
2020202020202020202020202020202020202020
2020202020202020202020202020202020202020
412c202334326820202020202020202020202020
2020202020202020202020202020202020202020
412c2040412b4450545220202020202020202020
412c205237202020202020202020202020202020
52372c2041202020202020202020202020202020
412c202330426820202020202020202020202020
2020202020202020202020202020202020202020
412c2040412b4450545220202020202020202020
52302c2041202020202020202020202020202020
412c202330436820202020202020202020202020
2020202020202020202020202020202020202020
412c2040412b4450545220202020202020202020
52312c2041202020202020202020202020202020
6d756c7431367831362020202020202020202020
2020202020202020202020202020202020202020
2020202020202020202020202020202020202020
412c205236202020202020202020202020202020
4120202020202020202020202020202020202020
52302c2041202020202020202020202020202020
412c205237202020202020202020202020202020
4120202020202020202020202020202020202020
52312c2041202020202020202020202020202020
412c202330426820202020202020202020202020
2020202020202020202020202020202020202020
412c2040412b4450545220202020202020202020
52332c2041202020202020202020202020202020
412c202330436820202020202020202020202020
2020202020202020202020202020202020202020
412c2040412b4450545220202020202020202020
52342c2041202020202020202020202020202020
4320202020202020202020202020202020202020
412c205236202020202020202020202020202020
412c205233202020202020202020202020202020
412c205237202020202020202020202020202020
412c205234202020202020202020202020202020
52332c2041202020202020202020202020202020
4554312020202020202020202020202020202020
2020202020202020202020202020202020202020
3434682c20523720202020202020202020202020
2020202020202020202020202020202020202020
3435682c20523320202020202020202020202020
2020202020202020202020202020202020202020
3432682c20523020202020202020202020202020
2020202020202020202020202020202020202020
3433682c20523120202020202020202020202020
2020202020202020202020202020202020202020
4554312020202020202020202020202020202020
2020202020202020202020202020202020202020
2020202020202020202020202020202020202020
3745682c20233830682020202020202020202020
2020202020202020202020202020202020202020
2020202020202020202020202020202020202020
3744682c20233068202020202020202020202020
2020202020202020202020202020202020202020
2020202020202020202020202020202020202020
52312c2023306820202020202020202020202020
2020202020202020202020202020202020202020
52302c2023306820202020202020202020202020
2020202020202020202020202020202020202020
2020202020202020202020202020202020202020
412c204220202020202020202020202020202020
2020202020202020202020202020202020202020
6c6162656c323333202020202020202020202020
2020202020202020202020202020202020202020
412c203046466820202020202020202020202020
2020202020202020202020202020202020202020
422c204120202020202020202020202020202020
2020202020202020202020202020202020202020
2020202020202020202020202020202020202020
52322c2023334568202020202020202020202020
2020202020202020202020202020202020202020
54302c206c6162656c3233342020202020202020
2020202020202020202020202020202020202020
2020202020202020202020202020202020202020
52322c2023343168202020202020202020202020
2020202020202020202020202020202020202020
6d61705f6c6f6f6b757020202020202020202020
2020202020202020202020202020202020202020
2020202020202020202020202020202020202020
3138682c20412020202020202020202020202020
2020202020202020202020202020202020202020
6d61705f6c6f6f6b757020202020202020202020
2020202020202020202020202020202020202020
2020202020202020202020202020202020202020
3139682c20412020202020202020202020202020
2020202020202020202020202020202020202020
6d61705f6c6f6f6b757020202020202020202020
2020202020202020202020202020202020202020
2020202020202020202020202020202020202020
3141682c20412020202020202020202020202020
2020202020202020202020202020202020202020
2020202020202020202020202020202020202020
3143682c206c6162656c32333520202020202020
2020202020202020202020202020202020202020
2020202020202020202020202020202020202020
3142682c20233830682020202020202020202020
2020202020202020202020202020202020202020
2020202020202020202020202020202020202020
52302c2031436820202020202020202020202020
2020202020202020202020202020202020202020
52312c2031426820202020202020202020202020
2020202020202020202020202020202020202020
432c203937682020202020202020202020202020
2020202020202020202020202020202020202020
4320202020202020202020202020202020202020
32682c2043202020202020202020202020202020
2020202020202020202020202020202020202020
6c6162656c323336202020202020202020202020
2020202020202020202020202020202020202020
3236682c206c6162656c32333720202020202020
2020202020202020202020202020202020202020
2020202020202020202020202020202020202020
6973765f737465705f6f70656e20202020202020
2020202020202020202020202020202020202020
2020202020202020202020202020202020202020
6c6162656c323339202020202020202020202020
2020202020202020202020202020202020202020
4120202020202020202020202020202020202020
6973765f737465705f636c6f7365202020202020
2020202020202020202020202020202020202020
2020202020202020202020202020202020202020
6c6162656c323339202020202020202020202020
2020202020202020202020202020202020202020
3236682c206c6162656c32343120202020202020
2020202020202020202020202020202020202020
2020202020202020202020202020202020202020
6973765f737465705f6f70656e20202020202020
2020202020202020202020202020202020202020
2020202020202020202020202020202020202020
6c6162656c323339202020202020202020202020
2020202020202020202020202020202020202020
412c203141682020202020202020202020202020
2020202020202020202020202020202020202020
6973765f737465705f636c6f7365202020202020
2020202020202020202020202020202020202020
2020202020202020202020202020202020202020
3143682c20523020202020202020202020202020
2020202020202020202020202020202020202020
3142682c20523120202020202020202020202020
2020202020202020202020202020202020202020
432c203268202020202020202020202020202020
2020202020202020202020202020202020202020
3236682c20432020202020202020202020202020
2020202020202020202020202020202020202020
6c6162656c323432202020202020202020202020
2020202020202020202020202020202020202020
2020202020202020202020202020202020202020
3141682c206c6162656c32343320202020202020
2020202020202020202020202020202020202020
2020202020202020202020202020202020202020
3139682c206c6162656c32343320202020202020
2020202020202020202020202020202020202020
2020202020202020202020202020202020202020
3144682c206c6162656c32343320202020202020
2020202020202020202020202020202020202020
2020202020202020202020202020202020202020
2020202020202020202020202020202020202020
2020202020202020202020202020202020202020
2020202020202020202020202020202020202020
412c202334426820202020202020202020202020
2020202020202020202020202020202020202020
412c2040412b4450545220202020202020202020
412c203337682c206c6162656c32343420202020
2020202020202020202020202020202020202020
2020202020202020202020202020202020202020
6c6162656c323433202020202020202020202020
2020202020202020202020202020202020202020
412c202334436820202020202020202020202020
2020202020202020202020202020202020202020
412c2040412b4450545220202020202020202020
412c203439682c206c6162656c32343520202020
2020202020202020202020202020202020202020
2020202020202020202020202020202020202020
6c6162656c323436202020202020202020202020
2020202020202020202020202020202020202020
3235682c206c6162656c32343320202020202020
2020202020202020202020202020202020202020
2020202020202020202020202020202020202020
3231682c206c6162656c32343720202020202020
2020202020202020202020202020202020202020
2020202020202020202020202020202020202020
3231682020202020202020202020202020202020
2020202020202020202020202020202020202020
3232682020202020202020202020202020202020
2020202020202020202020202020202020202020
412c202334446820202020202020202020202020
2020202020202020202020202020202020202020
412c2040412b4450545220202020202020202020
3346682c20412020202020202020202020202020
2020202020202020202020202020202020202020
412c203346682020202020202020202020202020
2020202020202020202020202020202020202020
6c6162656c323433202020202020202020202020
2020202020202020202020202020202020202020
6c6162656c323438202020202020202020202020
2020202020202020202020202020202020202020
3231682020202020202020202020202020202020
2020202020202020202020202020202020202020
412c202334396820202020202020202020202020
2020202020202020202020202020202020202020
3138682c206c6162656c32343920202020202020
2020202020202020202020202020202020202020
2020202020202020202020202020202020202020
412c202334386820202020202020202020202020
2020202020202020202020202020202020202020
412c2040412b4450545220202020202020202020
52322c2041202020202020202020202020202020
3235682c206c6162656c32353020202020202020
2020202020202020202020202020202020202020
2020202020202020202020202020202020202020
412c202334416820202020202020202020202020
2020202020202020202020202020202020202020
412c2040412b4450545220202020202020202020
412c205232202020202020202020202020202020
4320202020202020202020202020202020202020
412c203133682020202020202020202020202020
2020202020202020202020202020202020202020
3235682c20432020202020202020202020202020
2020202020202020202020202020202020202020
73617475725f7375622020202020202020202020
2020202020202020202020202020202020202020
2020202020202020202020202020202020202020
6c6162656c323532202020202020202020202020
2020202020202020202020202020202020202020
3235682020202020202020202020202020202020
2020202020202020202020202020202020202020
646961675f736e617073686f745f6a6d70202020
2020202020202020202020202020202020202020
2020202020202020202020202020202020202020
3936682c206c6162656c32353420202020202020
2020202020202020202020202020202020202020
2020202020202020202020202020202020202020
3937682c206c6162656c32353420202020202020
2020202020202020202020202020202020202020
2020202020202020202020202020202020202020
3233682c206c6162656c32353520202020202020
2020202020202020202020202020202020202020
2020202020202020202020202020202020202020
3233682020202020202020202020202020202020
2020202020202020202020202020202020202020
3234682020202020202020202020202020202020
2020202020202020202020202020202020202020
412c202334336820202020202020202020202020
2020202020202020202020202020202020202020
412c2040412b4450545220202020202020202020
3345682c20412020202020202020202020202020
2020202020202020202020202020202020202020
412c203345682020202020202020202020202020
2020202020202020202020202020202020202020
6c6162656c323536202020202020202020202020
2020202020202020202020202020202020202020
3237682020202020202020202020202020202020
2020202020202020202020202020202020202020
6c6162656c323536202020202020202020202020
2020202020202020202020202020202020202020
3234682c206c6162656c32353720202020202020
2020202020202020202020202020202020202020
2020202020202020202020202020202020202020
3234682020202020202020202020202020202020
2020202020202020202020202020202020202020
3233682020202020202020202020202020202020
2020202020202020202020202020202020202020
3232682020202020202020202020202020202020
2020202020202020202020202020202020202020
3230682020202020202020202020202020202020
2020202020202020202020202020202020202020
412c202334346820202020202020202020202020
2020202020202020202020202020202020202020
412c2040412b4450545220202020202020202020
3345682c20412020202020202020202020202020
2020202020202020202020202020202020202020
412c203345682020202020202020202020202020
2020202020202020202020202020202020202020
6c6162656c323536202020202020202020202020
2020202020202020202020202020202020202020
3237682020202020202020202020202020202020
2020202020202020202020202020202020202020
432c203235682020202020202020202020202020
2020202020202020202020202020202020202020
432c203237682020202020202020202020202020
2020202020202020202020202020202020202020
432c203230682020202020202020202020202020
2020202020202020202020202020202020202020
3235682c20432020202020202020202020202020
2020202020202020202020202020202020202020
6c6162656c323538202020202020202020202020
2020202020202020202020202020202020202020
52302c2023306820202020202020202020202020
2020202020202020202020202020202020202020
52312c2023383068202020202020202020202020
2020202020202020202020202020202020202020
3143682c20523020202020202020202020202020
2020202020202020202020202020202020202020
3142682c20523120202020202020202020202020
2020202020202020202020202020202020202020
3232682020202020202020202020202020202020
2020202020202020202020202020202020202020
6c6162656c323539202020202020202020202020
2020202020202020202020202020202020202020
2020202020202020202020202020202020202020
6d756c7431367831362020202020202020202020
2020202020202020202020202020202020202020
2020202020202020202020202020202020202020
412c202331682020202020202020202020202020
2020202020202020202020202020202020202020
73686966746c6566743234202020202020202020
2020202020202020202020202020202020202020
2020202020202020202020202020202020202020
6c6162656c323630202020202020202020202020
2020202020202020202020202020202020202020
2020202020202020202020202020202020202020
412c202334366820202020202020202020202020
2020202020202020202020202020202020202020
412c2040412b4450545220202020202020202020
52332c2041202020202020202020202020202020
4320202020202020202020202020202020202020
412c205231202020202020202020202020202020
412c205233202020202020202020202020202020
6c6162656c323631202020202020202020202020
2020202020202020202020202020202020202020
52302c2023306820202020202020202020202020
2020202020202020202020202020202020202020
6c6162656c323632202020202020202020202020
2020202020202020202020202020202020202020
412c202334376820202020202020202020202020
2020202020202020202020202020202020202020
412c2040412b4450545220202020202020202020
52332c2041202020202020202020202020202020
4320202020202020202020202020202020202020
412c205231202020202020202020202020202020
6c6162656c323633202020202020202020202020
2020202020202020202020202020202020202020
52302c2023304646682020202020202020202020
2020202020202020202020202020202020202020
412c205233202020202020202020202020202020
52312c2041202020202020202020202020202020
3143682c20523020202020202020202020202020
2020202020202020202020202020202020202020
3142682c20523120202020202020202020202020
2020202020202020202020202020202020202020
3231682c206c6162656c32363320202020202020
2020202020202020202020202020202020202020
2020202020202020202020202020202020202020
3232682c206c6162656c32363420202020202020
2020202020202020202020202020202020202020
2020202020202020202020202020202020202020
412c202334356820202020202020202020202020
2020202020202020202020202020202020202020
412c2040412b4450545220202020202020202020
412c2023304646682c206c6162656c3236352020
2020202020202020202020202020202020202020
2020202020202020202020202020202020202020
3232682020202020202020202020202020202020
2020202020202020202020202020202020202020
3230682020202020202020202020202020202020
2020202020202020202020202020202020202020
6c6162656c323633202020202020202020202020
2020202020202020202020202020202020202020
3232682020202020202020202020202020202020
2020202020202020202020202020202020202020
3346682c20412020202020202020202020202020
2020202020202020202020202020202020202020
412c203346682020202020202020202020202020
2020202020202020202020202020202020202020
6c6162656c323633202020202020202020202020
2020202020202020202020202020202020202020
3230682020202020202020202020202020202020
2020202020202020202020202020202020202020
2020202020202020202020202020202020202020
52322c2023344568202020202020202020202020
2020202020202020202020202020202020202020
412c205232202020202020202020202020202020
412c2040412b4450545220202020202020202020
412c203337682c206c6162656c32363620202020
2020202020202020202020202020202020202020
2020202020202020202020202020202020202020
6b6c725f6f757430202020202020202020202020
2020202020202020202020202020202020202020
412c205232202020202020202020202020202020
4120202020202020202020202020202020202020
412c2040412b4450545220202020202020202020
412c205232202020202020202020202020202020
412c205232202020202020202020202020202020
412c203337682c206c6162656c32363820202020
2020202020202020202020202020202020202020
2020202020202020202020202020202020202020
6b6c725f6f757431202020202020202020202020
2020202020202020202020202020202020202020
69676e5f6f75745f746f5f6b6c72202020202020
2020202020202020202020202020202020202020
3935682020202020202020202020202020202020
2020202020202020202020202020202020202020
69676e5f6f75745f746f5f6b6c72202020202020
2020202020202020202020202020202020202020
3935682020202020202020202020202020202020
2020202020202020202020202020202020202020
3146682c206c6162656c32373120202020202020
2020202020202020202020202020202020202020
2020202020202020202020202020202020202020
412c203142682020202020202020202020202020
2020202020202020202020202020202020202020
432c203045376820202020202020202020202020
2020202020202020202020202020202020202020
2020202020202020202020202020202020202020
5458442c20432020202020202020202020202020
2020202020202020202020202020202020202020
2020202020202020202020202020202020202020
3235682c206c6162656c32373220202020202020
2020202020202020202020202020202020202020
2020202020202020202020202020202020202020
3935682020202020202020202020202020202020
2020202020202020202020202020202020202020
3042682020202020202020202020202020202020
2020202020202020202020202020202020202020
69676e5f6f75745f746f5f6b6c72202020202020
2020202020202020202020202020202020202020
3042682c206c6162656c32373320202020202020
2020202020202020202020202020202020202020
2020202020202020202020202020202020202020
412c202335306820202020202020202020202020
2020202020202020202020202020202020202020
412c2040412b4450545220202020202020202020
3346682c20412020202020202020202020202020
2020202020202020202020202020202020202020
3935682020202020202020202020202020202020
2020202020202020202020202020202020202020
3042682020202020202020202020202020202020
2020202020202020202020202020202020202020
412c203346682020202020202020202020202020
2020202020202020202020202020202020202020
6c6162656c323734202020202020202020202020
2020202020202020202020202020202020202020
3935682020202020202020202020202020202020
2020202020202020202020202020202020202020
69676e5f6f75745f746f5f6b6c72202020202020
2020202020202020202020202020202020202020
412c203138682020202020202020202020202020
2020202020202020202020202020202020202020
422c202331682020202020202020202020202020
2020202020202020202020202020202020202020
2020202020202020202020202020202020202020
6973765f6572726f725f636f7272202020202020
2020202020202020202020202020202020202020
4120202020202020202020202020202020202020
4120202020202020202020202020202020202020
412c203139682020202020202020202020202020
2020202020202020202020202020202020202020
422c202331306820202020202020202020202020
2020202020202020202020202020202020202020
2020202020202020202020202020202020202020
3234682020202020202020202020202020202020
2020202020202020202020202020202020202020
4142202020202020202020202020202020202020
304637682c206c6162656c323735202020202020
2020202020202020202020202020202020202020
2020202020202020202020202020202020202020
422c202337466820202020202020202020202020
2020202020202020202020202020202020202020
2020202020202020202020202020202020202020
32682c206c6162656c3237362020202020202020
2020202020202020202020202020202020202020
2020202020202020202020202020202020202020
4320202020202020202020202020202020202020
4120202020202020202020202020202020202020
422c202330464668202020202020202020202020
2020202020202020202020202020202020202020
2020202020202020202020202020202020202020
412c205230202020202020202020202020202020
52302c2041202020202020202020202020202020
412c204220202020202020202020202020202020
2020202020202020202020202020202020202020
412c205231202020202020202020202020202020
52312c2041202020202020202020202020202020
4120202020202020202020202020202020202020
32682c206c6162656c3237372020202020202020
2020202020202020202020202020202020202020
2020202020202020202020202020202020202020
4320202020202020202020202020202020202020
4120202020202020202020202020202020202020
6c6162656c323738202020202020202020202020
2020202020202020202020202020202020202020
52302c2041202020202020202020202020202020
52312c2041202020202020202020202020202020
2020202020202020202020202020202020202020
3141682c206c6162656c32373920202020202020
2020202020202020202020202020202020202020
2020202020202020202020202020202020202020
52322c2023343468202020202020202020202020
2020202020202020202020202020202020202020
6d61705f6c6f6f6b757020202020202020202020
2020202020202020202020202020202020202020
2020202020202020202020202020202020202020
52332c2041202020202020202020202020202020
39682c206c6162656c3238302020202020202020
2020202020202020202020202020202020202020
2020202020202020202020202020202020202020
412c203439682c206c6162656c32383120202020
2020202020202020202020202020202020202020
2020202020202020202020202020202020202020
6c6162656c323832202020202020202020202020
2020202020202020202020202020202020202020
3868202020202020202020202020202020202020
2020202020202020202020202020202020202020
6c6162656c323739202020202020202020202020
2020202020202020202020202020202020202020
412c202335326820202020202020202020202020
2020202020202020202020202020202020202020
38682c206c6162656c3238332020202020202020
2020202020202020202020202020202020202020
2020202020202020202020202020202020202020
3868202020202020202020202020202020202020
2020202020202020202020202020202020202020
412c2040412b4450545220202020202020202020
3538682c20412020202020202020202020202020
2020202020202020202020202020202020202020
412c202335346820202020202020202020202020
2020202020202020202020202020202020202020
412c2040412b4450545220202020202020202020
3539682c20412020202020202020202020202020
2020202020202020202020202020202020202020
412c203538682020202020202020202020202020
2020202020202020202020202020202020202020
6c6162656c323739202020202020202020202020
2020202020202020202020202020202020202020
3968202020202020202020202020202020202020
2020202020202020202020202020202020202020
412c202335336820202020202020202020202020
2020202020202020202020202020202020202020
412c2040412b4450545220202020202020202020
3538682c20412020202020202020202020202020
2020202020202020202020202020202020202020
412c202335356820202020202020202020202020
2020202020202020202020202020202020202020
412c2040412b4450545220202020202020202020
3539682c20412020202020202020202020202020
2020202020202020202020202020202020202020
3144682020202020202020202020202020202020
2020202020202020202020202020202020202020
3332682c20523520202020202020202020202020
2020202020202020202020202020202020202020
3331682c20523520202020202020202020202020
2020202020202020202020202020202020202020
2020202020202020202020202020202020202020
412c203538682020202020202020202020202020
2020202020202020202020202020202020202020
6c6162656c323834202020202020202020202020
2020202020202020202020202020202020202020
3868202020202020202020202020202020202020
2020202020202020202020202020202020202020
3968202020202020202020202020202020202020
2020202020202020202020202020202020202020
6c6162656c323739202020202020202020202020
2020202020202020202020202020202020202020
412c202335316820202020202020202020202020
2020202020202020202020202020202020202020
412c2040412b4450545220202020202020202020
4120202020202020202020202020202020202020
4120202020202020202020202020202020202020
412c205233202020202020202020202020202020
4320202020202020202020202020202020202020
412c203439682020202020202020202020202020
2020202020202020202020202020202020202020
6c6162656c323739202020202020202020202020
2020202020202020202020202020202020202020
3144682020202020202020202020202020202020
2020202020202020202020202020202020202020
3332682c20523520202020202020202020202020
2020202020202020202020202020202020202020
3331682c20523520202020202020202020202020
2020202020202020202020202020202020202020
2020202020202020202020202020202020202020
6c6162656c323835202020202020202020202020
2020202020202020202020202020202020202020
2020202020202020202020202020202020202020
3539682020202020202020202020202020202020
2020202020202020202020202020202020202020
412c203539682020202020202020202020202020
2020202020202020202020202020202020202020
6c6162656c323836202020202020202020202020
2020202020202020202020202020202020202020
412c202335346820202020202020202020202020
2020202020202020202020202020202020202020
39682c206c6162656c3238372020202020202020
2020202020202020202020202020202020202020
2020202020202020202020202020202020202020
4120202020202020202020202020202020202020
412c2040412b4450545220202020202020202020
3539682c20412020202020202020202020202020
2020202020202020202020202020202020202020
412c203538682020202020202020202020202020
2020202020202020202020202020202020202020
6c6162656c323836202020202020202020202020
2020202020202020202020202020202020202020
3538682020202020202020202020202020202020
2020202020202020202020202020202020202020
6c6162656c323838202020202020202020202020
2020202020202020202020202020202020202020
2020202020202020202020202020202020202020
2020202020202020202020202020202020202020
2020202020202020202020202020202020202020
2020202020202020202020202020202020202020
2020202020202020202020202020202020202020
2020202020202020202020202020202020202020
3935682020202020202020202020202020202020
2020202020202020202020202020202020202020
2020202020202020202020202020202020202020
4945302020202020202020202020202020202020
2020202020202020202020202020202020202020
50322c2023306820202020202020202020202020
2020202020202020202020202020202020202020
2020202020202020202020202020202020202020
4052302c20412020202020202020202020202020
4052302c20412020202020202020202020202020
4052302c20412020202020202020202020202020
4052302c20412020202020202020202020202020
412c202330446820202020202020202020202020
2020202020202020202020202020202020202020
412c2040412b4450545220202020202020202020
422c204120202020202020202020202020202020
2020202020202020202020202020202020202020
432c20494e543120202020202020202020202020
2020202020202020202020202020202020202020
304530682c204320202020202020202020202020
2020202020202020202020202020202020202020
52352c2023306820202020202020202020202020
2020202020202020202020202020202020202020
52362c2023326820202020202020202020202020
2020202020202020202020202020202020202020
52372c2023326820202020202020202020202020
2020202020202020202020202020202020202020
4120202020202020202020202020202020202020
3241682c20422020202020202020202020202020
2020202020202020202020202020202020202020
2020202020202020202020202020202020202020
3137682c206c6162656c32383920202020202020
2020202020202020202020202020202020202020
2020202020202020202020202020202020202020
3137682020202020202020202020202020202020
2020202020202020202020202020202020202020
4052302c20412020202020202020202020202020
52352c206372616e6b5f65646765202020202020
2020202020202020202020202020202020202020
304530682c206c6162656c323931202020202020
2020202020202020202020202020202020202020
2020202020202020202020202020202020202020
52372c2023326820202020202020202020202020
2020202020202020202020202020202020202020
52362c206372616e6b5f65646765202020202020
2020202020202020202020202020202020202020
7273745f74617220202020202020202020202020
2020202020202020202020202020202020202020
2020202020202020202020202020202020202020
52362c2023326820202020202020202020202020
2020202020202020202020202020202020202020
52372c206372616e6b5f65646765202020202020
2020202020202020202020202020202020202020
7273745f74617220202020202020202020202020
2020202020202020202020202020202020202020
2020202020202020202020202020202020202020
432c20494e543120202020202020202020202020
2020202020202020202020202020202020202020
304530682c204320202020202020202020202020
2020202020202020202020202020202020202020
432c203045316820202020202020202020202020
2020202020202020202020202020202020202020
6c6162656c323932202020202020202020202020
2020202020202020202020202020202020202020
432c203045306820202020202020202020202020
2020202020202020202020202020202020202020
432c203045316820202020202020202020202020
2020202020202020202020202020202020202020
6c6162656c323932202020202020202020202020
2020202020202020202020202020202020202020
52352c2023306820202020202020202020202020
2020202020202020202020202020202020202020
52362c2023326820202020202020202020202020
2020202020202020202020202020202020202020
52372c2023326820202020202020202020202020
2020202020202020202020202020202020202020
4120202020202020202020202020202020202020
4945302c206372616e6b5f73796e635f6c6f6f70
2020202020202020202020202020202020202020
2020202020202020202020202020202020202020
4558302020202020202020202020202020202020
2020202020202020202020202020202020202020
3143682020202020202020202020202020202020
2020202020202020202020202020202020202020
6d61696e5f636f6e745f6a6d7020202020202020
2020202020202020202020202020202020202020
2020202020202020202020202020202020202020
494e54312c202420202020202020202020202020
2020202020202020202020202020202020202020
2020202020202020202020202020202020202020
494e54312c202420202020202020202020202020
2020202020202020202020202020202020202020
2020202020202020202020202020202020202020
2020202020202020202020202020202020202020
54302c206c6162656c3239342020202020202020
2020202020202020202020202020202020202020
2020202020202020202020202020202020202020
3331682020202020202020202020202020202020
2020202020202020202020202020202020202020
3330682020202020202020202020202020202020
2020202020202020202020202020202020202020
6c6162656c323935202020202020202020202020
2020202020202020202020202020202020202020
2020202020202020202020202020202020202020
3331682020202020202020202020202020202020
2020202020202020202020202020202020202020
3330682020202020202020202020202020202020
2020202020202020202020202020202020202020
6c6162656c323936202020202020202020202020
2020202020202020202020202020202020202020
2020202020202020202020202020202020202020
3143682c206c6162656c32393720202020202020
2020202020202020202020202020202020202020
2020202020202020202020202020202020202020
412c203239682020202020202020202020202020
2020202020202020202020202020202020202020
6c6162656c323938202020202020202020202020
2020202020202020202020202020202020202020
4120202020202020202020202020202020202020
3239682c20412020202020202020202020202020
2020202020202020202020202020202020202020
54302c206c6162656c3239392020202020202020
2020202020202020202020202020202020202020
2020202020202020202020202020202020202020
3336682020202020202020202020202020202020
2020202020202020202020202020202020202020
3331682c206c6162656c33303020202020202020
2020202020202020202020202020202020202020
2020202020202020202020202020202020202020
3330682c206c6162656c33303120202020202020
2020202020202020202020202020202020202020
2020202020202020202020202020202020202020
3334682c206c6162656c33303220202020202020
2020202020202020202020202020202020202020
2020202020202020202020202020202020202020
3332682020202020202020202020202020202020
2020202020202020202020202020202020202020
3333682020202020202020202020202020202020
2020202020202020202020202020202020202020
6c6162656c333033202020202020202020202020
2020202020202020202020202020202020202020
3332682020202020202020202020202020202020
2020202020202020202020202020202020202020
3333682020202020202020202020202020202020
2020202020202020202020202020202020202020
3330682020202020202020202020202020202020
2020202020202020202020202020202020202020
3331682020202020202020202020202020202020
2020202020202020202020202020202020202020
6c6162656c323937202020202020202020202020
2020202020202020202020202020202020202020
52322c2023343668202020202020202020202020
2020202020202020202020202020202020202020
3331682c206c6162656c33303420202020202020
2020202020202020202020202020202020202020
2020202020202020202020202020202020202020
412c202335386820202020202020202020202020
2020202020202020202020202020202020202020
412c2040412b4450545220202020202020202020
3239682c20412020202020202020202020202020
2020202020202020202020202020202020202020
3144682c206c6162656c33303520202020202020
2020202020202020202020202020202020202020
2020202020202020202020202020202020202020
3336682c206c6162656c33303620202020202020
2020202020202020202020202020202020202020
2020202020202020202020202020202020202020
432c203334682020202020202020202020202020
2020202020202020202020202020202020202020
3335682c20432020202020202020202020202020
2020202020202020202020202020202020202020
6c6162656c333036202020202020202020202020
2020202020202020202020202020202020202020
3330682c206c6162656c33303120202020202020
2020202020202020202020202020202020202020
2020202020202020202020202020202020202020
3335682c206c6162656c33303720202020202020
2020202020202020202020202020202020202020
2020202020202020202020202020202020202020
5232202020202020202020202020202020202020
6d61705f6c6f6f6b757020202020202020202020
2020202020202020202020202020202020202020
2020202020202020202020202020202020202020
4320202020202020202020202020202020202020
412c202331346820202020202020202020202020
2020202020202020202020202020202020202020
432c203045376820202020202020202020202020
2020202020202020202020202020202020202020
4120202020202020202020202020202020202020
3331682020202020202020202020202020202020
2020202020202020202020202020202020202020
3330682020202020202020202020202020202020
2020202020202020202020202020202020202020
3331682c20412020202020202020202020202020
2020202020202020202020202020202020202020
412c203239682020202020202020202020202020
2020202020202020202020202020202020202020
6c6162656c323937202020202020202020202020
2020202020202020202020202020202020202020
3330682020202020202020202020202020202020
2020202020202020202020202020202020202020
3332682020202020202020202020202020202020
2020202020202020202020202020202020202020
3333682020202020202020202020202020202020
2020202020202020202020202020202020202020
6c6162656c323937202020202020202020202020
2020202020202020202020202020202020202020
3330682020202020202020202020202020202020
2020202020202020202020202020202020202020
3331682020202020202020202020202020202020
2020202020202020202020202020202020202020
3332682020202020202020202020202020202020
2020202020202020202020202020202020202020
3333682020202020202020202020202020202020
2020202020202020202020202020202020202020
3336682c206c6162656c32393720202020202020
2020202020202020202020202020202020202020
2020202020202020202020202020202020202020
432c203334682020202020202020202020202020
2020202020202020202020202020202020202020
3335682c20432020202020202020202020202020
2020202020202020202020202020202020202020
3336682020202020202020202020202020202020
2020202020202020202020202020202020202020
2020202020202020202020202020202020202020
3143682c206c6162656c33303820202020202020
2020202020202020202020202020202020202020
2020202020202020202020202020202020202020
3330682c206c6162656c33303820202020202020
2020202020202020202020202020202020202020
2020202020202020202020202020202020202020
3332682c206c6162656c33303920202020202020
2020202020202020202020202020202020202020
2020202020202020202020202020202020202020
3333682c206c6162656c33303920202020202020
2020202020202020202020202020202020202020
2020202020202020202020202020202020202020
6c6162656c333038202020202020202020202020
2020202020202020202020202020202020202020
3334682c206c6162656c33303820202020202020
2020202020202020202020202020202020202020
2020202020202020202020202020202020202020
445054522c202331313630682020202020202020
2020202020202020202020202020202020202020
2020202020202020202020202020202020202020
412c202335366820202020202020202020202020
2020202020202020202020202020202020202020
3332682c206c6162656c33313020202020202020
2020202020202020202020202020202020202020
2020202020202020202020202020202020202020
412c202335376820202020202020202020202020
2020202020202020202020202020202020202020
412c2040412b4450545220202020202020202020
3334682c20412020202020202020202020202020
2020202020202020202020202020202020202020
52322c2023343568202020202020202020202020
2020202020202020202020202020202020202020
6d61705f6c6f6f6b757020202020202020202020
2020202020202020202020202020202020202020
2020202020202020202020202020202020202020
52352c2041202020202020202020202020202020
412c203332682020202020202020202020202020
2020202020202020202020202020202020202020
52362c2041202020202020202020202020202020
52372c2033316820202020202020202020202020
2020202020202020202020202020202020202020
4320202020202020202020202020202020202020
412c205237202020202020202020202020202020
4320202020202020202020202020202020202020
304537682c206c6162656c333131202020202020
2020202020202020202020202020202020202020
2020202020202020202020202020202020202020
412c205235202020202020202020202020202020
6c6162656c333131202020202020202020202020
2020202020202020202020202020202020202020
412c205237202020202020202020202020202020
412c205235202020202020202020202020202020
6c6162656c333132202020202020202020202020
2020202020202020202020202020202020202020
3332682020202020202020202020202020202020
2020202020202020202020202020202020202020
3333682020202020202020202020202020202020
2020202020202020202020202020202020202020
3334682c20233168202020202020202020202020
2020202020202020202020202020202020202020
2020202020202020202020202020202020202020
412c203332682020202020202020202020202020
2020202020202020202020202020202020202020
3331682c20412020202020202020202020202020
2020202020202020202020202020202020202020
2020202020202020202020202020202020202020
412c203238682020202020202020202020202020
2020202020202020202020202020202020202020
4320202020202020202020202020202020202020
412c203337682020202020202020202020202020
2020202020202020202020202020202020202020
6c6162656c333133202020202020202020202020
2020202020202020202020202020202020202020
422c204120202020202020202020202020202020
2020202020202020202020202020202020202020
412c202336446820202020202020202020202020
2020202020202020202020202020202020202020
412c2040412b4450545220202020202020202020
412c204220202020202020202020202020202020
2020202020202020202020202020202020202020
6c6162656c333133202020202020202020202020
2020202020202020202020202020202020202020
3334682020202020202020202020202020202020
2020202020202020202020202020202020202020
6c6162656c333134202020202020202020202020
2020202020202020202020202020202020202020
3334682020202020202020202020202020202020
2020202020202020202020202020202020202020
3238682c20333768202020202020202020202020
2020202020202020202020202020202020202020
2020202020202020202020202020202020202020
2020202020202020202020202020202020202020
3143682c206c6162656c33313520202020202020
2020202020202020202020202020202020202020
2020202020202020202020202020202020202020
3330682c206c6162656c33313620202020202020
2020202020202020202020202020202020202020
2020202020202020202020202020202020202020
3136682c206c6162656c33313720202020202020
2020202020202020202020202020202020202020
2020202020202020202020202020202020202020
3332682c206c6162656c33313620202020202020
2020202020202020202020202020202020202020
2020202020202020202020202020202020202020
3333682c206c6162656c33313620202020202020
2020202020202020202020202020202020202020
2020202020202020202020202020202020202020
73706565645f73656e736f725f69737220202020
2020202020202020202020202020202020202020
2020202020202020202020202020202020202020
3332682020202020202020202020202020202020
2020202020202020202020202020202020202020
3333682020202020202020202020202020202020
2020202020202020202020202020202020202020
73706565645f73656e736f725f69737220202020
2020202020202020202020202020202020202020
2020202020202020202020202020202020202020
6c6162656c323320202020202020202020202020
2020202020202020202020202020202020202020
2020202020202020202020202020202020202020
3143682c206c6162656c33313920202020202020
2020202020202020202020202020202020202020
2020202020202020202020202020202020202020
3144682c206c6162656c33323020202020202020
2020202020202020202020202020202020202020
2020202020202020202020202020202020202020
3330682c206c6162656c33313920202020202020
2020202020202020202020202020202020202020
2020202020202020202020202020202020202020
3135682020202020202020202020202020202020
2020202020202020202020202020202020202020
3136682020202020202020202020202020202020
2020202020202020202020202020202020202020
6c6162656c313639202020202020202020202020
2020202020202020202020202020202020202020
2020202020202020202020202020202020202020
3332682020202020202020202020202020202020
2020202020202020202020202020202020202020
3333682020202020202020202020202020202020
2020202020202020202020202020202020202020
696e6a5f6c616d6264615f7472696d2020202020
2020202020202020202020202020202020202020
2020202020202020202020202020202020202020
6c6162656c333232202020202020202020202020
2020202020202020202020202020202020202020
2020202020202020202020202020202020202020
6c6162656c333233202020202020202020202020
2020202020202020202020202020202020202020
3237682c20233068202020202020202020202020
2020202020202020202020202020202020202020
2020202020202020202020202020202020202020
3238682020202020202020202020202020202020
2020202020202020202020202020202020202020
696e746572706f6c202020202020202020202020
2020202020202020202020202020202020202020
412c202335466820202020202020202020202020
2020202020202020202020202020202020202020
412c2040412b4450545220202020202020202020
412c203133682020202020202020202020202020
2020202020202020202020202020202020202020
4320202020202020202020202020202020202020
3343682c20432020202020202020202020202020
2020202020202020202020202020202020202020
432c203235682020202020202020202020202020
2020202020202020202020202020202020202020
4320202020202020202020202020202020202020
3344682c20432020202020202020202020202020
2020202020202020202020202020202020202020
412c202336306820202020202020202020202020
2020202020202020202020202020202020202020
412c2040412b4450545220202020202020202020
412c203132682020202020202020202020202020
2020202020202020202020202020202020202020
3345682c20432020202020202020202020202020
2020202020202020202020202020202020202020
52302c2023354368202020202020202020202020
2020202020202020202020202020202020202020
412c202335446820202020202020202020202020
2020202020202020202020202020202020202020
3339682c206c6162656c33323520202020202020
2020202020202020202020202020202020202020
2020202020202020202020202020202020202020
52302c2023353968202020202020202020202020
2020202020202020202020202020202020202020
4120202020202020202020202020202020202020
412c2040412b4450545220202020202020202020
422c204120202020202020202020202020202020
2020202020202020202020202020202020202020
6c6162656c333236202020202020202020202020
2020202020202020202020202020202020202020
2020202020202020202020202020202020202020
412c203237682020202020202020202020202020
2020202020202020202020202020202020202020
412c202337386820202020202020202020202020
2020202020202020202020202020202020202020
6c6162656c333237202020202020202020202020
2020202020202020202020202020202020202020
6c6162656c333238202020202020202020202020
2020202020202020202020202020202020202020
412c202335396820202020202020202020202020
2020202020202020202020202020202020202020
412c2040412b4450545220202020202020202020
4120202020202020202020202020202020202020
4120202020202020202020202020202020202020
412c203539682020202020202020202020202020
2020202020202020202020202020202020202020
412c203142682020202020202020202020202020
2020202020202020202020202020202020202020
52332c2041202020202020202020202020202020
4320202020202020202020202020202020202020
412c204052302020202020202020202020202020
32682c2043202020202020202020202020202020
2020202020202020202020202020202020202020
6c6162656c333239202020202020202020202020
2020202020202020202020202020202020202020
4120202020202020202020202020202020202020
4120202020202020202020202020202020202020
4142202020202020202020202020202020202020
52362c2042202020202020202020202020202020
2020202020202020202020202020202020202020
52352c2041202020202020202020202020202020
5230202020202020202020202020202020202020
32682c206c6162656c3333302020202020202020
2020202020202020202020202020202020202020
2020202020202020202020202020202020202020
412c204052302020202020202020202020202020
412c205235202020202020202020202020202020
4052302c20412020202020202020202020202020
5230202020202020202020202020202020202020
412c204052302020202020202020202020202020
412c205236202020202020202020202020202020
4052302c20412020202020202020202020202020
6c6162656c333331202020202020202020202020
2020202020202020202020202020202020202020
4320202020202020202020202020202020202020
412c202338306820202020202020202020202020
2020202020202020202020202020202020202020
4052302c20412020202020202020202020202020
5230202020202020202020202020202020202020
5230202020202020202020202020202020202020
412c202335416820202020202020202020202020
2020202020202020202020202020202020202020
412c2040412b4450545220202020202020202020
4320202020202020202020202020202020202020
412c204052302020202020202020202020202020
6c6162656c333331202020202020202020202020
2020202020202020202020202020202020202020
4052302020202020202020202020202020202020
6c6162656c333332202020202020202020202020
2020202020202020202020202020202020202020
4320202020202020202020202020202020202020
412c204052302020202020202020202020202020
412c205235202020202020202020202020202020
4052302c20412020202020202020202020202020
5230202020202020202020202020202020202020
412c204052302020202020202020202020202020
412c205236202020202020202020202020202020
4052302c20412020202020202020202020202020
6c6162656c333331202020202020202020202020
2020202020202020202020202020202020202020
412c202338306820202020202020202020202020
2020202020202020202020202020202020202020
4052302c20412020202020202020202020202020
5230202020202020202020202020202020202020
5230202020202020202020202020202020202020
412c202335426820202020202020202020202020
2020202020202020202020202020202020202020
412c2040412b4450545220202020202020202020
4320202020202020202020202020202020202020
412c204052302020202020202020202020202020
6c6162656c333331202020202020202020202020
2020202020202020202020202020202020202020
4052302020202020202020202020202020202020
3339682c206c6162656c33333120202020202020
2020202020202020202020202020202020202020
2020202020202020202020202020202020202020
412c204052302020202020202020202020202020
52302c2023366820202020202020202020202020
2020202020202020202020202020202020202020
6973765f64656c74615f7363616c652020202020
2020202020202020202020202020202020202020
2020202020202020202020202020202020202020
4320202020202020202020202020202020202020
412c202335396820202020202020202020202020
2020202020202020202020202020202020202020
412c2040412b4450545220202020202020202020
412c203539682020202020202020202020202020
2020202020202020202020202020202020202020
412c205233202020202020202020202020202020
3142682c20412020202020202020202020202020
2020202020202020202020202020202020202020
3339682c206c6162656c33323820202020202020
2020202020202020202020202020202020202020
2020202020202020202020202020202020202020
6c6162656c333334202020202020202020202020
2020202020202020202020202020202020202020
2020202020202020202020202020202020202020
3633682c206c6162656c33323820202020202020
2020202020202020202020202020202020202020
2020202020202020202020202020202020202020
412c202335436820202020202020202020202020
2020202020202020202020202020202020202020
412c2040412b4450545220202020202020202020
3633682c20412020202020202020202020202020
2020202020202020202020202020202020202020
4320202020202020202020202020202020202020
412c203543682020202020202020202020202020
2020202020202020202020202020202020202020
412c203539682020202020202020202020202020
2020202020202020202020202020202020202020
6c6162656c333335202020202020202020202020
2020202020202020202020202020202020202020
4120202020202020202020202020202020202020
4120202020202020202020202020202020202020
32682c2043202020202020202020202020202020
2020202020202020202020202020202020202020
422c202331682020202020202020202020202020
2020202020202020202020202020202020202020
2020202020202020202020202020202020202020
3338682c206c6162656c33333620202020202020
2020202020202020202020202020202020202020
2020202020202020202020202020202020202020
52312c2035466820202020202020202020202020
2020202020202020202020202020202020202020
52302c2036306820202020202020202020202020
2020202020202020202020202020202020202020
6973765f6572726f725f636f7272202020202020
2020202020202020202020202020202020202020
422c203546682020202020202020202020202020
2020202020202020202020202020202020202020
2020202020202020202020202020202020202020
3546682c20523120202020202020202020202020
2020202020202020202020202020202020202020
3630682c20523020202020202020202020202020
2020202020202020202020202020202020202020
6c6162656c333337202020202020202020202020
2020202020202020202020202020202020202020
52312c2036316820202020202020202020202020
2020202020202020202020202020202020202020
52302c2036326820202020202020202020202020
2020202020202020202020202020202020202020
6973765f6572726f725f636f7272202020202020
2020202020202020202020202020202020202020
422c203631682020202020202020202020202020
2020202020202020202020202020202020202020
2020202020202020202020202020202020202020
3631682c20523120202020202020202020202020
2020202020202020202020202020202020202020
3632682c20523020202020202020202020202020
2020202020202020202020202020202020202020
412c205231202020202020202020202020202020
52302c2023304368202020202020202020202020
2020202020202020202020202020202020202020
3338682c206c6162656c33333820202020202020
2020202020202020202020202020202020202020
2020202020202020202020202020202020202020
52302c2023313268202020202020202020202020
2020202020202020202020202020202020202020
412c20422c206c6162656c333339202020202020
2020202020202020202020202020202020202020
2020202020202020202020202020202020202020
6c6162656c333238202020202020202020202020
2020202020202020202020202020202020202020
6973765f64656c74615f7363616c652020202020
2020202020202020202020202020202020202020
2020202020202020202020202020202020202020
6c6162656c333430202020202020202020202020
2020202020202020202020202020202020202020
2020202020202020202020202020202020202020
4320202020202020202020202020202020202020
412c203546682020202020202020202020202020
2020202020202020202020202020202020202020
412c202338306820202020202020202020202020
2020202020202020202020202020202020202020
46302c2043202020202020202020202020202020
2020202020202020202020202020202020202020
6c6162656c333431202020202020202020202020
2020202020202020202020202020202020202020
4120202020202020202020202020202020202020
4120202020202020202020202020202020202020
52312c2041202020202020202020202020202020
52332c2033376820202020202020202020202020
2020202020202020202020202020202020202020
422c203337682020202020202020202020202020
2020202020202020202020202020202020202020
2020202020202020202020202020202020202020
412c202333326820202020202020202020202020
2020202020202020202020202020202020202020
4142202020202020202020202020202020202020
52372c2041202020202020202020202020202020
6469763136202020202020202020202020202020
2020202020202020202020202020202020202020
2020202020202020202020202020202020202020
52362c2041202020202020202020202020202020
412c205231202020202020202020202020202020
6d756c7438783136202020202020202020202020
2020202020202020202020202020202020202020
2020202020202020202020202020202020202020
412c205237202020202020202020202020202020
6c6162656c333432202020202020202020202020
2020202020202020202020202020202020202020
52362c2023304646682020202020202020202020
2020202020202020202020202020202020202020
412c205236202020202020202020202020202020
4320202020202020202020202020202020202020
4120202020202020202020202020202020202020
412c202338306820202020202020202020202020
2020202020202020202020202020202020202020
46302c206c6162656c3334332020202020202020
2020202020202020202020202020202020202020
2020202020202020202020202020202020202020
4120202020202020202020202020202020202020
2020202020202020202020202020202020202020
412c203631682020202020202020202020202020
2020202020202020202020202020202020202020
4320202020202020202020202020202020202020
46302c2043202020202020202020202020202020
2020202020202020202020202020202020202020
6c6162656c333434202020202020202020202020
2020202020202020202020202020202020202020
4120202020202020202020202020202020202020
2020202020202020202020202020202020202020
6c6162656c333435202020202020202020202020
2020202020202020202020202020202020202020
4630202020202020202020202020202020202020
2020202020202020202020202020202020202020
3538682c20412020202020202020202020202020
2020202020202020202020202020202020202020
432c204630202020202020202020202020202020
2020202020202020202020202020202020202020
3239682c20432020202020202020202020202020
2020202020202020202020202020202020202020
2020202020202020202020202020202020202020
412c203439682020202020202020202020202020
2020202020202020202020202020202020202020
422c203337682020202020202020202020202020
2020202020202020202020202020202020202020
2020202020202020202020202020202020202020
4142202020202020202020202020202020202020
52372c2042202020202020202020202020202020
2020202020202020202020202020202020202020
52362c2041202020202020202020202020202020
412c202330413468202020202020202020202020
2020202020202020202020202020202020202020
6d756c7438783136202020202020202020202020
2020202020202020202020202020202020202020
2020202020202020202020202020202020202020
412c202332682020202020202020202020202020
2020202020202020202020202020202020202020
73686966746c6566743234202020202020202020
2020202020202020202020202020202020202020
2020202020202020202020202020202020202020
6c6162656c333436202020202020202020202020
2020202020202020202020202020202020202020
52372c2023304646682020202020202020202020
2020202020202020202020202020202020202020
412c205237202020202020202020202020202020
52342c2041202020202020202020202020202020
6c6162656c333437202020202020202020202020
2020202020202020202020202020202020202020
6c6162656c333438202020202020202020202020
2020202020202020202020202020202020202020
2020202020202020202020202020202020202020
4320202020202020202020202020202020202020
412c202336336820202020202020202020202020
2020202020202020202020202020202020202020
412c2040412b4450545220202020202020202020
412c205234202020202020202020202020202020
6c6162656c333439202020202020202020202020
2020202020202020202020202020202020202020
412c202336346820202020202020202020202020
2020202020202020202020202020202020202020
412c2040412b4450545220202020202020202020
4320202020202020202020202020202020202020
412c203439682020202020202020202020202020
2020202020202020202020202020202020202020
3339682c20432020202020202020202020202020
2020202020202020202020202020202020202020
6c6162656c333530202020202020202020202020
2020202020202020202020202020202020202020
412c202336326820202020202020202020202020
2020202020202020202020202020202020202020
412c2040412b4450545220202020202020202020
412c203337682020202020202020202020202020
2020202020202020202020202020202020202020
6c6162656c333531202020202020202020202020
2020202020202020202020202020202020202020
412c202336316820202020202020202020202020
2020202020202020202020202020202020202020
412c2040412b4450545220202020202020202020
412c205234202020202020202020202020202020
4320202020202020202020202020202020202020
3338682c20432020202020202020202020202020
2020202020202020202020202020202020202020
6c6162656c333530202020202020202020202020
2020202020202020202020202020202020202020
412c202336366820202020202020202020202020
2020202020202020202020202020202020202020
412c2040412b4450545220202020202020202020
4320202020202020202020202020202020202020
412c203337682020202020202020202020202020
2020202020202020202020202020202020202020
6c6162656c333530202020202020202020202020
2020202020202020202020202020202020202020
412c202336356820202020202020202020202020
2020202020202020202020202020202020202020
412c2040412b4450545220202020202020202020
4320202020202020202020202020202020202020
412c205234202020202020202020202020202020
6c6162656c333530202020202020202020202020
2020202020202020202020202020202020202020
412c202336376820202020202020202020202020
2020202020202020202020202020202020202020
412c2040412b4450545220202020202020202020
412c203439682020202020202020202020202020
2020202020202020202020202020202020202020
6c6162656c333530202020202020202020202020
2020202020202020202020202020202020202020
412c202336386820202020202020202020202020
2020202020202020202020202020202020202020
412c2040412b4450545220202020202020202020
4320202020202020202020202020202020202020
412c203439682020202020202020202020202020
2020202020202020202020202020202020202020
6c6162656c333530202020202020202020202020
2020202020202020202020202020202020202020
3341682020202020202020202020202020202020
2020202020202020202020202020202020202020
412c203237682020202020202020202020202020
2020202020202020202020202020202020202020
412c202337682020202020202020202020202020
2020202020202020202020202020202020202020
6c6162656c333532202020202020202020202020
2020202020202020202020202020202020202020
3342682020202020202020202020202020202020
2020202020202020202020202020202020202020
2020202020202020202020202020202020202020
412c202335396820202020202020202020202020
2020202020202020202020202020202020202020
412c2040412b4450545220202020202020202020
4120202020202020202020202020202020202020
4120202020202020202020202020202020202020
412c203539682020202020202020202020202020
2020202020202020202020202020202020202020
412c205231202020202020202020202020202020
52312c2041202020202020202020202020202020
6d756c7431367831365f73686966742020202020
2020202020202020202020202020202020202020
412c203538682020202020202020202020202020
2020202020202020202020202020202020202020
422c202334682020202020202020202020202020
2020202020202020202020202020202020202020
2020202020202020202020202020202020202020
4142202020202020202020202020202020202020
3239682c206c6162656c33353420202020202020
2020202020202020202020202020202020202020
2020202020202020202020202020202020202020
4320202020202020202020202020202020202020
4120202020202020202020202020202020202020
422c202330464668202020202020202020202020
2020202020202020202020202020202020202020
2020202020202020202020202020202020202020
412c205236202020202020202020202020202020
52362c2041202020202020202020202020202020
412c204220202020202020202020202020202020
2020202020202020202020202020202020202020
412c205237202020202020202020202020202020
52372c2041202020202020202020202020202020
4120202020202020202020202020202020202020
3239682c206c6162656c33353520202020202020
2020202020202020202020202020202020202020
2020202020202020202020202020202020202020
4320202020202020202020202020202020202020
4120202020202020202020202020202020202020
6c6162656c333536202020202020202020202020
2020202020202020202020202020202020202020
52372c2041202020202020202020202020202020
52362c2041202020202020202020202020202020
666972655f696e6a202020202020202020202020
2020202020202020202020202020202020202020
2020202020202020202020202020202020202020
544d4f442c202331316820202020202020202020
2020202020202020202020202020202020202020
2020202020202020202020202020202020202020
49502c2023326820202020202020202020202020
2020202020202020202020202020202020202020
2020202020202020202020202020202020202020
49452c2023383568202020202020202020202020
2020202020202020202020202020202020202020
2020202020202020202020202020202020202020
54434f4e2c202335682020202020202020202020
2020202020202020202020202020202020202020
2020202020202020202020202020202020202020
445054522c202331313630682020202020202020
2020202020202020202020202020202020202020
2020202020202020202020202020202020202020
53502c2023363368202020202020202020202020
2020202020202020202020202020202020202020
2020202020202020202020202020202020202020
3932682020202020202020202020202020202020
2020202020202020202020202020202020202020
412c202330446820202020202020202020202020
2020202020202020202020202020202020202020
412c2040412b4450545220202020202020202020
3241682c20412020202020202020202020202020
2020202020202020202020202020202020202020
776169745f32785f696e74312020202020202020
2020202020202020202020202020202020202020
2020202020202020202020202020202020202020
64656c6179313063792020202020202020202020
2020202020202020202020202020202020202020
2020202020202020202020202020202020202020
6d756c74325f3136622020202020202020202020
2020202020202020202020202020202020202020
2020202020202020202020202020202020202020
696e6a5f70756c73652020202020202020202020
2020202020202020202020202020202020202020
2020202020202020202020202020202020202020
6d756c74325f3136622020202020202020202020
2020202020202020202020202020202020202020
2020202020202020202020202020202020202020
6675656c5f6d61705f73656c2020202020202020
2020202020202020202020202020202020202020
2020202020202020202020202020202020202020
64656c6179313063792020202020202020202020
2020202020202020202020202020202020202020
2020202020202020202020202020202020202020
6d756c74325f3136622020202020202020202020
2020202020202020202020202020202020202020
2020202020202020202020202020202020202020
6477656c6c5f616e676c655f63616c6320202020
2020202020202020202020202020202020202020
2020202020202020202020202020202020202020
6d756c74325f3136622020202020202020202020
2020202020202020202020202020202020202020
2020202020202020202020202020202020202020
64656c6179313063792020202020202020202020
2020202020202020202020202020202020202020
2020202020202020202020202020202020202020
6675656c5f63616c635f636f7272202020202020
2020202020202020202020202020202020202020
2020202020202020202020202020202020202020
6d756c74325f3136622020202020202020202020
2020202020202020202020202020202020202020
2020202020202020202020202020202020202020
6a6d705f6164765f6f7574202020202020202020
2020202020202020202020202020202020202020
2020202020202020202020202020202020202020
3143682c206c6162656c32393620202020202020
2020202020202020202020202020202020202020
2020202020202020202020202020202020202020
7265665f726573796e6320202020202020202020
2020202020202020202020202020202020202020
2020202020202020202020202020202020202020
66696e616c5f6c6f61645f72706d202020202020
2020202020202020202020202020202020202020
2020202020202020202020202020202020202020
2020202020202020202020202020202020202020
3137682c206c6162656c33363720202020202020
2020202020202020202020202020202020202020
2020202020202020202020202020202020202020
2020202020202020202020202020202020202020
726561645f6164635f70726f6320202020202020
2020202020202020202020202020202020202020
2020202020202020202020202020202020202020
52372c2041202020202020202020202020202020
52372c2041202020202020202020202020202020
52372c2041202020202020202020202020202020
52372c2041202020202020202020202020202020
52372c2041202020202020202020202020202020
52372c2041202020202020202020202020202020
52372c2041202020202020202020202020202020
52372c2041202020202020202020202020202020
52372c2041202020202020202020202020202020
52372c2041202020202020202020202020202020
52372c2041202020202020202020202020202020
52372c2041202020202020202020202020202020
52372c2041202020202020202020202020202020
52372c2041202020202020202020202020202020
52372c2041202020202020202020202020202020
52372c2041202020202020202020202020202020
2020202020202020202020202020202020202020
2020202020202020202020202020202020202020
3039356820202020202020202020202020202020
2020202020202020202020202020202020202020
6b6c725f6f75745f646c79202020202020202020
2020202020202020202020202020202020202020
2020202020202020202020202020202020202020
6d61696e5f6c6f6f705f31782020202020202020
2020202020202020202020202020202020202020
2020202020202020202020202020202020202020
6d61696e5f6c6f6f705f636f6e74202020202020
2020202020202020202020202020202020202020
2020202020202020202020202020202020202020
7a65726f5f72616d5f6c6f6f7020202020202020
2020202020202020202020202020202020202020
2020202020202020202020202020202020202020
696e69745f73657269616c202020202020202020
2020202020202020202020202020202020202020
2020202020202020202020202020202020202020
696e69745f696e74657272757074732020202020
2020202020202020202020202020202020202020
2020202020202020202020202020202020202020
52372c2041202020202020202020202020202020
52372c2041202020202020202020202020202020
52372c2041202020202020202020202020202020
6372616e6b5f73796e6320202020202020202020
2020202020202020202020202020202020202020
2020202020202020202020202020202020202020
73656e645f646961675f31202020202020202020
2020202020202020202020202020202020202020
2020202020202020202020202020202020202020
6164765f6f757420202020202020202020202020
2020202020202020202020202020202020202020
2020202020202020202020202020202020202020
52372c2041202020202020202020202020202020
52372c2041202020202020202020202020202020
52372c2041202020202020202020202020202020
52372c2041202020202020202020202020202020
52372c2041202020202020202020202020202020
52372c2041202020202020202020202020202020
52372c2041202020202020202020202020202020
52372c2041202020202020202020202020202020
52372c2041202020202020202020202020202020
73706565645f73656e736f725f69737220202020
2020202020202020202020202020202020202020
2020202020202020202020202020202020202020
696e6a5f646561645f74696d6520202020202020
2020202020202020202020202020202020202020
2020202020202020202020202020202020202020
666972655f696e6a202020202020202020202020
2020202020202020202020202020202020202020
2020202020202020202020202020202020202020
616972666c6f775f707265702020202020202020
2020202020202020202020202020202020202020
2020202020202020202020202020202020202020
616972666c6f775f63616c632020202020202020
2020202020202020202020202020202020202020
2020202020202020202020202020202020202020
616972666c6f7732202020202020202020202020
2020202020202020202020202020202020202020
2020202020202020202020202020202020202020
2020202020202020202020202020202020202020
52372c2041202020202020202020202020202020
52372c2041202020202020202020202020202020
7761726d75705f74696d65722020202020202020
2020202020202020202020202020202020202020
2020202020202020202020202020202020202020
52372c2041202020202020202020202020202020
52372c2041202020202020202020202020202020
52372c2041202020202020202020202020202020
52372c2041202020202020202020202020202020
52372c2041202020202020202020202020202020
52372c2041202020202020202020202020202020
6765745f656e675f737461746520202020202020
2020202020202020202020202020202020202020
2020202020202020202020202020202020202020
69646c655f70775f63616c632020202020202020
2020202020202020202020202020202020202020
2020202020202020202020202020202020202020
6c616d6264615f73746174657570647465202020
2020202020202020202020202020202020202020
2020202020202020202020202020202020202020
736176655f6675656c5f736574746e6720202020
2020202020202020202020202020202020202020
2020202020202020202020202020202020202020
6c616d6264615f61646a75737420202020202020
2020202020202020202020202020202020202020
2020202020202020202020202020202020202020
6a756d705f746f6973765f656e74727920202020
2020202020202020202020202020202020202020
2020202020202020202020202020202020202020
696e6a5f6c616d6264615f7472696d2020202020
2020202020202020202020202020202020202020
2020202020202020202020202020202020202020
736c6f775f6675656c5f63757420202020202020
2020202020202020202020202020202020202020
2020202020202020202020202020202020202020
73656e645f64696167735f703220202020202020
2020202020202020202020202020202020202020
2020202020202020202020202020202020202020
6d756c7431367831365f73686966742020202020
2020202020202020202020202020202020202020
2020202020202020202020202020202020202020
69676e5f6f75745f746f5f6b6c72202020202020
2020202020202020202020202020202020202020
2020202020202020202020202020202020202020
6973765f656e7472792020202020202020202020
2020202020202020202020202020202020202020
2020202020202020202020202020202020202020
69646c655f686967685f6c6f6164202020202020
2020202020202020202020202020202020202020
2020202020202020202020202020202020202020
69646c655f666c6172655f707265762020202020
2020202020202020202020202020202020202020
2020202020202020202020202020202020202020
6973765f70695f636f7272202020202020202020
2020202020202020202020202020202020202020
2020202020202020202020202020202020202020
72706d5f636f7272656374696f6e202020202020
2020202020202020202020202020202020202020
2020202020202020202020202020202020202020
6973765f6f70656e5f6c6f6f7020202020202020
2020202020202020202020202020202020202020
2020202020202020202020202020202020202020
69676e5f6164765f6f7574202020202020202020
2020202020202020202020202020202020202020
2020202020202020202020202020202020202020
6c6f616474696d65723120202020202020202020
2020202020202020202020202020202020202020
2020202020202020202020202020202020202020
6c6162656c333937202020202020202020202020
2020202020202020202020202020202020202020
2020202020202020202020202020202020202020
6c6162656c333937202020202020202020202020
2020202020202020202020202020202020202020
2020202020202020202020202020202020202020
6c6162656c333937202020202020202020202020
2020202020202020202020202020202020202020
2020202020202020202020202020202020202020
6c6162656c333937202020202020202020202020
2020202020202020202020202020202020202020
2020202020202020202020202020202020202020
6c6162656c333937202020202020202020202020
2020202020202020202020202020202020202020
2020202020202020202020202020202020202020
52372c2041202020202020202020202020202020
2020202020202020202020202020202020202020
6c6162656c333938202020202020202020202020
2020202020202020202020202020202020202020
2020202020202020202020202020202020202020
3734682c206c6162656c33393920202020202020
2020202020202020202020202020202020202020
2020202020202020202020202020202020202020
52302c2023304568202020202020202020202020
2020202020202020202020202020202020202020
412c205236202020202020202020202020202020
74315f7265746930302020202020202020202020
2020202020202020202020202020202020202020
5234202020202020202020202020202020202020
5232202020202020202020202020202020202020
5230202020202020202020202020202020202020
412c205230202020202020202020202020202020
412c205232202020202020202020202020202020
412c205234202020202020202020202020202020
74315f7265746930312020202020202020202020
2020202020202020202020202020202020202020
2020202020202020202020202020202020202020
52362c2023304646682020202020202020202020
2020202020202020202020202020202020202020
52372c2041202020202020202020202020202020
5231202020202020202020202020202020202020
5234202020202020202020202020202020202020
412c205230202020202020202020202020202020
412c205232202020202020202020202020202020
412c202334326820202020202020202020202020
2020202020202020202020202020202020202020
412c205236202020202020202020202020202020
432c202f30413268202020202020202020202020
2020202020202020202020202020202020202020
412c205234202020202020202020202020202020
412c205236202020202020202020202020202020
412c205230202020202020202020202020202020
412c205232202020202020202020202020202020
412c205234202020202020202020202020202020
74315f7265746930322020202020202020202020
2020202020202020202020202020202020202020
412c205236202020202020202020202020202020
3145682c2074315f726574693033202020202020
2020202020202020202020202020202020202020
2020202020202020202020202020202020202020
74315f7265746930342020202020202020202020
2020202020202020202020202020202020202020
4142202020202020202020202020202020202020
412c203236682020202020202020202020202020
2020202020202020202020202020202020202020
412c205232202020202020202020202020202020
415558522c205234202020202020202020202020
2020202020202020202020202020202020202020
445054522c202334363438682020202020202020
2020202020202020202020202020202020202020
2020202020202020202020202020202020202020
412c205232202020202020202020202020202020
412c205234202020202020202020202020202020
412c205236202020202020202020202020202020
74315f7265746930352020202020202020202020
2020202020202020202020202020202020202020
412c203046466820202020202020202020202020
2020202020202020202020202020202020202020
412c205231202020202020202020202020202020
412c205233202020202020202020202020202020
412c205235202020202020202020202020202020
412c205231202020202020202020202020202020
412c205233202020202020202020202020202020
74315f7265746930362020202020202020202020
2020202020202020202020202020202020202020
52372c2041202020202020202020202020202020
52372c2041202020202020202020202020202020
52372c2041202020202020202020202020202020
4120202020202020202020202020202020202020
4120202020202020202020202020202020202020
4052302020202020202020202020202020202020
412c205234202020202020202020202020202020
3934682c20432020202020202020202020202020
2020202020202020202020202020202020202020
412c204052302020202020202020202020202020
412c205231202020202020202020202020202020
544d4f442c204052312020202020202020202020
2020202020202020202020202020202020202020
3330682c20523320202020202020202020202020
2020202020202020202020202020202020202020
2020202020202020202020202020202020202020
412c202333366820202020202020202020202020
2020202020202020202020202020202020202020
412c204052302020202020202020202020202020
4142202020202020202020202020202020202020
4052302c20494520202020202020202020202020
2020202020202020202020202020202020202020
4052312020202020202020202020202020202020
3635682c20233637682020202020202020202020
2020202020202020202020202020202020202020
2020202020202020202020202020202020202020
52372c2041202020202020202020202020202020
52372c2041202020202020202020202020202020
52372c2041202020202020202020202020202020
52372c2041202020202020202020202020202020
52372c2041202020202020202020202020202020
52362c2050322020202020202020202020202020
2020202020202020202020202020202020202020
412c2040412b4450545220202020202020202020
304637682c204052312020202020202020202020
2020202020202020202020202020202020202020
412c204052312020202020202020202020202020
3042466820202020202020202020202020202020
2020202020202020202020202020202020202020
74315f7265746930372020202020202020202020
2020202020202020202020202020202020202020
4120202020202020202020202020202020202020
4120202020202020202020202020202020202020
4120202020202020202020202020202020202020
3668202020202020202020202020202020202020
2020202020202020202020202020202020202020
4052312020202020202020202020202020202020
74315f7265746930382020202020202020202020
2020202020202020202020202020202020202020
544d4f442c204052302020202020202020202020
2020202020202020202020202020202020202020
415558522c205233202020202020202020202020
2020202020202020202020202020202020202020
74315f7265746930392020202020202020202020
2020202020202020202020202020202020202020
412c204052302020202020202020202020202020
412c205231202020202020202020202020202020
412c205234202020202020202020202020202020
412c205237202020202020202020202020202020
432c203041356820202020202020202020202020
2020202020202020202020202020202020202020
52312c2030414368202020202020202020202020
2020202020202020202020202020202020202020
52372c2049504c31202020202020202020202020
2020202020202020202020202020202020202020
4052302c2023304239682c2074315f7265746931
2020202020202020202020202020202020202020
2020202020202020202020202020202020202020
74315f7265746931312020202020202020202020
2020202020202020202020202020202020202020
412c205230202020202020202020202020202020
412c205234202020202020202020202020202020
50314d3120202020202020202020202020202020
2020202020202020202020202020202020202020
52302c2074315f72657469313220202020202020
2020202020202020202020202020202020202020
412c204044505452202020202020202020202020
4120202020202020202020202020202020202020
412c205231202020202020202020202020202020
4052302020202020202020202020202020202020
4120202020202020202020202020202020202020
3246682c20523120202020202020202020202020
2020202020202020202020202020202020202020
412c205237202020202020202020202020202020
5231202020202020202020202020202020202020
4120202020202020202020202020202020202020
74315f7265746931332020202020202020202020
2020202020202020202020202020202020202020
2020202020202020202020202020202020202020
4052312020202020202020202020202020202020
5230202020202020202020202020202020202020
4120202020202020202020202020202020202020
412c204052302020202020202020202020202020
5235202020202020202020202020202020202020
4120202020202020202020202020202020202020
5236202020202020202020202020202020202020
5236202020202020202020202020202020202020
5232202020202020202020202020202020202020
74315f7265746931342020202020202020202020
2020202020202020202020202020202020202020
74315f7265746930372020202020202020202020
2020202020202020202020202020202020202020
4120202020202020202020202020202020202020
4120202020202020202020202020202020202020
3668202020202020202020202020202020202020
2020202020202020202020202020202020202020
4052312020202020202020202020202020202020
412c205232202020202020202020202020202020
4120202020202020202020202020202020202020
412c204052312020202020202020202020202020
74315f7265746931352020202020202020202020
2020202020202020202020202020202020202020
74315f7265746931362020202020202020202020
2020202020202020202020202020202020202020
74315f7265746931372020202020202020202020
2020202020202020202020202020202020202020
74315f7265746931382020202020202020202020
2020202020202020202020202020202020202020
74315f7265746931392020202020202020202020
2020202020202020202020202020202020202020
74315f7265746932302020202020202020202020
2020202020202020202020202020202020202020
74315f7265746931382020202020202020202020
2020202020202020202020202020202020202020
412c205233202020202020202020202020202020
412c205235202020202020202020202020202020
412c205236202020202020202020202020202020
412c205237202020202020202020202020202020
412c205237202020202020202020202020202020
412c205237202020202020202020202020202020
412c205237202020202020202020202020202020
412c205237202020202020202020202020202020
74315f7265746932312020202020202020202020
2020202020202020202020202020202020202020
74315f7265746932322020202020202020202020
2020202020202020202020202020202020202020
74315f7265746932332020202020202020202020
2020202020202020202020202020202020202020
74315f7265746931392020202020202020202020
2020202020202020202020202020202020202020
74315f7265746932342020202020202020202020
2020202020202020202020202020202020202020
2020202020202020202020202020202020202020
30682c2041202020202020202020202020202020
2020202020202020202020202020202020202020
2020202020202020202020202020202020202020
4142202020202020202020202020202020202020
4142202020202020202020202020202020202020
2020202020202020202020202020202020202020
2020202020202020202020202020202020202020
74315f7265746932352020202020202020202020
2020202020202020202020202020202020202020
5236202020202020202020202020202020202020
5232202020202020202020202020202020202020
4052302020202020202020202020202020202020
4120202020202020202020202020202020202020
432c203146682020202020202020202020202020
2020202020202020202020202020202020202020
52342c2074315f72657469323620202020202020
2020202020202020202020202020202020202020
5230202020202020202020202020202020202020
74315f7265746932372020202020202020202020
2020202020202020202020202020202020202020
74315f7265746932382020202020202020202020
2020202020202020202020202020202020202020
5234202020202020202020202020202020202020
74315f7265746932392020202020202020202020
2020202020202020202020202020202020202020
52342c2023383868202020202020202020202020
2020202020202020202020202020202020202020
432c203530682020202020202020202020202020
2020202020202020202020202020202020202020
412c205230202020202020202020202020202020
52342c2041202020202020202020202020202020
412c205231202020202020202020202020202020
52312c2041202020202020202020202020202020
412c205234202020202020202020202020202020
4120202020202020202020202020202020202020
5230202020202020202020202020202020202020
74315f7265746933302020202020202020202020
2020202020202020202020202020202020202020
5230202020202020202020202020202020202020
74315f7265746930372020202020202020202020
2020202020202020202020202020202020202020
74315f7265746933302020202020202020202020
2020202020202020202020202020202020202020
52312c2041202020202020202020202020202020
52372c2041202020202020202020202020202020
5231202020202020202020202020202020202020
5231202020202020202020202020202020202020
412c202335682020202020202020202020202020
2020202020202020202020202020202020202020
74315f7265746933312020202020202020202020
2020202020202020202020202020202020202020
412c205236202020202020202020202020202020
4120202020202020202020202020202020202020
3138682020202020202020202020202020202020
2020202020202020202020202020202020202020
2020202020202020202020202020202020202020
4052312020202020202020202020202020202020
3237682020202020202020202020202020202020
2020202020202020202020202020202020202020
74315f7265746933322020202020202020202020
2020202020202020202020202020202020202020
2020202020202020202020202020202020202020
3432682c20412020202020202020202020202020
2020202020202020202020202020202020202020
5231202020202020202020202020202020202020
52372c2041202020202020202020202020202020
412c2040412b4450545220202020202020202020
74315f7265746933332020202020202020202020
2020202020202020202020202020202020202020
412c205230202020202020202020202020202020
4052312020202020202020202020202020202020
3636682c20523620202020202020202020202020
2020202020202020202020202020202020202020
4052302020202020202020202020202020202020
412c205233202020202020202020202020202020
3046466820202020202020202020202020202020
2020202020202020202020202020202020202020
2020202020202020202020202020202020202020
5232202020202020202020202020202020202020
5235202020202020202020202020202020202020
5232202020202020202020202020202020202020
412c2023304646682c2074315f72657469333420
2020202020202020202020202020202020202020
2020202020202020202020202020202020202020
52372c2041202020202020202020202020202020
52372c2041202020202020202020202020202020
52372c2041202020202020202020202020202020
52372c2041202020202020202020202020202020
52372c2041202020202020202020202020202020
52372c2041202020202020202020202020202020
52372c2041202020202020202020202020202020
52372c2041202020202020202020202020202020
52372c2041202020202020202020202020202020
52372c2041202020202020202020202020202020
52372c2041202020202020202020202020202020
52372c2041202020202020202020202020202020
52372c2041202020202020202020202020202020
52372c2041202020202020202020202020202020
52372c2041202020202020202020202020202020
52372c2041202020202020202020202020202020
52372c2041202020202020202020202020202020
52372c2041202020202020202020202020202020
52372c2041202020202020202020202020202020
52302c2023304646682020202020202020202020
2020202020202020202020202020202020202020
412c205448302020202020202020202020202020
2020202020202020202020202020202020202020
412c203046466820202020202020202020202020
2020202020202020202020202020202020202020
412c204052312020202020202020202020202020
74315f7265746933352020202020202020202020
2020202020202020202020202020202020202020
4120202020202020202020202020202020202020
74315f7265746933362020202020202020202020
2020202020202020202020202020202020202020
2020202020202020202020202020202020202020
412c205237202020202020202020202020202020
3741682c2074315f726574693337202020202020
2020202020202020202020202020202020202020
2020202020202020202020202020202020202020
412c205230202020202020202020202020202020
52322c2023323668202020202020202020202020
2020202020202020202020202020202020202020
412c205230202020202020202020202020202020
74315f7265746933382020202020202020202020
2020202020202020202020202020202020202020
2020202020202020202020202020202020202020
4052302c20313268202020202020202020202020
2020202020202020202020202020202020202020
3132682020202020202020202020202020202020
2020202020202020202020202020202020202020
412c205232202020202020202020202020202020
4120202020202020202020202020202020202020
4052302c20233133682020202020202020202020
2020202020202020202020202020202020202020
412c205230202020202020202020202020202020
4120202020202020202020202020202020202020
432c203133682020202020202020202020202020
2020202020202020202020202020202020202020
52342c2031336820202020202020202020202020
2020202020202020202020202020202020202020
52342c20233133682c2074315f72657469333920
2020202020202020202020202020202020202020
2020202020202020202020202020202020202020
4120202020202020202020202020202020202020
412c205234202020202020202020202020202020
4120202020202020202020202020202020202020
4120202020202020202020202020202020202020
4120202020202020202020202020202020202020
52342c2074315f72657469343020202020202020
2020202020202020202020202020202020202020
412c204052312020202020202020202020202020
4120202020202020202020202020202020202020
412c205237202020202020202020202020202020
4120202020202020202020202020202020202020
412c205233202020202020202020202020202020
3730682020202020202020202020202020202020
2020202020202020202020202020202020202020
4120202020202020202020202020202020202020
412c203134682020202020202020202020202020
2020202020202020202020202020202020202020
40412b4450545220202020202020202020202020
4120202020202020202020202020202020202020
3134682c20405230202020202020202020202020
2020202020202020202020202020202020202020
3135682c20523420202020202020202020202020
2020202020202020202020202020202020202020
412c205230202020202020202020202020202020
3434682020202020202020202020202020202020
2020202020202020202020202020202020202020
3636682020202020202020202020202020202020
2020202020202020202020202020202020202020
3741682020202020202020202020202020202020
2020202020202020202020202020202020202020
4450314c20202020202020202020202020202020
2020202020202020202020202020202020202020
544c302020202020202020202020202020202020
2020202020202020202020202020202020202020
5031202020202020202020202020202020202020
2020202020202020202020202020202020202020
53434f4e20202020202020202020202020202020
2020202020202020202020202020202020202020
4b42462020202020202020202020202020202020
2020202020202020202020202020202020202020
3041436820202020202020202020202020202020
2020202020202020202020202020202020202020
49504c3120202020202020202020202020202020
2020202020202020202020202020202020202020
3042436820202020202020202020202020202020
2020202020202020202020202020202020202020
3044336820202020202020202020202020202020
2020202020202020202020202020202020202020
434341504d312020202020202020202020202020
2020202020202020202020202020202020202020
3045356820202020202020202020202020202020
2020202020202020202020202020202020202020
3045466820202020202020202020202020202020
2020202020202020202020202020202020202020
4348202020202020202020202020202020202020
2020202020202020202020202020202020202020
4052302020202020202020202020202020202020
74315f7265746934312020202020202020202020
2020202020202020202020202020202020202020
5233202020202020202020202020202020202020
4052302020202020202020202020202020202020
3136682020202020202020202020202020202020
2020202020202020202020202020202020202020
5237202020202020202020202020202020202020
4052302020202020202020202020202020202020
412c205231202020202020202020202020202020
4052302020202020202020202020202020202020
412c205237202020202020202020202020202020
4052302020202020202020202020202020202020
412c205231202020202020202020202020202020
4052302020202020202020202020202020202020
412c202331366820202020202020202020202020
2020202020202020202020202020202020202020
52322c20233136682c2074315f72657469343220
2020202020202020202020202020202020202020
2020202020202020202020202020202020202020
5230202020202020202020202020202020202020
412c205234202020202020202020202020202020
4052302020202020202020202020202020202020
52322c2041202020202020202020202020202020
74315f7265746934332020202020202020202020
2020202020202020202020202020202020202020
2020202020202020202020202020202020202020
74315f7265746934342020202020202020202020
2020202020202020202020202020202020202020
2020202020202020202020202020202020202020
4120202020202020202020202020202020202020
4052302c20233139682020202020202020202020
2020202020202020202020202020202020202020
52362c20233137682c2074315f72657469343520
2020202020202020202020202020202020202020
2020202020202020202020202020202020202020
4120202020202020202020202020202020202020
52342c2031396820202020202020202020202020
2020202020202020202020202020202020202020
412c204044505452202020202020202020202020
4052312020202020202020202020202020202020
52302c2074315f72657469343620202020202020
2020202020202020202020202020202020202020
4120202020202020202020202020202020202020
5231202020202020202020202020202020202020
40445054522c2041202020202020202020202020
4052312020202020202020202020202020202020
412c204044505452202020202020202020202020
5233202020202020202020202020202020202020
5234202020202020202020202020202020202020
5231202020202020202020202020202020202020
52302c2041202020202020202020202020202020
4052312020202020202020202020202020202020
412c205230202020202020202020202020202020
5233202020202020202020202020202020202020
4120202020202020202020202020202020202020
5232202020202020202020202020202020202020
2020202020202020202020202020202020202020
4052312020202020202020202020202020202020
4052302c20412020202020202020202020202020
4120202020202020202020202020202020202020
3141682c20523420202020202020202020202020
2020202020202020202020202020202020202020
5236202020202020202020202020202020202020
5230202020202020202020202020202020202020
432c203135682020202020202020202020202020
2020202020202020202020202020202020202020
412c205230202020202020202020202020202020
5232202020202020202020202020202020202020
52322c20233138682c2074315f72657469343720
2020202020202020202020202020202020202020
2020202020202020202020202020202020202020
3434682020202020202020202020202020202020
2020202020202020202020202020202020202020
5232202020202020202020202020202020202020
412c204052302020202020202020202020202020
5230202020202020202020202020202020202020
3135682020202020202020202020202020202020
2020202020202020202020202020202020202020
3141682020202020202020202020202020202020
2020202020202020202020202020202020202020
412c205230202020202020202020202020202020
5230202020202020202020202020202020202020
52322c2074315f72657469343820202020202020
2020202020202020202020202020202020202020
4320202020202020202020202020202020202020
5232202020202020202020202020202020202020
4052302c20412020202020202020202020202020
5230202020202020202020202020202020202020
412c204052302020202020202020202020202020
4052302020202020202020202020202020202020
412c205237202020202020202020202020202020
5232202020202020202020202020202020202020
52322c2041202020202020202020202020202020
52372c2041202020202020202020202020202020
52372c2041202020202020202020202020202020
52372c2041202020202020202020202020202020
52372c2041202020202020202020202020202020
52372c2041202020202020202020202020202020
52372c2041202020202020202020202020202020
52372c2041202020202020202020202020202020
52372c2041202020202020202020202020202020
52372c2041202020202020202020202020202020
52372c2041202020202020202020202020202020
52372c2041202020202020202020202020202020
52372c2041202020202020202020202020202020
4120202020202020202020202020202020202020
4120202020202020202020202020202020202020
412c205236202020202020202020202020202020
3438682c20412020202020202020202020202020
2020202020202020202020202020202020202020
412c205230202020202020202020202020202020
74315f7265746934392020202020202020202020
2020202020202020202020202020202020202020
657831696e742020202020202020202020202020
2020202020202020202020202020202020202020
2020202020202020202020202020202020202020
74315f7265746935312020202020202020202020
2020202020202020202020202020202020202020
2020202020202020202020202020202020202020
74315f7265746935322020202020202020202020
2020202020202020202020202020202020202020
4120202020202020202020202020202020202020
5234202020202020202020202020202020202020
4120202020202020202020202020202020202020
4052312020202020202020202020202020202020
5230202020202020202020202020202020202020
5237202020202020202020202020202020202020
5232202020202020202020202020202020202020
412c203143682020202020202020202020202020
2020202020202020202020202020202020202020
5234202020202020202020202020202020202020
37682c2074315f72657469353320202020202020
2020202020202020202020202020202020202020
2020202020202020202020202020202020202020
4052302020202020202020202020202020202020
74315f7265746935342020202020202020202020
2020202020202020202020202020202020202020
2020202020202020202020202020202020202020
412c202334386820202020202020202020202020
2020202020202020202020202020202020202020
412c205237202020202020202020202020202020
41555852312c2052312020202020202020202020
2020202020202020202020202020202020202020
4320202020202020202020202020202020202020
412c204044505452202020202020202020202020
4052312c20412020202020202020202020202020
52332c2041202020202020202020202020202020
412c204052312020202020202020202020202020
4120202020202020202020202020202020202020
5230202020202020202020202020202020202020
412c205234202020202020202020202020202020
412c205230202020202020202020202020202020
412c204052312020202020202020202020202020
74315f7265746935352020202020202020202020
2020202020202020202020202020202020202020
5231202020202020202020202020202020202020
74315f7265746935362020202020202020202020
2020202020202020202020202020202020202020
5234202020202020202020202020202020202020
4120202020202020202020202020202020202020
4120202020202020202020202020202020202020
5230202020202020202020202020202020202020
5230202020202020202020202020202020202020
5230202020202020202020202020202020202020
5230202020202020202020202020202020202020
5230202020202020202020202020202020202020
3130682c2074315f726574693537202020202020
2020202020202020202020202020202020202020
2020202020202020202020202020202020202020
3634682c2074315f726574693538202020202020
2020202020202020202020202020202020202020
2020202020202020202020202020202020202020
5234202020202020202020202020202020202020
3042682020202020202020202020202020202020
2020202020202020202020202020202020202020
3668202020202020202020202020202020202020
2020202020202020202020202020202020202020
3041682020202020202020202020202020202020
2020202020202020202020202020202020202020
3042682c2074315f726574693539202020202020
2020202020202020202020202020202020202020
2020202020202020202020202020202020202020
4052302020202020202020202020202020202020
4120202020202020202020202020202020202020
432c203233682020202020202020202020202020
2020202020202020202020202020202020202020
412c204052302020202020202020202020202020
412c205234202020202020202020202020202020
412c205237202020202020202020202020202020
74315f7265746936302020202020202020202020
2020202020202020202020202020202020202020
74315f7265746936302020202020202020202020
2020202020202020202020202020202020202020
74315f7265746936302020202020202020202020
2020202020202020202020202020202020202020
74315f7265746936302020202020202020202020
2020202020202020202020202020202020202020
4120202020202020202020202020202020202020
412c204052302020202020202020202020202020
412c205234202020202020202020202020202020
412c205237202020202020202020202020202020
74315f7265746936302020202020202020202020
2020202020202020202020202020202020202020
74315f7265746936302020202020202020202020
2020202020202020202020202020202020202020
74315f7265746936302020202020202020202020
2020202020202020202020202020202020202020
74315f7265746936302020202020202020202020
2020202020202020202020202020202020202020
4120202020202020202020202020202020202020
412c205232202020202020202020202020202020
74315f7265746931342020202020202020202020
2020202020202020202020202020202020202020
74315f7265746936312020202020202020202020
2020202020202020202020202020202020202020
4120202020202020202020202020202020202020
74315f7265746936302020202020202020202020
2020202020202020202020202020202020202020
74315f7265746936302020202020202020202020
2020202020202020202020202020202020202020
74315f7265746936322020202020202020202020
2020202020202020202020202020202020202020
412c205231202020202020202020202020202020
74315f7265746936332020202020202020202020
2020202020202020202020202020202020202020
74315f7265746936342020202020202020202020
2020202020202020202020202020202020202020
412c202333316820202020202020202020202020
2020202020202020202020202020202020202020
412c205235202020202020202020202020202020
412c205235202020202020202020202020202020
412c205235202020202020202020202020202020
412c205235202020202020202020202020202020
412c204052312020202020202020202020202020
74315f7265746936352020202020202020202020
2020202020202020202020202020202020202020
412c202334346820202020202020202020202020
2020202020202020202020202020202020202020
412c205234202020202020202020202020202020
412c205231202020202020202020202020202020
4120202020202020202020202020202020202020
412c205236202020202020202020202020202020
412c205235202020202020202020202020202020
412c205235202020202020202020202020202020
412c205235202020202020202020202020202020
412c205234202020202020202020202020202020
74315f7265746936362020202020202020202020
2020202020202020202020202020202020202020
3434682c20233431682020202020202020202020
2020202020202020202020202020202020202020
2020202020202020202020202020202020202020
412c205233202020202020202020202020202020
412c204052302020202020202020202020202020
412c202332446820202020202020202020202020
2020202020202020202020202020202020202020
412c205231202020202020202020202020202020
412c205231202020202020202020202020202020
74315f7265746936372020202020202020202020
2020202020202020202020202020202020202020
412c204052312020202020202020202020202020
412c204052312020202020202020202020202020
412c204052312020202020202020202020202020
3343682c20412020202020202020202020202020
2020202020202020202020202020202020202020
412c204052312020202020202020202020202020
412c202332446820202020202020202020202020
2020202020202020202020202020202020202020
412c205231202020202020202020202020202020
412c205231202020202020202020202020202020
412c204052302020202020202020202020202020
412c205233202020202020202020202020202020
412c205237202020202020202020202020202020
412c205237202020202020202020202020202020
412c205237202020202020202020202020202020
412c205230202020202020202020202020202020
412c203430682020202020202020202020202020
2020202020202020202020202020202020202020
412c205231202020202020202020202020202020
74315f7265746936382020202020202020202020
2020202020202020202020202020202020202020
412c205235202020202020202020202020202020
412c204052302020202020202020202020202020
412c205233202020202020202020202020202020
412c205237202020202020202020202020202020
412c205237202020202020202020202020202020
412c205237202020202020202020202020202020
412c205237202020202020202020202020202020
412c205230202020202020202020202020202020
412c203430682020202020202020202020202020
2020202020202020202020202020202020202020
412c205231202020202020202020202020202020
412c204052302020202020202020202020202020
412c202334366820202020202020202020202020
2020202020202020202020202020202020202020
412c205233202020202020202020202020202020
412c205237202020202020202020202020202020
412c205237202020202020202020202020202020
412c205237202020202020202020202020202020
412c205237202020202020202020202020202020
412c205237202020202020202020202020202020
412c205230202020202020202020202020202020
3344682c20412020202020202020202020202020
2020202020202020202020202020202020202020
412c205231202020202020202020202020202020
412c204052302020202020202020202020202020
412c204052302020202020202020202020202020
412c205233202020202020202020202020202020
412c205237202020202020202020202020202020
412c205237202020202020202020202020202020
412c205237202020202020202020202020202020
412c205237202020202020202020202020202020
412c205237202020202020202020202020202020
412c205230202020202020202020202020202020
412c203345682020202020202020202020202020
2020202020202020202020202020202020202020
412c205232202020202020202020202020202020
412c204052302020202020202020202020202020
412c204052302020202020202020202020202020
412c205233202020202020202020202020202020
412c205237202020202020202020202020202020
412c205237202020202020202020202020202020
412c205237202020202020202020202020202020
412c205237202020202020202020202020202020
412c205237202020202020202020202020202020
412c205230202020202020202020202020202020
412c203345682020202020202020202020202020
2020202020202020202020202020202020202020
412c205232202020202020202020202020202020
412c204052302020202020202020202020202020
412c204052312020202020202020202020202020
3043682c2074315f726574693639202020202020
2020202020202020202020202020202020202020
2020202020202020202020202020202020202020
4120202020202020202020202020202020202020
4120202020202020202020202020202020202020
4052312020202020202020202020202020202020
5234202020202020202020202020202020202020
4052312020202020202020202020202020202020
4052302020202020202020202020202020202020
5234202020202020202020202020202020202020
5235202020202020202020202020202020202020
5234202020202020202020202020202020202020
5235202020202020202020202020202020202020
4052312020202020202020202020202020202020
3668202020202020202020202020202020202020
2020202020202020202020202020202020202020
412c202333326820202020202020202020202020
2020202020202020202020202020202020202020
2020202020202020202020202020202020202020
412c205235202020202020202020202020202020
412c204052312020202020202020202020202020
412c204052312020202020202020202020202020
412c204052312020202020202020202020202020
412c205232202020202020202020202020202020
412c205236202020202020202020202020202020
412c205236202020202020202020202020202020
3330682c2074315f726574693730202020202020
2020202020202020202020202020202020202020
2020202020202020202020202020202020202020
3332682c2074315f726574693731202020202020
2020202020202020202020202020202020202020
2020202020202020202020202020202020202020
2020202020202020202020202020202020202020
74315f7265746937322020202020202020202020
2020202020202020202020202020202020202020
2020202020202020202020202020202020202020
4120202020202020202020202020202020202020
74315f7265746937332020202020202020202020
2020202020202020202020202020202020202020
2020202020202020202020202020202020202020
4120202020202020202020202020202020202020
4120202020202020202020202020202020202020
4120202020202020202020202020202020202020
4120202020202020202020202020202020202020
4120202020202020202020202020202020202020
4052302020202020202020202020202020202020
5237202020202020202020202020202020202020
3446682c20412020202020202020202020202020
2020202020202020202020202020202020202020
4120202020202020202020202020202020202020
4120202020202020202020202020202020202020
4120202020202020202020202020202020202020
4120202020202020202020202020202020202020
412c204052312020202020202020202020202020
4052312020202020202020202020202020202020
4120202020202020202020202020202020202020
4120202020202020202020202020202020202020
5236202020202020202020202020202020202020
5230202020202020202020202020202020202020
3138682c2074315f726574693734202020202020
2020202020202020202020202020202020202020
2020202020202020202020202020202020202020
412c205237202020202020202020202020202020
5233202020202020202020202020202020202020
5233202020202020202020202020202020202020
5234202020202020202020202020202020202020
412c205232202020202020202020202020202020
412c205232202020202020202020202020202020
412c204052312020202020202020202020202020
4120202020202020202020202020202020202020
4120202020202020202020202020202020202020
412c205236202020202020202020202020202020
412c205231202020202020202020202020202020
412c205237202020202020202020202020202020
412c204052302020202020202020202020202020
5235202020202020202020202020202020202020
4120202020202020202020202020202020202020
4120202020202020202020202020202020202020
4120202020202020202020202020202020202020
5236202020202020202020202020202020202020
412c205232202020202020202020202020202020
412c205236202020202020202020202020202020
4120202020202020202020202020202020202020
4052302020202020202020202020202020202020
4120202020202020202020202020202020202020
412c204052312020202020202020202020202020
4120202020202020202020202020202020202020
4052312020202020202020202020202020202020
5235202020202020202020202020202020202020
412c205231202020202020202020202020202020
5234202020202020202020202020202020202020
2020202020202020202020202020202020202020
2020202020202020202020202020202020202020
4120202020202020202020202020202020202020
4120202020202020202020202020202020202020
412c205236202020202020202020202020202020
412c203446682020202020202020202020202020
2020202020202020202020202020202020202020
5233202020202020202020202020202020202020
4120202020202020202020202020202020202020
5235202020202020202020202020202020202020
412c204052312020202020202020202020202020
5234202020202020202020202020202020202020
4120202020202020202020202020202020202020
4120202020202020202020202020202020202020
4120202020202020202020202020202020202020
4120202020202020202020202020202020202020
4120202020202020202020202020202020202020
3130682c2074315f726574693735202020202020
2020202020202020202020202020202020202020
2020202020202020202020202020202020202020
412c204052312020202020202020202020202020
4120202020202020202020202020202020202020
5237202020202020202020202020202020202020
412c205236202020202020202020202020202020
74315f7265746937362020202020202020202020
2020202020202020202020202020202020202020
5235202020202020202020202020202020202020
5236202020202020202020202020202020202020
5235202020202020202020202020202020202020
5236202020202020202020202020202020202020
5235202020202020202020202020202020202020
4052312020202020202020202020202020202020
5236202020202020202020202020202020202020
5231202020202020202020202020202020202020
5232202020202020202020202020202020202020
4052312020202020202020202020202020202020
3043682c2074315f726574693737202020202020
2020202020202020202020202020202020202020
2020202020202020202020202020202020202020
4052312020202020202020202020202020202020
412c205231202020202020202020202020202020
412c205232202020202020202020202020202020
4052312020202020202020202020202020202020
3043682c2074315f726574693738202020202020
2020202020202020202020202020202020202020
2020202020202020202020202020202020202020
4052312020202020202020202020202020202020
412c205231202020202020202020202020202020
412c205232202020202020202020202020202020
4052312020202020202020202020202020202020
3043682c2074315f726574693739202020202020
2020202020202020202020202020202020202020
2020202020202020202020202020202020202020
4052312020202020202020202020202020202020
74315f7265746938302020202020202020202020
2020202020202020202020202020202020202020
5231202020202020202020202020202020202020
74315f7265746938312020202020202020202020
2020202020202020202020202020202020202020
2020202020202020202020202020202020202020
4052312020202020202020202020202020202020
412c205235202020202020202020202020202020
412c203144682020202020202020202020202020
2020202020202020202020202020202020202020
4120202020202020202020202020202020202020
3044682c2074315f726574693832202020202020
2020202020202020202020202020202020202020
2020202020202020202020202020202020202020
412c205232202020202020202020202020202020
412c205235202020202020202020202020202020
74315f7265746938332020202020202020202020
2020202020202020202020202020202020202020
74315f7265746938342020202020202020202020
2020202020202020202020202020202020202020
2020202020202020202020202020202020202020
412c205232202020202020202020202020202020
74315f7265746938352020202020202020202020
2020202020202020202020202020202020202020
412c203143682020202020202020202020202020
2020202020202020202020202020202020202020
5230202020202020202020202020202020202020
5236202020202020202020202020202020202020
412c205232202020202020202020202020202020
74315f7265746938362020202020202020202020
2020202020202020202020202020202020202020
412c205232202020202020202020202020202020
74315f7265746938372020202020202020202020
2020202020202020202020202020202020202020
3641682c2074315f726574693838202020202020
2020202020202020202020202020202020202020
2020202020202020202020202020202020202020
412c205237202020202020202020202020202020
412c205236202020202020202020202020202020
412c202331456820202020202020202020202020
2020202020202020202020202020202020202020
74315f7265746938392020202020202020202020
2020202020202020202020202020202020202020
2020202020202020202020202020202020202020
412c205232202020202020202020202020202020
412c205236202020202020202020202020202020
412c205235202020202020202020202020202020
4120202020202020202020202020202020202020
5236202020202020202020202020202020202020
412c205232202020202020202020202020202020
412c205232202020202020202020202020202020
412c205232202020202020202020202020202020
412c205232202020202020202020202020202020
3435682c20233241682020202020202020202020
2020202020202020202020202020202020202020
2020202020202020202020202020202020202020
412c205232202020202020202020202020202020
412c205232202020202020202020202020202020
412c205232202020202020202020202020202020
412c205232202020202020202020202020202020
412c204052312020202020202020202020202020
412c204052302020202020202020202020202020
4120202020202020202020202020202020202020
4120202020202020202020202020202020202020
4120202020202020202020202020202020202020
412c205230202020202020202020202020202020
3743682c20412020202020202020202020202020
2020202020202020202020202020202020202020
74315f7265746939302020202020202020202020
2020202020202020202020202020202020202020
2020202020202020202020202020202020202020
4120202020202020202020202020202020202020
3643682020202020202020202020202020202020
2020202020202020202020202020202020202020
5231202020202020202020202020202020202020
5236202020202020202020202020202020202020
5236202020202020202020202020202020202020
74315f7265746939312020202020202020202020
2020202020202020202020202020202020202020
412c202331456820202020202020202020202020
2020202020202020202020202020202020202020
5236202020202020202020202020202020202020
5236202020202020202020202020202020202020
6675656c5f63616c632020202020202020202020
2020202020202020202020202020202020202020
2020202020202020202020202020202020202020
412c205236202020202020202020202020202020
412c205233202020202020202020202020202020
412c205235202020202020202020202020202020
445054522c202338413830682020202020202020
2020202020202020202020202020202020202020
2020202020202020202020202020202020202020
74315f7265746939332020202020202020202020
2020202020202020202020202020202020202020
4052302020202020202020202020202020202020
3130682c2074315f726574693934202020202020
2020202020202020202020202020202020202020
2020202020202020202020202020202020202020
5230202020202020202020202020202020202020
74315f7265746939352020202020202020202020
2020202020202020202020202020202020202020
4052302c20354168202020202020202020202020
2020202020202020202020202020202020202020
3244682c20233046682020202020202020202020
2020202020202020202020202020202020202020
2020202020202020202020202020202020202020
2020202020202020202020202020202020202020
412c204052312020202020202020202020202020
4120202020202020202020202020202020202020
2020202020202020202020202020202020202020
2020202020202020202020202020202020202020
412c2040412b5043202020202020202020202020
412c205231202020202020202020202020202020
4120202020202020202020202020202020202020
412c205230202020202020202020202020202020
412c205234202020202020202020202020202020
412c202330464668202020202020202020202020
2020202020202020202020202020202020202020
52372c2041202020202020202020202020202020
52372c2041202020202020202020202020202020
52372c2041202020202020202020202020202020
52372c2041202020202020202020202020202020
3046466820202020202020202020202020202020
2020202020202020202020202020202020202020
4320202020202020202020202020202020202020
74315f7265746939362020202020202020202020
2020202020202020202020202020202020202020
74315f7265746939372020202020202020202020
2020202020202020202020202020202020202020
2020202020202020202020202020202020202020
52372c2041202020202020202020202020202020
52372c2041202020202020202020202020202020
412c204052312020202020202020202020202020
5234202020202020202020202020202020202020
4120202020202020202020202020202020202020
4120202020202020202020202020202020202020
5230202020202020202020202020202020202020
5230202020202020202020202020202020202020
5230202020202020202020202020202020202020
5230202020202020202020202020202020202020
5230202020202020202020202020202020202020
3130682c2074315f726574693938202020202020
2020202020202020202020202020202020202020
2020202020202020202020202020202020202020
3634682c2074315f726574693939202020202020
2020202020202020202020202020202020202020
2020202020202020202020202020202020202020
5234202020202020202020202020202020202020
3042682020202020202020202020202020202020
2020202020202020202020202020202020202020
3668202020202020202020202020202020202020
2020202020202020202020202020202020202020
3041682020202020202020202020202020202020
2020202020202020202020202020202020202020
3042682c206c6162656c35303020202020202020
2020202020202020202020202020202020202020
2020202020202020202020202020202020202020
4052302020202020202020202020202020202020
4120202020202020202020202020202020202020
432c203835682020202020202020202020202020
2020202020202020202020202020202020202020
445031482c204450314820202020202020202020
2020202020202020202020202020202020202020
2020202020202020202020202020202020202020
4450314c2c204450314820202020202020202020
2020202020202020202020202020202020202020
2020202020202020202020202020202020202020
412c2040412b5043202020202020202020202020
412c2040412b5043202020202020202020202020
412c2040412b5043202020202020202020202020
412c2040412b5043202020202020202020202020
412c2040412b5043202020202020202020202020
445031482c204450314820202020202020202020
2020202020202020202020202020202020202020
2020202020202020202020202020202020202020
4142202020202020202020202020202020202020
4142202020202020202020202020202020202020
4142202020202020202020202020202020202020
4142202020202020202020202020202020202020
4142202020202020202020202020202020202020
4142202020202020202020202020202020202020
4142202020202020202020202020202020202020
4142202020202020202020202020202020202020
4142202020202020202020202020202020202020
445031482c204450314820202020202020202020
2020202020202020202020202020202020202020
2020202020202020202020202020202020202020
4142202020202020202020202020202020202020
4142202020202020202020202020202020202020
4142202020202020202020202020202020202020
4142202020202020202020202020202020202020
4142202020202020202020202020202020202020
4142202020202020202020202020202020202020
4142202020202020202020202020202020202020
4142202020202020202020202020202020202020
4142202020202020202020202020202020202020
535044522c205350445220202020202020202020
2020202020202020202020202020202020202020
2020202020202020202020202020202020202020
535044522c204052302020202020202020202020
2020202020202020202020202020202020202020
54434f4e2c204052302020202020202020202020
2020202020202020202020202020202020202020
544d4f442c205230202020202020202020202020
2020202020202020202020202020202020202020
544d4f442c205231202020202020202020202020
2020202020202020202020202020202020202020
445031482c205231202020202020202020202020
2020202020202020202020202020202020202020
535044522c204052302020202020202020202020
2020202020202020202020202020202020202020
54434f4e2c204052312020202020202020202020
2020202020202020202020202020202020202020
54434f4e2c205230202020202020202020202020
2020202020202020202020202020202020202020
544d4f442c205230202020202020202020202020
2020202020202020202020202020202020202020
434c4b5245472c20523720202020202020202020
2020202020202020202020202020202020202020
445031482c205237202020202020202020202020
2020202020202020202020202020202020202020
50434f4e2c204052302020202020202020202020
2020202020202020202020202020202020202020
54434f4e2c205230202020202020202020202020
2020202020202020202020202020202020202020
544d4f442c205231202020202020202020202020
2020202020202020202020202020202020202020
544d4f442c205231202020202020202020202020
2020202020202020202020202020202020202020
3935682c20523220202020202020202020202020
2020202020202020202020202020202020202020
412c204450314820202020202020202020202020
2020202020202020202020202020202020202020
54434f4e2c204052302020202020202020202020
2020202020202020202020202020202020202020
54434f4e2c205230202020202020202020202020
2020202020202020202020202020202020202020
544d4f442c205231202020202020202020202020
2020202020202020202020202020202020202020
544c302c20523120202020202020202020202020
2020202020202020202020202020202020202020
3934682c20523420202020202020202020202020
2020202020202020202020202020202020202020
412c202338356820202020202020202020202020
2020202020202020202020202020202020202020
54434f4e2c204052312020202020202020202020
2020202020202020202020202020202020202020
544c302c20523020202020202020202020202020
2020202020202020202020202020202020202020
544c302c20523220202020202020202020202020
2020202020202020202020202020202020202020
544c312c20523220202020202020202020202020
2020202020202020202020202020202020202020
5448312c20523420202020202020202020202020
2020202020202020202020202020202020202020
412c204052302020202020202020202020202020
54434f4e2c2050434f4e20202020202020202020
2020202020202020202020202020202020202020
2020202020202020202020202020202020202020
544c302c20523020202020202020202020202020
2020202020202020202020202020202020202020
544c302c20523220202020202020202020202020
2020202020202020202020202020202020202020
544c312c20523320202020202020202020202020
2020202020202020202020202020202020202020
5448312c20523420202020202020202020202020
2020202020202020202020202020202020202020
412c2040412b4450545220202020202020202020
544d4f442c2050434f4e20202020202020202020
2020202020202020202020202020202020202020
2020202020202020202020202020202020202020
544c312c20523120202020202020202020202020
2020202020202020202020202020202020202020
544c312c20523320202020202020202020202020
2020202020202020202020202020202020202020
544c312c20523320202020202020202020202020
2020202020202020202020202020202020202020
544c312c20523320202020202020202020202020
2020202020202020202020202020202020202020
445031482c205237202020202020202020202020
2020202020202020202020202020202020202020
54434f4e2c204052312020202020202020202020
2020202020202020202020202020202020202020
54434f4e2c205230202020202020202020202020
2020202020202020202020202020202020202020
544d4f442c205231202020202020202020202020
2020202020202020202020202020202020202020
544d4f442c205231202020202020202020202020
2020202020202020202020202020202020202020
544d4f442c205231202020202020202020202020
2020202020202020202020202020202020202020
54434f4e2c205232202020202020202020202020
2020202020202020202020202020202020202020
544c302c20523020202020202020202020202020
2020202020202020202020202020202020202020
544c302c20523220202020202020202020202020
2020202020202020202020202020202020202020
54434f4e2c205231202020202020202020202020
2020202020202020202020202020202020202020
54434f4e2c205230202020202020202020202020
2020202020202020202020202020202020202020
54434f4e2c205230202020202020202020202020
2020202020202020202020202020202020202020
3337682c20523020202020202020202020202020
2020202020202020202020202020202020202020
3268202020202020202020202020202020202020
2020202020202020202020202020202020202020
6c6162656c353031202020202020202020202020
2020202020202020202020202020202020202020
2020202020202020202020202020202020202020
5030202020202020202020202020202020202020
2020202020202020202020202020202020202020
412c2040412b5043202020202020202020202020
412c2040412b5043202020202020202020202020
4142202020202020202020202020202020202020
4142202020202020202020202020202020202020
412c204052312020202020202020202020202020
3043682c206c6162656c35303220202020202020
2020202020202020202020202020202020202020
2020202020202020202020202020202020202020
4120202020202020202020202020202020202020
4120202020202020202020202020202020202020
4052312020202020202020202020202020202020
5234202020202020202020202020202020202020
4052312020202020202020202020202020202020
4052302020202020202020202020202020202020
5234202020202020202020202020202020202020
5235202020202020202020202020202020202020
5234202020202020202020202020202020202020
5235202020202020202020202020202020202020
4052312020202020202020202020202020202020
3668202020202020202020202020202020202020
2020202020202020202020202020202020202020
412c202338416820202020202020202020202020
2020202020202020202020202020202020202020
3935682c20523720202020202020202020202020
2020202020202020202020202020202020202020
412c204052312020202020202020202020202020
412c205232202020202020202020202020202020
412c205235202020202020202020202020202020
412c205235202020202020202020202020202020
412c205237202020202020202020202020202020
412c205237202020202020202020202020202020
412c205235202020202020202020202020202020
412c205235202020202020202020202020202020
412c205233202020202020202020202020202020
412c205233202020202020202020202020202020
412c205233202020202020202020202020202020
412c205233202020202020202020202020202020
412c205233202020202020202020202020202020
4120202020202020202020202020202020202020
4120202020202020202020202020202020202020
412c205236202020202020202020202020202020
5235202020202020202020202020202020202020
5236202020202020202020202020202020202020
412c205235202020202020202020202020202020
412c205232202020202020202020202020202020
412c205235202020202020202020202020202020
4120202020202020202020202020202020202020
2020202020202020202020202020202020202020
6c6162656c353033202020202020202020202020
2020202020202020202020202020202020202020
2020202020202020202020202020202020202020
5237202020202020202020202020202020202020
5237202020202020202020202020202020202020
412c205237202020202020202020202020202020
2020202020202020202020202020202020202020
412c204052312020202020202020202020202020
412c204052312020202020202020202020202020
412c204052312020202020202020202020202020
4120202020202020202020202020202020202020
4120202020202020202020202020202020202020
412c205232202020202020202020202020202020
5236202020202020202020202020202020202020
6c6162656c353034202020202020202020202020
2020202020202020202020202020202020202020
4052302c20233143682c206c6162656c35303520
2020202020202020202020202020202020202020
2020202020202020202020202020202020202020
5234202020202020202020202020202020202020
4120202020202020202020202020202020202020
6c6162656c353036202020202020202020202020
2020202020202020202020202020202020202020
2020202020202020202020202020202020202020
5237202020202020202020202020202020202020
5237202020202020202020202020202020202020
412c205235202020202020202020202020202020
6c6162656c353037202020202020202020202020
2020202020202020202020202020202020202020
2020202020202020202020202020202020202020
52332c2041202020202020202020202020202020
3337682c20233368202020202020202020202020
2020202020202020202020202020202020202020
2020202020202020202020202020202020202020
4120202020202020202020202020202020202020
4120202020202020202020202020202020202020
6c6162656c353038202020202020202020202020
2020202020202020202020202020202020202020
412c205233202020202020202020202020202020
412c2040412b4450545220202020202020202020
74315f7265746930372020202020202020202020
2020202020202020202020202020202020202020
3135682c20233544682020202020202020202020
2020202020202020202020202020202020202020
2020202020202020202020202020202020202020
5235202020202020202020202020202020202020
412c204052312020202020202020202020202020
4052302020202020202020202020202020202020
4120202020202020202020202020202020202020
5235202020202020202020202020202020202020
5236202020202020202020202020202020202020
2020202020202020202020202020202020202020
2020202020202020202020202020202020202020
412c205232202020202020202020202020202020
6c6162656c353039202020202020202020202020
2020202020202020202020202020202020202020
6c6162656c353130202020202020202020202020
2020202020202020202020202020202020202020
6c6162656c353131202020202020202020202020
2020202020202020202020202020202020202020
4120202020202020202020202020202020202020
6c6162656c353132202020202020202020202020
2020202020202020202020202020202020202020
2020202020202020202020202020202020202020
2020202020202020202020202020202020202020
52372c2041202020202020202020202020202020
4120202020202020202020202020202020202020
4120202020202020202020202020202020202020
5236202020202020202020202020202020202020
5235202020202020202020202020202020202020
5236202020202020202020202020202020202020
412c205235202020202020202020202020202020
412c204052302020202020202020202020202020
412c204052302020202020202020202020202020
4120202020202020202020202020202020202020
2020202020202020202020202020202020202020
412c204052312020202020202020202020202020
4120202020202020202020202020202020202020
5231202020202020202020202020202020202020
5231202020202020202020202020202020202020
412c203439682c206c6162656c35313320202020
2020202020202020202020202020202020202020
2020202020202020202020202020202020202020
5236202020202020202020202020202020202020
5236202020202020202020202020202020202020
5236202020202020202020202020202020202020
52362c2023304646682020202020202020202020
2020202020202020202020202020202020202020
52372c2041202020202020202020202020202020
52372c2041202020202020202020202020202020
412c205235202020202020202020202020202020
52372c2041202020202020202020202020202020
52372c2041202020202020202020202020202020
52372c2041202020202020202020202020202020
412c205235202020202020202020202020202020
52372c2041202020202020202020202020202020
52372c2041202020202020202020202020202020
412c205235202020202020202020202020202020
4320202020202020202020202020202020202020
4120202020202020202020202020202020202020
4120202020202020202020202020202020202020
412c205230202020202020202020202020202020
412c205235202020202020202020202020202020
412c2040412b5043202020202020202020202020
412c205233202020202020202020202020202020
412c205234202020202020202020202020202020
2020202020202020202020202020202020202020
4120202020202020202020202020202020202020
4120202020202020202020202020202020202020
5235202020202020202020202020202020202020
3130682c206c6162656c35313420202020202020
2020202020202020202020202020202020202020
2020202020202020202020202020202020202020
2020202020202020202020202020202020202020
2020202020202020202020202020202020202020
6c6162656c353135202020202020202020202020
2020202020202020202020202020202020202020
4120202020202020202020202020202020202020
4120202020202020202020202020202020202020
5237202020202020202020202020202020202020
412c205237202020202020202020202020202020
4052302020202020202020202020202020202020
412c205236202020202020202020202020202020
412c205230202020202020202020202020202020
5231202020202020202020202020202020202020
4052312020202020202020202020202020202020
4120202020202020202020202020202020202020
4120202020202020202020202020202020202020
4120202020202020202020202020202020202020
412c205233202020202020202020202020202020
5235202020202020202020202020202020202020
412c204052302020202020202020202020202020
412c205235202020202020202020202020202020
4120202020202020202020202020202020202020
4120202020202020202020202020202020202020
4120202020202020202020202020202020202020
4120202020202020202020202020202020202020
4120202020202020202020202020202020202020
4120202020202020202020202020202020202020
412c205235202020202020202020202020202020
412c204052312020202020202020202020202020
412c205235202020202020202020202020202020
5231202020202020202020202020202020202020
4052312020202020202020202020202020202020
3368202020202020202020202020202020202020
2020202020202020202020202020202020202020
4120202020202020202020202020202020202020
6c6162656c353136202020202020202020202020
2020202020202020202020202020202020202020
2020202020202020202020202020202020202020
40445054522c2041202020202020202020202020
6c6162656c353031202020202020202020202020
2020202020202020202020202020202020202020
2020202020202020202020202020202020202020
74315f7265746934392020202020202020202020
2020202020202020202020202020202020202020
4120202020202020202020202020202020202020
6c6162656c353137202020202020202020202020
2020202020202020202020202020202020202020
2020202020202020202020202020202020202020
4052312c20412020202020202020202020202020
6c6162656c353138202020202020202020202020
2020202020202020202020202020202020202020
2020202020202020202020202020202020202020
33682c206c6162656c3531392020202020202020
2020202020202020202020202020202020202020
2020202020202020202020202020202020202020
6d61696e5f636f6e745f6a6d7020202020202020
2020202020202020202020202020202020202020
4052302020202020202020202020202020202020
40445054522c2041202020202020202020202020
2020202020202020202020202020202020202020
5236202020202020202020202020202020202020
6c6162656c353230202020202020202020202020
2020202020202020202020202020202020202020
412c204052312020202020202020202020202020
4120202020202020202020202020202020202020
6c6162656c353231202020202020202020202020
2020202020202020202020202020202020202020
6c6162656c353232202020202020202020202020
2020202020202020202020202020202020202020
2020202020202020202020202020202020202020
5232202020202020202020202020202020202020
5232202020202020202020202020202020202020
5232202020202020202020202020202020202020
412c204052312020202020202020202020202020
4052302020202020202020202020202020202020
3568202020202020202020202020202020202020
2020202020202020202020202020202020202020
5231202020202020202020202020202020202020
5233202020202020202020202020202020202020
2020202020202020202020202020202020202020
412c205234202020202020202020202020202020
4120202020202020202020202020202020202020
4120202020202020202020202020202020202020
3136682c206c6162656c35323320202020202020
2020202020202020202020202020202020202020
2020202020202020202020202020202020202020
412c205235202020202020202020202020202020
52372c2041202020202020202020202020202020
6c6162656c353234202020202020202020202020
2020202020202020202020202020202020202020
4052312020202020202020202020202020202020
52372c2041202020202020202020202020202020
6c6162656c353235202020202020202020202020
2020202020202020202020202020202020202020
4052312020202020202020202020202020202020
52372c2041202020202020202020202020202020
6c6162656c353236202020202020202020202020
2020202020202020202020202020202020202020
4052312020202020202020202020202020202020
52372c2041202020202020202020202020202020
412c205236202020202020202020202020202020
412c205232202020202020202020202020202020
5232202020202020202020202020202020202020
52372c2041202020202020202020202020202020
412c205231202020202020202020202020202020
3333682c20523120202020202020202020202020
2020202020202020202020202020202020202020
52372c2041202020202020202020202020202020
412c205230202020202020202020202020202020
52322c20233830682c206c6162656c3532372020
2020202020202020202020202020202020202020
2020202020202020202020202020202020202020
4120202020202020202020202020202020202020
412c205235202020202020202020202020202020
5235202020202020202020202020202020202020
412c205232202020202020202020202020202020
412c205236202020202020202020202020202020
412c205230202020202020202020202020202020
5233202020202020202020202020202020202020
4052302020202020202020202020202020202020
4120202020202020202020202020202020202020
412c204052312020202020202020202020202020
4052312020202020202020202020202020202020
5232202020202020202020202020202020202020
5232202020202020202020202020202020202020
5232202020202020202020202020202020202020
5232202020202020202020202020202020202020
4120202020202020202020202020202020202020
5231202020202020202020202020202020202020
412c205234202020202020202020202020202020
412c205231202020202020202020202020202020
4052302020202020202020202020202020202020
5232202020202020202020202020202020202020
5232202020202020202020202020202020202020
5232202020202020202020202020202020202020
4120202020202020202020202020202020202020
4120202020202020202020202020202020202020
412c205234202020202020202020202020202020
4120202020202020202020202020202020202020
4052312020202020202020202020202020202020
5232202020202020202020202020202020202020
5232202020202020202020202020202020202020
5236202020202020202020202020202020202020
5236202020202020202020202020202020202020
5230202020202020202020202020202020202020
5237202020202020202020202020202020202020
6c6162656c353238202020202020202020202020
2020202020202020202020202020202020202020
2020202020202020202020202020202020202020
4052302020202020202020202020202020202020
5234202020202020202020202020202020202020
4120202020202020202020202020202020202020
5230202020202020202020202020202020202020
5235202020202020202020202020202020202020
4120202020202020202020202020202020202020
4120202020202020202020202020202020202020
4120202020202020202020202020202020202020
3233682c206c6162656c35323920202020202020
2020202020202020202020202020202020202020
2020202020202020202020202020202020202020
412c205235202020202020202020202020202020
412c205235202020202020202020202020202020
5236202020202020202020202020202020202020
3237682c206c6162656c35333020202020202020
2020202020202020202020202020202020202020
2020202020202020202020202020202020202020
412c205235202020202020202020202020202020
412c205235202020202020202020202020202020
412c205230202020202020202020202020202020
412c205230202020202020202020202020202020
412c205235202020202020202020202020202020
412c205235202020202020202020202020202020
412c205235202020202020202020202020202020
412c205235202020202020202020202020202020
412c205230202020202020202020202020202020
412c205230202020202020202020202020202020
412c205235202020202020202020202020202020
412c205235202020202020202020202020202020
412c205235202020202020202020202020202020
412c205235202020202020202020202020202020
412c204052312020202020202020202020202020
4120202020202020202020202020202020202020
5232202020202020202020202020202020202020
5232202020202020202020202020202020202020
5232202020202020202020202020202020202020
412c205231202020202020202020202020202020
412c205231202020202020202020202020202020
4052302020202020202020202020202020202020
5232202020202020202020202020202020202020
5232202020202020202020202020202020202020
5232202020202020202020202020202020202020
4120202020202020202020202020202020202020
4120202020202020202020202020202020202020
412c205234202020202020202020202020202020
412c205230202020202020202020202020202020
412c205234202020202020202020202020202020
412c204052302020202020202020202020202020
6c6162656c353331202020202020202020202020
2020202020202020202020202020202020202020
412c205232202020202020202020202020202020
412c205230202020202020202020202020202020
6c6162656c353332202020202020202020202020
2020202020202020202020202020202020202020
412c205237202020202020202020202020202020
412c205237202020202020202020202020202020
412c205237202020202020202020202020202020
412c202334446820202020202020202020202020
2020202020202020202020202020202020202020
412c202336346820202020202020202020202020
2020202020202020202020202020202020202020
412c202336346820202020202020202020202020
2020202020202020202020202020202020202020
412c205233202020202020202020202020202020
412c202336346820202020202020202020202020
2020202020202020202020202020202020202020
412c202336346820202020202020202020202020
2020202020202020202020202020202020202020
412c202333376820202020202020202020202020
2020202020202020202020202020202020202020
4120202020202020202020202020202020202020
5232202020202020202020202020202020202020
5232202020202020202020202020202020202020
5232202020202020202020202020202020202020
412c205231202020202020202020202020202020
412c205231202020202020202020202020202020
4052302020202020202020202020202020202020
5232202020202020202020202020202020202020
5232202020202020202020202020202020202020
5232202020202020202020202020202020202020
4120202020202020202020202020202020202020
4120202020202020202020202020202020202020
412c205234202020202020202020202020202020
3568202020202020202020202020202020202020
2020202020202020202020202020202020202020
3568202020202020202020202020202020202020
2020202020202020202020202020202020202020
3568202020202020202020202020202020202020
2020202020202020202020202020202020202020
3568202020202020202020202020202020202020
2020202020202020202020202020202020202020
3568202020202020202020202020202020202020
2020202020202020202020202020202020202020
3568202020202020202020202020202020202020
2020202020202020202020202020202020202020
5231202020202020202020202020202020202020
5231202020202020202020202020202020202020
5231202020202020202020202020202020202020
5231202020202020202020202020202020202020
5234202020202020202020202020202020202020
5234202020202020202020202020202020202020
3868202020202020202020202020202020202020
2020202020202020202020202020202020202020
5232202020202020202020202020202020202020
5234202020202020202020202020202020202020
3130682c206c6162656c35333320202020202020
2020202020202020202020202020202020202020
2020202020202020202020202020202020202020
5234202020202020202020202020202020202020
5235202020202020202020202020202020202020
4052302020202020202020202020202020202020
4052302020202020202020202020202020202020
5235202020202020202020202020202020202020
5231202020202020202020202020202020202020
5234202020202020202020202020202020202020
5235202020202020202020202020202020202020
5234202020202020202020202020202020202020
4052312020202020202020202020202020202020
4052302020202020202020202020202020202020
4052302020202020202020202020202020202020
412c202330464668202020202020202020202020
2020202020202020202020202020202020202020
52372c2041202020202020202020202020202020
52372c2041202020202020202020202020202020
52372c2041202020202020202020202020202020
52372c2041202020202020202020202020202020
52372c2041202020202020202020202020202020
52372c2041202020202020202020202020202020
52372c2041202020202020202020202020202020
52372c2041202020202020202020202020202020
52372c2041202020202020202020202020202020
52372c2041202020202020202020202020202020
52372c2041202020202020202020202020202020
412c204052312020202020202020202020202020
5234202020202020202020202020202020202020
4120202020202020202020202020202020202020
4120202020202020202020202020202020202020
5230202020202020202020202020202020202020
5230202020202020202020202020202020202020
5230202020202020202020202020202020202020
5230202020202020202020202020202020202020
5230202020202020202020202020202020202020
3130682c206c6162656c35333420202020202020
2020202020202020202020202020202020202020
2020202020202020202020202020202020202020
3634682c206c6162656c35333520202020202020
2020202020202020202020202020202020202020
2020202020202020202020202020202020202020
5234202020202020202020202020202020202020
3042682020202020202020202020202020202020
2020202020202020202020202020202020202020
3668202020202020202020202020202020202020
2020202020202020202020202020202020202020
3041682020202020202020202020202020202020
2020202020202020202020202020202020202020
3042682c206c6162656c35333620202020202020
2020202020202020202020202020202020202020
2020202020202020202020202020202020202020
4052302020202020202020202020202020202020
4120202020202020202020202020202020202020
432c203233682020202020202020202020202020
2020202020202020202020202020202020202020
412c204052302020202020202020202020202020
412c205234202020202020202020202020202020
412c205237202020202020202020202020202020
74315f7265746936302020202020202020202020
2020202020202020202020202020202020202020
74315f7265746936302020202020202020202020
2020202020202020202020202020202020202020
74315f7265746936302020202020202020202020
2020202020202020202020202020202020202020
74315f7265746936302020202020202020202020
2020202020202020202020202020202020202020
4120202020202020202020202020202020202020
412c204052302020202020202020202020202020
412c205234202020202020202020202020202020
412c205237202020202020202020202020202020
74315f7265746936302020202020202020202020
2020202020202020202020202020202020202020
74315f7265746936302020202020202020202020
2020202020202020202020202020202020202020
74315f7265746936302020202020202020202020
2020202020202020202020202020202020202020
74315f7265746936302020202020202020202020
2020202020202020202020202020202020202020
4120202020202020202020202020202020202020
412c205232202020202020202020202020202020
74315f7265746931342020202020202020202020
2020202020202020202020202020202020202020
6c6162656c353337202020202020202020202020
2020202020202020202020202020202020202020
412c204052312020202020202020202020202020
74315f7265746936302020202020202020202020
2020202020202020202020202020202020202020
74315f7265746936302020202020202020202020
2020202020202020202020202020202020202020
74315f7265746936322020202020202020202020
2020202020202020202020202020202020202020
412c205231202020202020202020202020202020
412c202334356820202020202020202020202020
2020202020202020202020202020202020202020
412c205230202020202020202020202020202020
3337682c20412020202020202020202020202020
2020202020202020202020202020202020202020
74315f7265746936302020202020202020202020
2020202020202020202020202020202020202020
74315f7265746936302020202020202020202020
2020202020202020202020202020202020202020
74315f7265746935362020202020202020202020
2020202020202020202020202020202020202020
6c6162656c353338202020202020202020202020
2020202020202020202020202020202020202020
412c205237202020202020202020202020202020
412c205237202020202020202020202020202020
412c203343682020202020202020202020202020
2020202020202020202020202020202020202020
412c204052312020202020202020202020202020
74315f7265746936302020202020202020202020
2020202020202020202020202020202020202020
74315f7265746936302020202020202020202020
2020202020202020202020202020202020202020
412c205234202020202020202020202020202020
3441682c20233446682020202020202020202020
2020202020202020202020202020202020202020
2020202020202020202020202020202020202020
412c205237202020202020202020202020202020
412c205230202020202020202020202020202020
3342682c20412020202020202020202020202020
2020202020202020202020202020202020202020
412c203331682020202020202020202020202020
2020202020202020202020202020202020202020
412c205235202020202020202020202020202020
412c205235202020202020202020202020202020
6c6162656c353339202020202020202020202020
2020202020202020202020202020202020202020
412c205237202020202020202020202020202020
412c205237202020202020202020202020202020
412c205237202020202020202020202020202020
412c205230202020202020202020202020202020
3343682c20412020202020202020202020202020
2020202020202020202020202020202020202020
412c202332446820202020202020202020202020
2020202020202020202020202020202020202020
412c205231202020202020202020202020202020
412c205231202020202020202020202020202020
412c204052302020202020202020202020202020
412c205233202020202020202020202020202020
412c205237202020202020202020202020202020
412c205237202020202020202020202020202020
412c205237202020202020202020202020202020
412c205230202020202020202020202020202020
412c203432682020202020202020202020202020
2020202020202020202020202020202020202020
412c205231202020202020202020202020202020
2020202020202020202020202020202020202020
412c205236202020202020202020202020202020
412c205235202020202020202020202020202020
412c204052302020202020202020202020202020
412c205233202020202020202020202020202020
412c205237202020202020202020202020202020
412c205237202020202020202020202020202020
412c205237202020202020202020202020202020
412c205237202020202020202020202020202020
412c205230202020202020202020202020202020
412c203430682020202020202020202020202020
2020202020202020202020202020202020202020
412c205231202020202020202020202020202020
412c204052302020202020202020202020202020
412c202334366820202020202020202020202020
2020202020202020202020202020202020202020
412c205233202020202020202020202020202020
412c205237202020202020202020202020202020
412c205237202020202020202020202020202020
412c205237202020202020202020202020202020
412c205237202020202020202020202020202020
412c205237202020202020202020202020202020
412c205230202020202020202020202020202020
3344682c20412020202020202020202020202020
2020202020202020202020202020202020202020
412c205231202020202020202020202020202020
412c204052302020202020202020202020202020
412c204052302020202020202020202020202020
412c205233202020202020202020202020202020
412c205237202020202020202020202020202020
412c205237202020202020202020202020202020
412c205237202020202020202020202020202020
412c205237202020202020202020202020202020
412c205237202020202020202020202020202020
412c205230202020202020202020202020202020
412c203345682020202020202020202020202020
2020202020202020202020202020202020202020
412c205232202020202020202020202020202020
412c204052302020202020202020202020202020
412c204052302020202020202020202020202020
412c205233202020202020202020202020202020
412c205237202020202020202020202020202020
412c205237202020202020202020202020202020
412c205237202020202020202020202020202020
412c205237202020202020202020202020202020
412c205237202020202020202020202020202020
412c205230202020202020202020202020202020
412c203345682020202020202020202020202020
2020202020202020202020202020202020202020
412c205232202020202020202020202020202020
412c204052302020202020202020202020202020
412c204052312020202020202020202020202020
3043682c2070756c73655f73796e633020202020
2020202020202020202020202020202020202020
2020202020202020202020202020202020202020
4120202020202020202020202020202020202020
4120202020202020202020202020202020202020
4052312020202020202020202020202020202020
5234202020202020202020202020202020202020
4052312020202020202020202020202020202020
4052302020202020202020202020202020202020
5234202020202020202020202020202020202020
5235202020202020202020202020202020202020
5234202020202020202020202020202020202020
5235202020202020202020202020202020202020
4052312020202020202020202020202020202020
3668202020202020202020202020202020202020
2020202020202020202020202020202020202020
412c202333326820202020202020202020202020
2020202020202020202020202020202020202020
2020202020202020202020202020202020202020
412c205235202020202020202020202020202020
412c204052312020202020202020202020202020
412c204052312020202020202020202020202020
412c204052312020202020202020202020202020
412c205232202020202020202020202020202020
412c205236202020202020202020202020202020
412c205236202020202020202020202020202020
3330682c2070756c73655f73796e633120202020
2020202020202020202020202020202020202020
2020202020202020202020202020202020202020
3332682c2070756c73655f73796e633220202020
2020202020202020202020202020202020202020
2020202020202020202020202020202020202020
2020202020202020202020202020202020202020
412c204052312020202020202020202020202020
4052312020202020202020202020202020202020
70756c73655f73796e6333202020202020202020
2020202020202020202020202020202020202020
2020202020202020202020202020202020202020
5230202020202020202020202020202020202020
3138682c2070756c73655f73796e633420202020
2020202020202020202020202020202020202020
2020202020202020202020202020202020202020
70756c73655f73796e6335202020202020202020
2020202020202020202020202020202020202020
5233202020202020202020202020202020202020
5234202020202020202020202020202020202020
412c205232202020202020202020202020202020
412c205232202020202020202020202020202020
412c204052312020202020202020202020202020
4120202020202020202020202020202020202020
4120202020202020202020202020202020202020
412c205236202020202020202020202020202020
412c205231202020202020202020202020202020
412c205237202020202020202020202020202020
412c204052302020202020202020202020202020
4120202020202020202020202020202020202020
4120202020202020202020202020202020202020
4120202020202020202020202020202020202020
4120202020202020202020202020202020202020
40412b4450545220202020202020202020202020
412c203545682020202020202020202020202020
2020202020202020202020202020202020202020
4120202020202020202020202020202020202020
4120202020202020202020202020202020202020
4120202020202020202020202020202020202020
4120202020202020202020202020202020202020
4052302020202020202020202020202020202020
3130682c2070756c73655f73796e633620202020
2020202020202020202020202020202020202020
2020202020202020202020202020202020202020
5235202020202020202020202020202020202020
412c203536682020202020202020202020202020
2020202020202020202020202020202020202020
4052302c20354168202020202020202020202020
2020202020202020202020202020202020202020
3231682c20233133682020202020202020202020
2020202020202020202020202020202020202020
2020202020202020202020202020202020202020
2020202020202020202020202020202020202020
412c204052312020202020202020202020202020
5234202020202020202020202020202020202020
4120202020202020202020202020202020202020
4120202020202020202020202020202020202020
5230202020202020202020202020202020202020
5230202020202020202020202020202020202020
5230202020202020202020202020202020202020
5230202020202020202020202020202020202020
5230202020202020202020202020202020202020
3130682c2070756c73655f73796e633720202020
2020202020202020202020202020202020202020
2020202020202020202020202020202020202020
3634682c2070756c73655f73796e633820202020
2020202020202020202020202020202020202020
2020202020202020202020202020202020202020
5234202020202020202020202020202020202020
3042682020202020202020202020202020202020
2020202020202020202020202020202020202020
3668202020202020202020202020202020202020
2020202020202020202020202020202020202020
3041682020202020202020202020202020202020
2020202020202020202020202020202020202020
3042682c2070756c73655f73796e633920202020
2020202020202020202020202020202020202020
2020202020202020202020202020202020202020
4052302020202020202020202020202020202020
4120202020202020202020202020202020202020
432c203830682020202020202020202020202020
2020202020202020202020202020202020202020
6c6162656c353530202020202020202020202020
2020202020202020202020202020202020202020
6c6162656c353531202020202020202020202020
2020202020202020202020202020202020202020
52362c2023374368202020202020202020202020
2020202020202020202020202020202020202020
52342c2023374568202020202020202020202020
2020202020202020202020202020202020202020
52362c2023374568202020202020202020202020
2020202020202020202020202020202020202020
52362c2023383068202020202020202020202020
2020202020202020202020202020202020202020
6c6162656c353532202020202020202020202020
2020202020202020202020202020202020202020
6c6162656c353533202020202020202020202020
2020202020202020202020202020202020202020
52362c2023374368202020202020202020202020
2020202020202020202020202020202020202020
52342c2023374568202020202020202020202020
2020202020202020202020202020202020202020
52362c2023374568202020202020202020202020
2020202020202020202020202020202020202020
52362c2023374368202020202020202020202020
2020202020202020202020202020202020202020
52342c2023374568202020202020202020202020
2020202020202020202020202020202020202020
52362c2023374568202020202020202020202020
2020202020202020202020202020202020202020
52362c2023374468202020202020202020202020
2020202020202020202020202020202020202020
52352c2023374568202020202020202020202020
2020202020202020202020202020202020202020
52362c2023374568202020202020202020202020
2020202020202020202020202020202020202020
52362c2023374368202020202020202020202020
2020202020202020202020202020202020202020
52362c2023374668202020202020202020202020
2020202020202020202020202020202020202020
6c6162656c353534202020202020202020202020
2020202020202020202020202020202020202020
52372c2023383068202020202020202020202020
2020202020202020202020202020202020202020
6c6162656c353535202020202020202020202020
2020202020202020202020202020202020202020
5448302c20523120202020202020202020202020
2020202020202020202020202020202020202020
3743682c20523420202020202020202020202020
2020202020202020202020202020202020202020
52362c2023383068202020202020202020202020
2020202020202020202020202020202020202020
6c6162656c353536202020202020202020202020
2020202020202020202020202020202020202020
432c203832682020202020202020202020202020
2020202020202020202020202020202020202020
432c203833682020202020202020202020202020
2020202020202020202020202020202020202020
434c4b5245472c20523320202020202020202020
2020202020202020202020202020202020202020
3743682c20523720202020202020202020202020
2020202020202020202020202020202020202020
52362c2023383068202020202020202020202020
2020202020202020202020202020202020202020
432c203832682020202020202020202020202020
2020202020202020202020202020202020202020
432c203832682020202020202020202020202020
2020202020202020202020202020202020202020
432c203833682020202020202020202020202020
2020202020202020202020202020202020202020
412c2040412b5043202020202020202020202020
412c203935682020202020202020202020202020
2020202020202020202020202020202020202020
52342c2023374568202020202020202020202020
2020202020202020202020202020202020202020
6c6162656c353537202020202020202020202020
2020202020202020202020202020202020202020
432c203832682020202020202020202020202020
2020202020202020202020202020202020202020
432c203832682020202020202020202020202020
2020202020202020202020202020202020202020
412c2040412b5043202020202020202020202020
3935682c20544831202020202020202020202020
2020202020202020202020202020202020202020
2020202020202020202020202020202020202020
52372c2023383068202020202020202020202020
2020202020202020202020202020202020202020
432c203833682020202020202020202020202020
2020202020202020202020202020202020202020
4142202020202020202020202020202020202020
412c2040412b5043202020202020202020202020
412c2040412b5043202020202020202020202020
412c2040412b5043202020202020202020202020
412c2040412b5043202020202020202020202020
5448312c20405231202020202020202020202020
2020202020202020202020202020202020202020
412c205350202020202020202020202020202020
2020202020202020202020202020202020202020
432c203833682020202020202020202020202020
2020202020202020202020202020202020202020
4142202020202020202020202020202020202020
4142202020202020202020202020202020202020
412c2040412b5043202020202020202020202020
412c2040412b5043202020202020202020202020
412c2040412b5043202020202020202020202020
4142202020202020202020202020202020202020
5448312c20405231202020202020202020202020
2020202020202020202020202020202020202020
412c2040412b4450545220202020202020202020
412c2040412b5043202020202020202020202020
4142202020202020202020202020202020202020
4142202020202020202020202020202020202020
4142202020202020202020202020202020202020
4142202020202020202020202020202020202020
4142202020202020202020202020202020202020
412c2040412b5043202020202020202020202020
4142202020202020202020202020202020202020
4142202020202020202020202020202020202020
5448312c20405231202020202020202020202020
2020202020202020202020202020202020202020
445031482c205235202020202020202020202020
2020202020202020202020202020202020202020
445031482c204450314820202020202020202020
2020202020202020202020202020202020202020
2020202020202020202020202020202020202020
4450314c2c204450314820202020202020202020
2020202020202020202020202020202020202020
2020202020202020202020202020202020202020
4142202020202020202020202020202020202020
4142202020202020202020202020202020202020
544d4f442c204052302020202020202020202020
2020202020202020202020202020202020202020
54434f4e2c205234202020202020202020202020
2020202020202020202020202020202020202020
54434f4e2c205230202020202020202020202020
2020202020202020202020202020202020202020
54434f4e2c205230202020202020202020202020
2020202020202020202020202020202020202020
535044522c204052302020202020202020202020
2020202020202020202020202020202020202020
535044522c204052302020202020202020202020
2020202020202020202020202020202020202020
535044522c204052302020202020202020202020
2020202020202020202020202020202020202020
3337682c20405231202020202020202020202020
2020202020202020202020202020202020202020
3268202020202020202020202020202020202020
2020202020202020202020202020202020202020
6c6162656c353031202020202020202020202020
2020202020202020202020202020202020202020
2020202020202020202020202020202020202020
5030202020202020202020202020202020202020
2020202020202020202020202020202020202020
412c2040412b5043202020202020202020202020
412c2040412b5043202020202020202020202020
4142202020202020202020202020202020202020
4142202020202020202020202020202020202020
412c204052312020202020202020202020202020
3043682c206c6162656c35353820202020202020
2020202020202020202020202020202020202020
2020202020202020202020202020202020202020
4120202020202020202020202020202020202020
4120202020202020202020202020202020202020
4052312020202020202020202020202020202020
5234202020202020202020202020202020202020
4052312020202020202020202020202020202020
4052302020202020202020202020202020202020
5234202020202020202020202020202020202020
5235202020202020202020202020202020202020
5234202020202020202020202020202020202020
5235202020202020202020202020202020202020
4052312020202020202020202020202020202020
3668202020202020202020202020202020202020
2020202020202020202020202020202020202020
412c202338416820202020202020202020202020
2020202020202020202020202020202020202020
3935682c20523720202020202020202020202020
2020202020202020202020202020202020202020
412c204052312020202020202020202020202020
412c205232202020202020202020202020202020
412c205235202020202020202020202020202020
412c205235202020202020202020202020202020
412c205237202020202020202020202020202020
412c205237202020202020202020202020202020
412c205235202020202020202020202020202020
412c205235202020202020202020202020202020
412c205230202020202020202020202020202020
544c302c20523520202020202020202020202020
2020202020202020202020202020202020202020
544c302c20523220202020202020202020202020
2020202020202020202020202020202020202020
4120202020202020202020202020202020202020
4120202020202020202020202020202020202020
5236202020202020202020202020202020202020
5235202020202020202020202020202020202020
5236202020202020202020202020202020202020
412c205235202020202020202020202020202020
412c204052302020202020202020202020202020
412c204052302020202020202020202020202020
4120202020202020202020202020202020202020
4120202020202020202020202020202020202020
4120202020202020202020202020202020202020
4120202020202020202020202020202020202020
412c205235202020202020202020202020202020
412c205233202020202020202020202020202020
412c205236202020202020202020202020202020
412c205233202020202020202020202020202020
412c205234202020202020202020202020202020
2020202020202020202020202020202020202020
4120202020202020202020202020202020202020
4120202020202020202020202020202020202020
412c205235202020202020202020202020202020
5235202020202020202020202020202020202020
412c205232202020202020202020202020202020
412c205236202020202020202020202020202020
412c205230202020202020202020202020202020
5233202020202020202020202020202020202020
4052302020202020202020202020202020202020
4120202020202020202020202020202020202020
412c204052312020202020202020202020202020
4120202020202020202020202020202020202020
5232202020202020202020202020202020202020
5232202020202020202020202020202020202020
5232202020202020202020202020202020202020
412c205231202020202020202020202020202020
412c205231202020202020202020202020202020
4052302020202020202020202020202020202020
5232202020202020202020202020202020202020
5232202020202020202020202020202020202020
5232202020202020202020202020202020202020
4120202020202020202020202020202020202020
4120202020202020202020202020202020202020
412c205234202020202020202020202020202020
5232202020202020202020202020202020202020
5232202020202020202020202020202020202020
5232202020202020202020202020202020202020
5234202020202020202020202020202020202020
5237202020202020202020202020202020202020
5237202020202020202020202020202020202020
5232202020202020202020202020202020202020
5232202020202020202020202020202020202020
6c6162656c353539202020202020202020202020
2020202020202020202020202020202020202020
2020202020202020202020202020202020202020
5231202020202020202020202020202020202020
5237202020202020202020202020202020202020
4052302020202020202020202020202020202020
5231202020202020202020202020202020202020
5235202020202020202020202020202020202020
5235202020202020202020202020202020202020
5235202020202020202020202020202020202020
5237202020202020202020202020202020202020
5231202020202020202020202020202020202020
5236202020202020202020202020202020202020
6c6162656c353630202020202020202020202020
2020202020202020202020202020202020202020
6c6162656c353631202020202020202020202020
2020202020202020202020202020202020202020
5234202020202020202020202020202020202020
4120202020202020202020202020202020202020
4120202020202020202020202020202020202020
5230202020202020202020202020202020202020
5230202020202020202020202020202020202020
5230202020202020202020202020202020202020
5230202020202020202020202020202020202020
5230202020202020202020202020202020202020
3130682c206c6162656c35363220202020202020
2020202020202020202020202020202020202020
2020202020202020202020202020202020202020
3634682c206c6162656c35363320202020202020
2020202020202020202020202020202020202020
2020202020202020202020202020202020202020
5234202020202020202020202020202020202020
3042682020202020202020202020202020202020
2020202020202020202020202020202020202020
3668202020202020202020202020202020202020
2020202020202020202020202020202020202020
3041682020202020202020202020202020202020
2020202020202020202020202020202020202020
3042682c206c6162656c35363420202020202020
2020202020202020202020202020202020202020
2020202020202020202020202020202020202020
4052302020202020202020202020202020202020
4120202020202020202020202020202020202020
432c203233682020202020202020202020202020
2020202020202020202020202020202020202020
412c204052302020202020202020202020202020
412c205234202020202020202020202020202020
412c205237202020202020202020202020202020
6c6162656c353635202020202020202020202020
2020202020202020202020202020202020202020
6c6162656c353635202020202020202020202020
2020202020202020202020202020202020202020
6c6162656c353635202020202020202020202020
2020202020202020202020202020202020202020
6c6162656c353635202020202020202020202020
2020202020202020202020202020202020202020
4120202020202020202020202020202020202020
412c204052302020202020202020202020202020
412c205233202020202020202020202020202020
412c205233202020202020202020202020202020
412c205233202020202020202020202020202020
412c205233202020202020202020202020202020
412c205233202020202020202020202020202020
412c205233202020202020202020202020202020
412c205233202020202020202020202020202020
6c6162656c353635202020202020202020202020
2020202020202020202020202020202020202020
6c6162656c353636202020202020202020202020
2020202020202020202020202020202020202020
412c205232202020202020202020202020202020
412c205233202020202020202020202020202020
412c205234202020202020202020202020202020
412c205234202020202020202020202020202020
412c205234202020202020202020202020202020
412c205231202020202020202020202020202020
412c205231202020202020202020202020202020
412c205231202020202020202020202020202020
6c6162656c353635202020202020202020202020
2020202020202020202020202020202020202020
6c6162656c353637202020202020202020202020
2020202020202020202020202020202020202020
2020202020202020202020202020202020202020
6c6162656c353638202020202020202020202020
2020202020202020202020202020202020202020
412c205234202020202020202020202020202020
412c205234202020202020202020202020202020
412c205231202020202020202020202020202020
412c205231202020202020202020202020202020
412c205231202020202020202020202020202020
6c6162656c353635202020202020202020202020
2020202020202020202020202020202020202020
6c6162656c353632202020202020202020202020
2020202020202020202020202020202020202020
2020202020202020202020202020202020202020
6c6162656c353638202020202020202020202020
2020202020202020202020202020202020202020
412c205236202020202020202020202020202020
412c205234202020202020202020202020202020
412c205231202020202020202020202020202020
412c205231202020202020202020202020202020
412c205231202020202020202020202020202020
6c6162656c353635202020202020202020202020
2020202020202020202020202020202020202020
6c6162656c353639202020202020202020202020
2020202020202020202020202020202020202020
412c203331682020202020202020202020202020
2020202020202020202020202020202020202020
6c6162656c353638202020202020202020202020
2020202020202020202020202020202020202020
412c205235202020202020202020202020202020
412c205232202020202020202020202020202020
412c205232202020202020202020202020202020
412c205231202020202020202020202020202020
412c205235202020202020202020202020202020
412c205235202020202020202020202020202020
412c205235202020202020202020202020202020
412c205235202020202020202020202020202020
412c204052302020202020202020202020202020
6c6162656c353635202020202020202020202020
2020202020202020202020202020202020202020
412c205237202020202020202020202020202020
412c205237202020202020202020202020202020
412c205236202020202020202020202020202020
412c205235202020202020202020202020202020
412c205231202020202020202020202020202020
412c205231202020202020202020202020202020
412c205231202020202020202020202020202020
412c205231202020202020202020202020202020
6c6162656c353730202020202020202020202020
2020202020202020202020202020202020202020
6c6162656c353731202020202020202020202020
2020202020202020202020202020202020202020
6c6162656c353732202020202020202020202020
2020202020202020202020202020202020202020
412c205231202020202020202020202020202020
412c205231202020202020202020202020202020
412c205231202020202020202020202020202020
2020202020202020202020202020202020202020
412c205236202020202020202020202020202020
412c205235202020202020202020202020202020
412c204052302020202020202020202020202020
412c205233202020202020202020202020202020
412c205237202020202020202020202020202020
412c205237202020202020202020202020202020
412c205237202020202020202020202020202020
412c205237202020202020202020202020202020
412c205230202020202020202020202020202020
412c203430682020202020202020202020202020
2020202020202020202020202020202020202020
412c205231202020202020202020202020202020
412c204052302020202020202020202020202020
412c202334366820202020202020202020202020
2020202020202020202020202020202020202020
412c205233202020202020202020202020202020
412c205237202020202020202020202020202020
412c205237202020202020202020202020202020
412c205237202020202020202020202020202020
412c205237202020202020202020202020202020
412c205237202020202020202020202020202020
412c205230202020202020202020202020202020
3344682c20412020202020202020202020202020
2020202020202020202020202020202020202020
412c205231202020202020202020202020202020
412c204052302020202020202020202020202020
412c204052302020202020202020202020202020
412c205233202020202020202020202020202020
412c205237202020202020202020202020202020
412c205237202020202020202020202020202020
412c205237202020202020202020202020202020
412c205237202020202020202020202020202020
412c205237202020202020202020202020202020
412c205230202020202020202020202020202020
412c203345682020202020202020202020202020
2020202020202020202020202020202020202020
412c205232202020202020202020202020202020
412c204052302020202020202020202020202020
412c204052302020202020202020202020202020
412c205233202020202020202020202020202020
412c205237202020202020202020202020202020
412c205237202020202020202020202020202020
412c205237202020202020202020202020202020
412c205237202020202020202020202020202020
412c205237202020202020202020202020202020
412c205230202020202020202020202020202020
412c203345682020202020202020202020202020
2020202020202020202020202020202020202020
412c205232202020202020202020202020202020
412c204052302020202020202020202020202020
412c204052312020202020202020202020202020
3043682c206c6162656c35373320202020202020
2020202020202020202020202020202020202020
2020202020202020202020202020202020202020
4120202020202020202020202020202020202020
4120202020202020202020202020202020202020
4052312020202020202020202020202020202020
5234202020202020202020202020202020202020
4052312020202020202020202020202020202020
4052302020202020202020202020202020202020
5234202020202020202020202020202020202020
5235202020202020202020202020202020202020
5234202020202020202020202020202020202020
5235202020202020202020202020202020202020
4052312020202020202020202020202020202020
3668202020202020202020202020202020202020
2020202020202020202020202020202020202020
412c202333326820202020202020202020202020
2020202020202020202020202020202020202020
2020202020202020202020202020202020202020
412c205235202020202020202020202020202020
412c204052312020202020202020202020202020
412c204052312020202020202020202020202020
412c204052312020202020202020202020202020
412c205232202020202020202020202020202020
412c205236202020202020202020202020202020
412c205236202020202020202020202020202020
3330682c206c6162656c35373420202020202020
2020202020202020202020202020202020202020
2020202020202020202020202020202020202020
3332682c206c6162656c35373520202020202020
2020202020202020202020202020202020202020
2020202020202020202020202020202020202020
2020202020202020202020202020202020202020
412c204052312020202020202020202020202020
4052312020202020202020202020202020202020
70756c73655f73796e6333202020202020202020
2020202020202020202020202020202020202020
2020202020202020202020202020202020202020
5230202020202020202020202020202020202020
3138682c206c6162656c35373620202020202020
2020202020202020202020202020202020202020
2020202020202020202020202020202020202020
6c6162656c353737202020202020202020202020
2020202020202020202020202020202020202020
5233202020202020202020202020202020202020
5234202020202020202020202020202020202020
412c205232202020202020202020202020202020
412c205232202020202020202020202020202020
412c204052312020202020202020202020202020
4120202020202020202020202020202020202020
4120202020202020202020202020202020202020
412c205236202020202020202020202020202020
412c205231202020202020202020202020202020
412c205237202020202020202020202020202020
412c204052302020202020202020202020202020
4120202020202020202020202020202020202020
4120202020202020202020202020202020202020
4120202020202020202020202020202020202020
4120202020202020202020202020202020202020
40412b4450545220202020202020202020202020
412c203545682020202020202020202020202020
2020202020202020202020202020202020202020
4120202020202020202020202020202020202020
4120202020202020202020202020202020202020
4120202020202020202020202020202020202020
4120202020202020202020202020202020202020
4052302020202020202020202020202020202020
3130682c206c6162656c35373820202020202020
2020202020202020202020202020202020202020
2020202020202020202020202020202020202020
5235202020202020202020202020202020202020
412c203536682020202020202020202020202020
2020202020202020202020202020202020202020
4052302c20354168202020202020202020202020
2020202020202020202020202020202020202020
3231682c20233133682020202020202020202020
2020202020202020202020202020202020202020
2020202020202020202020202020202020202020
2020202020202020202020202020202020202020
412c204052312020202020202020202020202020
5234202020202020202020202020202020202020
4120202020202020202020202020202020202020
4120202020202020202020202020202020202020
5230202020202020202020202020202020202020
5230202020202020202020202020202020202020
5230202020202020202020202020202020202020
5230202020202020202020202020202020202020
5230202020202020202020202020202020202020
3130682c206c6162656c35373920202020202020
2020202020202020202020202020202020202020
2020202020202020202020202020202020202020
3634682c206c6162656c35383020202020202020
2020202020202020202020202020202020202020
2020202020202020202020202020202020202020
5234202020202020202020202020202020202020
3042682020202020202020202020202020202020
2020202020202020202020202020202020202020
3668202020202020202020202020202020202020
2020202020202020202020202020202020202020
3041682020202020202020202020202020202020
2020202020202020202020202020202020202020
3042682c206c6162656c35383120202020202020
2020202020202020202020202020202020202020
2020202020202020202020202020202020202020
4052302020202020202020202020202020202020
4120202020202020202020202020202020202020
432c203830682020202020202020202020202020
2020202020202020202020202020202020202020
6c6162656c353832202020202020202020202020
2020202020202020202020202020202020202020
6c6162656c353833202020202020202020202020
2020202020202020202020202020202020202020
52362c2023374368202020202020202020202020
2020202020202020202020202020202020202020
52342c2023374568202020202020202020202020
2020202020202020202020202020202020202020
52362c2023374568202020202020202020202020
2020202020202020202020202020202020202020
52362c2023383068202020202020202020202020
2020202020202020202020202020202020202020
6c6162656c353834202020202020202020202020
2020202020202020202020202020202020202020
6c6162656c353835202020202020202020202020
2020202020202020202020202020202020202020
52362c2023374368202020202020202020202020
2020202020202020202020202020202020202020
52342c2023374568202020202020202020202020
2020202020202020202020202020202020202020
52362c2023374568202020202020202020202020
2020202020202020202020202020202020202020
52362c2023374368202020202020202020202020
2020202020202020202020202020202020202020
52342c2023374568202020202020202020202020
2020202020202020202020202020202020202020
52362c2023374568202020202020202020202020
2020202020202020202020202020202020202020
52362c2023374468202020202020202020202020
2020202020202020202020202020202020202020
52352c2023374568202020202020202020202020
2020202020202020202020202020202020202020
52362c2023374568202020202020202020202020
2020202020202020202020202020202020202020
52362c2023374368202020202020202020202020
2020202020202020202020202020202020202020
52362c2023374668202020202020202020202020
2020202020202020202020202020202020202020
6c6162656c353836202020202020202020202020
2020202020202020202020202020202020202020
52372c2023383068202020202020202020202020
2020202020202020202020202020202020202020
6c6162656c353837202020202020202020202020
2020202020202020202020202020202020202020
5448302c20523120202020202020202020202020
2020202020202020202020202020202020202020
3743682c20523420202020202020202020202020
2020202020202020202020202020202020202020
52362c2023383068202020202020202020202020
2020202020202020202020202020202020202020
6c6162656c353838202020202020202020202020
2020202020202020202020202020202020202020
432c203832682020202020202020202020202020
2020202020202020202020202020202020202020
432c203833682020202020202020202020202020
2020202020202020202020202020202020202020
434c4b5245472c20523320202020202020202020
2020202020202020202020202020202020202020
3743682c20523720202020202020202020202020
2020202020202020202020202020202020202020
52362c2023383068202020202020202020202020
2020202020202020202020202020202020202020
432c203832682020202020202020202020202020
2020202020202020202020202020202020202020
432c203832682020202020202020202020202020
2020202020202020202020202020202020202020
432c203833682020202020202020202020202020
2020202020202020202020202020202020202020
412c2040412b5043202020202020202020202020
412c203935682020202020202020202020202020
2020202020202020202020202020202020202020
52342c2023374568202020202020202020202020
2020202020202020202020202020202020202020
6c6162656c353537202020202020202020202020
2020202020202020202020202020202020202020
432c203832682020202020202020202020202020
2020202020202020202020202020202020202020
432c203832682020202020202020202020202020
2020202020202020202020202020202020202020
412c2040412b5043202020202020202020202020
3935682c20544831202020202020202020202020
2020202020202020202020202020202020202020
2020202020202020202020202020202020202020
52372c2023383068202020202020202020202020
2020202020202020202020202020202020202020
432c203833682020202020202020202020202020
2020202020202020202020202020202020202020
4142202020202020202020202020202020202020
412c2040412b5043202020202020202020202020
412c2040412b5043202020202020202020202020
412c2040412b5043202020202020202020202020
412c2040412b5043202020202020202020202020
5448312c20405231202020202020202020202020
2020202020202020202020202020202020202020
412c205350202020202020202020202020202020
2020202020202020202020202020202020202020
432c203833682020202020202020202020202020
2020202020202020202020202020202020202020
4142202020202020202020202020202020202020
4142202020202020202020202020202020202020
412c2040412b5043202020202020202020202020
412c2040412b5043202020202020202020202020
412c2040412b5043202020202020202020202020
4142202020202020202020202020202020202020
5448312c20405231202020202020202020202020
2020202020202020202020202020202020202020
412c2040412b4450545220202020202020202020
412c2040412b5043202020202020202020202020
4142202020202020202020202020202020202020
4142202020202020202020202020202020202020
4142202020202020202020202020202020202020
4142202020202020202020202020202020202020
4142202020202020202020202020202020202020
412c2040412b5043202020202020202020202020
4142202020202020202020202020202020202020
4142202020202020202020202020202020202020
5448312c20405231202020202020202020202020
2020202020202020202020202020202020202020
445031482c205235202020202020202020202020
2020202020202020202020202020202020202020
445031482c204450314820202020202020202020
2020202020202020202020202020202020202020
2020202020202020202020202020202020202020
4450314c2c204450314820202020202020202020
2020202020202020202020202020202020202020
2020202020202020202020202020202020202020
4142202020202020202020202020202020202020
4142202020202020202020202020202020202020
544d4f442c204052302020202020202020202020
2020202020202020202020202020202020202020
54434f4e2c205234202020202020202020202020
2020202020202020202020202020202020202020
54434f4e2c205230202020202020202020202020
2020202020202020202020202020202020202020
54434f4e2c205230202020202020202020202020
2020202020202020202020202020202020202020
535044522c204052302020202020202020202020
2020202020202020202020202020202020202020
535044522c204052302020202020202020202020
2020202020202020202020202020202020202020
535044522c204052302020202020202020202020
2020202020202020202020202020202020202020
3337682c20405231202020202020202020202020
2020202020202020202020202020202020202020
3268202020202020202020202020202020202020
2020202020202020202020202020202020202020
6c6162656c353031202020202020202020202020
2020202020202020202020202020202020202020
2020202020202020202020202020202020202020
5030202020202020202020202020202020202020
2020202020202020202020202020202020202020
412c2040412b5043202020202020202020202020
412c2040412b5043202020202020202020202020
4142202020202020202020202020202020202020
4142202020202020202020202020202020202020
412c204052312020202020202020202020202020
3043682c206c6162656c35383920202020202020
2020202020202020202020202020202020202020
2020202020202020202020202020202020202020
4120202020202020202020202020202020202020
4120202020202020202020202020202020202020
4052312020202020202020202020202020202020
5234202020202020202020202020202020202020
4052312020202020202020202020202020202020
4052302020202020202020202020202020202020
5234202020202020202020202020202020202020
5235202020202020202020202020202020202020
5234202020202020202020202020202020202020
5235202020202020202020202020202020202020
4052312020202020202020202020202020202020
3668202020202020202020202020202020202020
2020202020202020202020202020202020202020
412c202338416820202020202020202020202020
2020202020202020202020202020202020202020
3935682c20523720202020202020202020202020
2020202020202020202020202020202020202020
412c204052312020202020202020202020202020
412c205232202020202020202020202020202020
412c205235202020202020202020202020202020
412c205235202020202020202020202020202020
412c205237202020202020202020202020202020
412c205237202020202020202020202020202020
412c205235202020202020202020202020202020
412c205235202020202020202020202020202020
412c205230202020202020202020202020202020
544c302c20523520202020202020202020202020
2020202020202020202020202020202020202020
544c302c20523220202020202020202020202020
2020202020202020202020202020202020202020
4120202020202020202020202020202020202020
4120202020202020202020202020202020202020
5236202020202020202020202020202020202020
5235202020202020202020202020202020202020
5236202020202020202020202020202020202020
412c205235202020202020202020202020202020
412c204052302020202020202020202020202020
412c204052302020202020202020202020202020
4120202020202020202020202020202020202020
4120202020202020202020202020202020202020
4120202020202020202020202020202020202020
4120202020202020202020202020202020202020
412c205235202020202020202020202020202020
412c205233202020202020202020202020202020
412c205236202020202020202020202020202020
412c205233202020202020202020202020202020
412c205234202020202020202020202020202020
2020202020202020202020202020202020202020
4120202020202020202020202020202020202020
4120202020202020202020202020202020202020
412c205235202020202020202020202020202020
5235202020202020202020202020202020202020
412c205232202020202020202020202020202020
412c205236202020202020202020202020202020
412c205230202020202020202020202020202020
5233202020202020202020202020202020202020
4052302020202020202020202020202020202020
4120202020202020202020202020202020202020
4120202020202020202020202020202020202020
4120202020202020202020202020202020202020
412c205236202020202020202020202020202020
412c205231202020202020202020202020202020
412c205237202020202020202020202020202020
412c204052302020202020202020202020202020
5235202020202020202020202020202020202020
4120202020202020202020202020202020202020
4120202020202020202020202020202020202020
4120202020202020202020202020202020202020
40412b4450545220202020202020202020202020
412c203545682020202020202020202020202020
2020202020202020202020202020202020202020
4120202020202020202020202020202020202020
4120202020202020202020202020202020202020
4120202020202020202020202020202020202020
4120202020202020202020202020202020202020
4052302020202020202020202020202020202020
3130682c206c6162656c35393020202020202020
2020202020202020202020202020202020202020
2020202020202020202020202020202020202020
5235202020202020202020202020202020202020
412c203536682020202020202020202020202020
2020202020202020202020202020202020202020
4052302c20354168202020202020202020202020
2020202020202020202020202020202020202020
3235682c20233136682020202020202020202020
2020202020202020202020202020202020202020
2020202020202020202020202020202020202020
2020202020202020202020202020202020202020
52372c2041202020202020202020202020202020
52372c2041202020202020202020202020202020
52372c2041202020202020202020202020202020
52372c2041202020202020202020202020202020
52372c2041202020202020202020202020202020
52372c2041202020202020202020202020202020
52372c2041202020202020202020202020202020
52372c2041202020202020202020202020202020
52372c2041202020202020202020202020202020
52372c2041202020202020202020202020202020
52372c2041202020202020202020202020202020
52372c2041202020202020202020202020202020
52372c2041202020202020202020202020202020
52372c2041202020202020202020202020202020
37682c206c6162656c3539312020202020202020
2020202020202020202020202020202020202020
2020202020202020202020202020202020202020
6c6162656c353932202020202020202020202020
2020202020202020202020202020202020202020
2020202020202020202020202020202020202020
646961675f736e617073686f745f6a6d70202020
2020202020202020202020202020202020202020
2020202020202020202020202020202020202020
37682c206c6162656c3539332020202020202020
2020202020202020202020202020202020202020
2020202020202020202020202020202020202020
6c6162656c353934202020202020202020202020
2020202020202020202020202020202020202020
2020202020202020202020202020202020202020
2020202020202020202020202020202020202020
52372c2031682020202020202020202020202020
2020202020202020202020202020202020202020
52362c2030682020202020202020202020202020
2020202020202020202020202020202020202020
412c202331682020202020202020202020202020
2020202020202020202020202020202020202020
73686966746c6566743234202020202020202020
2020202020202020202020202020202020202020
2020202020202020202020202020202020202020
3742682c20523720202020202020202020202020
2020202020202020202020202020202020202020
412c202334316820202020202020202020202020
2020202020202020202020202020202020202020
412c2040412b4450545220202020202020202020
6d756c7438783136202020202020202020202020
2020202020202020202020202020202020202020
2020202020202020202020202020202020202020
412c202334326820202020202020202020202020
2020202020202020202020202020202020202020
412c2040412b4450545220202020202020202020
412c205237202020202020202020202020202020
52372c2041202020202020202020202020202020
412c202330426820202020202020202020202020
2020202020202020202020202020202020202020
412c2040412b4450545220202020202020202020
52302c2041202020202020202020202020202020
412c202330436820202020202020202020202020
2020202020202020202020202020202020202020
412c2040412b4450545220202020202020202020
52312c2041202020202020202020202020202020
6d756c7431367831362020202020202020202020
2020202020202020202020202020202020202020
2020202020202020202020202020202020202020
412c205236202020202020202020202020202020
4120202020202020202020202020202020202020
52302c2041202020202020202020202020202020
412c205237202020202020202020202020202020
4120202020202020202020202020202020202020
52312c2041202020202020202020202020202020
412c202330426820202020202020202020202020
2020202020202020202020202020202020202020
412c2040412b4450545220202020202020202020
52332c2041202020202020202020202020202020
412c202330436820202020202020202020202020
2020202020202020202020202020202020202020
412c2040412b4450545220202020202020202020
52342c2041202020202020202020202020202020
4320202020202020202020202020202020202020
412c205236202020202020202020202020202020
412c205233202020202020202020202020202020
412c205237202020202020202020202020202020
412c205234202020202020202020202020202020
52332c2041202020202020202020202020202020
4541202020202020202020202020202020202020
2020202020202020202020202020202020202020
3434682c20523720202020202020202020202020
2020202020202020202020202020202020202020
3435682c20523320202020202020202020202020
2020202020202020202020202020202020202020
3432682c20523020202020202020202020202020
2020202020202020202020202020202020202020
3433682c20523120202020202020202020202020
2020202020202020202020202020202020202020
4541202020202020202020202020202020202020
2020202020202020202020202020202020202020
2020202020202020202020202020202020202020
412c205231202020202020202020202020202020
4320202020202020202020202020202020202020
304537682c206c6162656c353935202020202020
2020202020202020202020202020202020202020
2020202020202020202020202020202020202020
3141682c206c6162656c35393620202020202020
2020202020202020202020202020202020202020
2020202020202020202020202020202020202020
412c202333446820202020202020202020202020
2020202020202020202020202020202020202020
412c2040412b4450545220202020202020202020
4120202020202020202020202020202020202020
412c202338306820202020202020202020202020
2020202020202020202020202020202020202020
412c2031682c206c6162656c3539372020202020
2020202020202020202020202020202020202020
2020202020202020202020202020202020202020
6c6162656c353936202020202020202020202020
2020202020202020202020202020202020202020
52312c2041202020202020202020202020202020
3368202020202020202020202020202020202020
2020202020202020202020202020202020202020
6c6162656c353936202020202020202020202020
2020202020202020202020202020202020202020
412c202333456820202020202020202020202020
2020202020202020202020202020202020202020
412c2040412b4450545220202020202020202020
4120202020202020202020202020202020202020
4120202020202020202020202020202020202020
412c202338306820202020202020202020202020
2020202020202020202020202020202020202020
412c2031682c206c6162656c3539382020202020
2020202020202020202020202020202020202020
2020202020202020202020202020202020202020
6c6162656c353936202020202020202020202020
2020202020202020202020202020202020202020
52312c2041202020202020202020202020202020
3468202020202020202020202020202020202020
2020202020202020202020202020202020202020
52322c2023353768202020202020202020202020
2020202020202020202020202020202020202020
76617269616e745f6d61705f73656c6563742020
2020202020202020202020202020202020202020
6d61705f6c6f6f6b757020202020202020202020
2020202020202020202020202020202020202020
2020202020202020202020202020202020202020
412c203439682c206c6162656c36303020202020
2020202020202020202020202020202020202020
2020202020202020202020202020202020202020
6c6162656c363031202020202020202020202020
2020202020202020202020202020202020202020
3468202020202020202020202020202020202020
2020202020202020202020202020202020202020
412c205231202020202020202020202020202020
4320202020202020202020202020202020202020
412c202338306820202020202020202020202020
2020202020202020202020202020202020202020
35682c2043202020202020202020202020202020
2020202020202020202020202020202020202020
52312c2041202020202020202020202020202020
6c6162656c323235202020202020202020202020
2020202020202020202020202020202020202020
2020202020202020202020202020202020202020
445054522c202331313234682020202020202020
2020202020202020202020202020202020202020
2020202020202020202020202020202020202020
6c696e6561725f6c6f6f6b757020202020202020
2020202020202020202020202020202020202020
2020202020202020202020202020202020202020
4120202020202020202020202020202020202020
3139682c20432020202020202020202020202020
2020202020202020202020202020202020202020
4120202020202020202020202020202020202020
3138682c20432020202020202020202020202020
2020202020202020202020202020202020202020
6c6162656c313339202020202020202020202020
2020202020202020202020202020202020202020
2020202020202020202020202020202020202020
412c203135682020202020202020202020202020
2020202020202020202020202020202020202020
412c20233830682c206c6162656c363032202020
2020202020202020202020202020202020202020
2020202020202020202020202020202020202020
4320202020202020202020202020202020202020
3142682c20432020202020202020202020202020
2020202020202020202020202020202020202020
445054522c202331323936682020202020202020
2020202020202020202020202020202020202020
2020202020202020202020202020202020202020
6c696e6561725f6c6f6f6b757020202020202020
2020202020202020202020202020202020202020
2020202020202020202020202020202020202020
4120202020202020202020202020202020202020
3246682c20432020202020202020202020202020
2020202020202020202020202020202020202020
4120202020202020202020202020202020202020
3245682c20432020202020202020202020202020
2020202020202020202020202020202020202020
2020202020202020202020202020202020202020
2020202020202020202020202020202020202020
2020202020202020202020202020202020202020
3245682c206c6162656c36303320202020202020
2020202020202020202020202020202020202020
2020202020202020202020202020202020202020
3768202020202020202020202020202020202020
2020202020202020202020202020202020202020
6c6162656c363034202020202020202020202020
2020202020202020202020202020202020202020
3768202020202020202020202020202020202020
2020202020202020202020202020202020202020
412c202331306820202020202020202020202020
2020202020202020202020202020202020202020
412c2040412b4450545220202020202020202020
4320202020202020202020202020202020202020
412c203337682020202020202020202020202020
2020202020202020202020202020202020202020
6c6162656c363035202020202020202020202020
2020202020202020202020202020202020202020
52322c2023336820202020202020202020202020
2020202020202020202020202020202020202020
6d61705f6c6f6f6b757020202020202020202020
2020202020202020202020202020202020202020
2020202020202020202020202020202020202020
4320202020202020202020202020202020202020
412c203337682020202020202020202020202020
2020202020202020202020202020202020202020
6c6162656c363036202020202020202020202020
2020202020202020202020202020202020202020
2020202020202020202020202020202020202020
3141682020202020202020202020202020202020
2020202020202020202020202020202020202020
37682c206c6162656c3630372020202020202020
2020202020202020202020202020202020202020
2020202020202020202020202020202020202020
412c202336466820202020202020202020202020
2020202020202020202020202020202020202020
412c2040412b4450545220202020202020202020
412c203133682c206c6162656c36303820202020
2020202020202020202020202020202020202020
2020202020202020202020202020202020202020
4320202020202020202020202020202020202020
3244682c20432020202020202020202020202020
2020202020202020202020202020202020202020
412c202336446820202020202020202020202020
2020202020202020202020202020202020202020
412c2040412b4450545220202020202020202020
412c203133682c206c6162656c36303920202020
2020202020202020202020202020202020202020
2020202020202020202020202020202020202020
4320202020202020202020202020202020202020
3243682c20432020202020202020202020202020
2020202020202020202020202020202020202020
6c6162656c363130202020202020202020202020
2020202020202020202020202020202020202020
3243682020202020202020202020202020202020
2020202020202020202020202020202020202020
3244682020202020202020202020202020202020
2020202020202020202020202020202020202020
2020202020202020202020202020202020202020
3141682020202020202020202020202020202020
2020202020202020202020202020202020202020
2020202020202020202020202020202020202020
52352c2023306820202020202020202020202020
2020202020202020202020202020202020202020
4320202020202020202020202020202020202020
3141682c206c6162656c36313120202020202020
2020202020202020202020202020202020202020
2020202020202020202020202020202020202020
52322c2023343968202020202020202020202020
2020202020202020202020202020202020202020
69646c655f74656d705f636f7272202020202020
2020202020202020202020202020202020202020
69646c655f74656d705f636f7272202020202020
2020202020202020202020202020202020202020
6c6162656c363133202020202020202020202020
2020202020202020202020202020202020202020
3138682c206c6162656c36313420202020202020
2020202020202020202020202020202020202020
2020202020202020202020202020202020202020
52322c2023346820202020202020202020202020
2020202020202020202020202020202020202020
3243682c206c6162656c36313520202020202020
2020202020202020202020202020202020202020
2020202020202020202020202020202020202020
76617269616e745f6d61705f73656c6563742020
2020202020202020202020202020202020202020
6c6162656c363136202020202020202020202020
2020202020202020202020202020202020202020
72325f706c757332202020202020202020202020
2020202020202020202020202020202020202020
2020202020202020202020202020202020202020
69646c655f74656d705f636f7272202020202020
2020202020202020202020202020202020202020
52322c2023386820202020202020202020202020
2020202020202020202020202020202020202020
6c6162656c363138202020202020202020202020
2020202020202020202020202020202020202020
3139682c206c6162656c36313920202020202020
2020202020202020202020202020202020202020
2020202020202020202020202020202020202020
52322c2023304368202020202020202020202020
2020202020202020202020202020202020202020
69646c655f74656d705f636f7272202020202020
2020202020202020202020202020202020202020
6c6162656c363230202020202020202020202020
2020202020202020202020202020202020202020
52322c2023313268202020202020202020202020
2020202020202020202020202020202020202020
3243682c206c6162656c36323120202020202020
2020202020202020202020202020202020202020
2020202020202020202020202020202020202020
76617269616e745f6d61705f73656c6563742020
2020202020202020202020202020202020202020
6c6162656c363232202020202020202020202020
2020202020202020202020202020202020202020
72325f706c757332202020202020202020202020
2020202020202020202020202020202020202020
2020202020202020202020202020202020202020
69646c655f74656d705f636f7272202020202020
2020202020202020202020202020202020202020
412c202332306820202020202020202020202020
2020202020202020202020202020202020202020
412c2040412b4450545220202020202020202020
412c203439682020202020202020202020202020
2020202020202020202020202020202020202020
6c6162656c363230202020202020202020202020
2020202020202020202020202020202020202020
52322c2023354268202020202020202020202020
2020202020202020202020202020202020202020
6c6162656c363138202020202020202020202020
2020202020202020202020202020202020202020
52322c2023304468202020202020202020202020
2020202020202020202020202020202020202020
69646c655f74656d705f636f7272202020202020
2020202020202020202020202020202020202020
3139682c206c6162656c36323320202020202020
2020202020202020202020202020202020202020
2020202020202020202020202020202020202020
52322c2023354268202020202020202020202020
2020202020202020202020202020202020202020
445054522c202331313245682020202020202020
2020202020202020202020202020202020202020
2020202020202020202020202020202020202020
6c696e6561725f6c6f6f6b757020202020202020
2020202020202020202020202020202020202020
2020202020202020202020202020202020202020
304532682c206c6162656c363138202020202020
2020202020202020202020202020202020202020
2020202020202020202020202020202020202020
412c202332316820202020202020202020202020
2020202020202020202020202020202020202020
412c2040412b4450545220202020202020202020
4320202020202020202020202020202020202020
412c203337682020202020202020202020202020
2020202020202020202020202020202020202020
6c6162656c363138202020202020202020202020
2020202020202020202020202020202020202020
412c202332326820202020202020202020202020
2020202020202020202020202020202020202020
412c2040412b4450545220202020202020202020
412c205235202020202020202020202020202020
52352c2041202020202020202020202020202020
76617269616e745f6d61705f73656c6563742020
2020202020202020202020202020202020202020
69646c655f74656d705f636f7272202020202020
2020202020202020202020202020202020202020
6c6162656c313534202020202020202020202020
2020202020202020202020202020202020202020
2020202020202020202020202020202020202020
52322c2023343868202020202020202020202020
2020202020202020202020202020202020202020
69646c655f74656d705f636f7272202020202020
2020202020202020202020202020202020202020
52302c2041202020202020202020202020202020
432c203045376820202020202020202020202020
2020202020202020202020202020202020202020
412c202332336820202020202020202020202020
2020202020202020202020202020202020202020
6c6162656c363234202020202020202020202020
2020202020202020202020202020202020202020
4120202020202020202020202020202020202020
412c2040412b4450545220202020202020202020
52312c2041202020202020202020202020202020
6c6162656c363235202020202020202020202020
2020202020202020202020202020202020202020
412c205230202020202020202020202020202020
4320202020202020202020202020202020202020
412c205230202020202020202020202020202020
6c6162656c363236202020202020202020202020
2020202020202020202020202020202020202020
412c205231202020202020202020202020202020
52352c2041202020202020202020202020202020
412c205235202020202020202020202020202020
432c203045376820202020202020202020202020
2020202020202020202020202020202020202020
4120202020202020202020202020202020202020
52352c2041202020202020202020202020202020
6c6162656c313538202020202020202020202020
2020202020202020202020202020202020202020
2020202020202020202020202020202020202020
6d61705f6c6f6f6b757020202020202020202020
2020202020202020202020202020202020202020
2020202020202020202020202020202020202020
412c205235202020202020202020202020202020
4320202020202020202020202020202020202020
412c202331346820202020202020202020202020
2020202020202020202020202020202020202020
52352c2041202020202020202020202020202020
2020202020202020202020202020202020202020
3141682c206c6162656c36323720202020202020
2020202020202020202020202020202020202020
2020202020202020202020202020202020202020
3139682c206c6162656c36323720202020202020
2020202020202020202020202020202020202020
2020202020202020202020202020202020202020
3144682c206c6162656c36323720202020202020
2020202020202020202020202020202020202020
2020202020202020202020202020202020202020
2020202020202020202020202020202020202020
2020202020202020202020202020202020202020
2020202020202020202020202020202020202020
412c202334426820202020202020202020202020
2020202020202020202020202020202020202020
412c2040412b4450545220202020202020202020
412c203337682c206c6162656c36323820202020
2020202020202020202020202020202020202020
2020202020202020202020202020202020202020
6c6162656c363237202020202020202020202020
2020202020202020202020202020202020202020
412c202334436820202020202020202020202020
2020202020202020202020202020202020202020
412c2040412b4450545220202020202020202020
412c203439682c206c6162656c36323920202020
2020202020202020202020202020202020202020
2020202020202020202020202020202020202020
6c6162656c363330202020202020202020202020
2020202020202020202020202020202020202020
3235682c206c6162656c36323720202020202020
2020202020202020202020202020202020202020
2020202020202020202020202020202020202020
3231682c206c6162656c36333120202020202020
2020202020202020202020202020202020202020
2020202020202020202020202020202020202020
3231682020202020202020202020202020202020
2020202020202020202020202020202020202020
3232682020202020202020202020202020202020
2020202020202020202020202020202020202020
412c202334446820202020202020202020202020
2020202020202020202020202020202020202020
412c2040412b4450545220202020202020202020
3346682c20412020202020202020202020202020
2020202020202020202020202020202020202020
412c203346682020202020202020202020202020
2020202020202020202020202020202020202020
6c6162656c363237202020202020202020202020
2020202020202020202020202020202020202020
6c6162656c363332202020202020202020202020
2020202020202020202020202020202020202020
3231682020202020202020202020202020202020
2020202020202020202020202020202020202020
3243682c206c6162656c36333320202020202020
2020202020202020202020202020202020202020
2020202020202020202020202020202020202020
412c202336456820202020202020202020202020
2020202020202020202020202020202020202020
6c6162656c363334202020202020202020202020
2020202020202020202020202020202020202020
412c202334396820202020202020202020202020
2020202020202020202020202020202020202020
3138682c206c6162656c36333420202020202020
2020202020202020202020202020202020202020
2020202020202020202020202020202020202020
412c202334386820202020202020202020202020
2020202020202020202020202020202020202020
412c2040412b4450545220202020202020202020
52322c2041202020202020202020202020202020
3235682c206c6162656c36333520202020202020
2020202020202020202020202020202020202020
2020202020202020202020202020202020202020
412c202334416820202020202020202020202020
2020202020202020202020202020202020202020
412c2040412b4450545220202020202020202020
412c205232202020202020202020202020202020
4320202020202020202020202020202020202020
412c203133682020202020202020202020202020
2020202020202020202020202020202020202020
3235682c20432020202020202020202020202020
2020202020202020202020202020202020202020
73617475725f7375622020202020202020202020
2020202020202020202020202020202020202020
2020202020202020202020202020202020202020
6c6162656c363336202020202020202020202020
2020202020202020202020202020202020202020
3235682020202020202020202020202020202020
2020202020202020202020202020202020202020
6c6162656c323532202020202020202020202020
2020202020202020202020202020202020202020
2020202020202020202020202020202020202020
412c202332682020202020202020202020202020
2020202020202020202020202020202020202020
412c205232202020202020202020202020202020
52322c2041202020202020202020202020202020
2020202020202020202020202020202020202020
52322c2023334568202020202020202020202020
2020202020202020202020202020202020202020
3245682c206c6162656c36333720202020202020
2020202020202020202020202020202020202020
2020202020202020202020202020202020202020
54302c206c6162656c3633372020202020202020
2020202020202020202020202020202020202020
2020202020202020202020202020202020202020
52322c2023343168202020202020202020202020
2020202020202020202020202020202020202020
6c6162656c323334202020202020202020202020
2020202020202020202020202020202020202020
2020202020202020202020202020202020202020
52372c2041202020202020202020202020202020
445054522c202331313245682020202020202020
2020202020202020202020202020202020202020
2020202020202020202020202020202020202020
6c696e6561725f6c6f6f6b757020202020202020
2020202020202020202020202020202020202020
2020202020202020202020202020202020202020
3045326820202020202020202020202020202020
2020202020202020202020202020202020202020
412c202331426820202020202020202020202020
2020202020202020202020202020202020202020
412c2040412b4450545220202020202020202020
422c204120202020202020202020202020202020
2020202020202020202020202020202020202020
52322c2023324168202020202020202020202020
2020202020202020202020202020202020202020
6d61705f6c6f6f6b757020202020202020202020
2020202020202020202020202020202020202020
2020202020202020202020202020202020202020
4142202020202020202020202020202020202020
52372c2042202020202020202020202020202020
2020202020202020202020202020202020202020
52362c2041202020202020202020202020202020
3530682c20233268202020202020202020202020
2020202020202020202020202020202020202020
2020202020202020202020202020202020202020
3246682c206c6162656c36333820202020202020
2020202020202020202020202020202020202020
2020202020202020202020202020202020202020
412c202336426820202020202020202020202020
2020202020202020202020202020202020202020
412c2040412b4450545220202020202020202020
6d756c745f523530202020202020202020202020
2020202020202020202020202020202020202020
3141682c206c6162656c36343020202020202020
2020202020202020202020202020202020202020
2020202020202020202020202020202020202020
52322c2023323868202020202020202020202020
2020202020202020202020202020202020202020
412c202331466820202020202020202020202020
2020202020202020202020202020202020202020
412c2040412b4450545220202020202020202020
412c203133682c206c6162656c36343120202020
2020202020202020202020202020202020202020
2020202020202020202020202020202020202020
6c6162656c363432202020202020202020202020
2020202020202020202020202020202020202020
5232202020202020202020202020202020202020
6d61705f6c6f6f6b757020202020202020202020
2020202020202020202020202020202020202020
2020202020202020202020202020202020202020
3343682c20412020202020202020202020202020
2020202020202020202020202020202020202020
52322c2023353368202020202020202020202020
2020202020202020202020202020202020202020
6d61705f6c6f6f6b757020202020202020202020
2020202020202020202020202020202020202020
2020202020202020202020202020202020202020
52342c2041202020202020202020202020202020
52332c2023356820202020202020202020202020
2020202020202020202020202020202020202020
52312c2023386820202020202020202020202020
2020202020202020202020202020202020202020
3043682c206c6162656c36343320202020202020
2020202020202020202020202020202020202020
2020202020202020202020202020202020202020
6d61705f6c6f6f6b757020202020202020202020
2020202020202020202020202020202020202020
2020202020202020202020202020202020202020
4320202020202020202020202020202020202020
412c203337682020202020202020202020202020
2020202020202020202020202020202020202020
6c6162656c363434202020202020202020202020
2020202020202020202020202020202020202020
412c202331416820202020202020202020202020
2020202020202020202020202020202020202020
412c2040412b4450545220202020202020202020
412c203444682020202020202020202020202020
2020202020202020202020202020202020202020
6c6162656c363435202020202020202020202020
2020202020202020202020202020202020202020
3043682020202020202020202020202020202020
2020202020202020202020202020202020202020
3444682c20233068202020202020202020202020
2020202020202020202020202020202020202020
2020202020202020202020202020202020202020
52322c2023353568202020202020202020202020
2020202020202020202020202020202020202020
6d61705f6c6f6f6b757020202020202020202020
2020202020202020202020202020202020202020
2020202020202020202020202020202020202020
422c204120202020202020202020202020202020
2020202020202020202020202020202020202020
6d61705f6c6f6f6b757020202020202020202020
2020202020202020202020202020202020202020
2020202020202020202020202020202020202020
4142202020202020202020202020202020202020
412c205234202020202020202020202020202020
304537682c206c6162656c363436202020202020
2020202020202020202020202020202020202020
2020202020202020202020202020202020202020
4120202020202020202020202020202020202020
412c205231202020202020202020202020202020
4120202020202020202020202020202020202020
412c205231202020202020202020202020202020
5233202020202020202020202020202020202020
6c6162656c363437202020202020202020202020
2020202020202020202020202020202020202020
4142202020202020202020202020202020202020
52342c2042202020202020202020202020202020
2020202020202020202020202020202020202020
304537682c206c6162656c363435202020202020
2020202020202020202020202020202020202020
2020202020202020202020202020202020202020
5234202020202020202020202020202020202020
412c205234202020202020202020202020202020
412c2031682c206c6162656c3634382020202020
2020202020202020202020202020202020202020
2020202020202020202020202020202020202020
6c6162656c363439202020202020202020202020
2020202020202020202020202020202020202020
6d756c7438783136202020202020202020202020
2020202020202020202020202020202020202020
2020202020202020202020202020202020202020
412c203530682020202020202020202020202020
2020202020202020202020202020202020202020
412c205233202020202020202020202020202020
73686966746c6566743234202020202020202020
2020202020202020202020202020202020202020
2020202020202020202020202020202020202020
3530682c20412020202020202020202020202020
2020202020202020202020202020202020202020
6c6162656c363530202020202020202020202020
2020202020202020202020202020202020202020
2020202020202020202020202020202020202020
3244682c206c6162656c36353120202020202020
2020202020202020202020202020202020202020
2020202020202020202020202020202020202020
76617269616e745f6d61705f73656c6563742020
2020202020202020202020202020202020202020
6c6162656c363532202020202020202020202020
2020202020202020202020202020202020202020
72325f706c757332202020202020202020202020
2020202020202020202020202020202020202020
2020202020202020202020202020202020202020
6d61705f6c6f6f6b757020202020202020202020
2020202020202020202020202020202020202020
2020202020202020202020202020202020202020
422c204120202020202020202020202020202020
2020202020202020202020202020202020202020
52322c2023324668202020202020202020202020
2020202020202020202020202020202020202020
3138682c206c6162656c36353320202020202020
2020202020202020202020202020202020202020
2020202020202020202020202020202020202020
5232202020202020202020202020202020202020
6d61705f6c6f6f6b757020202020202020202020
2020202020202020202020202020202020202020
2020202020202020202020202020202020202020
4142202020202020202020202020202020202020
412c204220202020202020202020202020202020
2020202020202020202020202020202020202020
7072657363616c65202020202020202020202020
2020202020202020202020202020202020202020
412c203343682020202020202020202020202020
2020202020202020202020202020202020202020
7072657363616c65202020202020202020202020
2020202020202020202020202020202020202020
52322c2023333168202020202020202020202020
2020202020202020202020202020202020202020
3138682c206c6162656c36353520202020202020
2020202020202020202020202020202020202020
2020202020202020202020202020202020202020
52322c2023344268202020202020202020202020
2020202020202020202020202020202020202020
3139682c206c6162656c36353520202020202020
2020202020202020202020202020202020202020
2020202020202020202020202020202020202020
52322c2023344668202020202020202020202020
2020202020202020202020202020202020202020
76617269616e745f6d61705f73656c6563742020
2020202020202020202020202020202020202020
6d61705f6c6f6f6b757020202020202020202020
2020202020202020202020202020202020202020
2020202020202020202020202020202020202020
6d756c745f523530202020202020202020202020
2020202020202020202020202020202020202020
6c6162656c313835202020202020202020202020
2020202020202020202020202020202020202020
2020202020202020202020202020202020202020
3445682c20523620202020202020202020202020
2020202020202020202020202020202020202020
3446682c20523720202020202020202020202020
2020202020202020202020202020202020202020
6c6162656c313836202020202020202020202020
2020202020202020202020202020202020202020
2020202020202020202020202020202020202020
6c6162656c363536202020202020202020202020
2020202020202020202020202020202020202020
412c202338306820202020202020202020202020
2020202020202020202020202020202020202020
6d756c745f523530202020202020202020202020
2020202020202020202020202020202020202020
4120202020202020202020202020202020202020
3530682020202020202020202020202020202020
2020202020202020202020202020202020202020
6d756c7438783136202020202020202020202020
2020202020202020202020202020202020202020
2020202020202020202020202020202020202020
412c203530682020202020202020202020202020
2020202020202020202020202020202020202020
4120202020202020202020202020202020202020
73686966746c6566743234202020202020202020
2020202020202020202020202020202020202020
2020202020202020202020202020202020202020
3530682c20412020202020202020202020202020
2020202020202020202020202020202020202020
2020202020202020202020202020202020202020
52372c2041202020202020202020202020202020
52372c2041202020202020202020202020202020
52372c2041202020202020202020202020202020
52372c2041202020202020202020202020202020
422c205230202020202020202020202020202020
2020202020202020202020202020202020202020
50322c2023313968202020202020202020202020
2020202020202020202020202020202020202020
2020202020202020202020202020202020202020
52302c2023314268202020202020202020202020
2020202020202020202020202020202020202020
52302c20233142682c206c6162656c3635372020
2020202020202020202020202020202020202020
2020202020202020202020202020202020202020
4630202020202020202020202020202020202020
2020202020202020202020202020202020202020
6c6162656c363538202020202020202020202020
2020202020202020202020202020202020202020
412c204052302020202020202020202020202020
4052302c20412020202020202020202020202020
50322c2023314268202020202020202020202020
2020202020202020202020202020202020202020
2020202020202020202020202020202020202020
52302c2023333168202020202020202020202020
2020202020202020202020202020202020202020
52302c20233331682c206c6162656c3635392020
2020202020202020202020202020202020202020
2020202020202020202020202020202020202020
412c204052302020202020202020202020202020
412c202330416820202020202020202020202020
2020202020202020202020202020202020202020
4120202020202020202020202020202020202020
6c6162656c363630202020202020202020202020
2020202020202020202020202020202020202020
412c204052302020202020202020202020202020
4052302c20412020202020202020202020202020
5032202020202020202020202020202020202020
2020202020202020202020202020202020202020
412c203337682020202020202020202020202020
2020202020202020202020202020202020202020
4052302c20412020202020202020202020202020
5032202020202020202020202020202020202020
2020202020202020202020202020202020202020
412c203439682020202020202020202020202020
2020202020202020202020202020202020202020
4052302c20412020202020202020202020202020
5032202020202020202020202020202020202020
2020202020202020202020202020202020202020
412c203130682020202020202020202020202020
2020202020202020202020202020202020202020
4052302c20412020202020202020202020202020
5032202020202020202020202020202020202020
2020202020202020202020202020202020202020
412c203133682020202020202020202020202020
2020202020202020202020202020202020202020
4052302c20412020202020202020202020202020
6c6162656c363631202020202020202020202020
2020202020202020202020202020202020202020
50322c2023393868202020202020202020202020
2020202020202020202020202020202020202020
2020202020202020202020202020202020202020
4630202020202020202020202020202020202020
2020202020202020202020202020202020202020
412c202336306820202020202020202020202020
2020202020202020202020202020202020202020
4120202020202020202020202020202020202020
4120202020202020202020202020202020202020
412c203142682020202020202020202020202020
2020202020202020202020202020202020202020
4120202020202020202020202020202020202020
4120202020202020202020202020202020202020
52302c2041202020202020202020202020202020
412c203143682020202020202020202020202020
2020202020202020202020202020202020202020
4120202020202020202020202020202020202020
4120202020202020202020202020202020202020
4120202020202020202020202020202020202020
412c202333682020202020202020202020202020
2020202020202020202020202020202020202020
412c205230202020202020202020202020202020
4052302c20412020202020202020202020202020
46302c206c6162656c3636322020202020202020
2020202020202020202020202020202020202020
2020202020202020202020202020202020202020
52302c2042202020202020202020202020202020
2020202020202020202020202020202020202020
2020202020202020202020202020202020202020
3238682c20233830682020202020202020202020
2020202020202020202020202020202020202020
2020202020202020202020202020202020202020
3236682c20233068202020202020202020202020
2020202020202020202020202020202020202020
2020202020202020202020202020202020202020
3239682c20233046466820202020202020202020
2020202020202020202020202020202020202020
2020202020202020202020202020202020202020
3242682020202020202020202020202020202020
2020202020202020202020202020202020202020
5442382020202020202020202020202020202020
2020202020202020202020202020202020202020
5449202020202020202020202020202020202020
2020202020202020202020202020202020202020
534255462c202330464668202020202020202020
2020202020202020202020202020202020202020
2020202020202020202020202020202020202020
54492c2024202020202020202020202020202020
2020202020202020202020202020202020202020
2020202020202020202020202020202020202020
5442382020202020202020202020202020202020
2020202020202020202020202020202020202020
5249202020202020202020202020202020202020
2020202020202020202020202020202020202020
2020202020202020202020202020202020202020
3146682c2073656e645f646961675f3220202020
2020202020202020202020202020202020202020
2020202020202020202020202020202020202020
2020202020202020202020202020202020202020
3145682c2073656e645f646961675f3320202020
2020202020202020202020202020202020202020
2020202020202020202020202020202020202020
2020202020202020202020202020202020202020
3242682c73656e645f646961675f362020202020
2020202020202020202020202020202020202020
2020202020202020202020202020202020202020
3242682020202020202020202020202020202020
2020202020202020202020202020202020202020
52492c2073656e645f646961675f342020202020
2020202020202020202020202020202020202020
2020202020202020202020202020202020202020
3146682020202020202020202020202020202020
2020202020202020202020202020202020202020
2020202020202020202020202020202020202020
412c205342554620202020202020202020202020
2020202020202020202020202020202020202020
412c2023304545682c2073656e645f646961675f
2020202020202020202020202020202020202020
2020202020202020202020202020202020202020
3145682020202020202020202020202020202020
2020202020202020202020202020202020202020
5449202020202020202020202020202020202020
2020202020202020202020202020202020202020
534255462c202330464668202020202020202020
2020202020202020202020202020202020202020
2020202020202020202020202020202020202020
54492c2024202020202020202020202020202020
2020202020202020202020202020202020202020
2020202020202020202020202020202020202020
53434f4e2c202330423068202020202020202020
2020202020202020202020202020202020202020
2020202020202020202020202020202020202020
2020202020202020202020202020202020202020
412c205342554620202020202020202020202020
2020202020202020202020202020202020202020
4320202020202020202020202020202020202020
412c202330464668202020202020202020202020
2020202020202020202020202020202020202020
73656e645f646961675f37202020202020202020
2020202020202020202020202020202020202020
3146682020202020202020202020202020202020
2020202020202020202020202020202020202020
2020202020202020202020202020202020202020
52492c206c6162656c3636382020202020202020
2020202020202020202020202020202020202020
2020202020202020202020202020202020202020
412c203239682020202020202020202020202020
2020202020202020202020202020202020202020
4320202020202020202020202020202020202020
412c202330464668202020202020202020202020
2020202020202020202020202020202020202020
73656e645f646961675f37202020202020202020
2020202020202020202020202020202020202020
445054522c202331314441682020202020202020
2020202020202020202020202020202020202020
2020202020202020202020202020202020202020
412c203239682020202020202020202020202020
2020202020202020202020202020202020202020
412c2040412b4450545220202020202020202020
52312c2041202020202020202020202020202020
4052312c20534255462020202020202020202020
2020202020202020202020202020202020202020
445054522c202331314431682020202020202020
2020202020202020202020202020202020202020
2020202020202020202020202020202020202020
4120202020202020202020202020202020202020
412c2040412b4450545220202020202020202020
646961675f73657269616c5f73656e6420202020
2020202020202020202020202020202020202020
2020202020202020202020202020202020202020
4450545220202020202020202020202020202020
4120202020202020202020202020202020202020
412c2040412b4450545220202020202020202020
646961675f73657269616c5f73656e6420202020
2020202020202020202020202020202020202020
2020202020202020202020202020202020202020
4450545220202020202020202020202020202020
4120202020202020202020202020202020202020
412c2040412b4450545220202020202020202020
646961675f73657269616c5f73656e6420202020
2020202020202020202020202020202020202020
2020202020202020202020202020202020202020
52312c2037416820202020202020202020202020
2020202020202020202020202020202020202020
5449202020202020202020202020202020202020
2020202020202020202020202020202020202020
412c204052312020202020202020202020202020
534255462c204120202020202020202020202020
2020202020202020202020202020202020202020
54492c2024202020202020202020202020202020
2020202020202020202020202020202020202020
2020202020202020202020202020202020202020
5442382020202020202020202020202020202020
2020202020202020202020202020202020202020
3239682020202020202020202020202020202020
2020202020202020202020202020202020202020
412c203239682020202020202020202020202020
2020202020202020202020202020202020202020
412c202336682c2073656e645f646961675f3820
2020202020202020202020202020202020202020
2020202020202020202020202020202020202020
3239682c20233046466820202020202020202020
2020202020202020202020202020202020202020
2020202020202020202020202020202020202020
412c202330464668202020202020202020202020
2020202020202020202020202020202020202020
73656e645f646961675f39202020202020202020
2020202020202020202020202020202020202020
2020202020202020202020202020202020202020
445054522c202331314434682020202020202020
2020202020202020202020202020202020202020
2020202020202020202020202020202020202020
412c2040412b4450545220202020202020202020
52312c2041202020202020202020202020202020
412c204052312020202020202020202020202020
412c2023304646682c2073656e645f646961675f
2020202020202020202020202020202020202020
2020202020202020202020202020202020202020
412c202330464568202020202020202020202020
2020202020202020202020202020202020202020
5449202020202020202020202020202020202020
2020202020202020202020202020202020202020
534255462c204120202020202020202020202020
2020202020202020202020202020202020202020
54492c2024202020202020202020202020202020
2020202020202020202020202020202020202020
2020202020202020202020202020202020202020
5442382020202020202020202020202020202020
2020202020202020202020202020202020202020
5249202020202020202020202020202020202020
2020202020202020202020202020202020202020
445054522c202331313630682020202020202020
2020202020202020202020202020202020202020
2020202020202020202020202020202020202020
2020202020202020202020202020202020202020
412c2023304646682c206c6162656c3637322020
2020202020202020202020202020202020202020
2020202020202020202020202020202020202020
3144682c206c6162656c36373320202020202020
2020202020202020202020202020202020202020
2020202020202020202020202020202020202020
4120202020202020202020202020202020202020
6c6162656c363734202020202020202020202020
2020202020202020202020202020202020202020
2020202020202020202020202020202020202020
412c203442682020202020202020202020202020
2020202020202020202020202020202020202020
432c203045346820202020202020202020202020
2020202020202020202020202020202020202020
412c202330466820202020202020202020202020
2020202020202020202020202020202020202020
4120202020202020202020202020202020202020
422c204120202020202020202020202020202020
2020202020202020202020202020202020202020
412c203441682020202020202020202020202020
2020202020202020202020202020202020202020
412c202330463068202020202020202020202020
2020202020202020202020202020202020202020
4120202020202020202020202020202020202020
412c204220202020202020202020202020202020
2020202020202020202020202020202020202020
4120202020202020202020202020202020202020
6c6162656c363734202020202020202020202020
2020202020202020202020202020202020202020
2020202020202020202020202020202020202020
52312c2041202020202020202020202020202020
412c204052312020202020202020202020202020
5449202020202020202020202020202020202020
2020202020202020202020202020202020202020
534255462c204120202020202020202020202020
2020202020202020202020202020202020202020
54492c2024202020202020202020202020202020
2020202020202020202020202020202020202020
2020202020202020202020202020202020202020
2020202020202020202020202020202020202020
3146682c206c6162656c36373520202020202020
2020202020202020202020202020202020202020
2020202020202020202020202020202020202020
3145682c206c6162656c36373520202020202020
2020202020202020202020202020202020202020
2020202020202020202020202020202020202020
412c203236682020202020202020202020202020
2020202020202020202020202020202020202020
412c205235202020202020202020202020202020
52352c2041202020202020202020202020202020
69646c655f70775f63616c632020202020202020
2020202020202020202020202020202020202020
3146682c206c6162656c36373620202020202020
2020202020202020202020202020202020202020
2020202020202020202020202020202020202020
3145682c206c6162656c36373620202020202020
2020202020202020202020202020202020202020
2020202020202020202020202020202020202020
412c203238682020202020202020202020202020
2020202020202020202020202020202020202020
6d756c745f523530202020202020202020202020
2020202020202020202020202020202020202020
736176655f6675656c5f736574746e6720202020
2020202020202020202020202020202020202020
2020202020202020202020202020202020202020
544d4f442c202331316820202020202020202020
2020202020202020202020202020202020202020
2020202020202020202020202020202020202020
49502c2023326820202020202020202020202020
2020202020202020202020202020202020202020
2020202020202020202020202020202020202020
49452c2023383568202020202020202020202020
2020202020202020202020202020202020202020
2020202020202020202020202020202020202020
54434f4e2c202335682020202020202020202020
2020202020202020202020202020202020202020
2020202020202020202020202020202020202020
445054522c202331313630682020202020202020
2020202020202020202020202020202020202020
2020202020202020202020202020202020202020
53502c2023363368202020202020202020202020
2020202020202020202020202020202020202020
2020202020202020202020202020202020202020
3932682020202020202020202020202020202020
2020202020202020202020202020202020202020
3241682c20412020202020202020202020202020
2020202020202020202020202020202020202020
2020202020202020202020202020202020202020
2020202020202020202020202020202020202020
2020202020202020202020202020202020202020
776169745f32785f696e74312020202020202020
2020202020202020202020202020202020202020
2020202020202020202020202020202020202020
64656c6179313063792020202020202020202020
2020202020202020202020202020202020202020
2020202020202020202020202020202020202020
63616c6c5f72645f6164635f7072632020202020
2020202020202020202020202020202020202020
2020202020202020202020202020202020202020
6765745f74707320202020202020202020202020
2020202020202020202020202020202020202020
2020202020202020202020202020202020202020
63616c6c5f72645f6164635f7072632020202020
2020202020202020202020202020202020202020
2020202020202020202020202020202020202020
72706d69646c6574656d70202020202020202020
2020202020202020202020202020202020202020
2020202020202020202020202020202020202020
64656c6179313063792020202020202020202020
2020202020202020202020202020202020202020
2020202020202020202020202020202020202020
63616c6c5f72645f6164635f7072632020202020
2020202020202020202020202020202020202020
2020202020202020202020202020202020202020
6477656c6c5f616e676c655f63616c6320202020
2020202020202020202020202020202020202020
2020202020202020202020202020202020202020
63616c6c5f72645f6164635f7072632020202020
2020202020202020202020202020202020202020
2020202020202020202020202020202020202020
64656c6179313063792020202020202020202020
2020202020202020202020202020202020202020
2020202020202020202020202020202020202020
636f6c6473746172742020202020202020202020
2020202020202020202020202020202020202020
2020202020202020202020202020202020202020
63616c6c5f72645f6164635f7072632020202020
2020202020202020202020202020202020202020
2020202020202020202020202020202020202020
6a6d705f6164765f6f7574202020202020202020
2020202020202020202020202020202020202020
2020202020202020202020202020202020202020
3143682c206d61696e5f6c6f6f705f636f6e7420
2020202020202020202020202020202020202020
2020202020202020202020202020202020202020
7265665f726573796e6320202020202020202020
2020202020202020202020202020202020202020
2020202020202020202020202020202020202020
66696e616c5f6c6f61645f72706d202020202020
2020202020202020202020202020202020202020
2020202020202020202020202020202020202020
2020202020202020202020202020202020202020
3137682c206c6162656c36383120202020202020
2020202020202020202020202020202020202020
2020202020202020202020202020202020202020
2020202020202020202020202020202020202020
726561645f6164635f70726f6320202020202020
2020202020202020202020202020202020202020
2020202020202020202020202020202020202020
3141682c206c6162656c36383220202020202020
2020202020202020202020202020202020202020
2020202020202020202020202020202020202020
3138682c206c6162656c36383220202020202020
2020202020202020202020202020202020202020
2020202020202020202020202020202020202020
4320202020202020202020202020202020202020
412c203130682020202020202020202020202020
2020202020202020202020202020202020202020
412c203533682020202020202020202020202020
2020202020202020202020202020202020202020
6c6162656c363832202020202020202020202020
2020202020202020202020202020202020202020
33682c2041202020202020202020202020202020
2020202020202020202020202020202020202020
412c202333376820202020202020202020202020
2020202020202020202020202020202020202020
412c2040412b4450545220202020202020202020
4320202020202020202020202020202020202020
412c203337682020202020202020202020202020
2020202020202020202020202020202020202020
6c6162656c363833202020202020202020202020
2020202020202020202020202020202020202020
422c202330682020202020202020202020202020
2020202020202020202020202020202020202020
2020202020202020202020202020202020202020
6c6162656c363834202020202020202020202020
2020202020202020202020202020202020202020
52322c2023314368202020202020202020202020
2020202020202020202020202020202020202020
6d61705f6c6f6f6b757020202020202020202020
2020202020202020202020202020202020202020
2020202020202020202020202020202020202020
422c204120202020202020202020202020202020
2020202020202020202020202020202020202020
76617269616e745f6d61705f73656c6563742020
2020202020202020202020202020202020202020
6d61705f6c6f6f6b757020202020202020202020
2020202020202020202020202020202020202020
2020202020202020202020202020202020202020
4142202020202020202020202020202020202020
3046682c206c6162656c36383520202020202020
2020202020202020202020202020202020202020
2020202020202020202020202020202020202020
3443682c20422020202020202020202020202020
2020202020202020202020202020202020202020
2020202020202020202020202020202020202020
52322c2023323168202020202020202020202020
2020202020202020202020202020202020202020
6d61705f6c6f6f6b757020202020202020202020
2020202020202020202020202020202020202020
2020202020202020202020202020202020202020
6c6162656c363832202020202020202020202020
2020202020202020202020202020202020202020
422c204120202020202020202020202020202020
2020202020202020202020202020202020202020
412c203443682020202020202020202020202020
2020202020202020202020202020202020202020
6c6162656c363836202020202020202020202020
2020202020202020202020202020202020202020
3046682020202020202020202020202020202020
2020202020202020202020202020202020202020
76617269616e745f6d61705f73656c6563742020
2020202020202020202020202020202020202020
6d61705f6c6f6f6b757020202020202020202020
2020202020202020202020202020202020202020
2020202020202020202020202020202020202020
4142202020202020202020202020202020202020
52322c2023323668202020202020202020202020
2020202020202020202020202020202020202020
6d61705f6c6f6f6b757020202020202020202020
2020202020202020202020202020202020202020
2020202020202020202020202020202020202020
4142202020202020202020202020202020202020
412c204220202020202020202020202020202020
2020202020202020202020202020202020202020
412c203344682c206c6162656c36383720202020
2020202020202020202020202020202020202020
2020202020202020202020202020202020202020
6c6162656c363832202020202020202020202020
2020202020202020202020202020202020202020
3344682c20412020202020202020202020202020
2020202020202020202020202020202020202020
3533682c20353268202020202020202020202020
2020202020202020202020202020202020202020
2020202020202020202020202020202020202020
3532682c20353168202020202020202020202020
2020202020202020202020202020202020202020
2020202020202020202020202020202020202020
3531682c20313068202020202020202020202020
2020202020202020202020202020202020202020
2020202020202020202020202020202020202020
412c203344682020202020202020202020202020
2020202020202020202020202020202020202020
7072657363616c65202020202020202020202020
2020202020202020202020202020202020202020
2020202020202020202020202020202020202020
6c6162656c313033202020202020202020202020
2020202020202020202020202020202020202020
2020202020202020202020202020202020202020
4120202020202020202020202020202020202020
432c205430202020202020202020202020202020
2020202020202020202020202020202020202020
4120202020202020202020202020202020202020
432c203245682020202020202020202020202020
2020202020202020202020202020202020202020
6c6162656c363838202020202020202020202020
2020202020202020202020202020202020202020
4120202020202020202020202020202020202020
412c205232202020202020202020202020202020
52322c2041202020202020202020202020202020
2020202020202020202020202020202020202020
2020202020202020202020202020202020202020