7420202020202020202020202020202020202020
7265736574202020202020202020202020202020
2020202020202020202020202020202020202020
7262302020202020202020202020202020202020
6920202020202020202020202020202020202020
6372616e6b5f7265665f6973725f626f64792020
2020202020202020202020202020202020202020
7262302020202020202020202020202020202020
4072302c61202020202020202020202020202020
612c723720202020202020202020202020202020
742c612020202020202020202020202020202020
72362c7265746172645f63686b5f646d655f6967
2020202020202020202020202020202020202020
7236202020202020202020202020202020202020
7236202020202020202020202020202020202020
74636e7420202020202020202020202020202020
7265746172645f636f756e745f6c6f6f70202020
2020202020202020202020202020202020202020
6920202020202020202020202020202020202020
72332c7265746172645f636f756e745f6c6f6f70
2020202020202020202020202020202020202020
7233202020202020202020202020202020202020
70322c2342462020202020202020202020202020
2020202020202020202020202020202020202020
70322c2338302020202020202020202020202020
2020202020202020202020202020202020202020
72322c74696d65725f736c6f775f7469636b2020
2020202020202020202020202020202020202020
72302c2332362020202020202020202020202020
2020202020202020202020202020202020202020
612c407230202020202020202020202020202020
6120202020202020202020202020202020202020
72322c6120202020202020202020202020202020
612c723720202020202020202020202020202020
6120202020202020202020202020202020202020
612c723220202020202020202020202020202020
6120202020202020202020202020202020202020
612c723220202020202020202020202020202020
6120202020202020202020202020202020202020
7265746172645f6269745f726f745f6c6f6f7020
2020202020202020202020202020202020202020
72322c7265746172645f7370696e5f7761697420
2020202020202020202020202020202020202020
70322c2334302020202020202020202020202020
2020202020202020202020202020202020202020
70322c2337462020202020202020202020202020
2020202020202020202020202020202020202020
72352c74696d65725f726573746f72655f637478
2020202020202020202020202020202020202020
7235202020202020202020202020202020202020
72302c2333382020202020202020202020202020
2020202020202020202020202020202020202020
736c6f775f7469636b5f72345f64656320202020
2020202020202020202020202020202020202020
72352c74696d65725f63765f70776d5f736b6970
2020202020202020202020202020202020202020
72302c2334302020202020202020202020202020
2020202020202020202020202020202020202020
612c723720202020202020202020202020202020
4072302020202020202020202020202020202020
736c6f775f7469636b5f706572696f645f686920
2020202020202020202020202020202020202020
4072302020202020202020202020202020202020
612c407230202020202020202020202020202020
7230202020202020202020202020202020202020
736c6f775f7469636b5f7470735f726561642020
2020202020202020202020202020202020202020
612c407230202020202020202020202020202020
736c6f775f7469636b5f7470735f7a65726f2020
2020202020202020202020202020202020202020
70312c2345462020202020202020202020202020
2020202020202020202020202020202020202020
736c6f775f7469636b5f72656c6f61645f723520
2020202020202020202020202020202020202020
7230202020202020202020202020202020202020
4072302c23464620202020202020202020202020
2020202020202020202020202020202020202020
7230202020202020202020202020202020202020
612c407230202020202020202020202020202020
6120202020202020202020202020202020202020
612c234331202020202020202020202020202020
2020202020202020202020202020202020202020
70312c2331302020202020202020202020202020
2020202020202020202020202020202020202020
72352c6120202020202020202020202020202020
7230202020202020202020202020202020202020
612c407230202020202020202020202020202020
6120202020202020202020202020202020202020
612c407230202020202020202020202020202020
612c233737202020202020202020202020202020
2020202020202020202020202020202020202020
4072302c61202020202020202020202020202020
72302c2333382020202020202020202020202020
2020202020202020202020202020202020202020
72342c74696d65725f6973725f65786974202020
2020202020202020202020202020202020202020
7234202020202020202020202020202020202020
612c407230202020202020202020202020202020
2020202020202020202020202020202020202020
72342c74696d65725f6973725f65786974202020
2020202020202020202020202020202020202020
70312c2338302020202020202020202020202020
2020202020202020202020202020202020202020
72302c2332432020202020202020202020202020
2020202020202020202020202020202020202020
612c407230202020202020202020202020202020
4072302020202020202020202020202020202020
72342c2332202020202020202020202020202020
2020202020202020202020202020202020202020
6164635f64697370617463682020202020202020
2020202020202020202020202020202020202020
72302c2333382020202020202020202020202020
2020202020202020202020202020202020202020
612c407230202020202020202020202020202020
2020202020202020202020202020202020202020
70322c2334372020202020202020202020202020
2020202020202020202020202020202020202020
7265736574322020202020202020202020202020
2020202020202020202020202020202020202020
7265736574312020202020202020202020202020
2020202020202020202020202020202020202020
70322c2338372020202020202020202020202020
2020202020202020202020202020202020202020
72302c2332352020202020202020202020202020
2020202020202020202020202020202020202020
72312c2332312020202020202020202020202020
2020202020202020202020202020202020202020
612c407231202020202020202020202020202020
4072302c61202020202020202020202020202020
7230202020202020202020202020202020202020
7231202020202020202020202020202020202020
612c407231202020202020202020202020202020
4072302c61202020202020202020202020202020
72302c2332382020202020202020202020202020
2020202020202020202020202020202020202020
612c407230202020202020202020202020202020
4072312c61202020202020202020202020202020
7230202020202020202020202020202020202020
7231202020202020202020202020202020202020
612c407230202020202020202020202020202020
4072312c61202020202020202020202020202020
72302c2333382020202020202020202020202020
2020202020202020202020202020202020202020
612c234643202020202020202020202020202020
2020202020202020202020202020202020202020
742c612020202020202020202020202020202020
72322c6120202020202020202020202020202020
7235202020202020202020202020202020202020
72312c2334302020202020202020202020202020
2020202020202020202020202020202020202020
612c407231202020202020202020202020202020
72352c2020202020202020202020202020202020
2020202020202020202020202020202020202020
7235202020202020202020202020202020202020
6120202020202020202020202020202020202020
612c407231202020202020202020202020202020
696e69745f312020202020202020202020202020
2020202020202020202020202020202020202020
70312c2345462020202020202020202020202020
2020202020202020202020202020202020202020
73657472345f6164643232202020202020202020
2020202020202020202020202020202020202020
74636e7469202020202020202020202020202020
72312c2333432020202020202020202020202020
2020202020202020202020202020202020202020
612c407231202020202020202020202020202020
612c407231202020202020202020202020202020
7231202020202020202020202020202020202020
4072312c61202020202020202020202020202020
72312c2333452020202020202020202020202020
2020202020202020202020202020202020202020
612c407231202020202020202020202020202020
6120202020202020202020202020202020202020
72312c2333412020202020202020202020202020
2020202020202020202020202020202020202020
612c407231202020202020202020202020202020
696e69745f322020202020202020202020202020
2020202020202020202020202020202020202020
70312c2344462020202020202020202020202020
2020202020202020202020202020202020202020
72312c2332342020202020202020202020202020
2020202020202020202020202020202020202020
6120202020202020202020202020202020202020
612c723620202020202020202020202020202020
6120202020202020202020202020202020202020
4072312c61202020202020202020202020202020
612c407231202020202020202020202020202020
612c233141202020202020202020202020202020
2020202020202020202020202020202020202020
696e69745f342020202020202020202020202020
2020202020202020202020202020202020202020
612c723720202020202020202020202020202020
6320202020202020202020202020202020202020
6120202020202020202020202020202020202020
72372c6120202020202020202020202020202020
7231202020202020202020202020202020202020
612c407231202020202020202020202020202020
6320202020202020202020202020202020202020
6120202020202020202020202020202020202020
4072312c61202020202020202020202020202020
7231202020202020202020202020202020202020
612c723120202020202020202020202020202020
6120202020202020202020202020202020202020
696e69745f332020202020202020202020202020
2020202020202020202020202020202020202020
73657472345f61646432323a2020202020202020
2020202020202020202020202020202020202020
72312c2332342020202020202020202020202020
2020202020202020202020202020202020202020
612c407231202020202020202020202020202020
612c233932202020202020202020202020202020
2020202020202020202020202020202020202020
6631202020202020202020202020202020202020
696e69745f372020202020202020202020202020
2020202020202020202020202020202020202020
612c233431202020202020202020202020202020
2020202020202020202020202020202020202020
696e69745f352020202020202020202020202020
2020202020202020202020202020202020202020
6631202020202020202020202020202020202020
612c723720202020202020202020202020202020
696e69745f372020202020202020202020202020
2020202020202020202020202020202020202020
6320202020202020202020202020202020202020
6320202020202020202020202020202020202020
6120202020202020202020202020202020202020
72372c6120202020202020202020202020202020
7231202020202020202020202020202020202020
612c407231202020202020202020202020202020
6320202020202020202020202020202020202020
6120202020202020202020202020202020202020
4072312c61202020202020202020202020202020
7231202020202020202020202020202020202020
612c723120202020202020202020202020202020
6120202020202020202020202020202020202020
696e69745f362020202020202020202020202020
2020202020202020202020202020202020202020
73657472345f6164643232202020202020202020
2020202020202020202020202020202020202020
72312c2333312020202020202020202020202020
2020202020202020202020202020202020202020
4072312020202020202020202020202020202020
63796c5f7265665f616c69676e5f6c6f6f702020
2020202020202020202020202020202020202020
2020202020202020202020202020202020202020
2020202020202020202020202020202020202020
2020202020202020202020202020202020202020
2020202020202020202020202020202020202020
2020202020202020202020202020202020202020
2020202020202020202020202020202020202020
2020202020202020202020202020202020202020
2020202020202020202020202020202020202020
2020202020202020202020202020202020202020
2020202020202020202020202020202020202020
612c406120202020202020202020202020202020
2020202020202020202020202020202020202020
2020202020202020202020202020202020202020
4072312020202020202020202020202020202020
72312c2332432020202020202020202020202020
2020202020202020202020202020202020202020
612c407231202020202020202020202020202020
612c233720202020202020202020202020202020
2020202020202020202020202020202020202020
63796c5f7265665f616c69676e5f696e63202020
2020202020202020202020202020202020202020
72312c2333332020202020202020202020202020
2020202020202020202020202020202020202020
612c407231202020202020202020202020202020
626c696e6b5f7365715f646f6e65202020202020
2020202020202020202020202020202020202020
612c723720202020202020202020202020202020
6b6e6f636b5f6c65645f6f6e2020202020202020
2020202020202020202020202020202020202020
72312c2332432020202020202020202020202020
2020202020202020202020202020202020202020
612c407231202020202020202020202020202020
626c696e6b5f7365715f646f6e65202020202020
2020202020202020202020202020202020202020
72312c2333322020202020202020202020202020
2020202020202020202020202020202020202020
6b6e6f636b5f626c696e6b5f636e745f72656164
2020202020202020202020202020202020202020
612c407231202020202020202020202020202020
6b6e6f636b5f626c696e6b5f636e745f64656320
2020202020202020202020202020202020202020
7231202020202020202020202020202020202020
612c407231202020202020202020202020202020
7231202020202020202020202020202020202020
612c234138202020202020202020202020202020
2020202020202020202020202020202020202020
6120202020202020202020202020202020202020
612c233139202020202020202020202020202020
2020202020202020202020202020202020202020
6120202020202020202020202020202020202020
4072312c61202020202020202020202020202020
612c407231202020202020202020202020202020
612c234620202020202020202020202020202020
2020202020202020202020202020202020202020
6b6e6f636b5f626c696e6b5f63686b5f646f6e65
2020202020202020202020202020202020202020
612c407231202020202020202020202020202020
6120202020202020202020202020202020202020
6b6e6f636b5f626c696e6b5f636e745f61646420
2020202020202020202020202020202020202020
4072312c61202020202020202020202020202020
612c234644202020202020202020202020202020
2020202020202020202020202020202020202020
626c696e6b5f7365715f646f6e65202020202020
2020202020202020202020202020202020202020
70322c2331302020202020202020202020202020
2020202020202020202020202020202020202020
72312c2332372020202020202020202020202020
2020202020202020202020202020202020202020
612c723120202020202020202020202020202020
612c407231202020202020202020202020202020
612c234439202020202020202020202020202020
2020202020202020202020202020202020202020
7265746172645f76616c5f7365745f6d61782020
2020202020202020202020202020202020202020
612c723720202020202020202020202020202020
6320202020202020202020202020202020202020
6120202020202020202020202020202020202020
7265746172645f76616c5f73686966745f6c6f6f
2020202020202020202020202020202020202020
7377697463685f746f5f7262315f6d61696e2020
2020202020202020202020202020202020202020
72372c2346302020202020202020202020202020
2020202020202020202020202020202020202020
7262312020202020202020202020202020202020
72312c2332342020202020202020202020202020
2020202020202020202020202020202020202020
612c407231202020202020202020202020202020
72362c6120202020202020202020202020202020
7262302020202020202020202020202020202020
612c723720202020202020202020202020202020
6b6e6f636b5f7265746172645f63616c63202020
2020202020202020202020202020202020202020
696e69745f63765f616e645f73656e736f727320
2020202020202020202020202020202020202020
70322c2331302020202020202020202020202020
2020202020202020202020202020202020202020
72312c2337462020202020202020202020202020
2020202020202020202020202020202020202020
4072312c23324620202020202020202020202020
2020202020202020202020202020202020202020
7231202020202020202020202020202020202020
4072312c23343620202020202020202020202020
2020202020202020202020202020202020202020
7231202020202020202020202020202020202020
4072312c23333120202020202020202020202020
2020202020202020202020202020202020202020
7231202020202020202020202020202020202020
4072312c23333420202020202020202020202020
2020202020202020202020202020202020202020
7231202020202020202020202020202020202020
4072312c23302020202020202020202020202020
2020202020202020202020202020202020202020
612c723120202020202020202020202020202020
612c233238202020202020202020202020202020
2020202020202020202020202020202020202020
7a65726f5f6d656d202020202020202020202020
2020202020202020202020202020202020202020
612c234646202020202020202020202020202020
2020202020202020202020202020202020202020
70312c2331302020202020202020202020202020
2020202020202020202020202020202020202020
72312c2332452020202020202020202020202020
2020202020202020202020202020202020202020
4072312c61202020202020202020202020202020
72312c2333302020202020202020202020202020
2020202020202020202020202020202020202020
4072312c61202020202020202020202020202020
72312c2333342020202020202020202020202020
2020202020202020202020202020202020202020
4072312c23362020202020202020202020202020
2020202020202020202020202020202020202020
7231202020202020202020202020202020202020
4072312c61202020202020202020202020202020
7231202020202020202020202020202020202020
4072312c61202020202020202020202020202020
72312c2333392020202020202020202020202020
2020202020202020202020202020202020202020
4072312c23433820202020202020202020202020
2020202020202020202020202020202020202020
612c233737202020202020202020202020202020
2020202020202020202020202020202020202020
72312c2333422020202020202020202020202020
2020202020202020202020202020202020202020
4072312c61202020202020202020202020202020
72312c2333432020202020202020202020202020
2020202020202020202020202020202020202020
4072312c61202020202020202020202020202020
7231202020202020202020202020202020202020
4072312c61202020202020202020202020202020
7231202020202020202020202020202020202020
4072312c61202020202020202020202020202020
72312c2332432020202020202020202020202020
2020202020202020202020202020202020202020
4072312c23302020202020202020202020202020
2020202020202020202020202020202020202020
72312c2332412020202020202020202020202020
2020202020202020202020202020202020202020
4072312c23334620202020202020202020202020
2020202020202020202020202020202020202020
7231202020202020202020202020202020202020
4072312c23314220202020202020202020202020
2020202020202020202020202020202020202020
72312c2332322020202020202020202020202020
2020202020202020202020202020202020202020
4072312c23412020202020202020202020202020
2020202020202020202020202020202020202020
7231202020202020202020202020202020202020
4072312c23322020202020202020202020202020
2020202020202020202020202020202020202020
6120202020202020202020202020202020202020
72322c6120202020202020202020202020202020
72332c6120202020202020202020202020202020
6920202020202020202020202020202020202020
7262312020202020202020202020202020202020
646961675f737461727420202020202020202020
2020202020202020202020202020202020202020
70322c2334302020202020202020202020202020
2020202020202020202020202020202020202020
70322c2337462020202020202020202020202020
2020202020202020202020202020202020202020
776169745f69676e5f3120202020202020202020
2020202020202020202020202020202020202020
70322c2342462020202020202020202020202020
2020202020202020202020202020202020202020
70322c2338302020202020202020202020202020
2020202020202020202020202020202020202020
776169745f69676e5f3220202020202020202020
2020202020202020202020202020202020202020
7262312020202020202020202020202020202020
72312c2337332020202020202020202020202020
2020202020202020202020202020202020202020
612c407231202020202020202020202020202020
72312c2333462020202020202020202020202020
2020202020202020202020202020202020202020
612c407231202020202020202020202020202020
72332c6120202020202020202020202020202020
6d756c3820202020202020202020202020202020
2020202020202020202020202020202020202020
6320202020202020202020202020202020202020
6120202020202020202020202020202020202020
72312c2332392020202020202020202020202020
2020202020202020202020202020202020202020
4072312c61202020202020202020202020202020
612c723320202020202020202020202020202020
6120202020202020202020202020202020202020
6120202020202020202020202020202020202020
612c234620202020202020202020202020202020
2020202020202020202020202020202020202020
7231202020202020202020202020202020202020
4072312c61202020202020202020202020202020
6b6e6f636b5f626c696e6b5f7570646174652020
2020202020202020202020202020202020202020
2020202020202020202020202020202020202020
2020202020202020202020202020202020202020
2020202020202020202020202020202020202020
2020202020202020202020202020202020202020
2020202020202020202020202020202020202020
2020202020202020202020202020202020202020
2020202020202020202020202020202020202020
2020202020202020202020202020202020202020
2020202020202020202020202020202020202020
2020202020202020202020202020202020202020
2020202020202020202020202020202020202020
2020202020202020202020202020202020202020
2020202020202020202020202020202020202020
2020202020202020202020202020202020202020
2020202020202020202020202020202020202020
2020202020202020202020202020202020202020
2020202020202020202020202020202020202020
2020202020202020202020202020202020202020
2020202020202020202020202020202020202020
2020202020202020202020202020202020202020
2020202020202020202020202020202020202020
2020202020202020202020202020202020202020
2020202020202020202020202020202020202020
2020202020202020202020202020202020202020
2020202020202020202020202020202020202020
2020202020202020202020202020202020202020
2020202020202020202020202020202020202020
2020202020202020202020202020202020202020
2020202020202020202020202020202020202020
2020202020202020202020202020202020202020
2020202020202020202020202020202020202020
2020202020202020202020202020202020202020
2020202020202020202020202020202020202020
2020202020202020202020202020202020202020
2020202020202020202020202020202020202020
2020202020202020202020202020202020202020
2020202020202020202020202020202020202020
2020202020202020202020202020202020202020
2020202020202020202020202020202020202020
2020202020202020202020202020202020202020
2020202020202020202020202020202020202020
2020202020202020202020202020202020202020
2020202020202020202020202020202020202020
2020202020202020202020202020202020202020
2020202020202020202020202020202020202020
2020202020202020202020202020202020202020
2020202020202020202020202020202020202020
2020202020202020202020202020202020202020
2020202020202020202020202020202020202020
2020202020202020202020202020202020202020
2020202020202020202020202020202020202020
2020202020202020202020202020202020202020
2020202020202020202020202020202020202020
612c406120202020202020202020202020202020
2020202020202020202020202020202020202020
72312c2333332020202020202020202020202020
2020202020202020202020202020202020202020
612c407231202020202020202020202020202020
612c234545202020202020202020202020202020
2020202020202020202020202020202020202020
72706d5f617869735f74626c5f68692020202020
2020202020202020202020202020202020202020
612c234543202020202020202020202020202020
2020202020202020202020202020202020202020
72706d5f617869735f74626c5f68692020202020
2020202020202020202020202020202020202020
72302c2337332020202020202020202020202020
2020202020202020202020202020202020202020
4072302c23324420202020202020202020202020
2020202020202020202020202020202020202020
72302c2333312020202020202020202020202020
2020202020202020202020202020202020202020
4072302c23322020202020202020202020202020
2020202020202020202020202020202020202020
7265746172645f6d61705f726561642020202020
2020202020202020202020202020202020202020
72302c2334342020202020202020202020202020
2020202020202020202020202020202020202020
612c234534202020202020202020202020202020
2020202020202020202020202020202020202020
612c407230202020202020202020202020202020
72706d5f617869735f74626c5f6c6f2020202020
2020202020202020202020202020202020202020
72302c2332462020202020202020202020202020
2020202020202020202020202020202020202020
612c233839202020202020202020202020202020
2020202020202020202020202020202020202020
612c407230202020202020202020202020202020
72322c2332322020202020202020202020202020
2020202020202020202020202020202020202020
72706d5f617869735f74626c5f6e657874202020
2020202020202020202020202020202020202020
7232202020202020202020202020202020202020
612c234641202020202020202020202020202020
2020202020202020202020202020202020202020
612c407230202020202020202020202020202020
6320202020202020202020202020202020202020
7230202020202020202020202020202020202020
6b6e6f636b5f6661756c745f626c696e6b5f7365
2020202020202020202020202020202020202020
7265746172645f6d61705f726561642020202020
2020202020202020202020202020202020202020
72302c2334332020202020202020202020202020
2020202020202020202020202020202020202020
612c407230202020202020202020202020202020
6120202020202020202020202020202020202020
612c233138202020202020202020202020202020
2020202020202020202020202020202020202020
7265746172645f6d61705f726561642020202020
2020202020202020202020202020202020202020
72302c2335322020202020202020202020202020
2020202020202020202020202020202020202020
612c407230202020202020202020202020202020
612c234246202020202020202020202020202020
2020202020202020202020202020202020202020
6320202020202020202020202020202020202020
72322c2333332020202020202020202020202020
2020202020202020202020202020202020202020
72302c2333302020202020202020202020202020
2020202020202020202020202020202020202020
6b6e6f636b5f6661756c745f626c696e6b5f7365
2020202020202020202020202020202020202020
72302c2332452020202020202020202020202020
2020202020202020202020202020202020202020
612c407230202020202020202020202020202020
612c233732202020202020202020202020202020
2020202020202020202020202020202020202020
7265746172645f6d61705f6c6f6f702020202020
2020202020202020202020202020202020202020
4072312c23313220202020202020202020202020
2020202020202020202020202020202020202020
612c407230202020202020202020202020202020
612c233642202020202020202020202020202020
2020202020202020202020202020202020202020
626f6f73745f6175785f72656164202020202020
2020202020202020202020202020202020202020
612c407231202020202020202020202020202020
612c233132202020202020202020202020202020
2020202020202020202020202020202020202020
626f6f73745f6175785f72656164202020202020
2020202020202020202020202020202020202020
4072312c61202020202020202020202020202020
72302c2333412020202020202020202020202020
2020202020202020202020202020202020202020
4072302c61202020202020202020202020202020
72302c2334312020202020202020202020202020
2020202020202020202020202020202020202020
612c407230202020202020202020202020202020
6320202020202020202020202020202020202020
626f6f73745f6572726f725f63616c6320202020
2020202020202020202020202020202020202020
7265746172645f696e7465727020202020202020
2020202020202020202020202020202020202020
72302c2336302020202020202020202020202020
2020202020202020202020202020202020202020
612c407230202020202020202020202020202020
72322c2333322020202020202020202020202020
2020202020202020202020202020202020202020
6f766572626f6f73745f6572726f725f70617468
2020202020202020202020202020202020202020
72302c2334342020202020202020202020202020
2020202020202020202020202020202020202020
612c407230202020202020202020202020202020
612c234442202020202020202020202020202020
2020202020202020202020202020202020202020
3237322020202020202020202020202020202020
2020202020202020202020202020202020202020
7265746172645f696e7465727020202020202020
2020202020202020202020202020202020202020
72302c2336302020202020202020202020202020
2020202020202020202020202020202020202020
612c407230202020202020202020202020202020
7232202020202020202020202020202020202020
6120202020202020202020202020202020202020
612c233230202020202020202020202020202020
2020202020202020202020202020202020202020
626f6f73745f6572726f725f6469722020202020
2020202020202020202020202020202020202020
612c233230202020202020202020202020202020
2020202020202020202020202020202020202020
6320202020202020202020202020202020202020
72302c2336432020202020202020202020202020
2020202020202020202020202020202020202020
612c407230202020202020202020202020202020
7470735f626f6f73745f6c696d69745f63686b20
2020202020202020202020202020202020202020
72302c2333352020202020202020202020202020
2020202020202020202020202020202020202020
612c233634202020202020202020202020202020
2020202020202020202020202020202020202020
6b6e6f636b5f6661756c745f636e745f73776170
2020202020202020202020202020202020202020
72302c2333432020202020202020202020202020
2020202020202020202020202020202020202020
612c234634202020202020202020202020202020
2020202020202020202020202020202020202020
612c407230202020202020202020202020202020
6320202020202020202020202020202020202020
72322c2331202020202020202020202020202020
2020202020202020202020202020202020202020
63765f647574795f73746f726520202020202020
2020202020202020202020202020202020202020
612c233234202020202020202020202020202020
2020202020202020202020202020202020202020
612c407230202020202020202020202020202020
7232202020202020202020202020202020202020
612c407230202020202020202020202020202020
4072302c61202020202020202020202020202020
72302c2333362020202020202020202020202020
2020202020202020202020202020202020202020
6b6e6f636b5f6661756c745f626c696e6b5f7365
2020202020202020202020202020202020202020
6d62312020202020202020202020202020202020
6b6e6f636b5f7468726573686f6c645f72656164
2020202020202020202020202020202020202020
6d62302020202020202020202020202020202020
646961675f737461727420202020202020202020
2020202020202020202020202020202020202020
72312c2331372020202020202020202020202020
2020202020202020202020202020202020202020
4072312c23382020202020202020202020202020
2020202020202020202020202020202020202020
7231202020202020202020202020202020202020
6120202020202020202020202020202020202020
612c407231202020202020202020202020202020
73656c6563745f6d62315f6d6170732020202020
2020202020202020202020202020202020202020
6120202020202020202020202020202020202020
6120202020202020202020202020202020202020
612c407231202020202020202020202020202020
6d62312020202020202020202020202020202020
2020202020202020202020202020202020202020
72302c2333352020202020202020202020202020
2020202020202020202020202020202020202020
4072302c23363420202020202020202020202020
2020202020202020202020202020202020202020
2020202020202020202020202020202020202020
2020202020202020202020202020202020202020
2020202020202020202020202020202020202020
2020202020202020202020202020202020202020
2020202020202020202020202020202020202020
2020202020202020202020202020202020202020
2020202020202020202020202020202020202020
2020202020202020202020202020202020202020
2020202020202020202020202020202020202020
2020202020202020202020202020202020202020
2020202020202020202020202020202020202020
2020202020202020202020202020202020202020
2020202020202020202020202020202020202020
2020202020202020202020202020202020202020
2020202020202020202020202020202020202020
2020202020202020202020202020202020202020
2020202020202020202020202020202020202020
2020202020202020202020202020202020202020
2020202020202020202020202020202020202020
2020202020202020202020202020202020202020
2020202020202020202020202020202020202020
2020202020202020202020202020202020202020
2020202020202020202020202020202020202020
2020202020202020202020202020202020202020
2020202020202020202020202020202020202020
2020202020202020202020202020202020202020
2020202020202020202020202020202020202020
2020202020202020202020202020202020202020
2020202020202020202020202020202020202020
2020202020202020202020202020202020202020
2020202020202020202020202020202020202020
2020202020202020202020202020202020202020
2020202020202020202020202020202020202020
2020202020202020202020202020202020202020
2020202020202020202020202020202020202020
2020202020202020202020202020202020202020
2020202020202020202020202020202020202020
2020202020202020202020202020202020202020
2020202020202020202020202020202020202020
2020202020202020202020202020202020202020
2020202020202020202020202020202020202020
2020202020202020202020202020202020202020
2020202020202020202020202020202020202020
2020202020202020202020202020202020202020
2020202020202020202020202020202020202020
2020202020202020202020202020202020202020
2020202020202020202020202020202020202020
2020202020202020202020202020202020202020
2020202020202020202020202020202020202020
2020202020202020202020202020202020202020
2020202020202020202020202020202020202020
2020202020202020202020202020202020202020
2020202020202020202020202020202020202020
2020202020202020202020202020202020202020
2020202020202020202020202020202020202020
2020202020202020202020202020202020202020
2020202020202020202020202020202020202020
2020202020202020202020202020202020202020
2020202020202020202020202020202020202020
2020202020202020202020202020202020202020
2020202020202020202020202020202020202020
2020202020202020202020202020202020202020
2020202020202020202020202020202020202020
2020202020202020202020202020202020202020
2020202020202020202020202020202020202020
2020202020202020202020202020202020202020
2020202020202020202020202020202020202020
2020202020202020202020202020202020202020
2020202020202020202020202020202020202020
2020202020202020202020202020202020202020
2020202020202020202020202020202020202020
2020202020202020202020202020202020202020
2020202020202020202020202020202020202020
612c406120202020202020202020202020202020
2020202020202020202020202020202020202020
72352c2339202020202020202020202020202020
2020202020202020202020202020202020202020
6320202020202020202020202020202020202020
6120202020202020202020202020202020202020
6120202020202020202020202020202020202020
612c723320202020202020202020202020202020
6120202020202020202020202020202020202020
612c723320202020202020202020202020202020
6d756c385f6c6f6f705f656e6420202020202020
2020202020202020202020202020202020202020
612c723620202020202020202020202020202020
72352c6d756c385f6c6f6f702020202020202020
2020202020202020202020202020202020202020
2020202020202020202020202020202020202020
4072302c61202020202020202020202020202020
72302c2332352020202020202020202020202020
2020202020202020202020202020202020202020
612c407230202020202020202020202020202020
6120202020202020202020202020202020202020
72322c6120202020202020202020202020202020
72302c2332312020202020202020202020202020
2020202020202020202020202020202020202020
612c407230202020202020202020202020202020
6120202020202020202020202020202020202020
72332c6120202020202020202020202020202020
612c723720202020202020202020202020202020
6120202020202020202020202020202020202020
6120202020202020202020202020202020202020
612c234120202020202020202020202020202020
2020202020202020202020202020202020202020
72302c6120202020202020202020202020202020
72302c6372616e6b5f7265665f64656c61792020
2020202020202020202020202020202020202020
72302c2333382020202020202020202020202020
2020202020202020202020202020202020202020
612c407230202020202020202020202020202020
2020202020202020202020202020202020202020
72312c2332322020202020202020202020202020
2020202020202020202020202020202020202020
612c407231202020202020202020202020202020
72342c6120202020202020202020202020202020
2020202020202020202020202020202020202020
612c233343202020202020202020202020202020
2020202020202020202020202020202020202020
612c407230202020202020202020202020202020
6b6e6f636b5f6661756c745f636e745f63686b20
2020202020202020202020202020202020202020
6120202020202020202020202020202020202020
4072302c61202020202020202020202020202020
6b6e6f636b5f6661756c745f7265742020202020
2020202020202020202020202020202020202020
612c723220202020202020202020202020202020
4072312c61202020202020202020202020202020
2020202020202020202020202020202020202020
72302c2338302020202020202020202020202020
2020202020202020202020202020202020202020
72322c2338202020202020202020202020202020
2020202020202020202020202020202020202020
612c407230202020202020202020202020202020
646961675f636c725f6630202020202020202020
2020202020202020202020202020202020202020
72322c2334202020202020202020202020202020
2020202020202020202020202020202020202020
7230202020202020202020202020202020202020
612c407230202020202020202020202020202020
6120202020202020202020202020202020202020
612c407230202020202020202020202020202020
612c407230202020202020202020202020202020
72322c646961675f6c6f6f702020202020202020
2020202020202020202020202020202020202020
646961675f726574202020202020202020202020
2020202020202020202020202020202020202020
646961675f726574202020202020202020202020
2020202020202020202020202020202020202020
7230202020202020202020202020202020202020
4072302c23302020202020202020202020202020
2020202020202020202020202020202020202020
7230202020202020202020202020202020202020
612c407230202020202020202020202020202020
612c234620202020202020202020202020202020
2020202020202020202020202020202020202020
4072302c61202020202020202020202020202020
2020202020202020202020202020202020202020
6630202020202020202020202020202020202020
646961675f7365745f63685f6d61736b20202020
2020202020202020202020202020202020202020
6630202020202020202020202020202020202020
72332c2337462020202020202020202020202020
2020202020202020202020202020202020202020
646961675f7074725f6465632020202020202020
2020202020202020202020202020202020202020
646961675f6f75745f7074722020202020202020
2020202020202020202020202020202020202020
72312c2332432020202020202020202020202020
2020202020202020202020202020202020202020
612c407231202020202020202020202020202020
6120202020202020202020202020202020202020
6120202020202020202020202020202020202020
6120202020202020202020202020202020202020
612c233320202020202020202020202020202020
2020202020202020202020202020202020202020
612c723320202020202020202020202020202020
72332c6120202020202020202020202020202020
6630202020202020202020202020202020202020
7230202020202020202020202020202020202020
612c723020202020202020202020202020202020
646961675f726561645f72616d20202020202020
2020202020202020202020202020202020202020
612c233832202020202020202020202020202020
2020202020202020202020202020202020202020
612c406120202020202020202020202020202020
72332c2337462020202020202020202020202020
2020202020202020202020202020202020202020
72312c6120202020202020202020202020202020
646961675f736176655f72342020202020202020
2020202020202020202020202020202020202020
612c407231202020202020202020202020202020
72342c6120202020202020202020202020202020
612c723320202020202020202020202020202020
612c723220202020202020202020202020202020
72312c6120202020202020202020202020202020
612c723420202020202020202020202020202020
4072312c61202020202020202020202020202020
72322c646961675f7074725f6465632020202020
2020202020202020202020202020202020202020
2020202020202020202020202020202020202020
612c407230202020202020202020202020202020
646961675f736176655f72312020202020202020
2020202020202020202020202020202020202020
72312c2337442020202020202020202020202020
2020202020202020202020202020202020202020
612c407231202020202020202020202020202020
646961675f656e64202020202020202020202020
2020202020202020202020202020202020202020
6630202020202020202020202020202020202020
6630202020202020202020202020202020202020
646961675f7074725f6465632020202020202020
2020202020202020202020202020202020202020
646961675f77726974655f63616c6c2020202020
2020202020202020202020202020202020202020
72302c2337432020202020202020202020202020
2020202020202020202020202020202020202020
4072302c61202020202020202020202020202020
2020202020202020202020202020202020202020
646961675f77726974655f6d656d202020202020
2020202020202020202020202020202020202020
72302c2337452020202020202020202020202020
2020202020202020202020202020202020202020
72312c2344202020202020202020202020202020
2020202020202020202020202020202020202020
612c407230202020202020202020202020202020
612c407231202020202020202020202020202020
7230202020202020202020202020202020202020
7231202020202020202020202020202020202020
612c407230202020202020202020202020202020
4072312c23464520202020202020202020202020
2020202020202020202020202020202020202020
2020202020202020202020202020202020202020
2020202020202020202020202020202020202020
2020202020202020202020202020202020202020
2020202020202020202020202020202020202020
2020202020202020202020202020202020202020
2020202020202020202020202020202020202020
2020202020202020202020202020202020202020
2020202020202020202020202020202020202020
2020202020202020202020202020202020202020
2020202020202020202020202020202020202020
2020202020202020202020202020202020202020
2020202020202020202020202020202020202020
2020202020202020202020202020202020202020
2020202020202020202020202020202020202020
2020202020202020202020202020202020202020
2020202020202020202020202020202020202020
2020202020202020202020202020202020202020
2020202020202020202020202020202020202020
2020202020202020202020202020202020202020
2020202020202020202020202020202020202020
2020202020202020202020202020202020202020
2020202020202020202020202020202020202020
2020202020202020202020202020202020202020
2020202020202020202020202020202020202020
2020202020202020202020202020202020202020
2020202020202020202020202020202020202020
2020202020202020202020202020202020202020
2020202020202020202020202020202020202020
2020202020202020202020202020202020202020
2020202020202020202020202020202020202020
2020202020202020202020202020202020202020
2020202020202020202020202020202020202020
2020202020202020202020202020202020202020
2020202020202020202020202020202020202020
2020202020202020202020202020202020202020
2020202020202020202020202020202020202020
2020202020202020202020202020202020202020
2020202020202020202020202020202020202020
2020202020202020202020202020202020202020
2020202020202020202020202020202020202020
2020202020202020202020202020202020202020
2020202020202020202020202020202020202020
2020202020202020202020202020202020202020
2020202020202020202020202020202020202020
2020202020202020202020202020202020202020
2020202020202020202020202020202020202020
2020202020202020202020202020202020202020
2020202020202020202020202020202020202020
2020202020202020202020202020202020202020
2020202020202020202020202020202020202020
2020202020202020202020202020202020202020
2020202020202020202020202020202020202020
2020202020202020202020202020202020202020
2020202020202020202020202020202020202020
2020202020202020202020202020202020202020
2020202020202020202020202020202020202020
2020202020202020202020202020202020202020
2020202020202020202020202020202020202020
2020202020202020202020202020202020202020
2020202020202020202020202020202020202020
2020202020202020202020202020202020202020
2020202020202020202020202020202020202020
2020202020202020202020202020202020202020
2020202020202020202020202020202020202020
2020202020202020202020202020202020202020
2020202020202020202020202020202020202020
2020202020202020202020202020202020202020
2020202020202020202020202020202020202020
2020202020202020202020202020202020202020
2020202020202020202020202020202020202020
2020202020202020202020202020202020202020
2020202020202020202020202020202020202020
2020202020202020202020202020202020202020
2020202020202020202020202020202020202020
2020202020202020202020202020202020202020
2020202020202020202020202020202020202020
2020202020202020202020202020202020202020
2020202020202020202020202020202020202020
2020202020202020202020202020202020202020
2020202020202020202020202020202020202020
2020202020202020202020202020202020202020
2020202020202020202020202020202020202020
2020202020202020202020202020202020202020
2020202020202020202020202020202020202020
2020202020202020202020202020202020202020
2020202020202020202020202020202020202020
2020202020202020202020202020202020202020
2020202020202020202020202020202020202020
2020202020202020202020202020202020202020
2020202020202020202020202020202020202020
2020202020202020202020202020202020202020
2020202020202020202020202020202020202020
2020202020202020202020202020202020202020
612c233630202020202020202020202020202020
2020202020202020202020202020202020202020
612c723020202020202020202020202020202020
612c407231202020202020202020202020202020
612c406120202020202020202020202020202020
6164635f63685f616464725f73656c2020202020
3078306520202020202020202020202020202020
3078336320202020202020202020202020202020
3078336320202020202020202020202020202020
3078336320202020202020202020202020202020
3078323720202020202020202020202020202020
3078346320202020202020202020202020202020
3078386320202020202020202020202020202020
3078393820202020202020202020202020202020
3078393920202020202020202020202020202020
3078386620202020202020202020202020202020
2020202020202020202020202020202020202020
612c233720202020202020202020202020202020
2020202020202020202020202020202020202020
4061202020202020202020202020202020202020
70312c2346372020202020202020202020202020
2020202020202020202020202020202020202020
612c407230202020202020202020202020202020
6120202020202020202020202020202020202020
6164635f616464725f6576656e5f73656c202020
2020202020202020202020202020202020202020
70312c2346332020202020202020202020202020
2020202020202020202020202020202020202020
6164635f616464725f626974335f63686b202020
2020202020202020202020202020202020202020
70312c2346352020202020202020202020202020
2020202020202020202020202020202020202020
6b6e6f636b5f696e7465677261746f725f726573
2020202020202020202020202020202020202020
70312c2346362020202020202020202020202020
2020202020202020202020202020202020202020
70322c2332302020202020202020202020202020
2020202020202020202020202020202020202020
70312c2338202020202020202020202020202020
2020202020202020202020202020202020202020
70312c2346352020202020202020202020202020
2020202020202020202020202020202020202020
70312c2335202020202020202020202020202020
2020202020202020202020202020202020202020
2020202020202020202020202020202020202020
72302c2332332020202020202020202020202020
2020202020202020202020202020202020202020
612c407230202020202020202020202020202020
72342c6120202020202020202020202020202020
72302c2332462020202020202020202020202020
2020202020202020202020202020202020202020
612c407230202020202020202020202020202020
612c234330202020202020202020202020202020
2020202020202020202020202020202020202020
72302c2333312020202020202020202020202020
2020202020202020202020202020202020202020
6164635f6b6e6f636b5f726573756c7420202020
2020202020202020202020202020202020202020
612c407230202020202020202020202020202020
6164635f666e325f63685f6d61736b2020202020
2020202020202020202020202020202020202020
2020202020202020202020202020202020202020
612c233720202020202020202020202020202020
2020202020202020202020202020202020202020
4072302c61202020202020202020202020202020
2020202020202020202020202020202020202020
612c233720202020202020202020202020202020
2020202020202020202020202020202020202020
612c406120202020202020202020202020202020
72302c2332462020202020202020202020202020
2020202020202020202020202020202020202020
612c407230202020202020202020202020202020
6164635f6b6e6f636b5f6c6576656c5f72657420
2020202020202020202020202020202020202020
72302c2333312020202020202020202020202020
2020202020202020202020202020202020202020
612c407230202020202020202020202020202020
6164635f6b6e6f636b5f6c6576656c5f72657420
2020202020202020202020202020202020202020
70312c2337462020202020202020202020202020
2020202020202020202020202020202020202020
2020202020202020202020202020202020202020
612c407230202020202020202020202020202020
70312c2338202020202020202020202020202020
2020202020202020202020202020202020202020
70312c2346342020202020202020202020202020
2020202020202020202020202020202020202020
612c407230202020202020202020202020202020
6164635f666e345f7369676e5f63686b20202020
2020202020202020202020202020202020202020
6164635f666e345f726573756c745f7377617020
2020202020202020202020202020202020202020
612c407230202020202020202020202020202020
72312c6120202020202020202020202020202020
612c407230202020202020202020202020202020
612c233620202020202020202020202020202020
2020202020202020202020202020202020202020
72302c2332462020202020202020202020202020
2020202020202020202020202020202020202020
6164635f666e345f73746f726520202020202020
2020202020202020202020202020202020202020
612c234330202020202020202020202020202020
2020202020202020202020202020202020202020
612c723120202020202020202020202020202020
6164635f666e345f696e6465785f63616c632020
2020202020202020202020202020202020202020
612c723120202020202020202020202020202020
4072302c61202020202020202020202020202020
72312c2333342020202020202020202020202020
2020202020202020202020202020202020202020
612c407231202020202020202020202020202020
612c234641202020202020202020202020202020
2020202020202020202020202020202020202020
6164635f666e345f726574202020202020202020
2020202020202020202020202020202020202020
6120202020202020202020202020202020202020
6164635f666e345f6f6666736574202020202020
2020202020202020202020202020202020202020
612c234643202020202020202020202020202020
2020202020202020202020202020202020202020
612c233639202020202020202020202020202020
2020202020202020202020202020202020202020
4072302c61202020202020202020202020202020
2020202020202020202020202020202020202020
72302c2332442020202020202020202020202020
2020202020202020202020202020202020202020
612c723120202020202020202020202020202020
4072302c61202020202020202020202020202020
2020202020202020202020202020202020202020
612c407230202020202020202020202020202020
72302c2332452020202020202020202020202020
2020202020202020202020202020202020202020
4072302c61202020202020202020202020202020
2020202020202020202020202020202020202020
6164635f666e345f726573746f72652020202020
2020202020202020202020202020202020202020
612c407230202020202020202020202020202020
72302c2336462020202020202020202020202020
2020202020202020202020202020202020202020
2020202020202020202020202020202020202020
2020202020202020202020202020202020202020
612c407230202020202020202020202020202020
72302c2333392020202020202020202020202020
2020202020202020202020202020202020202020
4072302c61202020202020202020202020202020
2020202020202020202020202020202020202020
612c407230202020202020202020202020202020
70312c2338202020202020202020202020202020
2020202020202020202020202020202020202020
70312c2346372020202020202020202020202020
2020202020202020202020202020202020202020
70312c2337202020202020202020202020202020
2020202020202020202020202020202020202020
72302c2334362020202020202020202020202020
2020202020202020202020202020202020202020
6120202020202020202020202020202020202020
4072302c61202020202020202020202020202020
2020202020202020202020202020202020202020
72302c2335322020202020202020202020202020
2020202020202020202020202020202020202020
612c407230202020202020202020202020202020
612c234120202020202020202020202020202020
2020202020202020202020202020202020202020
72342c6120202020202020202020202020202020
6120202020202020202020202020202020202020
612c407230202020202020202020202020202020
72302c2336432020202020202020202020202020
2020202020202020202020202020202020202020
70312c2338202020202020202020202020202020
2020202020202020202020202020202020202020
70312c2346372020202020202020202020202020
2020202020202020202020202020202020202020
626f6f73745f726973696e675f696e6869626974
2020202020202020202020202020202020202020
4072302c23302020202020202020202020202020
2020202020202020202020202020202020202020
72302c2335322020202020202020202020202020
2020202020202020202020202020202020202020
612c723420202020202020202020202020202020
4072302c61202020202020202020202020202020
72342c2346462020202020202020202020202020
2020202020202020202020202020202020202020
2020202020202020202020202020202020202020
4072302020202020202020202020202020202020
612c407230202020202020202020202020202020
626f6f73745f6572725f63686b5f61726d202020
2020202020202020202020202020202020202020
72342c2346462020202020202020202020202020
2020202020202020202020202020202020202020
2020202020202020202020202020202020202020
2020202020202020202020202020202020202020
2020202020202020202020202020202020202020
2020202020202020202020202020202020202020
2020202020202020202020202020202020202020
2020202020202020202020202020202020202020
2020202020202020202020202020202020202020
2020202020202020202020202020202020202020
2020202020202020202020202020202020202020
2020202020202020202020202020202020202020
2020202020202020202020202020202020202020
2020202020202020202020202020202020202020
2020202020202020202020202020202020202020
2020202020202020202020202020202020202020
2020202020202020202020202020202020202020
2020202020202020202020202020202020202020
2020202020202020202020202020202020202020
2020202020202020202020202020202020202020
2020202020202020202020202020202020202020
2020202020202020202020202020202020202020
2020202020202020202020202020202020202020
2020202020202020202020202020202020202020
2020202020202020202020202020202020202020
2020202020202020202020202020202020202020
2020202020202020202020202020202020202020
2020202020202020202020202020202020202020
2020202020202020202020202020202020202020
2020202020202020202020202020202020202020
2020202020202020202020202020202020202020
2020202020202020202020202020202020202020
2020202020202020202020202020202020202020
2020202020202020202020202020202020202020
2020202020202020202020202020202020202020
2020202020202020202020202020202020202020
2020202020202020202020202020202020202020
2020202020202020202020202020202020202020
2020202020202020202020202020202020202020
2020202020202020202020202020202020202020
2020202020202020202020202020202020202020
2020202020202020202020202020202020202020
2020202020202020202020202020202020202020
2020202020202020202020202020202020202020
2020202020202020202020202020202020202020
2020202020202020202020202020202020202020
2020202020202020202020202020202020202020
2020202020202020202020202020202020202020
2020202020202020202020202020202020202020
2020202020202020202020202020202020202020
2020202020202020202020202020202020202020
2020202020202020202020202020202020202020
2020202020202020202020202020202020202020
2020202020202020202020202020202020202020
2020202020202020202020202020202020202020
2020202020202020202020202020202020202020
2020202020202020202020202020202020202020
2020202020202020202020202020202020202020
2020202020202020202020202020202020202020
2020202020202020202020202020202020202020
2020202020202020202020202020202020202020
2020202020202020202020202020202020202020
2020202020202020202020202020202020202020
2020202020202020202020202020202020202020
2020202020202020202020202020202020202020
2020202020202020202020202020202020202020
2020202020202020202020202020202020202020
2020202020202020202020202020202020202020
2020202020202020202020202020202020202020
2020202020202020202020202020202020202020
2020202020202020202020202020202020202020
2020202020202020202020202020202020202020
2020202020202020202020202020202020202020
612c406120202020202020202020202020202020
2020202020202020202020202020202020202020
2020202020202020202020202020202020202020
2020202020202020202020202020202020202020
2020202020202020202020202020202020202020
2020202020202020202020202020202020202020
2020202020202020202020202020202020202020
2020202020202020202020202020202020202020
2020202020202020202020202020202020202020
2020202020202020202020202020202020202020
2020202020202020202020202020202020202020
2020202020202020202020202020202020202020
2020202020202020202020202020202020202020
2020202020202020202020202020202020202020
2020202020202020202020202020202020202020
2020202020202020202020202020202020202020
2020202020202020202020202020202020202020
2020202020202020202020202020202020202020
2020202020202020202020202020202020202020
2020202020202020202020202020202020202020
2020202020202020202020202020202020202020
2020202020202020202020202020202020202020
2020202020202020202020202020202020202020
2020202020202020202020202020202020202020
2020202020202020202020202020202020202020
2020202020202020202020202020202020202020
2020202020202020202020202020202020202020
2020202020202020202020202020202020202020
2020202020202020202020202020202020202020
2020202020202020202020202020202020202020
2020202020202020202020202020202020202020
2020202020202020202020202020202020202020
2020202020202020202020202020202020202020
2020202020202020202020202020202020202020
2020202020202020202020202020202020202020
2020202020202020202020202020202020202020
2020202020202020202020202020202020202020
2020202020202020202020202020202020202020
2020202020202020202020202020202020202020
2020202020202020202020202020202020202020
2020202020202020202020202020202020202020
2020202020202020202020202020202020202020
2020202020202020202020202020202020202020
2020202020202020202020202020202020202020
2020202020202020202020202020202020202020
2020202020202020202020202020202020202020
2020202020202020202020202020202020202020
2020202020202020202020202020202020202020
2020202020202020202020202020202020202020
2020202020202020202020202020202020202020
2020202020202020202020202020202020202020
2020202020202020202020202020202020202020
2020202020202020202020202020202020202020
2020202020202020202020202020202020202020
2020202020202020202020202020202020202020
2020202020202020202020202020202020202020
2020202020202020202020202020202020202020
2020202020202020202020202020202020202020
2020202020202020202020202020202020202020
2020202020202020202020202020202020202020
2020202020202020202020202020202020202020
2020202020202020202020202020202020202020
2020202020202020202020202020202020202020
2020202020202020202020202020202020202020
2020202020202020202020202020202020202020
2020202020202020202020202020202020202020
2020202020202020202020202020202020202020
2020202020202020202020202020202020202020
2020202020202020202020202020202020202020
2020202020202020202020202020202020202020
2020202020202020202020202020202020202020
2020202020202020202020202020202020202020
2020202020202020202020202020202020202020
2020202020202020202020202020202020202020
2020202020202020202020202020202020202020
2020202020202020202020202020202020202020
2020202020202020202020202020202020202020
2020202020202020202020202020202020202020
2020202020202020202020202020202020202020
2020202020202020202020202020202020202020
2020202020202020202020202020202020202020
2020202020202020202020202020202020202020
2020202020202020202020202020202020202020
2020202020202020202020202020202020202020
2020202020202020202020202020202020202020
2020202020202020202020202020202020202020
2020202020202020202020202020202020202020
2020202020202020202020202020202020202020
2020202020202020202020202020202020202020
2020202020202020202020202020202020202020
2020202020202020202020202020202020202020
2020202020202020202020202020202020202020
2020202020202020202020202020202020202020
2020202020202020202020202020202020202020
2020202020202020202020202020202020202020
2020202020202020202020202020202020202020
2020202020202020202020202020202020202020
2020202020202020202020202020202020202020
2020202020202020202020202020202020202020
2020202020202020202020202020202020202020
2020202020202020202020202020202020202020
2020202020202020202020202020202020202020
2020202020202020202020202020202020202020
2020202020202020202020202020202020202020
2020202020202020202020202020202020202020
2020202020202020202020202020202020202020
2020202020202020202020202020202020202020
2020202020202020202020202020202020202020
2020202020202020202020202020202020202020
2020202020202020202020202020202020202020
2020202020202020202020202020202020202020
2020202020202020202020202020202020202020
2020202020202020202020202020202020202020
2020202020202020202020202020202020202020
2020202020202020202020202020202020202020
2020202020202020202020202020202020202020
2020202020202020202020202020202020202020
2020202020202020202020202020202020202020
2020202020202020202020202020202020202020
2020202020202020202020202020202020202020
2020202020202020202020202020202020202020
2020202020202020202020202020202020202020
2020202020202020202020202020202020202020
2020202020202020202020202020202020202020
2020202020202020202020202020202020202020
2020202020202020202020202020202020202020
2020202020202020202020202020202020202020
2020202020202020202020202020202020202020
2020202020202020202020202020202020202020
2020202020202020202020202020202020202020
2020202020202020202020202020202020202020
2020202020202020202020202020202020202020
2020202020202020202020202020202020202020
2020202020202020202020202020202020202020
2020202020202020202020202020202020202020
2020202020202020202020202020202020202020
2020202020202020202020202020202020202020
2020202020202020202020202020202020202020
2020202020202020202020202020202020202020
2020202020202020202020202020202020202020
2020202020202020202020202020202020202020
2020202020202020202020202020202020202020
2020202020202020202020202020202020202020
2020202020202020202020202020202020202020
2020202020202020202020202020202020202020
2020202020202020202020202020202020202020
2020202020202020202020202020202020202020
2020202020202020202020202020202020202020
2020202020202020202020202020202020202020
2020202020202020202020202020202020202020
2020202020202020202020202020202020202020
2020202020202020202020202020202020202020
2020202020202020202020202020202020202020
2020202020202020202020202020202020202020
2020202020202020202020202020202020202020
2020202020202020202020202020202020202020
2020202020202020202020202020202020202020
2020202020202020202020202020202020202020
2020202020202020202020202020202020202020
2020202020202020202020202020202020202020
2020202020202020202020202020202020202020
2020202020202020202020202020202020202020
2020202020202020202020202020202020202020
2020202020202020202020202020202020202020
2020202020202020202020202020202020202020
2020202020202020202020202020202020202020
2020202020202020202020202020202020202020
2020202020202020202020202020202020202020
2020202020202020202020202020202020202020
2020202020202020202020202020202020202020
2020202020202020202020202020202020202020
2020202020202020202020202020202020202020
2020202020202020202020202020202020202020
2020202020202020202020202020202020202020
2020202020202020202020202020202020202020
2020202020202020202020202020202020202020
2020202020202020202020202020202020202020
2020202020202020202020202020202020202020
2020202020202020202020202020202020202020
2020202020202020202020202020202020202020
2020202020202020202020202020202020202020
2020202020202020202020202020202020202020
2020202020202020202020202020202020202020
2020202020202020202020202020202020202020
2020202020202020202020202020202020202020
2020202020202020202020202020202020202020
2020202020202020202020202020202020202020
2020202020202020202020202020202020202020
2020202020202020202020202020202020202020
2020202020202020202020202020202020202020
2020202020202020202020202020202020202020
2020202020202020202020202020202020202020
2020202020202020202020202020202020202020
2020202020202020202020202020202020202020
2020202020202020202020202020202020202020
2020202020202020202020202020202020202020
2020202020202020202020202020202020202020
2020202020202020202020202020202020202020
2020202020202020202020202020202020202020
2020202020202020202020202020202020202020
2020202020202020202020202020202020202020
2020202020202020202020202020202020202020
2020202020202020202020202020202020202020
2020202020202020202020202020202020202020
2020202020202020202020202020202020202020
2020202020202020202020202020202020202020
2020202020202020202020202020202020202020
2020202020202020202020202020202020202020
2020202020202020202020202020202020202020
2020202020202020202020202020202020202020
2020202020202020202020202020202020202020
2020202020202020202020202020202020202020
2020202020202020202020202020202020202020
2020202020202020202020202020202020202020
2020202020202020202020202020202020202020
2020202020202020202020202020202020202020
2020202020202020202020202020202020202020
2020202020202020202020202020202020202020
2020202020202020202020202020202020202020
2020202020202020202020202020202020202020
2020202020202020202020202020202020202020
2020202020202020202020202020202020202020
2020202020202020202020202020202020202020
2020202020202020202020202020202020202020
2020202020202020202020202020202020202020
2020202020202020202020202020202020202020
2020202020202020202020202020202020202020
2020202020202020202020202020202020202020
2020202020202020202020202020202020202020
2020202020202020202020202020202020202020
2020202020202020202020202020202020202020
2020202020202020202020202020202020202020
2020202020202020202020202020202020202020
2020202020202020202020202020202020202020
2020202020202020202020202020202020202020
2020202020202020202020202020202020202020
2020202020202020202020202020202020202020
2020202020202020202020202020202020202020
2020202020202020202020202020202020202020
2020202020202020202020202020202020202020
2020202020202020202020202020202020202020
2020202020202020202020202020202020202020
2020202020202020202020202020202020202020
2020202020202020202020202020202020202020
2020202020202020202020202020202020202020
2020202020202020202020202020202020202020
2020202020202020202020202020202020202020
2020202020202020202020202020202020202020
2020202020202020202020202020202020202020
2020202020202020202020202020202020202020
2020202020202020202020202020202020202020
2020202020202020202020202020202020202020
2020202020202020202020202020202020202020
2020202020202020202020202020202020202020
2020202020202020202020202020202020202020
2020202020202020202020202020202020202020
612c406120202020202020202020202020202020
2020202020202020202020202020202020202020
2020202020202020202020202020202020202020
2020202020202020202020202020202020202020
2020202020202020202020202020202020202020
2020202020202020202020202020202020202020
2020202020202020202020202020202020202020
2020202020202020202020202020202020202020
2020202020202020202020202020202020202020
2020202020202020202020202020202020202020
2020202020202020202020202020202020202020
2020202020202020202020202020202020202020
2020202020202020202020202020202020202020
2020202020202020202020202020202020202020
2020202020202020202020202020202020202020
2020202020202020202020202020202020202020
2020202020202020202020202020202020202020
2020202020202020202020202020202020202020
2020202020202020202020202020202020202020
2020202020202020202020202020202020202020
2020202020202020202020202020202020202020
2020202020202020202020202020202020202020
2020202020202020202020202020202020202020
2020202020202020202020202020202020202020
2020202020202020202020202020202020202020
2020202020202020202020202020202020202020
2020202020202020202020202020202020202020
2020202020202020202020202020202020202020
2020202020202020202020202020202020202020
2020202020202020202020202020202020202020
2020202020202020202020202020202020202020
2020202020202020202020202020202020202020
2020202020202020202020202020202020202020
2020202020202020202020202020202020202020
2020202020202020202020202020202020202020
2020202020202020202020202020202020202020
2020202020202020202020202020202020202020
2020202020202020202020202020202020202020
2020202020202020202020202020202020202020
2020202020202020202020202020202020202020
2020202020202020202020202020202020202020
2020202020202020202020202020202020202020
2020202020202020202020202020202020202020
2020202020202020202020202020202020202020
2020202020202020202020202020202020202020
2020202020202020202020202020202020202020
2020202020202020202020202020202020202020
2020202020202020202020202020202020202020
2020202020202020202020202020202020202020
2020202020202020202020202020202020202020
2020202020202020202020202020202020202020
2020202020202020202020202020202020202020
2020202020202020202020202020202020202020
2020202020202020202020202020202020202020
2020202020202020202020202020202020202020
2020202020202020202020202020202020202020
2020202020202020202020202020202020202020
2020202020202020202020202020202020202020
2020202020202020202020202020202020202020
2020202020202020202020202020202020202020
2020202020202020202020202020202020202020
2020202020202020202020202020202020202020
2020202020202020202020202020202020202020
2020202020202020202020202020202020202020
2020202020202020202020202020202020202020
2020202020202020202020202020202020202020
2020202020202020202020202020202020202020
2020202020202020202020202020202020202020
2020202020202020202020202020202020202020
2020202020202020202020202020202020202020
2020202020202020202020202020202020202020
2020202020202020202020202020202020202020
2020202020202020202020202020202020202020
2020202020202020202020202020202020202020
2020202020202020202020202020202020202020
2020202020202020202020202020202020202020
2020202020202020202020202020202020202020
2020202020202020202020202020202020202020
2020202020202020202020202020202020202020
2020202020202020202020202020202020202020
2020202020202020202020202020202020202020
2020202020202020202020202020202020202020
2020202020202020202020202020202020202020
2020202020202020202020202020202020202020
2020202020202020202020202020202020202020
2020202020202020202020202020202020202020
2020202020202020202020202020202020202020
2020202020202020202020202020202020202020
2020202020202020202020202020202020202020
2020202020202020202020202020202020202020
2020202020202020202020202020202020202020
2020202020202020202020202020202020202020
2020202020202020202020202020202020202020
2020202020202020202020202020202020202020
2020202020202020202020202020202020202020
2020202020202020202020202020202020202020
2020202020202020202020202020202020202020
2020202020202020202020202020202020202020
2020202020202020202020202020202020202020
2020202020202020202020202020202020202020
2020202020202020202020202020202020202020
2020202020202020202020202020202020202020
2020202020202020202020202020202020202020
2020202020202020202020202020202020202020
2020202020202020202020202020202020202020
2020202020202020202020202020202020202020
2020202020202020202020202020202020202020
2020202020202020202020202020202020202020
2020202020202020202020202020202020202020
2020202020202020202020202020202020202020
2020202020202020202020202020202020202020
2020202020202020202020202020202020202020
2020202020202020202020202020202020202020
2020202020202020202020202020202020202020
2020202020202020202020202020202020202020
2020202020202020202020202020202020202020
2020202020202020202020202020202020202020
2020202020202020202020202020202020202020
2020202020202020202020202020202020202020
2020202020202020202020202020202020202020
2020202020202020202020202020202020202020
2020202020202020202020202020202020202020
2020202020202020202020202020202020202020
2020202020202020202020202020202020202020
2020202020202020202020202020202020202020
2020202020202020202020202020202020202020
2020202020202020202020202020202020202020
2020202020202020202020202020202020202020
2020202020202020202020202020202020202020
2020202020202020202020202020202020202020
2020202020202020202020202020202020202020
2020202020202020202020202020202020202020
2020202020202020202020202020202020202020
2020202020202020202020202020202020202020
2020202020202020202020202020202020202020
2020202020202020202020202020202020202020
2020202020202020202020202020202020202020
2020202020202020202020202020202020202020
2020202020202020202020202020202020202020
2020202020202020202020202020202020202020
2020202020202020202020202020202020202020
2020202020202020202020202020202020202020
2020202020202020202020202020202020202020
2020202020202020202020202020202020202020
2020202020202020202020202020202020202020
2020202020202020202020202020202020202020
2020202020202020202020202020202020202020
2020202020202020202020202020202020202020
2020202020202020202020202020202020202020
2020202020202020202020202020202020202020
2020202020202020202020202020202020202020
2020202020202020202020202020202020202020
2020202020202020202020202020202020202020
2020202020202020202020202020202020202020
2020202020202020202020202020202020202020
2020202020202020202020202020202020202020
2020202020202020202020202020202020202020
2020202020202020202020202020202020202020
2020202020202020202020202020202020202020
2020202020202020202020202020202020202020
2020202020202020202020202020202020202020
2020202020202020202020202020202020202020
2020202020202020202020202020202020202020
2020202020202020202020202020202020202020
2020202020202020202020202020202020202020
2020202020202020202020202020202020202020
2020202020202020202020202020202020202020
2020202020202020202020202020202020202020
2020202020202020202020202020202020202020
2020202020202020202020202020202020202020
2020202020202020202020202020202020202020
2020202020202020202020202020202020202020
2020202020202020202020202020202020202020
2020202020202020202020202020202020202020
2020202020202020202020202020202020202020
2020202020202020202020202020202020202020
2020202020202020202020202020202020202020
2020202020202020202020202020202020202020
2020202020202020202020202020202020202020
2020202020202020202020202020202020202020
2020202020202020202020202020202020202020
2020202020202020202020202020202020202020
2020202020202020202020202020202020202020
2020202020202020202020202020202020202020
2020202020202020202020202020202020202020
2020202020202020202020202020202020202020
2020202020202020202020202020202020202020
2020202020202020202020202020202020202020
2020202020202020202020202020202020202020
2020202020202020202020202020202020202020
2020202020202020202020202020202020202020
2020202020202020202020202020202020202020
2020202020202020202020202020202020202020
2020202020202020202020202020202020202020
2020202020202020202020202020202020202020
2020202020202020202020202020202020202020
2020202020202020202020202020202020202020
2020202020202020202020202020202020202020
2020202020202020202020202020202020202020
2020202020202020202020202020202020202020
2020202020202020202020202020202020202020
2020202020202020202020202020202020202020
2020202020202020202020202020202020202020
2020202020202020202020202020202020202020
2020202020202020202020202020202020202020
2020202020202020202020202020202020202020
2020202020202020202020202020202020202020
2020202020202020202020202020202020202020
2020202020202020202020202020202020202020
2020202020202020202020202020202020202020
2020202020202020202020202020202020202020
2020202020202020202020202020202020202020
2020202020202020202020202020202020202020
2020202020202020202020202020202020202020
2020202020202020202020202020202020202020
2020202020202020202020202020202020202020
2020202020202020202020202020202020202020
2020202020202020202020202020202020202020
2020202020202020202020202020202020202020
2020202020202020202020202020202020202020
2020202020202020202020202020202020202020
2020202020202020202020202020202020202020
2020202020202020202020202020202020202020
2020202020202020202020202020202020202020
2020202020202020202020202020202020202020
2020202020202020202020202020202020202020
2020202020202020202020202020202020202020
2020202020202020202020202020202020202020
2020202020202020202020202020202020202020
2020202020202020202020202020202020202020
2020202020202020202020202020202020202020
2020202020202020202020202020202020202020
2020202020202020202020202020202020202020
2020202020202020202020202020202020202020
2020202020202020202020202020202020202020
2020202020202020202020202020202020202020
2020202020202020202020202020202020202020
2020202020202020202020202020202020202020
2020202020202020202020202020202020202020
2020202020202020202020202020202020202020
2020202020202020202020202020202020202020
2020202020202020202020202020202020202020
2020202020202020202020202020202020202020
2020202020202020202020202020202020202020
2020202020202020202020202020202020202020
2020202020202020202020202020202020202020
2020202020202020202020202020202020202020
2020202020202020202020202020202020202020
2020202020202020202020202020202020202020
2020202020202020202020202020202020202020
2020202020202020202020202020202020202020
2020202020202020202020202020202020202020
2020202020202020202020202020202020202020
2020202020202020202020202020202020202020
2020202020202020202020202020202020202020
2020202020202020202020202020202020202020
612c406120202020202020202020202020202020
2020202020202020202020202020202020202020
2020202020202020202020202020202020202020
2020202020202020202020202020202020202020
2020202020202020202020202020202020202020
2020202020202020202020202020202020202020
2020202020202020202020202020202020202020
2020202020202020202020202020202020202020
2020202020202020202020202020202020202020
2020202020202020202020202020202020202020
2020202020202020202020202020202020202020
2020202020202020202020202020202020202020
2020202020202020202020202020202020202020
2020202020202020202020202020202020202020
2020202020202020202020202020202020202020
2020202020202020202020202020202020202020
2020202020202020202020202020202020202020
2020202020202020202020202020202020202020
2020202020202020202020202020202020202020
2020202020202020202020202020202020202020
2020202020202020202020202020202020202020
2020202020202020202020202020202020202020
2020202020202020202020202020202020202020
2020202020202020202020202020202020202020
2020202020202020202020202020202020202020
2020202020202020202020202020202020202020
2020202020202020202020202020202020202020
2020202020202020202020202020202020202020
2020202020202020202020202020202020202020
2020202020202020202020202020202020202020
2020202020202020202020202020202020202020
2020202020202020202020202020202020202020
2020202020202020202020202020202020202020
2020202020202020202020202020202020202020
2020202020202020202020202020202020202020
2020202020202020202020202020202020202020
2020202020202020202020202020202020202020
2020202020202020202020202020202020202020
2020202020202020202020202020202020202020
2020202020202020202020202020202020202020
2020202020202020202020202020202020202020
2020202020202020202020202020202020202020
2020202020202020202020202020202020202020
2020202020202020202020202020202020202020
2020202020202020202020202020202020202020
2020202020202020202020202020202020202020
2020202020202020202020202020202020202020
2020202020202020202020202020202020202020
2020202020202020202020202020202020202020
2020202020202020202020202020202020202020
2020202020202020202020202020202020202020
2020202020202020202020202020202020202020
2020202020202020202020202020202020202020
2020202020202020202020202020202020202020
2020202020202020202020202020202020202020
2020202020202020202020202020202020202020
2020202020202020202020202020202020202020
2020202020202020202020202020202020202020
2020202020202020202020202020202020202020
2020202020202020202020202020202020202020
2020202020202020202020202020202020202020
2020202020202020202020202020202020202020
2020202020202020202020202020202020202020
2020202020202020202020202020202020202020
2020202020202020202020202020202020202020
2020202020202020202020202020202020202020
2020202020202020202020202020202020202020
2020202020202020202020202020202020202020
2020202020202020202020202020202020202020
2020202020202020202020202020202020202020
2020202020202020202020202020202020202020
2020202020202020202020202020202020202020
2020202020202020202020202020202020202020
2020202020202020202020202020202020202020
2020202020202020202020202020202020202020
2020202020202020202020202020202020202020
2020202020202020202020202020202020202020
2020202020202020202020202020202020202020
2020202020202020202020202020202020202020
2020202020202020202020202020202020202020
2020202020202020202020202020202020202020
2020202020202020202020202020202020202020
2020202020202020202020202020202020202020
2020202020202020202020202020202020202020
2020202020202020202020202020202020202020
2020202020202020202020202020202020202020
2020202020202020202020202020202020202020
2020202020202020202020202020202020202020
2020202020202020202020202020202020202020
2020202020202020202020202020202020202020
2020202020202020202020202020202020202020
2020202020202020202020202020202020202020
2020202020202020202020202020202020202020
2020202020202020202020202020202020202020
2020202020202020202020202020202020202020
2020202020202020202020202020202020202020
2020202020202020202020202020202020202020
2020202020202020202020202020202020202020
2020202020202020202020202020202020202020
2020202020202020202020202020202020202020
2020202020202020202020202020202020202020
2020202020202020202020202020202020202020
2020202020202020202020202020202020202020
2020202020202020202020202020202020202020
2020202020202020202020202020202020202020
2020202020202020202020202020202020202020
2020202020202020202020202020202020202020
2020202020202020202020202020202020202020
2020202020202020202020202020202020202020
2020202020202020202020202020202020202020
2020202020202020202020202020202020202020
2020202020202020202020202020202020202020
2020202020202020202020202020202020202020
2020202020202020202020202020202020202020
2020202020202020202020202020202020202020
2020202020202020202020202020202020202020
2020202020202020202020202020202020202020
2020202020202020202020202020202020202020
2020202020202020202020202020202020202020
2020202020202020202020202020202020202020
2020202020202020202020202020202020202020
2020202020202020202020202020202020202020
2020202020202020202020202020202020202020
2020202020202020202020202020202020202020
2020202020202020202020202020202020202020
2020202020202020202020202020202020202020
2020202020202020202020202020202020202020
2020202020202020202020202020202020202020
2020202020202020202020202020202020202020
2020202020202020202020202020202020202020
2020202020202020202020202020202020202020
2020202020202020202020202020202020202020
2020202020202020202020202020202020202020
2020202020202020202020202020202020202020
2020202020202020202020202020202020202020
2020202020202020202020202020202020202020
2020202020202020202020202020202020202020
2020202020202020202020202020202020202020
2020202020202020202020202020202020202020
2020202020202020202020202020202020202020
2020202020202020202020202020202020202020
2020202020202020202020202020202020202020
2020202020202020202020202020202020202020
2020202020202020202020202020202020202020
2020202020202020202020202020202020202020
2020202020202020202020202020202020202020
2020202020202020202020202020202020202020
2020202020202020202020202020202020202020
2020202020202020202020202020202020202020
2020202020202020202020202020202020202020
2020202020202020202020202020202020202020
2020202020202020202020202020202020202020
2020202020202020202020202020202020202020
2020202020202020202020202020202020202020
2020202020202020202020202020202020202020
2020202020202020202020202020202020202020
2020202020202020202020202020202020202020
2020202020202020202020202020202020202020
2020202020202020202020202020202020202020
2020202020202020202020202020202020202020
2020202020202020202020202020202020202020
2020202020202020202020202020202020202020
2020202020202020202020202020202020202020
2020202020202020202020202020202020202020
2020202020202020202020202020202020202020
2020202020202020202020202020202020202020
2020202020202020202020202020202020202020
2020202020202020202020202020202020202020
2020202020202020202020202020202020202020
2020202020202020202020202020202020202020
2020202020202020202020202020202020202020
2020202020202020202020202020202020202020
2020202020202020202020202020202020202020
2020202020202020202020202020202020202020
2020202020202020202020202020202020202020
2020202020202020202020202020202020202020
2020202020202020202020202020202020202020
2020202020202020202020202020202020202020
2020202020202020202020202020202020202020
2020202020202020202020202020202020202020
2020202020202020202020202020202020202020
2020202020202020202020202020202020202020
2020202020202020202020202020202020202020
2020202020202020202020202020202020202020
2020202020202020202020202020202020202020
2020202020202020202020202020202020202020
2020202020202020202020202020202020202020
2020202020202020202020202020202020202020
2020202020202020202020202020202020202020
2020202020202020202020202020202020202020
2020202020202020202020202020202020202020
2020202020202020202020202020202020202020
2020202020202020202020202020202020202020
2020202020202020202020202020202020202020
2020202020202020202020202020202020202020
2020202020202020202020202020202020202020
2020202020202020202020202020202020202020
2020202020202020202020202020202020202020
2020202020202020202020202020202020202020
2020202020202020202020202020202020202020
2020202020202020202020202020202020202020
2020202020202020202020202020202020202020
2020202020202020202020202020202020202020
2020202020202020202020202020202020202020
2020202020202020202020202020202020202020
2020202020202020202020202020202020202020
2020202020202020202020202020202020202020
2020202020202020202020202020202020202020
2020202020202020202020202020202020202020
2020202020202020202020202020202020202020
2020202020202020202020202020202020202020
2020202020202020202020202020202020202020
2020202020202020202020202020202020202020
2020202020202020202020202020202020202020
2020202020202020202020202020202020202020
2020202020202020202020202020202020202020
2020202020202020202020202020202020202020
2020202020202020202020202020202020202020
2020202020202020202020202020202020202020
2020202020202020202020202020202020202020
2020202020202020202020202020202020202020
2020202020202020202020202020202020202020
2020202020202020202020202020202020202020
2020202020202020202020202020202020202020
2020202020202020202020202020202020202020
2020202020202020202020202020202020202020
2020202020202020202020202020202020202020
2020202020202020202020202020202020202020
2020202020202020202020202020202020202020
2020202020202020202020202020202020202020
2020202020202020202020202020202020202020
2020202020202020202020202020202020202020
2020202020202020202020202020202020202020
2020202020202020202020202020202020202020
2020202020202020202020202020202020202020
2020202020202020202020202020202020202020
2020202020202020202020202020202020202020
2020202020202020202020202020202020202020
2020202020202020202020202020202020202020
2020202020202020202020202020202020202020
2020202020202020202020202020202020202020
2020202020202020202020202020202020202020
2020202020202020202020202020202020202020
2020202020202020202020202020202020202020
2020202020202020202020202020202020202020
2020202020202020202020202020202020202020
2020202020202020202020202020202020202020
2020202020202020202020202020202020202020
2020202020202020202020202020202020202020
2020202020202020202020202020202020202020
2020202020202020202020202020202020202020
2020202020202020202020202020202020202020
2020202020202020202020202020202020202020
2020202020202020202020202020202020202020
2020202020202020202020202020202020202020
2020202020202020202020202020202020202020
612c406120202020202020202020202020202020
2020202020202020202020202020202020202020
7470735f63616c63202020202020202020202020
2020202020202020202020202020202020202020
626f6f73745f7461726765745f6d61705f726561
2020202020202020202020202020202020202020
72706d5f617869735f6c6f6f6b75702020202020
2020202020202020202020202020202020202020
63765f6f70656e5f6c6f6f705f6d61705f726561
2020202020202020202020202020202020202020
2020202020202020202020202020202020202020
2020202020202020202020202020202020202020
7470735f616e676c655f706169725f63616c6320
2020202020202020202020202020202020202020
6c6f61645f617869735f68695f72656164202020
2020202020202020202020202020202020202020
2020202020202020202020202020202020202020
2020202020202020202020202020202020202020
7265746172645f61726d65642020202020202020
2020202020202020202020202020202020202020
7265746172645f61726d65642020202020202020
2020202020202020202020202020202020202020
2020202020202020202020202020202020202020
2020202020202020202020202020202020202020
2020202020202020202020202020202020202020
2020202020202020202020202020202020202020
2020202020202020202020202020202020202020
2020202020202020202020202020202020202020
2020202020202020202020202020202020202020
2020202020202020202020202020202020202020
2020202020202020202020202020202020202020
2020202020202020202020202020202020202020
2020202020202020202020202020202020202020
2020202020202020202020202020202020202020
2020202020202020202020202020202020202020
2020202020202020202020202020202020202020
2020202020202020202020202020202020202020
2020202020202020202020202020202020202020
2020202020202020202020202020202020202020
2020202020202020202020202020202020202020
2020202020202020202020202020202020202020
2020202020202020202020202020202020202020
2020202020202020202020202020202020202020
2020202020202020202020202020202020202020
2020202020202020202020202020202020202020
2020202020202020202020202020202020202020
2020202020202020202020202020202020202020
2020202020202020202020202020202020202020
2020202020202020202020202020202020202020
2020202020202020202020202020202020202020
2020202020202020202020202020202020202020
2020202020202020202020202020202020202020
2020202020202020202020202020202020202020
2020202020202020202020202020202020202020
2020202020202020202020202020202020202020
2020202020202020202020202020202020202020
2020202020202020202020202020202020202020
2020202020202020202020202020202020202020
2020202020202020202020202020202020202020
2020202020202020202020202020202020202020
2020202020202020202020202020202020202020
2020202020202020202020202020202020202020
2020202020202020202020202020202020202020
2020202020202020202020202020202020202020
2020202020202020202020202020202020202020
2020202020202020202020202020202020202020
2020202020202020202020202020202020202020
2020202020202020202020202020202020202020
2020202020202020202020202020202020202020
2020202020202020202020202020202020202020
2020202020202020202020202020202020202020
2020202020202020202020202020202020202020
2020202020202020202020202020202020202020
2020202020202020202020202020202020202020
2020202020202020202020202020202020202020
2020202020202020202020202020202020202020
2020202020202020202020202020202020202020
2020202020202020202020202020202020202020
2020202020202020202020202020202020202020
2020202020202020202020202020202020202020
2020202020202020202020202020202020202020
2020202020202020202020202020202020202020
2020202020202020202020202020202020202020
2020202020202020202020202020202020202020
2020202020202020202020202020202020202020
2020202020202020202020202020202020202020
2020202020202020202020202020202020202020
2020202020202020202020202020202020202020
2020202020202020202020202020202020202020
2020202020202020202020202020202020202020
2020202020202020202020202020202020202020
2020202020202020202020202020202020202020
2020202020202020202020202020202020202020
2020202020202020202020202020202020202020
2020202020202020202020202020202020202020
2020202020202020202020202020202020202020
2020202020202020202020202020202020202020
2020202020202020202020202020202020202020
2020202020202020202020202020202020202020
2020202020202020202020202020202020202020
2020202020202020202020202020202020202020
2020202020202020202020202020202020202020
2020202020202020202020202020202020202020
2020202020202020202020202020202020202020
2020202020202020202020202020202020202020
2020202020202020202020202020202020202020
2020202020202020202020202020202020202020
2020202020202020202020202020202020202020
2020202020202020202020202020202020202020
2020202020202020202020202020202020202020
2020202020202020202020202020202020202020
2020202020202020202020202020202020202020
2020202020202020202020202020202020202020
2020202020202020202020202020202020202020
2020202020202020202020202020202020202020
2020202020202020202020202020202020202020
2020202020202020202020202020202020202020
2020202020202020202020202020202020202020
2020202020202020202020202020202020202020
2020202020202020202020202020202020202020
2020202020202020202020202020202020202020
2020202020202020202020202020202020202020
2020202020202020202020202020202020202020
2020202020202020202020202020202020202020
2020202020202020202020202020202020202020
2020202020202020202020202020202020202020
2020202020202020202020202020202020202020
2020202020202020202020202020202020202020
2020202020202020202020202020202020202020
2020202020202020202020202020202020202020
2020202020202020202020202020202020202020
2020202020202020202020202020202020202020
2020202020202020202020202020202020202020
2020202020202020202020202020202020202020
2020202020202020202020202020202020202020
2020202020202020202020202020202020202020
2020202020202020202020202020202020202020
2020202020202020202020202020202020202020
2020202020202020202020202020202020202020
2020202020202020202020202020202020202020
2020202020202020202020202020202020202020
2020202020202020202020202020202020202020
2020202020202020202020202020202020202020
2020202020202020202020202020202020202020
2020202020202020202020202020202020202020
2020202020202020202020202020202020202020
2020202020202020202020202020202020202020
2020202020202020202020202020202020202020
2020202020202020202020202020202020202020
2020202020202020202020202020202020202020
2020202020202020202020202020202020202020
2020202020202020202020202020202020202020
2020202020202020202020202020202020202020
2020202020202020202020202020202020202020
2020202020202020202020202020202020202020
2020202020202020202020202020202020202020
2020202020202020202020202020202020202020
2020202020202020202020202020202020202020
2020202020202020202020202020202020202020
2020202020202020202020202020202020202020
2020202020202020202020202020202020202020
2020202020202020202020202020202020202020
2020202020202020202020202020202020202020
2020202020202020202020202020202020202020
2020202020202020202020202020202020202020
2020202020202020202020202020202020202020
2020202020202020202020202020202020202020
2020202020202020202020202020202020202020
2020202020202020202020202020202020202020
2020202020202020202020202020202020202020
2020202020202020202020202020202020202020
2020202020202020202020202020202020202020
2020202020202020202020202020202020202020
2020202020202020202020202020202020202020
2020202020202020202020202020202020202020
2020202020202020202020202020202020202020
2020202020202020202020202020202020202020
2020202020202020202020202020202020202020
2020202020202020202020202020202020202020
2020202020202020202020202020202020202020
2020202020202020202020202020202020202020
2020202020202020202020202020202020202020
2020202020202020202020202020202020202020
2020202020202020202020202020202020202020
2020202020202020202020202020202020202020
2020202020202020202020202020202020202020
2020202020202020202020202020202020202020
2020202020202020202020202020202020202020
2020202020202020202020202020202020202020
2020202020202020202020202020202020202020
2020202020202020202020202020202020202020
2020202020202020202020202020202020202020
2020202020202020202020202020202020202020
2020202020202020202020202020202020202020
2020202020202020202020202020202020202020
2020202020202020202020202020202020202020
2020202020202020202020202020202020202020
2020202020202020202020202020202020202020
2020202020202020202020202020202020202020
2020202020202020202020202020202020202020
2020202020202020202020202020202020202020
2020202020202020202020202020202020202020
2020202020202020202020202020202020202020
2020202020202020202020202020202020202020
2020202020202020202020202020202020202020
2020202020202020202020202020202020202020
2020202020202020202020202020202020202020
2020202020202020202020202020202020202020
2020202020202020202020202020202020202020
2020202020202020202020202020202020202020
2020202020202020202020202020202020202020
2020202020202020202020202020202020202020
2020202020202020202020202020202020202020
2020202020202020202020202020202020202020
2020202020202020202020202020202020202020
2020202020202020202020202020202020202020
2020202020202020202020202020202020202020
2020202020202020202020202020202020202020
2020202020202020202020202020202020202020
2020202020202020202020202020202020202020
2020202020202020202020202020202020202020
2020202020202020202020202020202020202020
2020202020202020202020202020202020202020
2020202020202020202020202020202020202020
2020202020202020202020202020202020202020
2020202020202020202020202020202020202020
2020202020202020202020202020202020202020
2020202020202020202020202020202020202020
2020202020202020202020202020202020202020
2020202020202020202020202020202020202020
2020202020202020202020202020202020202020
2020202020202020202020202020202020202020
2020202020202020202020202020202020202020
2020202020202020202020202020202020202020
2020202020202020202020202020202020202020
2020202020202020202020202020202020202020
2020202020202020202020202020202020202020
2020202020202020202020202020202020202020
2020202020202020202020202020202020202020
2020202020202020202020202020202020202020
2020202020202020202020202020202020202020
2020202020202020202020202020202020202020
2020202020202020202020202020202020202020
2020202020202020202020202020202020202020
2020202020202020202020202020202020202020
2020202020202020202020202020202020202020
2020202020202020202020202020202020202020
2020202020202020202020202020202020202020
2020202020202020202020202020202020202020
2020202020202020202020202020202020202020
2020202020202020202020202020202020202020
2020202020202020202020202020202020202020
2020202020202020202020202020202020202020
2020202020202020202020202020202020202020
2020202020202020202020202020202020202020
2020202020202020202020202020202020202020
612c406120202020202020202020202020202020
2020202020202020202020202020202020202020
72312c2334342020202020202020202020202020
2020202020202020202020202020202020202020
612c407231202020202020202020202020202020
6120202020202020202020202020202020202020
6120202020202020202020202020202020202020
612c233720202020202020202020202020202020
2020202020202020202020202020202020202020
6120202020202020202020202020202020202020
72352c6120202020202020202020202020202020
72322c2332352020202020202020202020202020
2020202020202020202020202020202020202020
612c723220202020202020202020202020202020
612c406120202020202020202020202020202020
6c6f61645f617869735f6c6f5f72656164202020
2020202020202020202020202020202020202020
72312c6120202020202020202020202020202020
612c723220202020202020202020202020202020
612c233920202020202020202020202020202020
2020202020202020202020202020202020202020
612c723220202020202020202020202020202020
612c723520202020202020202020202020202020
612c406120202020202020202020202020202020
4072312c61202020202020202020202020202020
6765745f626c696e6b2020202020202020202020
2020202020202020202020202020202020202020
72312c2334332020202020202020202020202020
2020202020202020202020202020202020202020
612c407231202020202020202020202020202020
612c233138202020202020202020202020202020
2020202020202020202020202020202020202020
612c723220202020202020202020202020202020
612c723520202020202020202020202020202020
612c406120202020202020202020202020202020
72312c2336422020202020202020202020202020
2020202020202020202020202020202020202020
4072312c61202020202020202020202020202020
2020202020202020202020202020202020202020
2020202020202020202020202020202020202020
2020202020202020202020202020202020202020
2020202020202020202020202020202020202020
2020202020202020202020202020202020202020
2020202020202020202020202020202020202020
2020202020202020202020202020202020202020
2020202020202020202020202020202020202020
2020202020202020202020202020202020202020
2020202020202020202020202020202020202020
2020202020202020202020202020202020202020
2020202020202020202020202020202020202020
2020202020202020202020202020202020202020
2020202020202020202020202020202020202020
2020202020202020202020202020202020202020
2020202020202020202020202020202020202020
2020202020202020202020202020202020202020
2020202020202020202020202020202020202020
2020202020202020202020202020202020202020
2020202020202020202020202020202020202020
2020202020202020202020202020202020202020
2020202020202020202020202020202020202020
2020202020202020202020202020202020202020
2020202020202020202020202020202020202020
2020202020202020202020202020202020202020
2020202020202020202020202020202020202020
2020202020202020202020202020202020202020
2020202020202020202020202020202020202020
2020202020202020202020202020202020202020
2020202020202020202020202020202020202020
2020202020202020202020202020202020202020
2020202020202020202020202020202020202020
2020202020202020202020202020202020202020
2020202020202020202020202020202020202020
2020202020202020202020202020202020202020
2020202020202020202020202020202020202020
2020202020202020202020202020202020202020
2020202020202020202020202020202020202020
2020202020202020202020202020202020202020
2020202020202020202020202020202020202020
2020202020202020202020202020202020202020
2020202020202020202020202020202020202020
2020202020202020202020202020202020202020
2020202020202020202020202020202020202020
2020202020202020202020202020202020202020
2020202020202020202020202020202020202020
2020202020202020202020202020202020202020
2020202020202020202020202020202020202020
2020202020202020202020202020202020202020
2020202020202020202020202020202020202020
2020202020202020202020202020202020202020
2020202020202020202020202020202020202020
2020202020202020202020202020202020202020
2020202020202020202020202020202020202020
2020202020202020202020202020202020202020
2020202020202020202020202020202020202020
2020202020202020202020202020202020202020
2020202020202020202020202020202020202020
2020202020202020202020202020202020202020
2020202020202020202020202020202020202020
2020202020202020202020202020202020202020
2020202020202020202020202020202020202020
2020202020202020202020202020202020202020
2020202020202020202020202020202020202020
2020202020202020202020202020202020202020
2020202020202020202020202020202020202020
2020202020202020202020202020202020202020
2020202020202020202020202020202020202020
2020202020202020202020202020202020202020
2020202020202020202020202020202020202020
2020202020202020202020202020202020202020
2020202020202020202020202020202020202020
2020202020202020202020202020202020202020
2020202020202020202020202020202020202020
2020202020202020202020202020202020202020
2020202020202020202020202020202020202020
2020202020202020202020202020202020202020
2020202020202020202020202020202020202020
2020202020202020202020202020202020202020
2020202020202020202020202020202020202020
2020202020202020202020202020202020202020
2020202020202020202020202020202020202020
2020202020202020202020202020202020202020
2020202020202020202020202020202020202020
2020202020202020202020202020202020202020
2020202020202020202020202020202020202020
2020202020202020202020202020202020202020
2020202020202020202020202020202020202020
2020202020202020202020202020202020202020
2020202020202020202020202020202020202020
2020202020202020202020202020202020202020
2020202020202020202020202020202020202020
2020202020202020202020202020202020202020
2020202020202020202020202020202020202020
2020202020202020202020202020202020202020
2020202020202020202020202020202020202020
2020202020202020202020202020202020202020
2020202020202020202020202020202020202020
2020202020202020202020202020202020202020
2020202020202020202020202020202020202020
2020202020202020202020202020202020202020
2020202020202020202020202020202020202020
2020202020202020202020202020202020202020
2020202020202020202020202020202020202020
2020202020202020202020202020202020202020
2020202020202020202020202020202020202020
2020202020202020202020202020202020202020
2020202020202020202020202020202020202020
2020202020202020202020202020202020202020
2020202020202020202020202020202020202020
2020202020202020202020202020202020202020
2020202020202020202020202020202020202020
2020202020202020202020202020202020202020
2020202020202020202020202020202020202020
2020202020202020202020202020202020202020
2020202020202020202020202020202020202020
2020202020202020202020202020202020202020
2020202020202020202020202020202020202020
2020202020202020202020202020202020202020
2020202020202020202020202020202020202020
2020202020202020202020202020202020202020
2020202020202020202020202020202020202020
2020202020202020202020202020202020202020
2020202020202020202020202020202020202020
2020202020202020202020202020202020202020
2020202020202020202020202020202020202020
2020202020202020202020202020202020202020
2020202020202020202020202020202020202020
2020202020202020202020202020202020202020
2020202020202020202020202020202020202020
2020202020202020202020202020202020202020
2020202020202020202020202020202020202020
2020202020202020202020202020202020202020
2020202020202020202020202020202020202020
2020202020202020202020202020202020202020
2020202020202020202020202020202020202020
2020202020202020202020202020202020202020
2020202020202020202020202020202020202020
2020202020202020202020202020202020202020
2020202020202020202020202020202020202020
2020202020202020202020202020202020202020
2020202020202020202020202020202020202020
2020202020202020202020202020202020202020
2020202020202020202020202020202020202020
2020202020202020202020202020202020202020
2020202020202020202020202020202020202020
2020202020202020202020202020202020202020
2020202020202020202020202020202020202020
2020202020202020202020202020202020202020
2020202020202020202020202020202020202020
2020202020202020202020202020202020202020
2020202020202020202020202020202020202020
2020202020202020202020202020202020202020
2020202020202020202020202020202020202020
2020202020202020202020202020202020202020
2020202020202020202020202020202020202020
2020202020202020202020202020202020202020
2020202020202020202020202020202020202020
2020202020202020202020202020202020202020
2020202020202020202020202020202020202020
2020202020202020202020202020202020202020
2020202020202020202020202020202020202020
2020202020202020202020202020202020202020
2020202020202020202020202020202020202020
2020202020202020202020202020202020202020
2020202020202020202020202020202020202020
2020202020202020202020202020202020202020
2020202020202020202020202020202020202020
2020202020202020202020202020202020202020
2020202020202020202020202020202020202020
2020202020202020202020202020202020202020
2020202020202020202020202020202020202020
2020202020202020202020202020202020202020
2020202020202020202020202020202020202020
2020202020202020202020202020202020202020
2020202020202020202020202020202020202020
2020202020202020202020202020202020202020
2020202020202020202020202020202020202020
2020202020202020202020202020202020202020
2020202020202020202020202020202020202020
2020202020202020202020202020202020202020
2020202020202020202020202020202020202020
2020202020202020202020202020202020202020
2020202020202020202020202020202020202020
2020202020202020202020202020202020202020
2020202020202020202020202020202020202020
2020202020202020202020202020202020202020
2020202020202020202020202020202020202020
2020202020202020202020202020202020202020
2020202020202020202020202020202020202020
2020202020202020202020202020202020202020
2020202020202020202020202020202020202020
2020202020202020202020202020202020202020
2020202020202020202020202020202020202020
2020202020202020202020202020202020202020
2020202020202020202020202020202020202020
2020202020202020202020202020202020202020
2020202020202020202020202020202020202020
2020202020202020202020202020202020202020
2020202020202020202020202020202020202020
2020202020202020202020202020202020202020
2020202020202020202020202020202020202020
2020202020202020202020202020202020202020
2020202020202020202020202020202020202020
2020202020202020202020202020202020202020
2020202020202020202020202020202020202020
2020202020202020202020202020202020202020
2020202020202020202020202020202020202020
2020202020202020202020202020202020202020
2020202020202020202020202020202020202020
2020202020202020202020202020202020202020
2020202020202020202020202020202020202020
2020202020202020202020202020202020202020
2020202020202020202020202020202020202020
2020202020202020202020202020202020202020
2020202020202020202020202020202020202020
2020202020202020202020202020202020202020
2020202020202020202020202020202020202020
612c406120202020202020202020202020202020
2020202020202020202020202020202020202020
2020202020202020202020202020202020202020
2020202020202020202020202020202020202020
2020202020202020202020202020202020202020
2020202020202020202020202020202020202020
2020202020202020202020202020202020202020
2020202020202020202020202020202020202020
2020202020202020202020202020202020202020
2020202020202020202020202020202020202020
2020202020202020202020202020202020202020
2020202020202020202020202020202020202020
2020202020202020202020202020202020202020
2020202020202020202020202020202020202020
2020202020202020202020202020202020202020
2020202020202020202020202020202020202020
2020202020202020202020202020202020202020
72312c2333432020202020202020202020202020
2020202020202020202020202020202020202020
612c407231202020202020202020202020202020
6120202020202020202020202020202020202020
7231202020202020202020202020202020202020
612c407231202020202020202020202020202020
72312c2333462020202020202020202020202020
2020202020202020202020202020202020202020
7470735f7261775f726561642020202020202020
2020202020202020202020202020202020202020
612c233620202020202020202020202020202020
2020202020202020202020202020202020202020
7470735f7261775f726561642020202020202020
2020202020202020202020202020202020202020
4072312c23422020202020202020202020202020
2020202020202020202020202020202020202020
612c407231202020202020202020202020202020
7470735f6c6f5f6e6962626c655f6d61736b2020
2020202020202020202020202020202020202020
6120202020202020202020202020202020202020
612c234620202020202020202020202020202020
2020202020202020202020202020202020202020
4072312c61202020202020202020202020202020
72312c2333432020202020202020202020202020
2020202020202020202020202020202020202020
612c407231202020202020202020202020202020
72362c6120202020202020202020202020202020
7231202020202020202020202020202020202020
612c407231202020202020202020202020202020
72332c6120202020202020202020202020202020
6d62302020202020202020202020202020202020
6d756c3820202020202020202020202020202020
2020202020202020202020202020202020202020
6d62312020202020202020202020202020202020
7231202020202020202020202020202020202020
4072312c61202020202020202020202020202020
612c234342202020202020202020202020202020
2020202020202020202020202020202020202020
7470735f616e676c655f68695f72616e67652020
2020202020202020202020202020202020202020
6120202020202020202020202020202020202020
72312c2334332020202020202020202020202020
2020202020202020202020202020202020202020
4072312c61202020202020202020202020202020
612c234533202020202020202020202020202020
2020202020202020202020202020202020202020
612c407231202020202020202020202020202020
7470735f737570706c795f7265665f63686b2020
2020202020202020202020202020202020202020
4072312c23314320202020202020202020202020
2020202020202020202020202020202020202020
72312c2333392020202020202020202020202020
2020202020202020202020202020202020202020
612c407231202020202020202020202020202020
72362c6120202020202020202020202020202020
72312c2333422020202020202020202020202020
2020202020202020202020202020202020202020
612c407231202020202020202020202020202020
72332c6120202020202020202020202020202020
6d62302020202020202020202020202020202020
6d756c3820202020202020202020202020202020
2020202020202020202020202020202020202020
6d62312020202020202020202020202020202020
612c234133202020202020202020202020202020
2020202020202020202020202020202020202020
7470735f63616c635f7265742020202020202020
2020202020202020202020202020202020202020
6120202020202020202020202020202020202020
6120202020202020202020202020202020202020
612c407231202020202020202020202020202020
4072312c61202020202020202020202020202020
2020202020202020202020202020202020202020
72312c2334342020202020202020202020202020
2020202020202020202020202020202020202020
72302c2332342020202020202020202020202020
2020202020202020202020202020202020202020
72362c2330202020202020202020202020202020
2020202020202020202020202020202020202020
612c407230202020202020202020202020202020
6120202020202020202020202020202020202020
72342c6120202020202020202020202020202020
7262302020202020202020202020202020202020
612c723720202020202020202020202020202020
7262312020202020202020202020202020202020
6120202020202020202020202020202020202020
72706d5f617869735f6d61785f73657420202020
2020202020202020202020202020202020202020
6120202020202020202020202020202020202020
612c233338202020202020202020202020202020
2020202020202020202020202020202020202020
612c723420202020202020202020202020202020
72342c6120202020202020202020202020202020
72706d5f617869735f636c616d70202020202020
2020202020202020202020202020202020202020
7236202020202020202020202020202020202020
612c723620202020202020202020202020202020
6120202020202020202020202020202020202020
6320202020202020202020202020202020202020
6120202020202020202020202020202020202020
612c406120202020202020202020202020202020
612c723420202020202020202020202020202020
72342c6120202020202020202020202020202020
72706d5f617869735f6964785f696e6320202020
2020202020202020202020202020202020202020
612c234334202020202020202020202020202020
2020202020202020202020202020202020202020
612c723620202020202020202020202020202020
72706d5f617869735f726573756c745f73776170
2020202020202020202020202020202020202020
72362c2333432020202020202020202020202020
2020202020202020202020202020202020202020
6120202020202020202020202020202020202020
612c723620202020202020202020202020202020
4072312c61202020202020202020202020202020
2020202020202020202020202020202020202020
72302c2334332020202020202020202020202020
2020202020202020202020202020202020202020
72312c2334342020202020202020202020202020
2020202020202020202020202020202020202020
6631202020202020202020202020202020202020
6c6162656c304338302020202020202020202020
2020202020202020202020202020202020202020
72312c2336382020202020202020202020202020
2020202020202020202020202020202020202020
4072312c61202020202020202020202020202020
2020202020202020202020202020202020202020
72302c2334332020202020202020202020202020
2020202020202020202020202020202020202020
72312c2334342020202020202020202020202020
2020202020202020202020202020202020202020
6631202020202020202020202020202020202020
6631202020202020202020202020202020202020
6164635f666e345f7369676e5f63686b20202020
2020202020202020202020202020202020202020
6120202020202020202020202020202020202020
72312c2335372020202020202020202020202020
2020202020202020202020202020202020202020
612c407231202020202020202020202020202020
6120202020202020202020202020202020202020
72312c2335312020202020202020202020202020
2020202020202020202020202020202020202020
4072312c61202020202020202020202020202020
2020202020202020202020202020202020202020
72302c2332412020202020202020202020202020
2020202020202020202020202020202020202020
72312c2332322020202020202020202020202020
2020202020202020202020202020202020202020
6c6162656c306238302020202020202020202020
2020202020202020202020202020202020202020
4072312c61202020202020202020202020202020
72302c2332422020202020202020202020202020
2020202020202020202020202020202020202020
7231202020202020202020202020202020202020
6c6162656c303338302020202020202020202020
2020202020202020202020202020202020202020
612c234638202020202020202020202020202020
2020202020202020202020202020202020202020
4072312c61202020202020202020202020202020
2020202020202020202020202020202020202020
2020202020202020202020202020202020202020
2020202020202020202020202020202020202020
2020202020202020202020202020202020202020
2020202020202020202020202020202020202020
2020202020202020202020202020202020202020
2020202020202020202020202020202020202020
2020202020202020202020202020202020202020
2020202020202020202020202020202020202020
2020202020202020202020202020202020202020
2020202020202020202020202020202020202020
2020202020202020202020202020202020202020
2020202020202020202020202020202020202020
2020202020202020202020202020202020202020
2020202020202020202020202020202020202020
2020202020202020202020202020202020202020
2020202020202020202020202020202020202020
2020202020202020202020202020202020202020
2020202020202020202020202020202020202020
2020202020202020202020202020202020202020
2020202020202020202020202020202020202020
2020202020202020202020202020202020202020
2020202020202020202020202020202020202020
2020202020202020202020202020202020202020
2020202020202020202020202020202020202020
2020202020202020202020202020202020202020
2020202020202020202020202020202020202020
2020202020202020202020202020202020202020
2020202020202020202020202020202020202020
2020202020202020202020202020202020202020
2020202020202020202020202020202020202020
2020202020202020202020202020202020202020
2020202020202020202020202020202020202020
2020202020202020202020202020202020202020
2020202020202020202020202020202020202020
2020202020202020202020202020202020202020
2020202020202020202020202020202020202020
2020202020202020202020202020202020202020
2020202020202020202020202020202020202020
2020202020202020202020202020202020202020
2020202020202020202020202020202020202020
2020202020202020202020202020202020202020
2020202020202020202020202020202020202020
2020202020202020202020202020202020202020
2020202020202020202020202020202020202020
2020202020202020202020202020202020202020
2020202020202020202020202020202020202020
2020202020202020202020202020202020202020
2020202020202020202020202020202020202020
2020202020202020202020202020202020202020
2020202020202020202020202020202020202020
2020202020202020202020202020202020202020
2020202020202020202020202020202020202020
2020202020202020202020202020202020202020
2020202020202020202020202020202020202020
2020202020202020202020202020202020202020
2020202020202020202020202020202020202020
2020202020202020202020202020202020202020
2020202020202020202020202020202020202020
2020202020202020202020202020202020202020
2020202020202020202020202020202020202020
2020202020202020202020202020202020202020
2020202020202020202020202020202020202020
2020202020202020202020202020202020202020
2020202020202020202020202020202020202020
2020202020202020202020202020202020202020
2020202020202020202020202020202020202020
2020202020202020202020202020202020202020
2020202020202020202020202020202020202020
2020202020202020202020202020202020202020
2020202020202020202020202020202020202020
2020202020202020202020202020202020202020
2020202020202020202020202020202020202020
2020202020202020202020202020202020202020
2020202020202020202020202020202020202020
2020202020202020202020202020202020202020
2020202020202020202020202020202020202020
2020202020202020202020202020202020202020
2020202020202020202020202020202020202020
2020202020202020202020202020202020202020
2020202020202020202020202020202020202020
612c406120202020202020202020202020202020
2020202020202020202020202020202020202020
2020202020202020202020202020202020202020
2020202020202020202020202020202020202020
2020202020202020202020202020202020202020
2020202020202020202020202020202020202020
2020202020202020202020202020202020202020
2020202020202020202020202020202020202020
2020202020202020202020202020202020202020
2020202020202020202020202020202020202020
2020202020202020202020202020202020202020
2020202020202020202020202020202020202020
2020202020202020202020202020202020202020
2020202020202020202020202020202020202020
2020202020202020202020202020202020202020
2020202020202020202020202020202020202020
2020202020202020202020202020202020202020
2020202020202020202020202020202020202020
2020202020202020202020202020202020202020
2020202020202020202020202020202020202020
2020202020202020202020202020202020202020
2020202020202020202020202020202020202020
2020202020202020202020202020202020202020
2020202020202020202020202020202020202020
2020202020202020202020202020202020202020
2020202020202020202020202020202020202020
2020202020202020202020202020202020202020
2020202020202020202020202020202020202020
2020202020202020202020202020202020202020
2020202020202020202020202020202020202020
2020202020202020202020202020202020202020
2020202020202020202020202020202020202020
2020202020202020202020202020202020202020
2020202020202020202020202020202020202020
2020202020202020202020202020202020202020
2020202020202020202020202020202020202020
2020202020202020202020202020202020202020
2020202020202020202020202020202020202020
2020202020202020202020202020202020202020
2020202020202020202020202020202020202020
2020202020202020202020202020202020202020
2020202020202020202020202020202020202020
2020202020202020202020202020202020202020
2020202020202020202020202020202020202020
2020202020202020202020202020202020202020
2020202020202020202020202020202020202020
2020202020202020202020202020202020202020
2020202020202020202020202020202020202020
2020202020202020202020202020202020202020
2020202020202020202020202020202020202020
2020202020202020202020202020202020202020
2020202020202020202020202020202020202020
2020202020202020202020202020202020202020
2020202020202020202020202020202020202020
2020202020202020202020202020202020202020
2020202020202020202020202020202020202020
2020202020202020202020202020202020202020
2020202020202020202020202020202020202020
2020202020202020202020202020202020202020
2020202020202020202020202020202020202020
2020202020202020202020202020202020202020
2020202020202020202020202020202020202020
2020202020202020202020202020202020202020
2020202020202020202020202020202020202020
2020202020202020202020202020202020202020
2020202020202020202020202020202020202020
2020202020202020202020202020202020202020
2020202020202020202020202020202020202020
2020202020202020202020202020202020202020
2020202020202020202020202020202020202020
2020202020202020202020202020202020202020
2020202020202020202020202020202020202020
2020202020202020202020202020202020202020
2020202020202020202020202020202020202020
2020202020202020202020202020202020202020
2020202020202020202020202020202020202020
2020202020202020202020202020202020202020
2020202020202020202020202020202020202020
2020202020202020202020202020202020202020
2020202020202020202020202020202020202020
2020202020202020202020202020202020202020
2020202020202020202020202020202020202020
2020202020202020202020202020202020202020
2020202020202020202020202020202020202020
2020202020202020202020202020202020202020
2020202020202020202020202020202020202020
2020202020202020202020202020202020202020
2020202020202020202020202020202020202020
2020202020202020202020202020202020202020
2020202020202020202020202020202020202020
2020202020202020202020202020202020202020
2020202020202020202020202020202020202020
2020202020202020202020202020202020202020
2020202020202020202020202020202020202020
2020202020202020202020202020202020202020
2020202020202020202020202020202020202020
2020202020202020202020202020202020202020
2020202020202020202020202020202020202020
2020202020202020202020202020202020202020
2020202020202020202020202020202020202020
2020202020202020202020202020202020202020
2020202020202020202020202020202020202020
2020202020202020202020202020202020202020
2020202020202020202020202020202020202020
2020202020202020202020202020202020202020
2020202020202020202020202020202020202020
2020202020202020202020202020202020202020
2020202020202020202020202020202020202020
2020202020202020202020202020202020202020
2020202020202020202020202020202020202020
2020202020202020202020202020202020202020
2020202020202020202020202020202020202020
2020202020202020202020202020202020202020
2020202020202020202020202020202020202020
2020202020202020202020202020202020202020
2020202020202020202020202020202020202020
2020202020202020202020202020202020202020
2020202020202020202020202020202020202020
2020202020202020202020202020202020202020
2020202020202020202020202020202020202020
2020202020202020202020202020202020202020
2020202020202020202020202020202020202020
2020202020202020202020202020202020202020
2020202020202020202020202020202020202020
2020202020202020202020202020202020202020
2020202020202020202020202020202020202020
2020202020202020202020202020202020202020
2020202020202020202020202020202020202020
2020202020202020202020202020202020202020
2020202020202020202020202020202020202020
612c407230202020202020202020202020202020
72332c6120202020202020202020202020202020
72302c2332342020202020202020202020202020
2020202020202020202020202020202020202020
612c407230202020202020202020202020202020
72362c6120202020202020202020202020202020
6d62302020202020202020202020202020202020
6d756c3820202020202020202020202020202020
2020202020202020202020202020202020202020
6d62312020202020202020202020202020202020
2020202020202020202020202020202020202020
706167655f7665635f3043202020202020202020
2020202020202020202020202020202020202020
2020202020202020202020202020202020202020
2020202020202020202020202020202020202020
2020202020202020202020202020202020202020
2020202020202020202020202020202020202020
2020202020202020202020202020202020202020
2020202020202020202020202020202020202020
2020202020202020202020202020202020202020
2020202020202020202020202020202020202020
2020202020202020202020202020202020202020
2020202020202020202020202020202020202020
2020202020202020202020202020202020202020
2020202020202020202020202020202020202020
2020202020202020202020202020202020202020
2020202020202020202020202020202020202020
2020202020202020202020202020202020202020
2020202020202020202020202020202020202020
2020202020202020202020202020202020202020
2020202020202020202020202020202020202020
2020202020202020202020202020202020202020
2020202020202020202020202020202020202020
2020202020202020202020202020202020202020
2020202020202020202020202020202020202020
2020202020202020202020202020202020202020
2020202020202020202020202020202020202020
2020202020202020202020202020202020202020
2020202020202020202020202020202020202020
2020202020202020202020202020202020202020
2020202020202020202020202020202020202020
2020202020202020202020202020202020202020
2020202020202020202020202020202020202020
2020202020202020202020202020202020202020
2020202020202020202020202020202020202020
2020202020202020202020202020202020202020
2020202020202020202020202020202020202020
2020202020202020202020202020202020202020
2020202020202020202020202020202020202020
2020202020202020202020202020202020202020
2020202020202020202020202020202020202020
2020202020202020202020202020202020202020
2020202020202020202020202020202020202020
2020202020202020202020202020202020202020
2020202020202020202020202020202020202020
2020202020202020202020202020202020202020
2020202020202020202020202020202020202020
2020202020202020202020202020202020202020
2020202020202020202020202020202020202020
2020202020202020202020202020202020202020
2020202020202020202020202020202020202020
2020202020202020202020202020202020202020
2020202020202020202020202020202020202020
2020202020202020202020202020202020202020
2020202020202020202020202020202020202020
2020202020202020202020202020202020202020
2020202020202020202020202020202020202020
2020202020202020202020202020202020202020
2020202020202020202020202020202020202020
2020202020202020202020202020202020202020
2020202020202020202020202020202020202020
2020202020202020202020202020202020202020
2020202020202020202020202020202020202020
2020202020202020202020202020202020202020
2020202020202020202020202020202020202020
2020202020202020202020202020202020202020
2020202020202020202020202020202020202020
2020202020202020202020202020202020202020
2020202020202020202020202020202020202020
2020202020202020202020202020202020202020
2020202020202020202020202020202020202020
2020202020202020202020202020202020202020
2020202020202020202020202020202020202020
2020202020202020202020202020202020202020
2020202020202020202020202020202020202020
2020202020202020202020202020202020202020
2020202020202020202020202020202020202020
2020202020202020202020202020202020202020
2020202020202020202020202020202020202020
2020202020202020202020202020202020202020
2020202020202020202020202020202020202020
2020202020202020202020202020202020202020
2020202020202020202020202020202020202020
2020202020202020202020202020202020202020
2020202020202020202020202020202020202020
2020202020202020202020202020202020202020
2020202020202020202020202020202020202020
2020202020202020202020202020202020202020
2020202020202020202020202020202020202020
2020202020202020202020202020202020202020
2020202020202020202020202020202020202020
2020202020202020202020202020202020202020
2020202020202020202020202020202020202020
2020202020202020202020202020202020202020
2020202020202020202020202020202020202020
2020202020202020202020202020202020202020
2020202020202020202020202020202020202020
2020202020202020202020202020202020202020
2020202020202020202020202020202020202020
2020202020202020202020202020202020202020
2020202020202020202020202020202020202020
2020202020202020202020202020202020202020
2020202020202020202020202020202020202020
2020202020202020202020202020202020202020
2020202020202020202020202020202020202020
2020202020202020202020202020202020202020
2020202020202020202020202020202020202020
2020202020202020202020202020202020202020
2020202020202020202020202020202020202020
2020202020202020202020202020202020202020
2020202020202020202020202020202020202020
2020202020202020202020202020202020202020
2020202020202020202020202020202020202020
2020202020202020202020202020202020202020
696e746572705f657869745f6a6d702020202020
2020202020202020202020202020202020202020
612c406120202020202020202020202020202020
2020202020202020202020202020202020202020
2020202020202020202020202020202020202020
2020202020202020202020202020202020202020
2020202020202020202020202020202020202020
2020202020202020202020202020202020202020
2020202020202020202020202020202020202020
2020202020202020202020202020202020202020
2020202020202020202020202020202020202020
2020202020202020202020202020202020202020
2020202020202020202020202020202020202020
2020202020202020202020202020202020202020
2020202020202020202020202020202020202020
2020202020202020202020202020202020202020
2020202020202020202020202020202020202020
2020202020202020202020202020202020202020
2020202020202020202020202020202020202020
2020202020202020202020202020202020202020
2020202020202020202020202020202020202020
2020202020202020202020202020202020202020
2020202020202020202020202020202020202020
2020202020202020202020202020202020202020
2020202020202020202020202020202020202020
2020202020202020202020202020202020202020
2020202020202020202020202020202020202020
2020202020202020202020202020202020202020
2020202020202020202020202020202020202020
2020202020202020202020202020202020202020
2020202020202020202020202020202020202020
2020202020202020202020202020202020202020
2020202020202020202020202020202020202020
2020202020202020202020202020202020202020
2020202020202020202020202020202020202020
2020202020202020202020202020202020202020
2020202020202020202020202020202020202020
2020202020202020202020202020202020202020
2020202020202020202020202020202020202020
2020202020202020202020202020202020202020
2020202020202020202020202020202020202020
2020202020202020202020202020202020202020
2020202020202020202020202020202020202020
2020202020202020202020202020202020202020
2020202020202020202020202020202020202020
2020202020202020202020202020202020202020
2020202020202020202020202020202020202020
2020202020202020202020202020202020202020
2020202020202020202020202020202020202020
2020202020202020202020202020202020202020
2020202020202020202020202020202020202020
2020202020202020202020202020202020202020
2020202020202020202020202020202020202020
2020202020202020202020202020202020202020
2020202020202020202020202020202020202020
2020202020202020202020202020202020202020
2020202020202020202020202020202020202020
2020202020202020202020202020202020202020
2020202020202020202020202020202020202020
2020202020202020202020202020202020202020
2020202020202020202020202020202020202020
2020202020202020202020202020202020202020
2020202020202020202020202020202020202020
2020202020202020202020202020202020202020
2020202020202020202020202020202020202020
2020202020202020202020202020202020202020
2020202020202020202020202020202020202020
2020202020202020202020202020202020202020
2020202020202020202020202020202020202020
2020202020202020202020202020202020202020
2020202020202020202020202020202020202020
2020202020202020202020202020202020202020
2020202020202020202020202020202020202020
2020202020202020202020202020202020202020
2020202020202020202020202020202020202020
2020202020202020202020202020202020202020
2020202020202020202020202020202020202020
2020202020202020202020202020202020202020
2020202020202020202020202020202020202020
2020202020202020202020202020202020202020
2020202020202020202020202020202020202020
2020202020202020202020202020202020202020
2020202020202020202020202020202020202020
2020202020202020202020202020202020202020
2020202020202020202020202020202020202020
2020202020202020202020202020202020202020
2020202020202020202020202020202020202020
2020202020202020202020202020202020202020
2020202020202020202020202020202020202020
2020202020202020202020202020202020202020
2020202020202020202020202020202020202020
2020202020202020202020202020202020202020
2020202020202020202020202020202020202020
2020202020202020202020202020202020202020
2020202020202020202020202020202020202020
2020202020202020202020202020202020202020
2020202020202020202020202020202020202020
2020202020202020202020202020202020202020
2020202020202020202020202020202020202020
2020202020202020202020202020202020202020
2020202020202020202020202020202020202020
2020202020202020202020202020202020202020
2020202020202020202020202020202020202020
2020202020202020202020202020202020202020
2020202020202020202020202020202020202020
2020202020202020202020202020202020202020
2020202020202020202020202020202020202020
2020202020202020202020202020202020202020
2020202020202020202020202020202020202020
2020202020202020202020202020202020202020
2020202020202020202020202020202020202020
2020202020202020202020202020202020202020
2020202020202020202020202020202020202020
2020202020202020202020202020202020202020
2020202020202020202020202020202020202020
2020202020202020202020202020202020202020
2020202020202020202020202020202020202020
2020202020202020202020202020202020202020
2020202020202020202020202020202020202020
2020202020202020202020202020202020202020
2020202020202020202020202020202020202020
2020202020202020202020202020202020202020
2020202020202020202020202020202020202020
2020202020202020202020202020202020202020
2020202020202020202020202020202020202020
2020202020202020202020202020202020202020
2020202020202020202020202020202020202020
2020202020202020202020202020202020202020
2020202020202020202020202020202020202020
2020202020202020202020202020202020202020
2020202020202020202020202020202020202020
2020202020202020202020202020202020202020
612c407231202020202020202020202020202020
6120202020202020202020202020202020202020
6120202020202020202020202020202020202020
612c234620202020202020202020202020202020
2020202020202020202020202020202020202020
72322c6120202020202020202020202020202020
612c407230202020202020202020202020202020
6120202020202020202020202020202020202020
6120202020202020202020202020202020202020
612c234630202020202020202020202020202020
2020202020202020202020202020202020202020
612c723220202020202020202020202020202020
72322c6120202020202020202020202020202020
612c407230202020202020202020202020202020
612c233320202020202020202020202020202020
2020202020202020202020202020202020202020
6120202020202020202020202020202020202020
7230202020202020202020202020202020202020
4072302c61202020202020202020202020202020
6120202020202020202020202020202020202020
72352c6120202020202020202020202020202020
72372c6120202020202020202020202020202020
72342c2334202020202020202020202020202020
2020202020202020202020202020202020202020
612c723420202020202020202020202020202020
6120202020202020202020202020202020202020
612c407230202020202020202020202020202020
612c723220202020202020202020202020202020
696e746572705f7061727469616c5f7361766520
2020202020202020202020202020202020202020
612c233130202020202020202020202020202020
2020202020202020202020202020202020202020
72332c6120202020202020202020202020202020
6d61705f74626c5f6c6f6f6b7570202020202020
2020202020202020202020202020202020202020
612c723520202020202020202020202020202020
72352c6120202020202020202020202020202020
696e746572705f6d61705f63656c6c5f72656164
2020202020202020202020202020202020202020
7237202020202020202020202020202020202020
612c407231202020202020202020202020202020
6120202020202020202020202020202020202020
612c723320202020202020202020202020202020
696e746572705f74626c5f6c6f6f6b75705f6361
2020202020202020202020202020202020202020
6120202020202020202020202020202020202020
6d61705f74626c5f6c6f6f6b7570202020202020
2020202020202020202020202020202020202020
612c723520202020202020202020202020202020
72352c6120202020202020202020202020202020
696e746572705f6e6578745f63656c6c5f726561
2020202020202020202020202020202020202020
7237202020202020202020202020202020202020
612c407231202020202020202020202020202020
7233202020202020202020202020202020202020
696e746572705f72335f726573746f7265202020
2020202020202020202020202020202020202020
7233202020202020202020202020202020202020
612c723320202020202020202020202020202020
6d61705f74626c5f6c6f6f6b7570202020202020
2020202020202020202020202020202020202020
612c723520202020202020202020202020202020
72352c6120202020202020202020202020202020
696e746572705f667261635f6d756c5f73746570
2020202020202020202020202020202020202020
7237202020202020202020202020202020202020
612c723320202020202020202020202020202020
6d61705f74626c5f6c6f6f6b7570202020202020
2020202020202020202020202020202020202020
612c723520202020202020202020202020202020
72352c6120202020202020202020202020202020
696e746572705f6c6f6f705f656e642020202020
2020202020202020202020202020202020202020
7237202020202020202020202020202020202020
72342c696e746572705f6c6f6f70202020202020
2020202020202020202020202020202020202020
612c723720202020202020202020202020202020
612c234620202020202020202020202020202020
2020202020202020202020202020202020202020
612c723520202020202020202020202020202020
72302c2331442020202020202020202020202020
2020202020202020202020202020202020202020
612c407230202020202020202020202020202020
6120202020202020202020202020202020202020
2020202020202020202020202020202020202020
2020202020202020202020202020202020202020
2020202020202020202020202020202020202020
2020202020202020202020202020202020202020
2020202020202020202020202020202020202020
2020202020202020202020202020202020202020
2020202020202020202020202020202020202020
2020202020202020202020202020202020202020
2020202020202020202020202020202020202020
2020202020202020202020202020202020202020
2020202020202020202020202020202020202020
2020202020202020202020202020202020202020
2020202020202020202020202020202020202020
2020202020202020202020202020202020202020
2020202020202020202020202020202020202020
2020202020202020202020202020202020202020
2020202020202020202020202020202020202020
2020202020202020202020202020202020202020
2020202020202020202020202020202020202020
2020202020202020202020202020202020202020
2020202020202020202020202020202020202020
2020202020202020202020202020202020202020
2020202020202020202020202020202020202020
2020202020202020202020202020202020202020
2020202020202020202020202020202020202020
2020202020202020202020202020202020202020
2020202020202020202020202020202020202020
2020202020202020202020202020202020202020
2020202020202020202020202020202020202020
2020202020202020202020202020202020202020
2020202020202020202020202020202020202020
2020202020202020202020202020202020202020
2020202020202020202020202020202020202020
2020202020202020202020202020202020202020
2020202020202020202020202020202020202020
2020202020202020202020202020202020202020
2020202020202020202020202020202020202020
2020202020202020202020202020202020202020
2020202020202020202020202020202020202020
2020202020202020202020202020202020202020
2020202020202020202020202020202020202020
2020202020202020202020202020202020202020
612c406120202020202020202020202020202020
2020202020202020202020202020202020202020
72302c2337412020202020202020202020202020
2020202020202020202020202020202020202020
72312c2334352020202020202020202020202020
2020202020202020202020202020202020202020
612c407231202020202020202020202020202020
6120202020202020202020202020202020202020
612c407230202020202020202020202020202020
6b6e6f636b5f6c6576656c5f7265616420202020
2020202020202020202020202020202020202020
612c407231202020202020202020202020202020
4072302c61202020202020202020202020202020
72312c2334372020202020202020202020202020
2020202020202020202020202020202020202020
72322c2330202020202020202020202020202020
2020202020202020202020202020202020202020
612c407230202020202020202020202020202020
72302c6120202020202020202020202020202020
72342c6120202020202020202020202020202020
6120202020202020202020202020202020202020
6c6162656c304643312020202020202020202020
2020202020202020202020202020202020202020
6c6162656c304643312020202020202020202020
2020202020202020202020202020202020202020
6c6162656c304642442020202020202020202020
2020202020202020202020202020202020202020
6c6162656c304642442020202020202020202020
2020202020202020202020202020202020202020
612c407231202020202020202020202020202020
6120202020202020202020202020202020202020
612c407231202020202020202020202020202020
7231202020202020202020202020202020202020
612c407231202020202020202020202020202020
6120202020202020202020202020202020202020
612c723420202020202020202020202020202020
6b6e6f636b5f6465746563742020202020202020
2020202020202020202020202020202020202020
72322c2339202020202020202020202020202020
2020202020202020202020202020202020202020
612c407231202020202020202020202020202020
6120202020202020202020202020202020202020
4072312c61202020202020202020202020202020
72302c2337332020202020202020202020202020
2020202020202020202020202020202020202020
72312c2334392020202020202020202020202020
2020202020202020202020202020202020202020
72332c2334202020202020202020202020202020
2020202020202020202020202020202020202020
6630202020202020202020202020202020202020
6630202020202020202020202020202020202020
6c6162656c303739382020202020202020202020
2020202020202020202020202020202020202020
72302c2336462020202020202020202020202020
2020202020202020202020202020202020202020
72332c2334202020202020202020202020202020
2020202020202020202020202020202020202020
7230202020202020202020202020202020202020
612c407230202020202020202020202020202020
72332c6b6e6f636b5f6e6578745f636820202020
2020202020202020202020202020202020202020
72312c2333412020202020202020202020202020
2020202020202020202020202020202020202020
612c407231202020202020202020202020202020
72352c6120202020202020202020202020202020
612c234630202020202020202020202020202020
2020202020202020202020202020202020202020
6b6e6f636b5f7468726573686f6c645f636d7020
2020202020202020202020202020202020202020
72312c2333332020202020202020202020202020
2020202020202020202020202020202020202020
612c407231202020202020202020202020202020
612c234546202020202020202020202020202020
2020202020202020202020202020202020202020
6b6e6f636b5f7468726573686f6c645f636d7020
2020202020202020202020202020202020202020
4072312c61202020202020202020202020202020
72312c2334382020202020202020202020202020
2020202020202020202020202020202020202020
612c407231202020202020202020202020202020
6120202020202020202020202020202020202020
612c723520202020202020202020202020202020
72312c2333312020202020202020202020202020
2020202020202020202020202020202020202020
612c407231202020202020202020202020202020
72372c6120202020202020202020202020202020
72372c6c6162656c304437342020202020202020
2020202020202020202020202020202020202020
4072312c23322020202020202020202020202020
2020202020202020202020202020202020202020
7232202020202020202020202020202020202020
612c233620202020202020202020202020202020
2020202020202020202020202020202020202020
72302c2333342020202020202020202020202020
2020202020202020202020202020202020202020
612c407230202020202020202020202020202020
72322c6b6e6f636b5f62656c6f775f7468726573
2020202020202020202020202020202020202020
6120202020202020202020202020202020202020
4072302c61202020202020202020202020202020
6b6e6f636b5f6170706c795f7265746172642020
2020202020202020202020202020202020202020
72312c2333332020202020202020202020202020
2020202020202020202020202020202020202020
4072312c23323320202020202020202020202020
2020202020202020202020202020202020202020
72302c2337422020202020202020202020202020
2020202020202020202020202020202020202020
612c407230202020202020202020202020202020
72332c6120202020202020202020202020202020
7230202020202020202020202020202020202020
612c407230202020202020202020202020202020
72362c2337342020202020202020202020202020
2020202020202020202020202020202020202020
6c6162656c303741422020202020202020202020
2020202020202020202020202020202020202020
6c6162656c303538392020202020202020202020
2020202020202020202020202020202020202020
6120202020202020202020202020202020202020
6c6162656c304437452020202020202020202020
2020202020202020202020202020202020202020
612c723220202020202020202020202020202020
6c6162656c304437432020202020202020202020
2020202020202020202020202020202020202020
70312c2342462020202020202020202020202020
2020202020202020202020202020202020202020
612c407230202020202020202020202020202020
612c723220202020202020202020202020202020
4072302c61202020202020202020202020202020
72302c2337412020202020202020202020202020
2020202020202020202020202020202020202020
72312c2334362020202020202020202020202020
2020202020202020202020202020202020202020
72362c2337342020202020202020202020202020
2020202020202020202020202020202020202020
72372c2334202020202020202020202020202020
2020202020202020202020202020202020202020
6c6162656c304641392020202020202020202020
2020202020202020202020202020202020202020
72302c2335452020202020202020202020202020
2020202020202020202020202020202020202020
72312c2337332020202020202020202020202020
2020202020202020202020202020202020202020
72362c2335382020202020202020202020202020
2020202020202020202020202020202020202020
72372c2334202020202020202020202020202020
2020202020202020202020202020202020202020
6c6162656c304641392020202020202020202020
2020202020202020202020202020202020202020
72302c2335372020202020202020202020202020
2020202020202020202020202020202020202020
72312c2332432020202020202020202020202020
2020202020202020202020202020202020202020
612c407231202020202020202020202020202020
612c233338202020202020202020202020202020
2020202020202020202020202020202020202020
72342c6120202020202020202020202020202020
6c6162656c304441352020202020202020202020
2020202020202020202020202020202020202020
72312c2334462020202020202020202020202020
2020202020202020202020202020202020202020
72332c2331202020202020202020202020202020
2020202020202020202020202020202020202020
6630202020202020202020202020202020202020
6c6162656c303739382020202020202020202020
2020202020202020202020202020202020202020
4072302c61202020202020202020202020202020
72312c2334432020202020202020202020202020
2020202020202020202020202020202020202020
612c407231202020202020202020202020202020
6120202020202020202020202020202020202020
6120202020202020202020202020202020202020
72322c6120202020202020202020202020202020
612c234630202020202020202020202020202020
2020202020202020202020202020202020202020
6120202020202020202020202020202020202020
72312c2335382020202020202020202020202020
2020202020202020202020202020202020202020
612c407231202020202020202020202020202020
6c6162656c304442412020202020202020202020
2020202020202020202020202020202020202020
6c6162656c304442412020202020202020202020
2020202020202020202020202020202020202020
7231202020202020202020202020202020202020
612c723220202020202020202020202020202020
612c234620202020202020202020202020202020
2020202020202020202020202020202020202020
612c407231202020202020202020202020202020
72312c2334442020202020202020202020202020
2020202020202020202020202020202020202020
612c407231202020202020202020202020202020
6c6162656c304443302020202020202020202020
2020202020202020202020202020202020202020
4072312020202020202020202020202020202020
6c6162656c304443452020202020202020202020
2020202020202020202020202020202020202020
4072312c61202020202020202020202020202020
6c6162656c304443452020202020202020202020
2020202020202020202020202020202020202020
612c407230202020202020202020202020202020
612c233520202020202020202020202020202020
2020202020202020202020202020202020202020
4072302c61202020202020202020202020202020
7231202020202020202020202020202020202020
612c407231202020202020202020202020202020
6120202020202020202020202020202020202020
7231202020202020202020202020202020202020
4072312c61202020202020202020202020202020
72322c2334442020202020202020202020202020
2020202020202020202020202020202020202020
612c407230202020202020202020202020202020
6120202020202020202020202020202020202020
612c723220202020202020202020202020202020
6c6162656c304444372020202020202020202020
2020202020202020202020202020202020202020
612c723220202020202020202020202020202020
4072302c61202020202020202020202020202020
72302c2336422020202020202020202020202020
2020202020202020202020202020202020202020
612c723420202020202020202020202020202020
6630202020202020202020202020202020202020
6630202020202020202020202020202020202020
6c6162656c303630302020202020202020202020
2020202020202020202020202020202020202020
612c407230202020202020202020202020202020
612c233320202020202020202020202020202020
2020202020202020202020202020202020202020
612c233120202020202020202020202020202020
2020202020202020202020202020202020202020
72362c6120202020202020202020202020202020
72372c6120202020202020202020202020202020
72302c2335332020202020202020202020202020
2020202020202020202020202020202020202020
72312c2335352020202020202020202020202020
2020202020202020202020202020202020202020
6c6162656c303546312020202020202020202020
2020202020202020202020202020202020202020
612c723620202020202020202020202020202020
72372c6120202020202020202020202020202020
72302c2335352020202020202020202020202020
2020202020202020202020202020202020202020
72312c2335312020202020202020202020202020
2020202020202020202020202020202020202020
6c6162656c304530382020202020202020202020
2020202020202020202020202020202020202020
4072302c61202020202020202020202020202020
7230202020202020202020202020202020202020
612c723320202020202020202020202020202020
4072302c61202020202020202020202020202020
2020202020202020202020202020202020202020
2020202020202020202020202020202020202020
2020202020202020202020202020202020202020
2020202020202020202020202020202020202020
2020202020202020202020202020202020202020
2020202020202020202020202020202020202020
2020202020202020202020202020202020202020
612c406120202020202020202020202020202020
2020202020202020202020202020202020202020
6c6162656c304538322020202020202020202020
2020202020202020202020202020202020202020
6c6162656c304533302020202020202020202020
2020202020202020202020202020202020202020
2020202020202020202020202020202020202020
2020202020202020202020202020202020202020
6c6162656c303544452020202020202020202020
2020202020202020202020202020202020202020
612c723720202020202020202020202020202020
72342c6120202020202020202020202020202020
612c407230202020202020202020202020202020
72322c6120202020202020202020202020202020
7230202020202020202020202020202020202020
612c407230202020202020202020202020202020
72332c6120202020202020202020202020202020
6c6162656c303743422020202020202020202020
2020202020202020202020202020202020202020
612c723420202020202020202020202020202020
72372c6120202020202020202020202020202020
612c723320202020202020202020202020202020
6120202020202020202020202020202020202020
612c233120202020202020202020202020202020
2020202020202020202020202020202020202020
72352c6120202020202020202020202020202020
612c723220202020202020202020202020202020
6120202020202020202020202020202020202020
612c233020202020202020202020202020202020
2020202020202020202020202020202020202020
72342c6120202020202020202020202020202020
612c407231202020202020202020202020202020
72322c6120202020202020202020202020202020
72332c2330202020202020202020202020202020
2020202020202020202020202020202020202020
6c6162656c303743422020202020202020202020
2020202020202020202020202020202020202020
612c407230202020202020202020202020202020
612c723520202020202020202020202020202020
72352c6120202020202020202020202020202020
7230202020202020202020202020202020202020
612c407230202020202020202020202020202020
612c723420202020202020202020202020202020
72342c6120202020202020202020202020202020
612c723520202020202020202020202020202020
612c723320202020202020202020202020202020
72332c6120202020202020202020202020202020
612c723420202020202020202020202020202020
612c723220202020202020202020202020202020
2020202020202020202020202020202020202020
72312c2335322020202020202020202020202020
2020202020202020202020202020202020202020
612c407231202020202020202020202020202020
6120202020202020202020202020202020202020
7231202020202020202020202020202020202020
612c407231202020202020202020202020202020
72312c2336342020202020202020202020202020
2020202020202020202020202020202020202020
6c6162656c304535362020202020202020202020
2020202020202020202020202020202020202020
72322c6120202020202020202020202020202020
6120202020202020202020202020202020202020
612c407231202020202020202020202020202020
612c407231202020202020202020202020202020
6c6162656c304534372020202020202020202020
2020202020202020202020202020202020202020
7231202020202020202020202020202020202020
612c407231202020202020202020202020202020
7231202020202020202020202020202020202020
6c6162656c304534422020202020202020202020
2020202020202020202020202020202020202020
612c723220202020202020202020202020202020
4072312c61202020202020202020202020202020
612c723220202020202020202020202020202020
6c6162656c304534422020202020202020202020
2020202020202020202020202020202020202020
4072312c61202020202020202020202020202020
6320202020202020202020202020202020202020
6120202020202020202020202020202020202020
6c6162656c304535382020202020202020202020
2020202020202020202020202020202020202020
6120202020202020202020202020202020202020
6c6162656c304535382020202020202020202020
2020202020202020202020202020202020202020
6120202020202020202020202020202020202020
612c407231202020202020202020202020202020
6c6162656c304535382020202020202020202020
2020202020202020202020202020202020202020
4072312c23302020202020202020202020202020
2020202020202020202020202020202020202020
612c407231202020202020202020202020202020
6c6162656c304537332020202020202020202020
2020202020202020202020202020202020202020
72302c2336422020202020202020202020202020
2020202020202020202020202020202020202020
612c407230202020202020202020202020202020
6120202020202020202020202020202020202020
6120202020202020202020202020202020202020
612c233320202020202020202020202020202020
2020202020202020202020202020202020202020
612c233120202020202020202020202020202020
2020202020202020202020202020202020202020
72372c6120202020202020202020202020202020
72302c2336352020202020202020202020202020
2020202020202020202020202020202020202020
612c407230202020202020202020202020202020
6120202020202020202020202020202020202020
6120202020202020202020202020202020202020
612c407231202020202020202020202020202020
6320202020202020202020202020202020202020
6120202020202020202020202020202020202020
6320202020202020202020202020202020202020
6120202020202020202020202020202020202020
6c6162656c304537452020202020202020202020
2020202020202020202020202020202020202020
72372c6c6162656c304536452020202020202020
2020202020202020202020202020202020202020
612c233830202020202020202020202020202020
2020202020202020202020202020202020202020
72302c2336322020202020202020202020202020
2020202020202020202020202020202020202020
4072302c61202020202020202020202020202020
72372c2336202020202020202020202020202020
2020202020202020202020202020202020202020
72302c2336352020202020202020202020202020
2020202020202020202020202020202020202020
6c6162656c303546312020202020202020202020
2020202020202020202020202020202020202020
612c233746202020202020202020202020202020
2020202020202020202020202020202020202020
6c6162656c303637332020202020202020202020
2020202020202020202020202020202020202020
6c6162656c304546362020202020202020202020
2020202020202020202020202020202020202020
72312c2335322020202020202020202020202020
2020202020202020202020202020202020202020
612c407231202020202020202020202020202020
6120202020202020202020202020202020202020
7231202020202020202020202020202020202020
612c407231202020202020202020202020202020
72342c6120202020202020202020202020202020
6c6162656c304538462020202020202020202020
2020202020202020202020202020202020202020
6630202020202020202020202020202020202020
6120202020202020202020202020202020202020
612c234643202020202020202020202020202020
2020202020202020202020202020202020202020
72312c2336412020202020202020202020202020
2020202020202020202020202020202020202020
72302c2336312020202020202020202020202020
2020202020202020202020202020202020202020
6c6162656c304539422020202020202020202020
2020202020202020202020202020202020202020
612c407231202020202020202020202020202020
4072312020202020202020202020202020202020
6c6162656c304544302020202020202020202020
2020202020202020202020202020202020202020
7231202020202020202020202020202020202020
612c407231202020202020202020202020202020
6120202020202020202020202020202020202020
7231202020202020202020202020202020202020
4072312c61202020202020202020202020202020
4072302020202020202020202020202020202020
6c6162656c304541372020202020202020202020
2020202020202020202020202020202020202020
612c407230202020202020202020202020202020
612c234645202020202020202020202020202020
2020202020202020202020202020202020202020
4072302c61202020202020202020202020202020
72312c2336322020202020202020202020202020
2020202020202020202020202020202020202020
612c407231202020202020202020202020202020
612c233630202020202020202020202020202020
2020202020202020202020202020202020202020
6c6162656c304542302020202020202020202020
2020202020202020202020202020202020202020
4072302c23383020202020202020202020202020
2020202020202020202020202020202020202020
612c234242202020202020202020202020202020
2020202020202020202020202020202020202020
72332c6120202020202020202020202020202020
6120202020202020202020202020202020202020
612c407230202020202020202020202020202020
6c6162656c304542452020202020202020202020
2020202020202020202020202020202020202020
612c233434202020202020202020202020202020
2020202020202020202020202020202020202020
72332c6120202020202020202020202020202020
6120202020202020202020202020202020202020
612c407230202020202020202020202020202020
6c6162656c304544302020202020202020202020
2020202020202020202020202020202020202020
72312c2336372020202020202020202020202020
2020202020202020202020202020202020202020
612c407231202020202020202020202020202020
6c6162656c304543352020202020202020202020
2020202020202020202020202020202020202020
6320202020202020202020202020202020202020
6320202020202020202020202020202020202020
6120202020202020202020202020202020202020
6c6162656c304543392020202020202020202020
2020202020202020202020202020202020202020
4072312020202020202020202020202020202020
6c6162656c304543452020202020202020202020
2020202020202020202020202020202020202020
6120202020202020202020202020202020202020
6120202020202020202020202020202020202020
4072312c61202020202020202020202020202020
612c723320202020202020202020202020202020
4072302c61202020202020202020202020202020
72312c2336422020202020202020202020202020
2020202020202020202020202020202020202020
612c407231202020202020202020202020202020
6c6162656c304544392020202020202020202020
2020202020202020202020202020202020202020
612c723420202020202020202020202020202020
6320202020202020202020202020202020202020
6120202020202020202020202020202020202020
72342c6120202020202020202020202020202020
612c723420202020202020202020202020202020
6320202020202020202020202020202020202020
6120202020202020202020202020202020202020
72342c6120202020202020202020202020202020
6c6162656c304545352020202020202020202020
2020202020202020202020202020202020202020
612c234330202020202020202020202020202020
2020202020202020202020202020202020202020
6c6162656c304545352020202020202020202020
2020202020202020202020202020202020202020
72342c2334302020202020202020202020202020
2020202020202020202020202020202020202020
612c723420202020202020202020202020202020
72312c2336302020202020202020202020202020
2020202020202020202020202020202020202020
4072312c61202020202020202020202020202020
612c407230202020202020202020202020202020
7230202020202020202020202020202020202020
612c407230202020202020202020202020202020
7230202020202020202020202020202020202020
6c6162656c304546312020202020202020202020
2020202020202020202020202020202020202020
6c6162656c304546332020202020202020202020
2020202020202020202020202020202020202020
4072302c61202020202020202020202020202020
2020202020202020202020202020202020202020
4072302c23374620202020202020202020202020
2020202020202020202020202020202020202020
2020202020202020202020202020202020202020
6c6162656c304630302020202020202020202020
2020202020202020202020202020202020202020
2020202020202020202020202020202020202020
2020202020202020202020202020202020202020
2020202020202020202020202020202020202020
2020202020202020202020202020202020202020
2020202020202020202020202020202020202020
2020202020202020202020202020202020202020
612c406120202020202020202020202020202020
2020202020202020202020202020202020202020
72312c2336332020202020202020202020202020
2020202020202020202020202020202020202020
612c407231202020202020202020202020202020
72362c6120202020202020202020202020202020
6120202020202020202020202020202020202020
6c6162656c304630412020202020202020202020
2020202020202020202020202020202020202020
6120202020202020202020202020202020202020
72362c6120202020202020202020202020202020
6630202020202020202020202020202020202020
612c407230202020202020202020202020202020
612c233146202020202020202020202020202020
2020202020202020202020202020202020202020
72332c6120202020202020202020202020202020
6d62302020202020202020202020202020202020
6d756c3820202020202020202020202020202020
2020202020202020202020202020202020202020
6d62312020202020202020202020202020202020
72332c2342312020202020202020202020202020
2020202020202020202020202020202020202020
6c6162656c304631392020202020202020202020
2020202020202020202020202020202020202020
6120202020202020202020202020202020202020
72332c2330202020202020202020202020202020
2020202020202020202020202020202020202020
72342c6120202020202020202020202020202020
72312c2336372020202020202020202020202020
2020202020202020202020202020202020202020
612c407231202020202020202020202020202020
6320202020202020202020202020202020202020
6120202020202020202020202020202020202020
72312c2336382020202020202020202020202020
2020202020202020202020202020202020202020
612c407231202020202020202020202020202020
72312c2336462020202020202020202020202020
2020202020202020202020202020202020202020
4072312c61202020202020202020202020202020
612c723420202020202020202020202020202020
72342c6120202020202020202020202020202020
6c6162656c304632412020202020202020202020
2020202020202020202020202020202020202020
6320202020202020202020202020202020202020
6c6162656c304633332020202020202020202020
2020202020202020202020202020202020202020
6120202020202020202020202020202020202020
612c723320202020202020202020202020202020
6c6162656c304633312020202020202020202020
2020202020202020202020202020202020202020
6320202020202020202020202020202020202020
6c6162656c304633462020202020202020202020
2020202020202020202020202020202020202020
612c723320202020202020202020202020202020
72342c6120202020202020202020202020202020
72312c2336372020202020202020202020202020
2020202020202020202020202020202020202020
612c407231202020202020202020202020202020
6120202020202020202020202020202020202020
6120202020202020202020202020202020202020
6c6162656c304633452020202020202020202020
2020202020202020202020202020202020202020
612c233420202020202020202020202020202020
2020202020202020202020202020202020202020
4072312c61202020202020202020202020202020
72322c2332322020202020202020202020202020
2020202020202020202020202020202020202020
6c6162656c304644352020202020202020202020
2020202020202020202020202020202020202020
72312c2334332020202020202020202020202020
2020202020202020202020202020202020202020
612c407231202020202020202020202020202020
6c6162656c304638312020202020202020202020
2020202020202020202020202020202020202020
612c234646202020202020202020202020202020
2020202020202020202020202020202020202020
6c6162656c304634462020202020202020202020
2020202020202020202020202020202020202020
612c407230202020202020202020202020202020
6c6162656c304638312020202020202020202020
2020202020202020202020202020202020202020
7231202020202020202020202020202020202020
612c407231202020202020202020202020202020
612c234334202020202020202020202020202020
2020202020202020202020202020202020202020
6c6162656c304638312020202020202020202020
2020202020202020202020202020202020202020
612c233020202020202020202020202020202020
2020202020202020202020202020202020202020
6c6162656c304635432020202020202020202020
2020202020202020202020202020202020202020
612c407230202020202020202020202020202020
6c6162656c304638312020202020202020202020
2020202020202020202020202020202020202020
72312c2334422020202020202020202020202020
2020202020202020202020202020202020202020
612c407231202020202020202020202020202020
72322c6120202020202020202020202020202020
72312c2333332020202020202020202020202020
2020202020202020202020202020202020202020
612c407231202020202020202020202020202020
6c6162656c304636392020202020202020202020
2020202020202020202020202020202020202020
612c234546202020202020202020202020202020
2020202020202020202020202020202020202020
6c6162656c304638312020202020202020202020
2020202020202020202020202020202020202020
612c723420202020202020202020202020202020
4072302c61202020202020202020202020202020
72302c2336462020202020202020202020202020
2020202020202020202020202020202020202020
72342c2334202020202020202020202020202020
2020202020202020202020202020202020202020
7230202020202020202020202020202020202020
612c407230202020202020202020202020202020
6120202020202020202020202020202020202020
612c723220202020202020202020202020202020
6c6162656c304637452020202020202020202020
2020202020202020202020202020202020202020
612c723220202020202020202020202020202020
4072302c61202020202020202020202020202020
72312c2333332020202020202020202020202020
2020202020202020202020202020202020202020
612c407231202020202020202020202020202020
6c6162656c304637452020202020202020202020
2020202020202020202020202020202020202020
4072312c23313120202020202020202020202020
2020202020202020202020202020202020202020
72342c6c6162656c304636462020202020202020
2020202020202020202020202020202020202020
2020202020202020202020202020202020202020
6120202020202020202020202020202020202020
72332c2331302020202020202020202020202020
2020202020202020202020202020202020202020
72312c2335372020202020202020202020202020
2020202020202020202020202020202020202020
4072312c61202020202020202020202020202020
7231202020202020202020202020202020202020
72332c6c6162656c304638362020202020202020
2020202020202020202020202020202020202020
4072312c23383020202020202020202020202020
2020202020202020202020202020202020202020
72312c2336312020202020202020202020202020
2020202020202020202020202020202020202020
4072312c23383020202020202020202020202020
2020202020202020202020202020202020202020
72312c2335322020202020202020202020202020
2020202020202020202020202020202020202020
612c407231202020202020202020202020202020
7231202020202020202020202020202020202020
4072312c61202020202020202020202020202020
6120202020202020202020202020202020202020
6c6162656c303736412020202020202020202020
2020202020202020202020202020202020202020
4072312020202020202020202020202020202020
612c407231202020202020202020202020202020
6c6162656c304641312020202020202020202020
2020202020202020202020202020202020202020
7231202020202020202020202020202020202020
612c407231202020202020202020202020202020
6120202020202020202020202020202020202020
7231202020202020202020202020202020202020
4072312c61202020202020202020202020202020
612c723320202020202020202020202020202020
612c407230202020202020202020202020202020
6c6162656c304641382020202020202020202020
2020202020202020202020202020202020202020
6c6162656c304641382020202020202020202020
2020202020202020202020202020202020202020
6120202020202020202020202020202020202020
2020202020202020202020202020202020202020
6c6162656c304530382020202020202020202020
2020202020202020202020202020202020202020
6c6162656c304642302020202020202020202020
2020202020202020202020202020202020202020
6c6162656c304642302020202020202020202020
2020202020202020202020202020202020202020
2020202020202020202020202020202020202020
612c723620202020202020202020202020202020
72302c6120202020202020202020202020202020
612c723620202020202020202020202020202020
612c723320202020202020202020202020202020
72372c2334202020202020202020202020202020
2020202020202020202020202020202020202020
612c407230202020202020202020202020202020
7230202020202020202020202020202020202020
612c407230202020202020202020202020202020
7230202020202020202020202020202020202020
72372c6c6162656c304642362020202020202020
2020202020202020202020202020202020202020
2020202020202020202020202020202020202020
612c723020202020202020202020202020202020
6320202020202020202020202020202020202020
6120202020202020202020202020202020202020
72302c6120202020202020202020202020202020
612c407231202020202020202020202020202020
6120202020202020202020202020202020202020
612c407231202020202020202020202020202020
6c6162656c304643392020202020202020202020
2020202020202020202020202020202020202020
612c723420202020202020202020202020202020
612c723420202020202020202020202020202020
2020202020202020202020202020202020202020
612c723020202020202020202020202020202020
2020202020202020202020202020202020202020
612c723220202020202020202020202020202020
6320202020202020202020202020202020202020
6120202020202020202020202020202020202020
72322c6120202020202020202020202020202020
612c723320202020202020202020202020202020
6120202020202020202020202020202020202020
72332c6120202020202020202020202020202020
72372c6c6162656c304643422020202020202020
2020202020202020202020202020202020202020
2020202020202020202020202020202020202020
72302c2334312020202020202020202020202020
2020202020202020202020202020202020202020
612c723420202020202020202020202020202020
612c233430202020202020202020202020202020
2020202020202020202020202020202020202020
6c6162656c304644452020202020202020202020
2020202020202020202020202020202020202020
2020202020202020202020202020202020202020
2020202020202020202020202020202020202020
2020202020202020202020202020202020202020
2020202020202020202020202020202020202020
2020202020202020202020202020202020202020
2020202020202020202020202020202020202020
2020202020202020202020202020202020202020
2020202020202020202020202020202020202020
2020202020202020202020202020202020202020
2020202020202020202020202020202020202020
2020202020202020202020202020202020202020
2020202020202020202020202020202020202020
2020202020202020202020202020202020202020
2020202020202020202020202020202020202020
2020202020202020202020202020202020202020
2020202020202020202020202020202020202020
2020202020202020202020202020202020202020
2020202020202020202020202020202020202020
2020202020202020202020202020202020202020
2020202020202020202020202020202020202020
2020202020202020202020202020202020202020
2020202020202020202020202020202020202020
2020202020202020202020202020202020202020
2020202020202020202020202020202020202020
2020202020202020202020202020202020202020
6c6162656c304633322020202020202020202020
2020202020202020202020202020202020202020
6c6162656c304634332020202020202020202020
2020202020202020202020202020202020202020
612c233433202020202020202020202020202020
2020202020202020202020202020202020202020
6c6162656c304633322020202020202020202020
2020202020202020202020202020202020202020
6c6162656c304632302020202020202020202020
2020202020202020202020202020202020202020
6920202020202020202020202020202020202020