7374727420742020202020202020202020202020
6a6d702072657365742020202020202020202020
2020202020202020202020202020202020202020
73656c2072623020202020202020202020202020
6469732069202020202020202020202020202020
6a6d70206372616e6b5f7265665f6973725f626f
2020202020202020202020202020202020202020
73656c2072623020202020202020202020202020
6d6f76204072302c612020202020202020202020
6d6f7620612c7237202020202020202020202020
6d6f7620742c6120202020202020202020202020
646a6e7a2072362c7265746172645f63686b5f64
2020202020202020202020202020202020202020
696e632072362020202020202020202020202020
696e632072362020202020202020202020202020
73746f702074636e742020202020202020202020
6a6e7431207265746172645f636f756e745f6c6f
2020202020202020202020202020202020202020
656e206920202020202020202020202020202020
646a6e7a2072332c7265746172645f636f756e74
2020202020202020202020202020202020202020
696e632072332020202020202020202020202020
616e6c2070322c23424620202020202020202020
2020202020202020202020202020202020202020
6f726c2070322c23383020202020202020202020
2020202020202020202020202020202020202020
646a6e7a2072322c74696d65725f736c6f775f74
2020202020202020202020202020202020202020
6d6f762072302c23323620202020202020202020
2020202020202020202020202020202020202020
6d6f7620612c4072302020202020202020202020
696e632061202020202020202020202020202020
6d6f762072322c61202020202020202020202020
6d6f7620612c7237202020202020202020202020
7272632061202020202020202020202020202020
78636820612c7232202020202020202020202020
726c632061202020202020202020202020202020
78636820612c7232202020202020202020202020
7272632061202020202020202020202020202020
6a6e63207265746172645f6269745f726f745f6c
2020202020202020202020202020202020202020
646a6e7a2072322c7265746172645f7370696e5f
2020202020202020202020202020202020202020
6f726c2070322c23343020202020202020202020
2020202020202020202020202020202020202020
616e6c2070322c23374620202020202020202020
2020202020202020202020202020202020202020
646a6e7a2072352c74696d65725f726573746f72
2020202020202020202020202020202020202020
696e632072352020202020202020202020202020
6d6f762072302c23333820202020202020202020
2020202020202020202020202020202020202020
6a6d7020736c6f775f7469636b5f72345f646563
2020202020202020202020202020202020202020
646a6e7a2072352c74696d65725f63765f70776d
2020202020202020202020202020202020202020
6d6f762072302c23343020202020202020202020
2020202020202020202020202020202020202020
6d6f7620612c7237202020202020202020202020
696e632040723020202020202020202020202020
6a623120736c6f775f7469636b5f706572696f64
2020202020202020202020202020202020202020
696e632040723020202020202020202020202020
6d6f7620612c4072302020202020202020202020
696e632072302020202020202020202020202020
6a623220736c6f775f7469636b5f7470735f7265
2020202020202020202020202020202020202020
6d6f7620612c4072302020202020202020202020
6a7a20736c6f775f7469636b5f7470735f7a6572
2020202020202020202020202020202020202020
616e6c2070312c23454620202020202020202020
2020202020202020202020202020202020202020
6a6d7020736c6f775f7469636b5f72656c6f6164
2020202020202020202020202020202020202020
6465632072302020202020202020202020202020
6d6f76204072302c234646202020202020202020
2020202020202020202020202020202020202020
696e632072302020202020202020202020202020
6d6f7620612c4072302020202020202020202020
63706c2061202020202020202020202020202020
61646420612c2343312020202020202020202020
2020202020202020202020202020202020202020
6f726c2070312c23313020202020202020202020
2020202020202020202020202020202020202020
6d6f762072352c61202020202020202020202020
6465632072302020202020202020202020202020
6d6f7620612c4072302020202020202020202020
7377617020612020202020202020202020202020
7863686420612c40723020202020202020202020
616e6c20612c2337372020202020202020202020
2020202020202020202020202020202020202020
6d6f76204072302c612020202020202020202020
6d6f762072302c23333820202020202020202020
2020202020202020202020202020202020202020
646a6e7a2072342c74696d65725f6973725f6578
2020202020202020202020202020202020202020
696e632072342020202020202020202020202020
6d6f7620612c4072302020202020202020202020
7265747220202020202020202020202020202020
646a6e7a2072342c74696d65725f6973725f6578
2020202020202020202020202020202020202020
6f726c2070312c23383020202020202020202020
2020202020202020202020202020202020202020
6d6f762072302c23324320202020202020202020
2020202020202020202020202020202020202020
6d6f7620612c4072302020202020202020202020
696e632040723020202020202020202020202020
6d6f762072342c23322020202020202020202020
2020202020202020202020202020202020202020
63616c6c206164635f6469737061746368202020
2020202020202020202020202020202020202020
6d6f762072302c23333820202020202020202020
2020202020202020202020202020202020202020
6d6f7620612c4072302020202020202020202020
7265747220202020202020202020202020202020
616e6c2070322c23343720202020202020202020
2020202020202020202020202020202020202020
6a6d702072657365743220202020202020202020
2020202020202020202020202020202020202020
6a6e743120726573657431202020202020202020
2020202020202020202020202020202020202020
616e6c2070322c23383720202020202020202020
2020202020202020202020202020202020202020
6d6f762072302c23323520202020202020202020
2020202020202020202020202020202020202020
6d6f762072312c23323120202020202020202020
2020202020202020202020202020202020202020
6d6f7620612c4072312020202020202020202020
6d6f76204072302c612020202020202020202020
696e632072302020202020202020202020202020
6465632072312020202020202020202020202020
6d6f7620612c4072312020202020202020202020
6d6f76204072302c612020202020202020202020
6d6f762072302c23323820202020202020202020
2020202020202020202020202020202020202020
6d6f7620612c4072302020202020202020202020
6d6f76204072312c612020202020202020202020
696e632072302020202020202020202020202020
696e632072312020202020202020202020202020
6d6f7620612c4072302020202020202020202020
6d6f76204072312c612020202020202020202020
6d6f762072302c23333820202020202020202020
2020202020202020202020202020202020202020
6d6f7620612c2346432020202020202020202020
2020202020202020202020202020202020202020
6d6f7620742c6120202020202020202020202020
6d6f762072322c61202020202020202020202020
696e632072352020202020202020202020202020
6d6f762072312c23343020202020202020202020
2020202020202020202020202020202020202020
6d6f7620612c4072312020202020202020202020
646a6e7a2072352c202020202020202020202020
2020202020202020202020202020202020202020
696e632072352020202020202020202020202020
7377617020612020202020202020202020202020
7863686420612c40723120202020202020202020
6a623220696e69745f3120202020202020202020
2020202020202020202020202020202020202020
616e6c2070312c23454620202020202020202020
2020202020202020202020202020202020202020
63616c6c2073657472345f616464323220202020
2020202020202020202020202020202020202020
656e2074636e7469202020202020202020202020
6d6f762072312c23334320202020202020202020
2020202020202020202020202020202020202020
6d6f767820612c40723120202020202020202020
78636820612c4072312020202020202020202020
696e632072312020202020202020202020202020
6d6f76204072312c612020202020202020202020
6d6f762072312c23334520202020202020202020
2020202020202020202020202020202020202020
6d6f7620612c4072312020202020202020202020
63706c2061202020202020202020202020202020
6d6f762072312c23334120202020202020202020
2020202020202020202020202020202020202020
61646420612c4072312020202020202020202020
6a6320696e69745f322020202020202020202020
2020202020202020202020202020202020202020
616e6c2070312c23444620202020202020202020
2020202020202020202020202020202020202020
6d6f762072312c23323420202020202020202020
2020202020202020202020202020202020202020
636c722061202020202020202020202020202020
78636820612c7236202020202020202020202020
63706c2061202020202020202020202020202020
6d6f76204072312c612020202020202020202020
6d6f7620612c4072312020202020202020202020
61646420612c2331412020202020202020202020
2020202020202020202020202020202020202020
6a6e6320696e69745f3420202020202020202020
2020202020202020202020202020202020202020
6d6f7620612c7237202020202020202020202020
636c722063202020202020202020202020202020
726c632061202020202020202020202020202020
6d6f762072372c61202020202020202020202020
696e632072312020202020202020202020202020
6d6f7620612c4072312020202020202020202020
636c722063202020202020202020202020202020
7272632061202020202020202020202020202020
6d6f76204072312c612020202020202020202020
6465632072312020202020202020202020202020
6d6f7620612c7231202020202020202020202020
63706c2061202020202020202020202020202020
6a623420696e69745f3320202020202020202020
2020202020202020202020202020202020202020
63616c6c2073657472345f61646432323a202020
2020202020202020202020202020202020202020
6d6f762072312c23323420202020202020202020
2020202020202020202020202020202020202020
6d6f7620612c4072312020202020202020202020
61646420612c2339322020202020202020202020
2020202020202020202020202020202020202020
63706c2066312020202020202020202020202020
6a6320696e69745f372020202020202020202020
2020202020202020202020202020202020202020
61646420612c2334312020202020202020202020
2020202020202020202020202020202020202020
6a6320696e69745f352020202020202020202020
2020202020202020202020202020202020202020
63706c2066312020202020202020202020202020
6d6f7620612c7237202020202020202020202020
6a623120696e69745f3720202020202020202020
2020202020202020202020202020202020202020
636c722063202020202020202020202020202020
63706c2063202020202020202020202020202020
7272632061202020202020202020202020202020
6d6f762072372c61202020202020202020202020
696e632072312020202020202020202020202020
6d6f7620612c4072312020202020202020202020
636c722063202020202020202020202020202020
726c632061202020202020202020202020202020
6d6f76204072312c612020202020202020202020
6465632072312020202020202020202020202020
6d6f7620612c7231202020202020202020202020
63706c2061202020202020202020202020202020
6a623420696e69745f3620202020202020202020
2020202020202020202020202020202020202020
63616c6c2073657472345f616464323220202020
2020202020202020202020202020202020202020
6d6f762072312c23333120202020202020202020
2020202020202020202020202020202020202020
696e632040723120202020202020202020202020
6a6d702063796c5f7265665f616c69676e5f6c6f
2020202020202020202020202020202020202020
6e6f702020202020202020202020202020202020
6e6f702020202020202020202020202020202020
6e6f702020202020202020202020202020202020
6e6f702020202020202020202020202020202020
6e6f702020202020202020202020202020202020
6e6f702020202020202020202020202020202020
6e6f702020202020202020202020202020202020
6e6f702020202020202020202020202020202020
6e6f702020202020202020202020202020202020
6e6f702020202020202020202020202020202020
6d6f767020612c40612020202020202020202020
7265742020202020202020202020202020202020
6e6f702020202020202020202020202020202020
696e632040723120202020202020202020202020
6d6f762072312c23324320202020202020202020
2020202020202020202020202020202020202020
6d6f7620612c4072312020202020202020202020
616e6c20612c2337202020202020202020202020
2020202020202020202020202020202020202020
6a6e7a2063796c5f7265665f616c69676e5f696e
2020202020202020202020202020202020202020
6d6f762072312c23333320202020202020202020
2020202020202020202020202020202020202020
6d6f7620612c4072312020202020202020202020
6a7a20626c696e6b5f7365715f646f6e65202020
2020202020202020202020202020202020202020
6d6f7620612c7237202020202020202020202020
6a6231206b6e6f636b5f6c65645f6f6e20202020
2020202020202020202020202020202020202020
6d6f762072312c23324320202020202020202020
2020202020202020202020202020202020202020
6d6f7620612c4072312020202020202020202020
6a623720626c696e6b5f7365715f646f6e652020
2020202020202020202020202020202020202020
6d6f762072312c23333220202020202020202020
2020202020202020202020202020202020202020
6a6e7a206b6e6f636b5f626c696e6b5f636e745f
2020202020202020202020202020202020202020
6d6f7620612c4072312020202020202020202020
6a6e7a206b6e6f636b5f626c696e6b5f636e745f
2020202020202020202020202020202020202020
696e632072312020202020202020202020202020
6d6f7620612c4072312020202020202020202020
6465632072312020202020202020202020202020
61646420612c2341382020202020202020202020
2020202020202020202020202020202020202020
7377617020612020202020202020202020202020
61646420612c2331392020202020202020202020
2020202020202020202020202020202020202020
6465632061202020202020202020202020202020
6d6f76204072312c612020202020202020202020
6d6f7620612c4072312020202020202020202020
616e6c20612c2346202020202020202020202020
2020202020202020202020202020202020202020
6a6e7a206b6e6f636b5f626c696e6b5f63686b5f
2020202020202020202020202020202020202020
6d6f7620612c4072312020202020202020202020
7377617020612020202020202020202020202020
6a6233206b6e6f636b5f626c696e6b5f636e745f
2020202020202020202020202020202020202020
6d6f76204072312c612020202020202020202020
61646420612c2346442020202020202020202020
2020202020202020202020202020202020202020
6a6e6320626c696e6b5f7365715f646f6e652020
2020202020202020202020202020202020202020
6f726c2070322c23313020202020202020202020
2020202020202020202020202020202020202020
6d6f762072312c23323720202020202020202020
2020202020202020202020202020202020202020
6d6f7620612c7231202020202020202020202020
78636820612c4072312020202020202020202020
61646420612c2344392020202020202020202020
2020202020202020202020202020202020202020
6a6e7a207265746172645f76616c5f7365745f6d
2020202020202020202020202020202020202020
6d6f7620612c7237202020202020202020202020
636c722063202020202020202020202020202020
726c632061202020202020202020202020202020
6a63207265746172645f76616c5f73686966745f
2020202020202020202020202020202020202020
6a7a207377697463685f746f5f7262315f6d6169
2020202020202020202020202020202020202020
6d6f762072372c23463020202020202020202020
2020202020202020202020202020202020202020
73656c2072623120202020202020202020202020
6d6f762072312c23323420202020202020202020
2020202020202020202020202020202020202020
6d6f7620612c4072312020202020202020202020
6d6f762072362c61202020202020202020202020
73656c2072623020202020202020202020202020
6d6f7620612c7237202020202020202020202020
6a6232206b6e6f636b5f7265746172645f63616c
2020202020202020202020202020202020202020
6a623320696e69745f63765f616e645f73656e73
2020202020202020202020202020202020202020
6f726c2070322c23313020202020202020202020
2020202020202020202020202020202020202020
6d6f762072312c23374620202020202020202020
2020202020202020202020202020202020202020
6d6f76204072312c233246202020202020202020
2020202020202020202020202020202020202020
6465632072312020202020202020202020202020
6d6f76204072312c233436202020202020202020
2020202020202020202020202020202020202020
6465632072312020202020202020202020202020
6d6f76204072312c233331202020202020202020
2020202020202020202020202020202020202020
6465632072312020202020202020202020202020
6d6f76204072312c233334202020202020202020
2020202020202020202020202020202020202020
6465632072312020202020202020202020202020
6d6f76204072312c233020202020202020202020
2020202020202020202020202020202020202020
6d6f7620612c7231202020202020202020202020
78726c20612c2332382020202020202020202020
2020202020202020202020202020202020202020
6a6e7a207a65726f5f6d656d2020202020202020
2020202020202020202020202020202020202020
6d6f7620612c2346462020202020202020202020
2020202020202020202020202020202020202020
6f726c2070312c23313020202020202020202020
2020202020202020202020202020202020202020
6d6f762072312c23324520202020202020202020
2020202020202020202020202020202020202020
6d6f76204072312c612020202020202020202020
6d6f762072312c23333020202020202020202020
2020202020202020202020202020202020202020
6d6f76204072312c612020202020202020202020
6d6f762072312c23333420202020202020202020
2020202020202020202020202020202020202020
6d6f76204072312c233620202020202020202020
2020202020202020202020202020202020202020
696e632072312020202020202020202020202020
6d6f76204072312c612020202020202020202020
696e632072312020202020202020202020202020
6d6f76204072312c612020202020202020202020
6d6f762072312c23333920202020202020202020
2020202020202020202020202020202020202020
6d6f76204072312c234338202020202020202020
2020202020202020202020202020202020202020
6d6f7620612c2337372020202020202020202020
2020202020202020202020202020202020202020
6d6f762072312c23334220202020202020202020
2020202020202020202020202020202020202020
6d6f76204072312c612020202020202020202020
6d6f762072312c23334320202020202020202020
2020202020202020202020202020202020202020
6d6f76204072312c612020202020202020202020
696e632072312020202020202020202020202020
6d6f76204072312c612020202020202020202020
696e632072312020202020202020202020202020
6d6f76204072312c612020202020202020202020
6d6f762072312c23324320202020202020202020
2020202020202020202020202020202020202020
6d6f76204072312c233020202020202020202020
2020202020202020202020202020202020202020
6d6f762072312c23324120202020202020202020
2020202020202020202020202020202020202020
6d6f76204072312c233346202020202020202020
2020202020202020202020202020202020202020
696e632072312020202020202020202020202020
6d6f76204072312c233142202020202020202020
2020202020202020202020202020202020202020
6d6f762072312c23323220202020202020202020
2020202020202020202020202020202020202020
6d6f76204072312c234120202020202020202020
2020202020202020202020202020202020202020
696e632072312020202020202020202020202020
6d6f76204072312c233220202020202020202020
2020202020202020202020202020202020202020
636c722061202020202020202020202020202020
6d6f762072322c61202020202020202020202020
6d6f762072332c61202020202020202020202020
6469732069202020202020202020202020202020
73656c2072623120202020202020202020202020
63616c6c20646961675f73746172742020202020
2020202020202020202020202020202020202020
6f726c2070322c23343020202020202020202020
2020202020202020202020202020202020202020
616e6c2070322c23374620202020202020202020
2020202020202020202020202020202020202020
6a6e743120776169745f69676e5f312020202020
2020202020202020202020202020202020202020
616e6c2070322c23424620202020202020202020
2020202020202020202020202020202020202020
6f726c2070322c23383020202020202020202020
2020202020202020202020202020202020202020
6a6d7020776169745f69676e5f32202020202020
2020202020202020202020202020202020202020
73656c2072623120202020202020202020202020
6d6f762072312c23373320202020202020202020
2020202020202020202020202020202020202020
6d6f7620612c4072312020202020202020202020
6d6f762072312c23334620202020202020202020
2020202020202020202020202020202020202020
61646420612c4072312020202020202020202020
6d6f762072332c61202020202020202020202020
63616c6c206d756c382020202020202020202020
2020202020202020202020202020202020202020
636c722063202020202020202020202020202020
7272632061202020202020202020202020202020
6d6f762072312c23323920202020202020202020
2020202020202020202020202020202020202020
6d6f76204072312c612020202020202020202020
6d6f7620612c7233202020202020202020202020
7272632061202020202020202020202020202020
7377617020612020202020202020202020202020
616e6c20612c2346202020202020202020202020
2020202020202020202020202020202020202020
6465632072312020202020202020202020202020
6d6f76204072312c612020202020202020202020
6a6d70206b6e6f636b5f626c696e6b5f75706461
2020202020202020202020202020202020202020
2020202020202020202020202020202020202020
2020202020202020202020202020202020202020
2020202020202020202020202020202020202020
2020202020202020202020202020202020202020
2020202020202020202020202020202020202020
2020202020202020202020202020202020202020
2020202020202020202020202020202020202020
2020202020202020202020202020202020202020
2020202020202020202020202020202020202020
2020202020202020202020202020202020202020
2020202020202020202020202020202020202020
2020202020202020202020202020202020202020
2020202020202020202020202020202020202020
2020202020202020202020202020202020202020
2020202020202020202020202020202020202020
2020202020202020202020202020202020202020
2020202020202020202020202020202020202020
2020202020202020202020202020202020202020
2020202020202020202020202020202020202020
2020202020202020202020202020202020202020
2020202020202020202020202020202020202020
2020202020202020202020202020202020202020
2020202020202020202020202020202020202020
2020202020202020202020202020202020202020
2020202020202020202020202020202020202020
2020202020202020202020202020202020202020
2020202020202020202020202020202020202020
2020202020202020202020202020202020202020
2020202020202020202020202020202020202020
2020202020202020202020202020202020202020
2020202020202020202020202020202020202020
2020202020202020202020202020202020202020
2020202020202020202020202020202020202020
2020202020202020202020202020202020202020
2020202020202020202020202020202020202020
2020202020202020202020202020202020202020
2020202020202020202020202020202020202020
2020202020202020202020202020202020202020
2020202020202020202020202020202020202020
2020202020202020202020202020202020202020
2020202020202020202020202020202020202020
2020202020202020202020202020202020202020
2020202020202020202020202020202020202020
2020202020202020202020202020202020202020
2020202020202020202020202020202020202020
2020202020202020202020202020202020202020
2020202020202020202020202020202020202020
2020202020202020202020202020202020202020
2020202020202020202020202020202020202020
2020202020202020202020202020202020202020
2020202020202020202020202020202020202020
2020202020202020202020202020202020202020
2020202020202020202020202020202020202020
6d6f767020612c40612020202020202020202020
7265742020202020202020202020202020202020
6d6f762072312c23333320202020202020202020
2020202020202020202020202020202020202020
6d6f7620612c4072312020202020202020202020
61646420612c2345452020202020202020202020
2020202020202020202020202020202020202020
6a6e632072706d5f617869735f74626c5f686920
2020202020202020202020202020202020202020
61646420612c2345432020202020202020202020
2020202020202020202020202020202020202020
6a632072706d5f617869735f74626c5f68692020
2020202020202020202020202020202020202020
6d6f762072302c23373320202020202020202020
2020202020202020202020202020202020202020
6d6f76204072302c233244202020202020202020
2020202020202020202020202020202020202020
6d6f762072302c23333120202020202020202020
2020202020202020202020202020202020202020
6d6f76204072302c233220202020202020202020
2020202020202020202020202020202020202020
6a6d70207265746172645f6d61705f7265616420
2020202020202020202020202020202020202020
6d6f762072302c23343420202020202020202020
2020202020202020202020202020202020202020
6d6f7620612c2345342020202020202020202020
2020202020202020202020202020202020202020
61646420612c4072302020202020202020202020
6a632072706d5f617869735f74626c5f6c6f2020
2020202020202020202020202020202020202020
6d6f762072302c23324620202020202020202020
2020202020202020202020202020202020202020
6d6f7620612c2338392020202020202020202020
2020202020202020202020202020202020202020
61646420612c4072302020202020202020202020
6d6f762072322c23323220202020202020202020
2020202020202020202020202020202020202020
6a632072706d5f617869735f74626c5f6e657874
2020202020202020202020202020202020202020
6465632072322020202020202020202020202020
6d6f7620612c2346412020202020202020202020
2020202020202020202020202020202020202020
61646420612c4072302020202020202020202020
63706c2063202020202020202020202020202020
696e632072302020202020202020202020202020
63616c6c206b6e6f636b5f6661756c745f626c69
2020202020202020202020202020202020202020
6a6d70207265746172645f6d61705f7265616420
2020202020202020202020202020202020202020
6d6f762072302c23343320202020202020202020
2020202020202020202020202020202020202020
6d6f7620612c4072302020202020202020202020
63706c2061202020202020202020202020202020
61646420612c2331382020202020202020202020
2020202020202020202020202020202020202020
6a63207265746172645f6d61705f726561642020
2020202020202020202020202020202020202020
6d6f762072302c23353220202020202020202020
2020202020202020202020202020202020202020
6d6f7620612c4072302020202020202020202020
61646420612c2342462020202020202020202020
2020202020202020202020202020202020202020
63706c2063202020202020202020202020202020
6d6f762072322c23333320202020202020202020
2020202020202020202020202020202020202020
6d6f762072302c23333020202020202020202020
2020202020202020202020202020202020202020
63616c6c206b6e6f636b5f6661756c745f626c69
2020202020202020202020202020202020202020
6d6f762072302c23324520202020202020202020
2020202020202020202020202020202020202020
6d6f7620612c4072302020202020202020202020
61646420612c2337322020202020202020202020
2020202020202020202020202020202020202020
6a63207265746172645f6d61705f6c6f6f702020
2020202020202020202020202020202020202020
6d6f76204072312c233132202020202020202020
2020202020202020202020202020202020202020
6d6f7620612c4072302020202020202020202020
61646420612c2336422020202020202020202020
2020202020202020202020202020202020202020
6a6e6320626f6f73745f6175785f726561642020
2020202020202020202020202020202020202020
6d6f7620612c4072312020202020202020202020
78726c20612c2331322020202020202020202020
2020202020202020202020202020202020202020
6a6e7a20626f6f73745f6175785f726561642020
2020202020202020202020202020202020202020
6d6f76204072312c612020202020202020202020
6d6f762072302c23334120202020202020202020
2020202020202020202020202020202020202020
6d6f76204072302c612020202020202020202020
6d6f762072302c23343120202020202020202020
2020202020202020202020202020202020202020
6d6f7620612c4072302020202020202020202020
636c722063202020202020202020202020202020
6a6e7a20626f6f73745f6572726f725f63616c63
2020202020202020202020202020202020202020
63616c6c207265746172645f696e746572702020
2020202020202020202020202020202020202020
6d6f762072302c23363020202020202020202020
2020202020202020202020202020202020202020
6d6f7620612c4072302020202020202020202020
6d6f762072322c23333220202020202020202020
2020202020202020202020202020202020202020
6a6237206f766572626f6f73745f6572726f725f
2020202020202020202020202020202020202020
6d6f762072302c23343420202020202020202020
2020202020202020202020202020202020202020
6d6f7620612c4072302020202020202020202020
61646420612c2344422020202020202020202020
2020202020202020202020202020202020202020
6a6e632030323732202020202020202020202020
2020202020202020202020202020202020202020
63616c6c207265746172645f696e746572702020
2020202020202020202020202020202020202020
6d6f762072302c23363020202020202020202020
2020202020202020202020202020202020202020
6d6f7620612c4072302020202020202020202020
6465632072322020202020202020202020202020
63706c2061202020202020202020202020202020
61646420612c2332302020202020202020202020
2020202020202020202020202020202020202020
6a6320626f6f73745f6572726f725f6469722020
2020202020202020202020202020202020202020
61646420612c2332302020202020202020202020
2020202020202020202020202020202020202020
63706c2063202020202020202020202020202020
6d6f762072302c23364320202020202020202020
2020202020202020202020202020202020202020
6d6f7620612c4072302020202020202020202020
6a6e7a207470735f626f6f73745f6c696d69745f
2020202020202020202020202020202020202020
6d6f762072302c23333520202020202020202020
2020202020202020202020202020202020202020
6d6f7620612c2336342020202020202020202020
2020202020202020202020202020202020202020
63616c6c206b6e6f636b5f6661756c745f636e74
2020202020202020202020202020202020202020
6d6f762072302c23334320202020202020202020
2020202020202020202020202020202020202020
6d6f7620612c2346342020202020202020202020
2020202020202020202020202020202020202020
61646420612c4072302020202020202020202020
63706c2063202020202020202020202020202020
6d6f762072322c23343120202020202020202020
2020202020202020202020202020202020202020
6a632063765f647574795f73746f726520202020
2020202020202020202020202020202020202020
6d6f7620612c2332342020202020202020202020
2020202020202020202020202020202020202020
61646420612c4072302020202020202020202020
696e632072322020202020202020202020202020
6d6f7620612c4072302020202020202020202020
6d6f76204072302c612020202020202020202020
6d6f762072302c23333620202020202020202020
2020202020202020202020202020202020202020
63616c6c206b6e6f636b5f6661756c745f626c69
2020202020202020202020202020202020202020
73656c206d623120202020202020202020202020
63616c6c206b6e6f636b5f7468726573686f6c64
2020202020202020202020202020202020202020
73656c206d623020202020202020202020202020
63616c6c20646961675f73746172742020202020
2020202020202020202020202020202020202020
6d6f762072312c23313720202020202020202020
2020202020202020202020202020202020202020
6d6f76204072312c233820202020202020202020
2020202020202020202020202020202020202020
6465632072312020202020202020202020202020
636c722061202020202020202020202020202020
78636820612c4072312020202020202020202020
6a62302073656c6563745f6d62315f6d61707320
2020202020202020202020202020202020202020
6465632061202020202020202020202020202020
6465632061202020202020202020202020202020
7863686420612c40723120202020202020202020
73656c206d623120202020202020202020202020
7265742020202020202020202020202020202020
6d6f762072302c23333520202020202020202020
2020202020202020202020202020202020202020
6d6f76204072302c233634202020202020202020
2020202020202020202020202020202020202020
7265742020202020202020202020202020202020
2020202020202020202020202020202020202020
2020202020202020202020202020202020202020
2020202020202020202020202020202020202020
2020202020202020202020202020202020202020
2020202020202020202020202020202020202020
2020202020202020202020202020202020202020
2020202020202020202020202020202020202020
2020202020202020202020202020202020202020
2020202020202020202020202020202020202020
2020202020202020202020202020202020202020
2020202020202020202020202020202020202020
2020202020202020202020202020202020202020
2020202020202020202020202020202020202020
2020202020202020202020202020202020202020
2020202020202020202020202020202020202020
2020202020202020202020202020202020202020
2020202020202020202020202020202020202020
2020202020202020202020202020202020202020
2020202020202020202020202020202020202020
2020202020202020202020202020202020202020
2020202020202020202020202020202020202020
2020202020202020202020202020202020202020
2020202020202020202020202020202020202020
2020202020202020202020202020202020202020
2020202020202020202020202020202020202020
2020202020202020202020202020202020202020
2020202020202020202020202020202020202020
2020202020202020202020202020202020202020
2020202020202020202020202020202020202020
2020202020202020202020202020202020202020
2020202020202020202020202020202020202020
2020202020202020202020202020202020202020
2020202020202020202020202020202020202020
2020202020202020202020202020202020202020
2020202020202020202020202020202020202020
2020202020202020202020202020202020202020
2020202020202020202020202020202020202020
2020202020202020202020202020202020202020
2020202020202020202020202020202020202020
2020202020202020202020202020202020202020
2020202020202020202020202020202020202020
2020202020202020202020202020202020202020
2020202020202020202020202020202020202020
2020202020202020202020202020202020202020
2020202020202020202020202020202020202020
2020202020202020202020202020202020202020
2020202020202020202020202020202020202020
2020202020202020202020202020202020202020
2020202020202020202020202020202020202020
2020202020202020202020202020202020202020
2020202020202020202020202020202020202020
2020202020202020202020202020202020202020
2020202020202020202020202020202020202020
2020202020202020202020202020202020202020
2020202020202020202020202020202020202020
2020202020202020202020202020202020202020
2020202020202020202020202020202020202020
2020202020202020202020202020202020202020
2020202020202020202020202020202020202020
2020202020202020202020202020202020202020
2020202020202020202020202020202020202020
2020202020202020202020202020202020202020
2020202020202020202020202020202020202020
2020202020202020202020202020202020202020
2020202020202020202020202020202020202020
2020202020202020202020202020202020202020
2020202020202020202020202020202020202020
2020202020202020202020202020202020202020
2020202020202020202020202020202020202020
2020202020202020202020202020202020202020
2020202020202020202020202020202020202020
2020202020202020202020202020202020202020
6d6f767020612c40612020202020202020202020
7265742020202020202020202020202020202020
6d6f762072352c23392020202020202020202020
2020202020202020202020202020202020202020
636c722063202020202020202020202020202020
636c722061202020202020202020202020202020
7272632061202020202020202020202020202020
78636820612c7233202020202020202020202020
7272632061202020202020202020202020202020
78636820612c7233202020202020202020202020
6a6e63206d756c385f6c6f6f705f656e64202020
2020202020202020202020202020202020202020
61646420612c7236202020202020202020202020
646a6e7a2072352c6d756c385f6c6f6f70202020
2020202020202020202020202020202020202020
7265742020202020202020202020202020202020
6d6f76204072302c612020202020202020202020
6d6f762072302c23323520202020202020202020
2020202020202020202020202020202020202020
6d6f7620612c4072302020202020202020202020
696e632061202020202020202020202020202020
6d6f762072322c61202020202020202020202020
6d6f762072302c23323120202020202020202020
2020202020202020202020202020202020202020
6d6f7620612c4072302020202020202020202020
696e632061202020202020202020202020202020
6d6f762072332c61202020202020202020202020
6d6f7620612c7237202020202020202020202020
7377617020612020202020202020202020202020
63706c2061202020202020202020202020202020
61646420612c2341202020202020202020202020
2020202020202020202020202020202020202020
6d6f762072302c61202020202020202020202020
646a6e7a2072302c6372616e6b5f7265665f6465
2020202020202020202020202020202020202020
6d6f762072302c23333820202020202020202020
2020202020202020202020202020202020202020
6d6f7620612c4072302020202020202020202020
7265747220202020202020202020202020202020
6d6f762072312c23323220202020202020202020
2020202020202020202020202020202020202020
6d6f7620612c4072312020202020202020202020
6d6f762072342c61202020202020202020202020
7265742020202020202020202020202020202020
6d6f7620612c2333432020202020202020202020
2020202020202020202020202020202020202020
78636820612c4072302020202020202020202020
6a6e63206b6e6f636b5f6661756c745f636e745f
2020202020202020202020202020202020202020
6465632061202020202020202020202020202020
6d6f76204072302c612020202020202020202020
6a6e7a206b6e6f636b5f6661756c745f72657420
2020202020202020202020202020202020202020
6d6f7620612c7232202020202020202020202020
6d6f76204072312c612020202020202020202020
7265742020202020202020202020202020202020
6d6f762072302c23383020202020202020202020
2020202020202020202020202020202020202020
6d6f762072322c23382020202020202020202020
2020202020202020202020202020202020202020
6d6f767820612c40723020202020202020202020
6a623520646961675f636c725f66302020202020
2020202020202020202020202020202020202020
6d6f762072322c23342020202020202020202020
2020202020202020202020202020202020202020
6465632072302020202020202020202020202020
78636820612c4072302020202020202020202020
7377617020612020202020202020202020202020
78636820612c4072302020202020202020202020
7863686420612c40723020202020202020202020
646a6e7a2072322c646961675f6c6f6f70202020
2020202020202020202020202020202020202020
6a623620646961675f7265742020202020202020
2020202020202020202020202020202020202020
6a623720646961675f7265742020202020202020
2020202020202020202020202020202020202020
696e632072302020202020202020202020202020
6d6f76204072302c233020202020202020202020
2020202020202020202020202020202020202020
696e632072302020202020202020202020202020
6d6f7620612c4072302020202020202020202020
616e6c20612c2346202020202020202020202020
2020202020202020202020202020202020202020
6d6f76204072302c612020202020202020202020
7265742020202020202020202020202020202020
636c722066302020202020202020202020202020
6a623720646961675f7365745f63685f6d61736b
2020202020202020202020202020202020202020
63706c2066302020202020202020202020202020
6d6f762072332c23374620202020202020202020
2020202020202020202020202020202020202020
6a623620646961675f7074725f64656320202020
2020202020202020202020202020202020202020
6a623720646961675f6f75745f70747220202020
2020202020202020202020202020202020202020
6d6f762072312c23324320202020202020202020
2020202020202020202020202020202020202020
6d6f7620612c4072312020202020202020202020
6465632061202020202020202020202020202020
726c206120202020202020202020202020202020
7377617020612020202020202020202020202020
616e6c20612c2333202020202020202020202020
2020202020202020202020202020202020202020
61646420612c7233202020202020202020202020
6d6f762072332c61202020202020202020202020
636c722066302020202020202020202020202020
6465632072302020202020202020202020202020
6d6f7620612c7230202020202020202020202020
6a623220646961675f726561645f72616d202020
2020202020202020202020202020202020202020
61646420612c2338322020202020202020202020
2020202020202020202020202020202020202020
6d6f767020612c40612020202020202020202020
6d6f762072332c23374620202020202020202020
2020202020202020202020202020202020202020
6d6f762072312c61202020202020202020202020
6a663020646961675f736176655f723420202020
2020202020202020202020202020202020202020
6d6f7620612c4072312020202020202020202020
6d6f762072342c61202020202020202020202020
6d6f7620612c7233202020202020202020202020
61646420612c7232202020202020202020202020
6d6f762072312c61202020202020202020202020
6d6f7620612c7234202020202020202020202020
6d6f7678204072312c6120202020202020202020
646a6e7a2072322c646961675f7074725f646563
2020202020202020202020202020202020202020
7265742020202020202020202020202020202020
6d6f7620612c4072302020202020202020202020
6a6d7020646961675f736176655f723120202020
2020202020202020202020202020202020202020
6d6f762072312c23374420202020202020202020
2020202020202020202020202020202020202020
6d6f7620612c4072312020202020202020202020
6a6e7a20646961675f656e642020202020202020
2020202020202020202020202020202020202020
636c722066302020202020202020202020202020
63706c2066302020202020202020202020202020
63616c6c20646961675f7074725f646563202020
2020202020202020202020202020202020202020
63616c6c20646961675f77726974655f63616c6c
2020202020202020202020202020202020202020
6d6f762072302c23374320202020202020202020
2020202020202020202020202020202020202020
6d6f76204072302c612020202020202020202020
7265742020202020202020202020202020202020
63616c6c20646961675f77726974655f6d656d20
2020202020202020202020202020202020202020
6d6f762072302c23374520202020202020202020
2020202020202020202020202020202020202020
6d6f762072312c23442020202020202020202020
2020202020202020202020202020202020202020
6d6f7620612c4072302020202020202020202020
7863686420612c40723120202020202020202020
696e632072302020202020202020202020202020
6465632072312020202020202020202020202020
6d6f7620612c4072302020202020202020202020
6d6f76204072312c234645202020202020202020
2020202020202020202020202020202020202020
7265742020202020202020202020202020202020
2020202020202020202020202020202020202020
2020202020202020202020202020202020202020
2020202020202020202020202020202020202020
2020202020202020202020202020202020202020
2020202020202020202020202020202020202020
2020202020202020202020202020202020202020
2020202020202020202020202020202020202020
2020202020202020202020202020202020202020
2020202020202020202020202020202020202020
2020202020202020202020202020202020202020
2020202020202020202020202020202020202020
2020202020202020202020202020202020202020
2020202020202020202020202020202020202020
2020202020202020202020202020202020202020
2020202020202020202020202020202020202020
2020202020202020202020202020202020202020
2020202020202020202020202020202020202020
2020202020202020202020202020202020202020
2020202020202020202020202020202020202020
2020202020202020202020202020202020202020
2020202020202020202020202020202020202020
2020202020202020202020202020202020202020
2020202020202020202020202020202020202020
2020202020202020202020202020202020202020
2020202020202020202020202020202020202020
2020202020202020202020202020202020202020
2020202020202020202020202020202020202020
2020202020202020202020202020202020202020
2020202020202020202020202020202020202020
2020202020202020202020202020202020202020
2020202020202020202020202020202020202020
2020202020202020202020202020202020202020
2020202020202020202020202020202020202020
2020202020202020202020202020202020202020
2020202020202020202020202020202020202020
2020202020202020202020202020202020202020
2020202020202020202020202020202020202020
2020202020202020202020202020202020202020
2020202020202020202020202020202020202020
2020202020202020202020202020202020202020
2020202020202020202020202020202020202020
2020202020202020202020202020202020202020
2020202020202020202020202020202020202020
2020202020202020202020202020202020202020
2020202020202020202020202020202020202020
2020202020202020202020202020202020202020
2020202020202020202020202020202020202020
2020202020202020202020202020202020202020
2020202020202020202020202020202020202020
2020202020202020202020202020202020202020
2020202020202020202020202020202020202020
2020202020202020202020202020202020202020
2020202020202020202020202020202020202020
2020202020202020202020202020202020202020
2020202020202020202020202020202020202020
2020202020202020202020202020202020202020
2020202020202020202020202020202020202020
2020202020202020202020202020202020202020
2020202020202020202020202020202020202020
2020202020202020202020202020202020202020
2020202020202020202020202020202020202020
2020202020202020202020202020202020202020
2020202020202020202020202020202020202020
2020202020202020202020202020202020202020
2020202020202020202020202020202020202020
2020202020202020202020202020202020202020
2020202020202020202020202020202020202020
2020202020202020202020202020202020202020
2020202020202020202020202020202020202020
2020202020202020202020202020202020202020
2020202020202020202020202020202020202020
2020202020202020202020202020202020202020
2020202020202020202020202020202020202020
2020202020202020202020202020202020202020
2020202020202020202020202020202020202020
2020202020202020202020202020202020202020
2020202020202020202020202020202020202020
2020202020202020202020202020202020202020
2020202020202020202020202020202020202020
2020202020202020202020202020202020202020
2020202020202020202020202020202020202020
2020202020202020202020202020202020202020
2020202020202020202020202020202020202020
2020202020202020202020202020202020202020
2020202020202020202020202020202020202020
2020202020202020202020202020202020202020
2020202020202020202020202020202020202020
2020202020202020202020202020202020202020
2020202020202020202020202020202020202020
2020202020202020202020202020202020202020
2020202020202020202020202020202020202020
2020202020202020202020202020202020202020
616e6c20612c2336302020202020202020202020
2020202020202020202020202020202020202020
61646420612c7230202020202020202020202020
6f726c20612c4072312020202020202020202020
6d6f767020612c40612020202020202020202020
6a6d70206164635f63685f616464725f73656c20
2e64622030783065202020202020202020202020
2e64622030783363202020202020202020202020
2e64622030783363202020202020202020202020
2e64622030783363202020202020202020202020
2e64622030783237202020202020202020202020
2e64622030783463202020202020202020202020
2e64622030783863202020202020202020202020
2e64622030783938202020202020202020202020
2e64622030783939202020202020202020202020
2e64622030783866202020202020202020202020
6e6f702020202020202020202020202020202020
616e6c20612c2337202020202020202020202020
2020202020202020202020202020202020202020
6a6d707020406120202020202020202020202020
616e6c2070312c23463720202020202020202020
2020202020202020202020202020202020202020
6d6f7620612c4072302020202020202020202020
6465632061202020202020202020202020202020
6a7a206164635f616464725f6576656e5f73656c
2020202020202020202020202020202020202020
616e6c2070312c23463320202020202020202020
2020202020202020202020202020202020202020
6a6234206164635f616464725f626974335f6368
2020202020202020202020202020202020202020
616e6c2070312c23463520202020202020202020
2020202020202020202020202020202020202020
6a6233206b6e6f636b5f696e7465677261746f72
2020202020202020202020202020202020202020
616e6c2070312c23463620202020202020202020
2020202020202020202020202020202020202020
6f726c2070322c23323020202020202020202020
2020202020202020202020202020202020202020
6f726c2070312c23382020202020202020202020
2020202020202020202020202020202020202020
616e6c2070312c23463520202020202020202020
2020202020202020202020202020202020202020
6f726c2070312c23352020202020202020202020
2020202020202020202020202020202020202020
7265742020202020202020202020202020202020
6d6f762072302c23323320202020202020202020
2020202020202020202020202020202020202020
6d6f7620612c4072302020202020202020202020
6d6f762072342c61202020202020202020202020
6d6f762072302c23324620202020202020202020
2020202020202020202020202020202020202020
6d6f7620612c4072302020202020202020202020
61646420612c2343302020202020202020202020
2020202020202020202020202020202020202020
6d6f762072302c23333120202020202020202020
2020202020202020202020202020202020202020
6a63206164635f6b6e6f636b5f726573756c7420
2020202020202020202020202020202020202020
6d6f7620612c4072302020202020202020202020
6a6232206164635f666e325f63685f6d61736b20
2020202020202020202020202020202020202020
7265742020202020202020202020202020202020
616e6c20612c2337202020202020202020202020
2020202020202020202020202020202020202020
6d6f76204072302c612020202020202020202020
7265742020202020202020202020202020202020
61646420612c2337202020202020202020202020
2020202020202020202020202020202020202020
6d6f767020612c40612020202020202020202020
6d6f762072302c23324620202020202020202020
2020202020202020202020202020202020202020
61646420612c4072302020202020202020202020
6a63206164635f6b6e6f636b5f6c6576656c5f72
2020202020202020202020202020202020202020
6d6f762072302c23333120202020202020202020
2020202020202020202020202020202020202020
6d6f7620612c4072302020202020202020202020
6a6e7a206164635f6b6e6f636b5f6c6576656c5f
2020202020202020202020202020202020202020
616e6c2070312c23374620202020202020202020
2020202020202020202020202020202020202020
7265742020202020202020202020202020202020
6d6f767820612c40723020202020202020202020
6f726c2070312c23382020202020202020202020
2020202020202020202020202020202020202020
616e6c2070312c23463420202020202020202020
2020202020202020202020202020202020202020
78636820612c4072302020202020202020202020
6a6234206164635f666e345f7369676e5f63686b
2020202020202020202020202020202020202020
6a6233206164635f666e345f726573756c745f73
2020202020202020202020202020202020202020
78636820612c4072302020202020202020202020
6d6f762072312c61202020202020202020202020
6d6f7620612c4072302020202020202020202020
78726c20612c2336202020202020202020202020
2020202020202020202020202020202020202020
6d6f762072302c23324620202020202020202020
2020202020202020202020202020202020202020
6a7a206164635f666e345f73746f726520202020
2020202020202020202020202020202020202020
6d6f7620612c2343302020202020202020202020
2020202020202020202020202020202020202020
61646420612c7231202020202020202020202020
6a6e63206164635f666e345f696e6465785f6361
2020202020202020202020202020202020202020
6d6f7620612c7231202020202020202020202020
6d6f76204072302c612020202020202020202020
6d6f762072312c23333420202020202020202020
2020202020202020202020202020202020202020
6d6f7620612c4072312020202020202020202020
61646420612c2346412020202020202020202020
2020202020202020202020202020202020202020
6a7a206164635f666e345f726574202020202020
2020202020202020202020202020202020202020
63706c2061202020202020202020202020202020
6a7a206164635f666e345f6f6666736574202020
2020202020202020202020202020202020202020
6d6f7620612c2346432020202020202020202020
2020202020202020202020202020202020202020
61646420612c2336392020202020202020202020
2020202020202020202020202020202020202020
6d6f76204072302c612020202020202020202020
7265742020202020202020202020202020202020
6d6f762072302c23324420202020202020202020
2020202020202020202020202020202020202020
6d6f7620612c7231202020202020202020202020
6d6f76204072302c612020202020202020202020
7265742020202020202020202020202020202020
78636820612c4072302020202020202020202020
6d6f762072302c23324520202020202020202020
2020202020202020202020202020202020202020
6d6f76204072302c612020202020202020202020
7265742020202020202020202020202020202020
6a6233206164635f666e345f726573746f726520
2020202020202020202020202020202020202020
78636820612c4072302020202020202020202020
6d6f762072302c23364620202020202020202020
2020202020202020202020202020202020202020
6e6f702020202020202020202020202020202020
7265742020202020202020202020202020202020
78636820612c4072302020202020202020202020
6d6f762072302c23333920202020202020202020
2020202020202020202020202020202020202020
6d6f76204072302c612020202020202020202020
7265742020202020202020202020202020202020
6d6f767820612c40723020202020202020202020
6f726c2070312c23382020202020202020202020
2020202020202020202020202020202020202020
616e6c2070312c23463720202020202020202020
2020202020202020202020202020202020202020
6f726c2070312c23372020202020202020202020
2020202020202020202020202020202020202020
6d6f762072302c23343620202020202020202020
2020202020202020202020202020202020202020
63706c2061202020202020202020202020202020
6d6f76204072302c612020202020202020202020
7265742020202020202020202020202020202020
6d6f762072302c23353220202020202020202020
2020202020202020202020202020202020202020
6d6f767820612c40723020202020202020202020
61646420612c2341202020202020202020202020
2020202020202020202020202020202020202020
6d6f762072342c61202020202020202020202020
63706c2061202020202020202020202020202020
61646420612c4072302020202020202020202020
6d6f762072302c23364320202020202020202020
2020202020202020202020202020202020202020
6f726c2070312c23382020202020202020202020
2020202020202020202020202020202020202020
616e6c2070312c23463720202020202020202020
2020202020202020202020202020202020202020
6a6e6320626f6f73745f726973696e675f696e68
2020202020202020202020202020202020202020
6d6f76204072302c233020202020202020202020
2020202020202020202020202020202020202020
6d6f762072302c23353220202020202020202020
2020202020202020202020202020202020202020
6d6f7620612c7234202020202020202020202020
6d6f76204072302c612020202020202020202020
6d6f762072342c23464620202020202020202020
2020202020202020202020202020202020202020
7265742020202020202020202020202020202020
696e632040723020202020202020202020202020
6d6f7620612c4072302020202020202020202020
6a623220626f6f73745f6572725f63686b5f6172
2020202020202020202020202020202020202020
6d6f762072342c23464620202020202020202020
2020202020202020202020202020202020202020
7265742020202020202020202020202020202020
2020202020202020202020202020202020202020
2020202020202020202020202020202020202020
2020202020202020202020202020202020202020
2020202020202020202020202020202020202020
2020202020202020202020202020202020202020
2020202020202020202020202020202020202020
2020202020202020202020202020202020202020
2020202020202020202020202020202020202020
2020202020202020202020202020202020202020
2020202020202020202020202020202020202020
2020202020202020202020202020202020202020
2020202020202020202020202020202020202020
2020202020202020202020202020202020202020
2020202020202020202020202020202020202020
2020202020202020202020202020202020202020
2020202020202020202020202020202020202020
2020202020202020202020202020202020202020
2020202020202020202020202020202020202020
2020202020202020202020202020202020202020
2020202020202020202020202020202020202020
2020202020202020202020202020202020202020
2020202020202020202020202020202020202020
2020202020202020202020202020202020202020
2020202020202020202020202020202020202020
2020202020202020202020202020202020202020
2020202020202020202020202020202020202020
2020202020202020202020202020202020202020
2020202020202020202020202020202020202020
2020202020202020202020202020202020202020
2020202020202020202020202020202020202020
2020202020202020202020202020202020202020
2020202020202020202020202020202020202020
2020202020202020202020202020202020202020
2020202020202020202020202020202020202020
2020202020202020202020202020202020202020
2020202020202020202020202020202020202020
2020202020202020202020202020202020202020
2020202020202020202020202020202020202020
2020202020202020202020202020202020202020
2020202020202020202020202020202020202020
2020202020202020202020202020202020202020
2020202020202020202020202020202020202020
2020202020202020202020202020202020202020
2020202020202020202020202020202020202020
2020202020202020202020202020202020202020
2020202020202020202020202020202020202020
2020202020202020202020202020202020202020
2020202020202020202020202020202020202020
2020202020202020202020202020202020202020
2020202020202020202020202020202020202020
2020202020202020202020202020202020202020
2020202020202020202020202020202020202020
2020202020202020202020202020202020202020
2020202020202020202020202020202020202020
2020202020202020202020202020202020202020
2020202020202020202020202020202020202020
2020202020202020202020202020202020202020
2020202020202020202020202020202020202020
2020202020202020202020202020202020202020
2020202020202020202020202020202020202020
2020202020202020202020202020202020202020
2020202020202020202020202020202020202020
2020202020202020202020202020202020202020
2020202020202020202020202020202020202020
2020202020202020202020202020202020202020
2020202020202020202020202020202020202020
2020202020202020202020202020202020202020
2020202020202020202020202020202020202020
2020202020202020202020202020202020202020
2020202020202020202020202020202020202020
6d6f767020612c40612020202020202020202020
7265742020202020202020202020202020202020
2020202020202020202020202020202020202020
2020202020202020202020202020202020202020
2020202020202020202020202020202020202020
2020202020202020202020202020202020202020
2020202020202020202020202020202020202020
2020202020202020202020202020202020202020
2020202020202020202020202020202020202020
2020202020202020202020202020202020202020
2020202020202020202020202020202020202020
2020202020202020202020202020202020202020
2020202020202020202020202020202020202020
2020202020202020202020202020202020202020
2020202020202020202020202020202020202020
2020202020202020202020202020202020202020
2020202020202020202020202020202020202020
2020202020202020202020202020202020202020
2020202020202020202020202020202020202020
2020202020202020202020202020202020202020
2020202020202020202020202020202020202020
2020202020202020202020202020202020202020
2020202020202020202020202020202020202020
2020202020202020202020202020202020202020
2020202020202020202020202020202020202020
2020202020202020202020202020202020202020
2020202020202020202020202020202020202020
2020202020202020202020202020202020202020
2020202020202020202020202020202020202020
2020202020202020202020202020202020202020
2020202020202020202020202020202020202020
2020202020202020202020202020202020202020
2020202020202020202020202020202020202020
2020202020202020202020202020202020202020
2020202020202020202020202020202020202020
2020202020202020202020202020202020202020
2020202020202020202020202020202020202020
2020202020202020202020202020202020202020
2020202020202020202020202020202020202020
2020202020202020202020202020202020202020
2020202020202020202020202020202020202020
2020202020202020202020202020202020202020
2020202020202020202020202020202020202020
2020202020202020202020202020202020202020
2020202020202020202020202020202020202020
2020202020202020202020202020202020202020
2020202020202020202020202020202020202020
2020202020202020202020202020202020202020
2020202020202020202020202020202020202020
2020202020202020202020202020202020202020
2020202020202020202020202020202020202020
2020202020202020202020202020202020202020
2020202020202020202020202020202020202020
2020202020202020202020202020202020202020
2020202020202020202020202020202020202020
2020202020202020202020202020202020202020
2020202020202020202020202020202020202020
2020202020202020202020202020202020202020
2020202020202020202020202020202020202020
2020202020202020202020202020202020202020
2020202020202020202020202020202020202020
2020202020202020202020202020202020202020
2020202020202020202020202020202020202020
2020202020202020202020202020202020202020
2020202020202020202020202020202020202020
2020202020202020202020202020202020202020
2020202020202020202020202020202020202020
2020202020202020202020202020202020202020
2020202020202020202020202020202020202020
2020202020202020202020202020202020202020
2020202020202020202020202020202020202020
2020202020202020202020202020202020202020
2020202020202020202020202020202020202020
2020202020202020202020202020202020202020
2020202020202020202020202020202020202020
2020202020202020202020202020202020202020
2020202020202020202020202020202020202020
2020202020202020202020202020202020202020
2020202020202020202020202020202020202020
2020202020202020202020202020202020202020
2020202020202020202020202020202020202020
2020202020202020202020202020202020202020
2020202020202020202020202020202020202020
2020202020202020202020202020202020202020
2020202020202020202020202020202020202020
2020202020202020202020202020202020202020
2020202020202020202020202020202020202020
2020202020202020202020202020202020202020
2020202020202020202020202020202020202020
2020202020202020202020202020202020202020
2020202020202020202020202020202020202020
2020202020202020202020202020202020202020
2020202020202020202020202020202020202020
2020202020202020202020202020202020202020
2020202020202020202020202020202020202020
2020202020202020202020202020202020202020
2020202020202020202020202020202020202020
2020202020202020202020202020202020202020
2020202020202020202020202020202020202020
2020202020202020202020202020202020202020
2020202020202020202020202020202020202020
2020202020202020202020202020202020202020
2020202020202020202020202020202020202020
2020202020202020202020202020202020202020
2020202020202020202020202020202020202020
2020202020202020202020202020202020202020
2020202020202020202020202020202020202020
2020202020202020202020202020202020202020
2020202020202020202020202020202020202020
2020202020202020202020202020202020202020
2020202020202020202020202020202020202020
2020202020202020202020202020202020202020
2020202020202020202020202020202020202020
2020202020202020202020202020202020202020
2020202020202020202020202020202020202020
2020202020202020202020202020202020202020
2020202020202020202020202020202020202020
2020202020202020202020202020202020202020
2020202020202020202020202020202020202020
2020202020202020202020202020202020202020
2020202020202020202020202020202020202020
2020202020202020202020202020202020202020
2020202020202020202020202020202020202020
2020202020202020202020202020202020202020
2020202020202020202020202020202020202020
2020202020202020202020202020202020202020
2020202020202020202020202020202020202020
2020202020202020202020202020202020202020
2020202020202020202020202020202020202020
2020202020202020202020202020202020202020
2020202020202020202020202020202020202020
2020202020202020202020202020202020202020
2020202020202020202020202020202020202020
2020202020202020202020202020202020202020
2020202020202020202020202020202020202020
2020202020202020202020202020202020202020
2020202020202020202020202020202020202020
2020202020202020202020202020202020202020
2020202020202020202020202020202020202020
2020202020202020202020202020202020202020
2020202020202020202020202020202020202020
2020202020202020202020202020202020202020
2020202020202020202020202020202020202020
2020202020202020202020202020202020202020
2020202020202020202020202020202020202020
2020202020202020202020202020202020202020
2020202020202020202020202020202020202020
2020202020202020202020202020202020202020
2020202020202020202020202020202020202020
2020202020202020202020202020202020202020
2020202020202020202020202020202020202020
2020202020202020202020202020202020202020
2020202020202020202020202020202020202020
2020202020202020202020202020202020202020
2020202020202020202020202020202020202020
2020202020202020202020202020202020202020
2020202020202020202020202020202020202020
2020202020202020202020202020202020202020
2020202020202020202020202020202020202020
2020202020202020202020202020202020202020
2020202020202020202020202020202020202020
2020202020202020202020202020202020202020
2020202020202020202020202020202020202020
2020202020202020202020202020202020202020
2020202020202020202020202020202020202020
2020202020202020202020202020202020202020
2020202020202020202020202020202020202020
2020202020202020202020202020202020202020
2020202020202020202020202020202020202020
2020202020202020202020202020202020202020
2020202020202020202020202020202020202020
2020202020202020202020202020202020202020
2020202020202020202020202020202020202020
2020202020202020202020202020202020202020
2020202020202020202020202020202020202020
2020202020202020202020202020202020202020
2020202020202020202020202020202020202020
2020202020202020202020202020202020202020
2020202020202020202020202020202020202020
2020202020202020202020202020202020202020
2020202020202020202020202020202020202020
2020202020202020202020202020202020202020
2020202020202020202020202020202020202020
2020202020202020202020202020202020202020
2020202020202020202020202020202020202020
2020202020202020202020202020202020202020
2020202020202020202020202020202020202020
2020202020202020202020202020202020202020
2020202020202020202020202020202020202020
2020202020202020202020202020202020202020
2020202020202020202020202020202020202020
2020202020202020202020202020202020202020
2020202020202020202020202020202020202020
2020202020202020202020202020202020202020
2020202020202020202020202020202020202020
2020202020202020202020202020202020202020
2020202020202020202020202020202020202020
2020202020202020202020202020202020202020
2020202020202020202020202020202020202020
2020202020202020202020202020202020202020
2020202020202020202020202020202020202020
2020202020202020202020202020202020202020
2020202020202020202020202020202020202020
2020202020202020202020202020202020202020
2020202020202020202020202020202020202020
2020202020202020202020202020202020202020
2020202020202020202020202020202020202020
2020202020202020202020202020202020202020
2020202020202020202020202020202020202020
2020202020202020202020202020202020202020
2020202020202020202020202020202020202020
2020202020202020202020202020202020202020
2020202020202020202020202020202020202020
2020202020202020202020202020202020202020
2020202020202020202020202020202020202020
2020202020202020202020202020202020202020
2020202020202020202020202020202020202020
2020202020202020202020202020202020202020
2020202020202020202020202020202020202020
2020202020202020202020202020202020202020
2020202020202020202020202020202020202020
2020202020202020202020202020202020202020
2020202020202020202020202020202020202020
2020202020202020202020202020202020202020
2020202020202020202020202020202020202020
2020202020202020202020202020202020202020
2020202020202020202020202020202020202020
2020202020202020202020202020202020202020
2020202020202020202020202020202020202020
2020202020202020202020202020202020202020
2020202020202020202020202020202020202020
2020202020202020202020202020202020202020
2020202020202020202020202020202020202020
2020202020202020202020202020202020202020
2020202020202020202020202020202020202020
2020202020202020202020202020202020202020
2020202020202020202020202020202020202020
2020202020202020202020202020202020202020
2020202020202020202020202020202020202020
2020202020202020202020202020202020202020
2020202020202020202020202020202020202020
2020202020202020202020202020202020202020
2020202020202020202020202020202020202020
2020202020202020202020202020202020202020
2020202020202020202020202020202020202020
2020202020202020202020202020202020202020
2020202020202020202020202020202020202020
2020202020202020202020202020202020202020
2020202020202020202020202020202020202020
2020202020202020202020202020202020202020
2020202020202020202020202020202020202020
2020202020202020202020202020202020202020
2020202020202020202020202020202020202020
2020202020202020202020202020202020202020
2020202020202020202020202020202020202020
2020202020202020202020202020202020202020
6d6f767020612c40612020202020202020202020
7265742020202020202020202020202020202020
2020202020202020202020202020202020202020
2020202020202020202020202020202020202020
2020202020202020202020202020202020202020
2020202020202020202020202020202020202020
2020202020202020202020202020202020202020
2020202020202020202020202020202020202020
2020202020202020202020202020202020202020
2020202020202020202020202020202020202020
2020202020202020202020202020202020202020
2020202020202020202020202020202020202020
2020202020202020202020202020202020202020
2020202020202020202020202020202020202020
2020202020202020202020202020202020202020
2020202020202020202020202020202020202020
2020202020202020202020202020202020202020
2020202020202020202020202020202020202020
2020202020202020202020202020202020202020
2020202020202020202020202020202020202020
2020202020202020202020202020202020202020
2020202020202020202020202020202020202020
2020202020202020202020202020202020202020
2020202020202020202020202020202020202020
2020202020202020202020202020202020202020
2020202020202020202020202020202020202020
2020202020202020202020202020202020202020
2020202020202020202020202020202020202020
2020202020202020202020202020202020202020
2020202020202020202020202020202020202020
2020202020202020202020202020202020202020
2020202020202020202020202020202020202020
2020202020202020202020202020202020202020
2020202020202020202020202020202020202020
2020202020202020202020202020202020202020
2020202020202020202020202020202020202020
2020202020202020202020202020202020202020
2020202020202020202020202020202020202020
2020202020202020202020202020202020202020
2020202020202020202020202020202020202020
2020202020202020202020202020202020202020
2020202020202020202020202020202020202020
2020202020202020202020202020202020202020
2020202020202020202020202020202020202020
2020202020202020202020202020202020202020
2020202020202020202020202020202020202020
2020202020202020202020202020202020202020
2020202020202020202020202020202020202020
2020202020202020202020202020202020202020
2020202020202020202020202020202020202020
2020202020202020202020202020202020202020
2020202020202020202020202020202020202020
2020202020202020202020202020202020202020
2020202020202020202020202020202020202020
2020202020202020202020202020202020202020
2020202020202020202020202020202020202020
2020202020202020202020202020202020202020
2020202020202020202020202020202020202020
2020202020202020202020202020202020202020
2020202020202020202020202020202020202020
2020202020202020202020202020202020202020
2020202020202020202020202020202020202020
2020202020202020202020202020202020202020
2020202020202020202020202020202020202020
2020202020202020202020202020202020202020
2020202020202020202020202020202020202020
2020202020202020202020202020202020202020
2020202020202020202020202020202020202020
2020202020202020202020202020202020202020
2020202020202020202020202020202020202020
2020202020202020202020202020202020202020
2020202020202020202020202020202020202020
2020202020202020202020202020202020202020
2020202020202020202020202020202020202020
2020202020202020202020202020202020202020
2020202020202020202020202020202020202020
2020202020202020202020202020202020202020
2020202020202020202020202020202020202020
2020202020202020202020202020202020202020
2020202020202020202020202020202020202020
2020202020202020202020202020202020202020
2020202020202020202020202020202020202020
2020202020202020202020202020202020202020
2020202020202020202020202020202020202020
2020202020202020202020202020202020202020
2020202020202020202020202020202020202020
2020202020202020202020202020202020202020
2020202020202020202020202020202020202020
2020202020202020202020202020202020202020
2020202020202020202020202020202020202020
2020202020202020202020202020202020202020
2020202020202020202020202020202020202020
2020202020202020202020202020202020202020
2020202020202020202020202020202020202020
2020202020202020202020202020202020202020
2020202020202020202020202020202020202020
2020202020202020202020202020202020202020
2020202020202020202020202020202020202020
2020202020202020202020202020202020202020
2020202020202020202020202020202020202020
2020202020202020202020202020202020202020
2020202020202020202020202020202020202020
2020202020202020202020202020202020202020
2020202020202020202020202020202020202020
2020202020202020202020202020202020202020
2020202020202020202020202020202020202020
2020202020202020202020202020202020202020
2020202020202020202020202020202020202020
2020202020202020202020202020202020202020
2020202020202020202020202020202020202020
2020202020202020202020202020202020202020
2020202020202020202020202020202020202020
2020202020202020202020202020202020202020
2020202020202020202020202020202020202020
2020202020202020202020202020202020202020
2020202020202020202020202020202020202020
2020202020202020202020202020202020202020
2020202020202020202020202020202020202020
2020202020202020202020202020202020202020
2020202020202020202020202020202020202020
2020202020202020202020202020202020202020
2020202020202020202020202020202020202020
2020202020202020202020202020202020202020
2020202020202020202020202020202020202020
2020202020202020202020202020202020202020
2020202020202020202020202020202020202020
2020202020202020202020202020202020202020
2020202020202020202020202020202020202020
2020202020202020202020202020202020202020
2020202020202020202020202020202020202020
2020202020202020202020202020202020202020
2020202020202020202020202020202020202020
2020202020202020202020202020202020202020
2020202020202020202020202020202020202020
2020202020202020202020202020202020202020
2020202020202020202020202020202020202020
2020202020202020202020202020202020202020
2020202020202020202020202020202020202020
2020202020202020202020202020202020202020
2020202020202020202020202020202020202020
2020202020202020202020202020202020202020
2020202020202020202020202020202020202020
2020202020202020202020202020202020202020
2020202020202020202020202020202020202020
2020202020202020202020202020202020202020
2020202020202020202020202020202020202020
2020202020202020202020202020202020202020
2020202020202020202020202020202020202020
2020202020202020202020202020202020202020
2020202020202020202020202020202020202020
2020202020202020202020202020202020202020
2020202020202020202020202020202020202020
2020202020202020202020202020202020202020
2020202020202020202020202020202020202020
2020202020202020202020202020202020202020
2020202020202020202020202020202020202020
2020202020202020202020202020202020202020
2020202020202020202020202020202020202020
2020202020202020202020202020202020202020
2020202020202020202020202020202020202020
2020202020202020202020202020202020202020
2020202020202020202020202020202020202020
2020202020202020202020202020202020202020
2020202020202020202020202020202020202020
2020202020202020202020202020202020202020
2020202020202020202020202020202020202020
2020202020202020202020202020202020202020
2020202020202020202020202020202020202020
2020202020202020202020202020202020202020
2020202020202020202020202020202020202020
2020202020202020202020202020202020202020
2020202020202020202020202020202020202020
2020202020202020202020202020202020202020
2020202020202020202020202020202020202020
2020202020202020202020202020202020202020
2020202020202020202020202020202020202020
2020202020202020202020202020202020202020
2020202020202020202020202020202020202020
2020202020202020202020202020202020202020
2020202020202020202020202020202020202020
2020202020202020202020202020202020202020
2020202020202020202020202020202020202020
2020202020202020202020202020202020202020
2020202020202020202020202020202020202020
2020202020202020202020202020202020202020
2020202020202020202020202020202020202020
2020202020202020202020202020202020202020
2020202020202020202020202020202020202020
2020202020202020202020202020202020202020
2020202020202020202020202020202020202020
2020202020202020202020202020202020202020
2020202020202020202020202020202020202020
2020202020202020202020202020202020202020
2020202020202020202020202020202020202020
2020202020202020202020202020202020202020
2020202020202020202020202020202020202020
2020202020202020202020202020202020202020
2020202020202020202020202020202020202020
2020202020202020202020202020202020202020
2020202020202020202020202020202020202020
2020202020202020202020202020202020202020
2020202020202020202020202020202020202020
2020202020202020202020202020202020202020
2020202020202020202020202020202020202020
2020202020202020202020202020202020202020
2020202020202020202020202020202020202020
2020202020202020202020202020202020202020
2020202020202020202020202020202020202020
2020202020202020202020202020202020202020
2020202020202020202020202020202020202020
2020202020202020202020202020202020202020
2020202020202020202020202020202020202020
2020202020202020202020202020202020202020
2020202020202020202020202020202020202020
2020202020202020202020202020202020202020
2020202020202020202020202020202020202020
2020202020202020202020202020202020202020
2020202020202020202020202020202020202020
2020202020202020202020202020202020202020
2020202020202020202020202020202020202020
2020202020202020202020202020202020202020
2020202020202020202020202020202020202020
2020202020202020202020202020202020202020
2020202020202020202020202020202020202020
2020202020202020202020202020202020202020
2020202020202020202020202020202020202020
2020202020202020202020202020202020202020
2020202020202020202020202020202020202020
2020202020202020202020202020202020202020
2020202020202020202020202020202020202020
2020202020202020202020202020202020202020
2020202020202020202020202020202020202020
2020202020202020202020202020202020202020
2020202020202020202020202020202020202020
2020202020202020202020202020202020202020
2020202020202020202020202020202020202020
2020202020202020202020202020202020202020
2020202020202020202020202020202020202020
2020202020202020202020202020202020202020
2020202020202020202020202020202020202020
2020202020202020202020202020202020202020
2020202020202020202020202020202020202020
2020202020202020202020202020202020202020
2020202020202020202020202020202020202020
2020202020202020202020202020202020202020
2020202020202020202020202020202020202020
2020202020202020202020202020202020202020
2020202020202020202020202020202020202020
2020202020202020202020202020202020202020
2020202020202020202020202020202020202020
2020202020202020202020202020202020202020
2020202020202020202020202020202020202020
2020202020202020202020202020202020202020
2020202020202020202020202020202020202020
2020202020202020202020202020202020202020
2020202020202020202020202020202020202020
6d6f767020612c40612020202020202020202020
7265742020202020202020202020202020202020
2020202020202020202020202020202020202020
2020202020202020202020202020202020202020
2020202020202020202020202020202020202020
2020202020202020202020202020202020202020
2020202020202020202020202020202020202020
2020202020202020202020202020202020202020
2020202020202020202020202020202020202020
2020202020202020202020202020202020202020
2020202020202020202020202020202020202020
2020202020202020202020202020202020202020
2020202020202020202020202020202020202020
2020202020202020202020202020202020202020
2020202020202020202020202020202020202020
2020202020202020202020202020202020202020
2020202020202020202020202020202020202020
2020202020202020202020202020202020202020
2020202020202020202020202020202020202020
2020202020202020202020202020202020202020
2020202020202020202020202020202020202020
2020202020202020202020202020202020202020
2020202020202020202020202020202020202020
2020202020202020202020202020202020202020
2020202020202020202020202020202020202020
2020202020202020202020202020202020202020
2020202020202020202020202020202020202020
2020202020202020202020202020202020202020
2020202020202020202020202020202020202020
2020202020202020202020202020202020202020
2020202020202020202020202020202020202020
2020202020202020202020202020202020202020
2020202020202020202020202020202020202020
2020202020202020202020202020202020202020
2020202020202020202020202020202020202020
2020202020202020202020202020202020202020
2020202020202020202020202020202020202020
2020202020202020202020202020202020202020
2020202020202020202020202020202020202020
2020202020202020202020202020202020202020
2020202020202020202020202020202020202020
2020202020202020202020202020202020202020
2020202020202020202020202020202020202020
2020202020202020202020202020202020202020
2020202020202020202020202020202020202020
2020202020202020202020202020202020202020
2020202020202020202020202020202020202020
2020202020202020202020202020202020202020
2020202020202020202020202020202020202020
2020202020202020202020202020202020202020
2020202020202020202020202020202020202020
2020202020202020202020202020202020202020
2020202020202020202020202020202020202020
2020202020202020202020202020202020202020
2020202020202020202020202020202020202020
2020202020202020202020202020202020202020
2020202020202020202020202020202020202020
2020202020202020202020202020202020202020
2020202020202020202020202020202020202020
2020202020202020202020202020202020202020
2020202020202020202020202020202020202020
2020202020202020202020202020202020202020
2020202020202020202020202020202020202020
2020202020202020202020202020202020202020
2020202020202020202020202020202020202020
2020202020202020202020202020202020202020
2020202020202020202020202020202020202020
2020202020202020202020202020202020202020
2020202020202020202020202020202020202020
2020202020202020202020202020202020202020
2020202020202020202020202020202020202020
2020202020202020202020202020202020202020
2020202020202020202020202020202020202020
2020202020202020202020202020202020202020
2020202020202020202020202020202020202020
2020202020202020202020202020202020202020
2020202020202020202020202020202020202020
2020202020202020202020202020202020202020
2020202020202020202020202020202020202020
2020202020202020202020202020202020202020
2020202020202020202020202020202020202020
2020202020202020202020202020202020202020
2020202020202020202020202020202020202020
2020202020202020202020202020202020202020
2020202020202020202020202020202020202020
2020202020202020202020202020202020202020
2020202020202020202020202020202020202020
2020202020202020202020202020202020202020
2020202020202020202020202020202020202020
2020202020202020202020202020202020202020
2020202020202020202020202020202020202020
2020202020202020202020202020202020202020
2020202020202020202020202020202020202020
2020202020202020202020202020202020202020
2020202020202020202020202020202020202020
2020202020202020202020202020202020202020
2020202020202020202020202020202020202020
2020202020202020202020202020202020202020
2020202020202020202020202020202020202020
2020202020202020202020202020202020202020
2020202020202020202020202020202020202020
2020202020202020202020202020202020202020
2020202020202020202020202020202020202020
2020202020202020202020202020202020202020
2020202020202020202020202020202020202020
2020202020202020202020202020202020202020
2020202020202020202020202020202020202020
2020202020202020202020202020202020202020
2020202020202020202020202020202020202020
2020202020202020202020202020202020202020
2020202020202020202020202020202020202020
2020202020202020202020202020202020202020
2020202020202020202020202020202020202020
2020202020202020202020202020202020202020
2020202020202020202020202020202020202020
2020202020202020202020202020202020202020
2020202020202020202020202020202020202020
2020202020202020202020202020202020202020
2020202020202020202020202020202020202020
2020202020202020202020202020202020202020
2020202020202020202020202020202020202020
2020202020202020202020202020202020202020
2020202020202020202020202020202020202020
2020202020202020202020202020202020202020
2020202020202020202020202020202020202020
2020202020202020202020202020202020202020
2020202020202020202020202020202020202020
2020202020202020202020202020202020202020
2020202020202020202020202020202020202020
2020202020202020202020202020202020202020
2020202020202020202020202020202020202020
2020202020202020202020202020202020202020
2020202020202020202020202020202020202020
2020202020202020202020202020202020202020
2020202020202020202020202020202020202020
2020202020202020202020202020202020202020
2020202020202020202020202020202020202020
2020202020202020202020202020202020202020
2020202020202020202020202020202020202020
2020202020202020202020202020202020202020
2020202020202020202020202020202020202020
2020202020202020202020202020202020202020
2020202020202020202020202020202020202020
2020202020202020202020202020202020202020
2020202020202020202020202020202020202020
2020202020202020202020202020202020202020
2020202020202020202020202020202020202020
2020202020202020202020202020202020202020
2020202020202020202020202020202020202020
2020202020202020202020202020202020202020
2020202020202020202020202020202020202020
2020202020202020202020202020202020202020
2020202020202020202020202020202020202020
2020202020202020202020202020202020202020
2020202020202020202020202020202020202020
2020202020202020202020202020202020202020
2020202020202020202020202020202020202020
2020202020202020202020202020202020202020
2020202020202020202020202020202020202020
2020202020202020202020202020202020202020
2020202020202020202020202020202020202020
2020202020202020202020202020202020202020
2020202020202020202020202020202020202020
2020202020202020202020202020202020202020
2020202020202020202020202020202020202020
2020202020202020202020202020202020202020
2020202020202020202020202020202020202020
2020202020202020202020202020202020202020
2020202020202020202020202020202020202020
2020202020202020202020202020202020202020
2020202020202020202020202020202020202020
2020202020202020202020202020202020202020
2020202020202020202020202020202020202020
2020202020202020202020202020202020202020
2020202020202020202020202020202020202020
2020202020202020202020202020202020202020
2020202020202020202020202020202020202020
2020202020202020202020202020202020202020
2020202020202020202020202020202020202020
2020202020202020202020202020202020202020
2020202020202020202020202020202020202020
2020202020202020202020202020202020202020
2020202020202020202020202020202020202020
2020202020202020202020202020202020202020
2020202020202020202020202020202020202020
2020202020202020202020202020202020202020
2020202020202020202020202020202020202020
2020202020202020202020202020202020202020
2020202020202020202020202020202020202020
2020202020202020202020202020202020202020
2020202020202020202020202020202020202020
2020202020202020202020202020202020202020
2020202020202020202020202020202020202020
2020202020202020202020202020202020202020
2020202020202020202020202020202020202020
2020202020202020202020202020202020202020
2020202020202020202020202020202020202020
2020202020202020202020202020202020202020
2020202020202020202020202020202020202020
2020202020202020202020202020202020202020
2020202020202020202020202020202020202020
2020202020202020202020202020202020202020
2020202020202020202020202020202020202020
2020202020202020202020202020202020202020
2020202020202020202020202020202020202020
2020202020202020202020202020202020202020
2020202020202020202020202020202020202020
2020202020202020202020202020202020202020
2020202020202020202020202020202020202020
2020202020202020202020202020202020202020
2020202020202020202020202020202020202020
2020202020202020202020202020202020202020
2020202020202020202020202020202020202020
2020202020202020202020202020202020202020
2020202020202020202020202020202020202020
2020202020202020202020202020202020202020
2020202020202020202020202020202020202020
2020202020202020202020202020202020202020
2020202020202020202020202020202020202020
2020202020202020202020202020202020202020
2020202020202020202020202020202020202020
2020202020202020202020202020202020202020
2020202020202020202020202020202020202020
2020202020202020202020202020202020202020
2020202020202020202020202020202020202020
2020202020202020202020202020202020202020
2020202020202020202020202020202020202020
2020202020202020202020202020202020202020
2020202020202020202020202020202020202020
2020202020202020202020202020202020202020
2020202020202020202020202020202020202020
2020202020202020202020202020202020202020
2020202020202020202020202020202020202020
2020202020202020202020202020202020202020
2020202020202020202020202020202020202020
2020202020202020202020202020202020202020
2020202020202020202020202020202020202020
2020202020202020202020202020202020202020
2020202020202020202020202020202020202020
2020202020202020202020202020202020202020
2020202020202020202020202020202020202020
2020202020202020202020202020202020202020
2020202020202020202020202020202020202020
2020202020202020202020202020202020202020
2020202020202020202020202020202020202020
2020202020202020202020202020202020202020
2020202020202020202020202020202020202020
2020202020202020202020202020202020202020
2020202020202020202020202020202020202020
2020202020202020202020202020202020202020
2020202020202020202020202020202020202020
2020202020202020202020202020202020202020
2020202020202020202020202020202020202020
2020202020202020202020202020202020202020
2020202020202020202020202020202020202020
2020202020202020202020202020202020202020
6d6f767020612c40612020202020202020202020
7265742020202020202020202020202020202020
63616c6c207470735f63616c6320202020202020
2020202020202020202020202020202020202020
63616c6c206c6c6162656c304138442020202020
2020202020202020202020202020202020202020
63616c6c2072706d5f617869735f6c6f6f6b7570
2020202020202020202020202020202020202020
63616c6c2063765f6f70656e5f6c6f6f705f6d61
2020202020202020202020202020202020202020
6e6f702020202020202020202020202020202020
6e6f702020202020202020202020202020202020
63616c6c207470735f616e676c655f706169725f
2020202020202020202020202020202020202020
63616c6c206c6f61645f617869735f68695f7265
2020202020202020202020202020202020202020
6e6f702020202020202020202020202020202020
6e6f702020202020202020202020202020202020
63616c6c207265746172645f61726d6564202020
2020202020202020202020202020202020202020
6a6d70207265746172645f61726d656420202020
2020202020202020202020202020202020202020
2020202020202020202020202020202020202020
2020202020202020202020202020202020202020
2020202020202020202020202020202020202020
2020202020202020202020202020202020202020
2020202020202020202020202020202020202020
2020202020202020202020202020202020202020
2020202020202020202020202020202020202020
2020202020202020202020202020202020202020
2020202020202020202020202020202020202020
2020202020202020202020202020202020202020
2020202020202020202020202020202020202020
2020202020202020202020202020202020202020
2020202020202020202020202020202020202020
2020202020202020202020202020202020202020
2020202020202020202020202020202020202020
2020202020202020202020202020202020202020
2020202020202020202020202020202020202020
2020202020202020202020202020202020202020
2020202020202020202020202020202020202020
2020202020202020202020202020202020202020
2020202020202020202020202020202020202020
2020202020202020202020202020202020202020
2020202020202020202020202020202020202020
2020202020202020202020202020202020202020
2020202020202020202020202020202020202020
2020202020202020202020202020202020202020
2020202020202020202020202020202020202020
2020202020202020202020202020202020202020
2020202020202020202020202020202020202020
2020202020202020202020202020202020202020
2020202020202020202020202020202020202020
2020202020202020202020202020202020202020
2020202020202020202020202020202020202020
2020202020202020202020202020202020202020
2020202020202020202020202020202020202020
2020202020202020202020202020202020202020
2020202020202020202020202020202020202020
2020202020202020202020202020202020202020
2020202020202020202020202020202020202020
2020202020202020202020202020202020202020
2020202020202020202020202020202020202020
2020202020202020202020202020202020202020
2020202020202020202020202020202020202020
2020202020202020202020202020202020202020
2020202020202020202020202020202020202020
2020202020202020202020202020202020202020
2020202020202020202020202020202020202020
2020202020202020202020202020202020202020
2020202020202020202020202020202020202020
2020202020202020202020202020202020202020
2020202020202020202020202020202020202020
2020202020202020202020202020202020202020
2020202020202020202020202020202020202020
2020202020202020202020202020202020202020
2020202020202020202020202020202020202020
2020202020202020202020202020202020202020
2020202020202020202020202020202020202020
2020202020202020202020202020202020202020
2020202020202020202020202020202020202020
2020202020202020202020202020202020202020
2020202020202020202020202020202020202020
2020202020202020202020202020202020202020
2020202020202020202020202020202020202020
2020202020202020202020202020202020202020
2020202020202020202020202020202020202020
2020202020202020202020202020202020202020
2020202020202020202020202020202020202020
2020202020202020202020202020202020202020
2020202020202020202020202020202020202020
2020202020202020202020202020202020202020
2020202020202020202020202020202020202020
2020202020202020202020202020202020202020
2020202020202020202020202020202020202020
2020202020202020202020202020202020202020
2020202020202020202020202020202020202020
2020202020202020202020202020202020202020
2020202020202020202020202020202020202020
2020202020202020202020202020202020202020
2020202020202020202020202020202020202020
2020202020202020202020202020202020202020
2020202020202020202020202020202020202020
2020202020202020202020202020202020202020
2020202020202020202020202020202020202020
2020202020202020202020202020202020202020
2020202020202020202020202020202020202020
2020202020202020202020202020202020202020
2020202020202020202020202020202020202020
2020202020202020202020202020202020202020
2020202020202020202020202020202020202020
2020202020202020202020202020202020202020
2020202020202020202020202020202020202020
2020202020202020202020202020202020202020
2020202020202020202020202020202020202020
2020202020202020202020202020202020202020
2020202020202020202020202020202020202020
2020202020202020202020202020202020202020
2020202020202020202020202020202020202020
2020202020202020202020202020202020202020
2020202020202020202020202020202020202020
2020202020202020202020202020202020202020
2020202020202020202020202020202020202020
2020202020202020202020202020202020202020
2020202020202020202020202020202020202020
2020202020202020202020202020202020202020
2020202020202020202020202020202020202020
2020202020202020202020202020202020202020
2020202020202020202020202020202020202020
2020202020202020202020202020202020202020
2020202020202020202020202020202020202020
2020202020202020202020202020202020202020
2020202020202020202020202020202020202020
2020202020202020202020202020202020202020
2020202020202020202020202020202020202020
2020202020202020202020202020202020202020
2020202020202020202020202020202020202020
2020202020202020202020202020202020202020
2020202020202020202020202020202020202020
2020202020202020202020202020202020202020
2020202020202020202020202020202020202020
2020202020202020202020202020202020202020
2020202020202020202020202020202020202020
2020202020202020202020202020202020202020
2020202020202020202020202020202020202020
2020202020202020202020202020202020202020
2020202020202020202020202020202020202020
2020202020202020202020202020202020202020
2020202020202020202020202020202020202020
2020202020202020202020202020202020202020
2020202020202020202020202020202020202020
2020202020202020202020202020202020202020
2020202020202020202020202020202020202020
2020202020202020202020202020202020202020
2020202020202020202020202020202020202020
2020202020202020202020202020202020202020
2020202020202020202020202020202020202020
2020202020202020202020202020202020202020
2020202020202020202020202020202020202020
2020202020202020202020202020202020202020
2020202020202020202020202020202020202020
2020202020202020202020202020202020202020
2020202020202020202020202020202020202020
2020202020202020202020202020202020202020
2020202020202020202020202020202020202020
2020202020202020202020202020202020202020
2020202020202020202020202020202020202020
2020202020202020202020202020202020202020
2020202020202020202020202020202020202020
2020202020202020202020202020202020202020
2020202020202020202020202020202020202020
2020202020202020202020202020202020202020
2020202020202020202020202020202020202020
2020202020202020202020202020202020202020
2020202020202020202020202020202020202020
2020202020202020202020202020202020202020
2020202020202020202020202020202020202020
2020202020202020202020202020202020202020
2020202020202020202020202020202020202020
2020202020202020202020202020202020202020
2020202020202020202020202020202020202020
2020202020202020202020202020202020202020
2020202020202020202020202020202020202020
2020202020202020202020202020202020202020
2020202020202020202020202020202020202020
2020202020202020202020202020202020202020
2020202020202020202020202020202020202020
2020202020202020202020202020202020202020
2020202020202020202020202020202020202020
2020202020202020202020202020202020202020
2020202020202020202020202020202020202020
2020202020202020202020202020202020202020
2020202020202020202020202020202020202020
2020202020202020202020202020202020202020
2020202020202020202020202020202020202020
2020202020202020202020202020202020202020
2020202020202020202020202020202020202020
2020202020202020202020202020202020202020
2020202020202020202020202020202020202020
2020202020202020202020202020202020202020
2020202020202020202020202020202020202020
2020202020202020202020202020202020202020
2020202020202020202020202020202020202020
2020202020202020202020202020202020202020
2020202020202020202020202020202020202020
2020202020202020202020202020202020202020
2020202020202020202020202020202020202020
2020202020202020202020202020202020202020
2020202020202020202020202020202020202020
2020202020202020202020202020202020202020
2020202020202020202020202020202020202020
2020202020202020202020202020202020202020
2020202020202020202020202020202020202020
2020202020202020202020202020202020202020
2020202020202020202020202020202020202020
2020202020202020202020202020202020202020
2020202020202020202020202020202020202020
2020202020202020202020202020202020202020
2020202020202020202020202020202020202020
2020202020202020202020202020202020202020
2020202020202020202020202020202020202020
2020202020202020202020202020202020202020
2020202020202020202020202020202020202020
2020202020202020202020202020202020202020
2020202020202020202020202020202020202020
2020202020202020202020202020202020202020
2020202020202020202020202020202020202020
2020202020202020202020202020202020202020
2020202020202020202020202020202020202020
2020202020202020202020202020202020202020
2020202020202020202020202020202020202020
2020202020202020202020202020202020202020
2020202020202020202020202020202020202020
2020202020202020202020202020202020202020
2020202020202020202020202020202020202020
2020202020202020202020202020202020202020
2020202020202020202020202020202020202020
2020202020202020202020202020202020202020
2020202020202020202020202020202020202020
2020202020202020202020202020202020202020
2020202020202020202020202020202020202020
2020202020202020202020202020202020202020
2020202020202020202020202020202020202020
2020202020202020202020202020202020202020
2020202020202020202020202020202020202020
2020202020202020202020202020202020202020
2020202020202020202020202020202020202020
2020202020202020202020202020202020202020
2020202020202020202020202020202020202020
2020202020202020202020202020202020202020
2020202020202020202020202020202020202020
2020202020202020202020202020202020202020
2020202020202020202020202020202020202020
2020202020202020202020202020202020202020
2020202020202020202020202020202020202020
2020202020202020202020202020202020202020
6d6f767020612c40612020202020202020202020
7265742020202020202020202020202020202020
6d6f762072312c23343420202020202020202020
2020202020202020202020202020202020202020
6d6f7620612c4072312020202020202020202020
726c206120202020202020202020202020202020
7377617020612020202020202020202020202020
616e6c20612c2337202020202020202020202020
2020202020202020202020202020202020202020
696e632061202020202020202020202020202020
6d6f762072352c61202020202020202020202020
6d6f762072322c23323520202020202020202020
2020202020202020202020202020202020202020
6d6f7620612c7232202020202020202020202020
6d6f767020612c40612020202020202020202020
6a7a206c6f61645f617869735f6c6f5f72656164
2020202020202020202020202020202020202020
6d6f762072312c61202020202020202020202020
6d6f7620612c7232202020202020202020202020
61646420612c2339202020202020202020202020
2020202020202020202020202020202020202020
78636820612c7232202020202020202020202020
61646420612c7235202020202020202020202020
6d6f767020612c40612020202020202020202020
6d6f76204072312c612020202020202020202020
6a6d70206765745f626c696e6b20202020202020
2020202020202020202020202020202020202020
6d6f762072312c23343320202020202020202020
2020202020202020202020202020202020202020
6d6f7620612c4072312020202020202020202020
616e6c20612c2331382020202020202020202020
2020202020202020202020202020202020202020
61646420612c7232202020202020202020202020
61646420612c7235202020202020202020202020
6d6f767020612c40612020202020202020202020
6d6f762072312c23364220202020202020202020
2020202020202020202020202020202020202020
6d6f76204072312c612020202020202020202020
7265742020202020202020202020202020202020
2020202020202020202020202020202020202020
2020202020202020202020202020202020202020
2020202020202020202020202020202020202020
2020202020202020202020202020202020202020
2020202020202020202020202020202020202020
2020202020202020202020202020202020202020
2020202020202020202020202020202020202020
2020202020202020202020202020202020202020
2020202020202020202020202020202020202020
2020202020202020202020202020202020202020
2020202020202020202020202020202020202020
2020202020202020202020202020202020202020
2020202020202020202020202020202020202020
2020202020202020202020202020202020202020
2020202020202020202020202020202020202020
2020202020202020202020202020202020202020
2020202020202020202020202020202020202020
2020202020202020202020202020202020202020
2020202020202020202020202020202020202020
2020202020202020202020202020202020202020
2020202020202020202020202020202020202020
2020202020202020202020202020202020202020
2020202020202020202020202020202020202020
2020202020202020202020202020202020202020
2020202020202020202020202020202020202020
2020202020202020202020202020202020202020
2020202020202020202020202020202020202020
2020202020202020202020202020202020202020
2020202020202020202020202020202020202020
2020202020202020202020202020202020202020
2020202020202020202020202020202020202020
2020202020202020202020202020202020202020
2020202020202020202020202020202020202020
2020202020202020202020202020202020202020
2020202020202020202020202020202020202020
2020202020202020202020202020202020202020
2020202020202020202020202020202020202020
2020202020202020202020202020202020202020
2020202020202020202020202020202020202020
2020202020202020202020202020202020202020
2020202020202020202020202020202020202020
2020202020202020202020202020202020202020
2020202020202020202020202020202020202020
2020202020202020202020202020202020202020
2020202020202020202020202020202020202020
2020202020202020202020202020202020202020
2020202020202020202020202020202020202020
2020202020202020202020202020202020202020
2020202020202020202020202020202020202020
2020202020202020202020202020202020202020
2020202020202020202020202020202020202020
2020202020202020202020202020202020202020
2020202020202020202020202020202020202020
2020202020202020202020202020202020202020
2020202020202020202020202020202020202020
2020202020202020202020202020202020202020
2020202020202020202020202020202020202020
2020202020202020202020202020202020202020
2020202020202020202020202020202020202020
2020202020202020202020202020202020202020
2020202020202020202020202020202020202020
2020202020202020202020202020202020202020
2020202020202020202020202020202020202020
2020202020202020202020202020202020202020
2020202020202020202020202020202020202020
2020202020202020202020202020202020202020
2020202020202020202020202020202020202020
2020202020202020202020202020202020202020
2020202020202020202020202020202020202020
2020202020202020202020202020202020202020
2020202020202020202020202020202020202020
2020202020202020202020202020202020202020
2020202020202020202020202020202020202020
2020202020202020202020202020202020202020
2020202020202020202020202020202020202020
2020202020202020202020202020202020202020
2020202020202020202020202020202020202020
2020202020202020202020202020202020202020
2020202020202020202020202020202020202020
2020202020202020202020202020202020202020
2020202020202020202020202020202020202020
2020202020202020202020202020202020202020
2020202020202020202020202020202020202020
2020202020202020202020202020202020202020
2020202020202020202020202020202020202020
2020202020202020202020202020202020202020
2020202020202020202020202020202020202020
2020202020202020202020202020202020202020
2020202020202020202020202020202020202020
2020202020202020202020202020202020202020
2020202020202020202020202020202020202020
2020202020202020202020202020202020202020
2020202020202020202020202020202020202020
2020202020202020202020202020202020202020
2020202020202020202020202020202020202020
2020202020202020202020202020202020202020
2020202020202020202020202020202020202020
2020202020202020202020202020202020202020
2020202020202020202020202020202020202020
2020202020202020202020202020202020202020
2020202020202020202020202020202020202020
2020202020202020202020202020202020202020
2020202020202020202020202020202020202020
2020202020202020202020202020202020202020
2020202020202020202020202020202020202020
2020202020202020202020202020202020202020
2020202020202020202020202020202020202020
2020202020202020202020202020202020202020
2020202020202020202020202020202020202020
2020202020202020202020202020202020202020
2020202020202020202020202020202020202020
2020202020202020202020202020202020202020
2020202020202020202020202020202020202020
2020202020202020202020202020202020202020
2020202020202020202020202020202020202020
2020202020202020202020202020202020202020
2020202020202020202020202020202020202020
2020202020202020202020202020202020202020
2020202020202020202020202020202020202020
2020202020202020202020202020202020202020
2020202020202020202020202020202020202020
2020202020202020202020202020202020202020
2020202020202020202020202020202020202020
2020202020202020202020202020202020202020
2020202020202020202020202020202020202020
2020202020202020202020202020202020202020
2020202020202020202020202020202020202020
2020202020202020202020202020202020202020
2020202020202020202020202020202020202020
2020202020202020202020202020202020202020
2020202020202020202020202020202020202020
2020202020202020202020202020202020202020
2020202020202020202020202020202020202020
2020202020202020202020202020202020202020
2020202020202020202020202020202020202020
2020202020202020202020202020202020202020
2020202020202020202020202020202020202020
2020202020202020202020202020202020202020
2020202020202020202020202020202020202020
2020202020202020202020202020202020202020
2020202020202020202020202020202020202020
2020202020202020202020202020202020202020
2020202020202020202020202020202020202020
2020202020202020202020202020202020202020
2020202020202020202020202020202020202020
2020202020202020202020202020202020202020
2020202020202020202020202020202020202020
2020202020202020202020202020202020202020
2020202020202020202020202020202020202020
2020202020202020202020202020202020202020
2020202020202020202020202020202020202020
2020202020202020202020202020202020202020
2020202020202020202020202020202020202020
2020202020202020202020202020202020202020
2020202020202020202020202020202020202020
2020202020202020202020202020202020202020
2020202020202020202020202020202020202020
2020202020202020202020202020202020202020
2020202020202020202020202020202020202020
2020202020202020202020202020202020202020
2020202020202020202020202020202020202020
2020202020202020202020202020202020202020
2020202020202020202020202020202020202020
2020202020202020202020202020202020202020
2020202020202020202020202020202020202020
2020202020202020202020202020202020202020
2020202020202020202020202020202020202020
2020202020202020202020202020202020202020
2020202020202020202020202020202020202020
2020202020202020202020202020202020202020
2020202020202020202020202020202020202020
2020202020202020202020202020202020202020
2020202020202020202020202020202020202020
2020202020202020202020202020202020202020
2020202020202020202020202020202020202020
2020202020202020202020202020202020202020
2020202020202020202020202020202020202020
2020202020202020202020202020202020202020
2020202020202020202020202020202020202020
2020202020202020202020202020202020202020
2020202020202020202020202020202020202020
2020202020202020202020202020202020202020
2020202020202020202020202020202020202020
2020202020202020202020202020202020202020
2020202020202020202020202020202020202020
2020202020202020202020202020202020202020
2020202020202020202020202020202020202020
2020202020202020202020202020202020202020
2020202020202020202020202020202020202020
2020202020202020202020202020202020202020
2020202020202020202020202020202020202020
2020202020202020202020202020202020202020
2020202020202020202020202020202020202020
2020202020202020202020202020202020202020
2020202020202020202020202020202020202020
2020202020202020202020202020202020202020
2020202020202020202020202020202020202020
2020202020202020202020202020202020202020
2020202020202020202020202020202020202020
2020202020202020202020202020202020202020
2020202020202020202020202020202020202020
2020202020202020202020202020202020202020
2020202020202020202020202020202020202020
2020202020202020202020202020202020202020
2020202020202020202020202020202020202020
2020202020202020202020202020202020202020
2020202020202020202020202020202020202020
2020202020202020202020202020202020202020
2020202020202020202020202020202020202020
2020202020202020202020202020202020202020
2020202020202020202020202020202020202020
2020202020202020202020202020202020202020
2020202020202020202020202020202020202020
2020202020202020202020202020202020202020
2020202020202020202020202020202020202020
2020202020202020202020202020202020202020
2020202020202020202020202020202020202020
6d6f767020612c40612020202020202020202020
7265742020202020202020202020202020202020
2020202020202020202020202020202020202020
2020202020202020202020202020202020202020
2020202020202020202020202020202020202020
2020202020202020202020202020202020202020
2020202020202020202020202020202020202020
2020202020202020202020202020202020202020
2020202020202020202020202020202020202020
2020202020202020202020202020202020202020
2020202020202020202020202020202020202020
2020202020202020202020202020202020202020
2020202020202020202020202020202020202020
2020202020202020202020202020202020202020
2020202020202020202020202020202020202020
2020202020202020202020202020202020202020
2020202020202020202020202020202020202020
6d6f762072312c23334320202020202020202020
2020202020202020202020202020202020202020
6d6f7620612c4072312020202020202020202020
63706c2061202020202020202020202020202020
696e632072312020202020202020202020202020
61646420612c4072312020202020202020202020
6d6f762072312c23334620202020202020202020
2020202020202020202020202020202020202020
6a63207470735f7261775f726561642020202020
2020202020202020202020202020202020202020
61646420612c2336202020202020202020202020
2020202020202020202020202020202020202020
6a63207470735f7261775f726561642020202020
2020202020202020202020202020202020202020
6d6f76204072312c234220202020202020202020
2020202020202020202020202020202020202020
6d6f7620612c4072312020202020202020202020
6a7a207470735f6c6f5f6e6962626c655f6d6173
2020202020202020202020202020202020202020
6465632061202020202020202020202020202020
616e6c20612c2346202020202020202020202020
2020202020202020202020202020202020202020
6d6f76204072312c612020202020202020202020
6d6f762072312c23334320202020202020202020
2020202020202020202020202020202020202020
6d6f7620612c4072312020202020202020202020
6d6f762072362c61202020202020202020202020
6465632072312020202020202020202020202020
6d6f7620612c4072312020202020202020202020
6d6f762072332c61202020202020202020202020
73656c206d623020202020202020202020202020
63616c6c206d756c382020202020202020202020
2020202020202020202020202020202020202020
73656c206d623120202020202020202020202020
6465632072312020202020202020202020202020
6d6f76204072312c612020202020202020202020
61646420612c2343422020202020202020202020
2020202020202020202020202020202020202020
6a63207470735f616e676c655f68695f72616e67
2020202020202020202020202020202020202020
636c722061202020202020202020202020202020
6d6f762072312c23343320202020202020202020
2020202020202020202020202020202020202020
6d6f76204072312c612020202020202020202020
6d6f7620612c2345332020202020202020202020
2020202020202020202020202020202020202020
61646420612c4072312020202020202020202020
6a6e63207470735f737570706c795f7265665f63
2020202020202020202020202020202020202020
6d6f76204072312c233143202020202020202020
2020202020202020202020202020202020202020
6d6f762072312c23333920202020202020202020
2020202020202020202020202020202020202020
6d6f7620612c4072312020202020202020202020
6d6f762072362c61202020202020202020202020
6d6f762072312c23334220202020202020202020
2020202020202020202020202020202020202020
6d6f7620612c4072312020202020202020202020
6d6f762072332c61202020202020202020202020
73656c206d623020202020202020202020202020
63616c6c206d756c382020202020202020202020
2020202020202020202020202020202020202020
73656c206d623120202020202020202020202020
61646420612c2341332020202020202020202020
2020202020202020202020202020202020202020
6a7a207470735f63616c635f7265742020202020
2020202020202020202020202020202020202020
63706c2061202020202020202020202020202020
696e632061202020202020202020202020202020
61646420612c4072312020202020202020202020
6d6f76204072312c612020202020202020202020
7265742020202020202020202020202020202020
6d6f762072312c23343420202020202020202020
2020202020202020202020202020202020202020
6d6f762072302c23323420202020202020202020
2020202020202020202020202020202020202020
6d6f762072362c23302020202020202020202020
2020202020202020202020202020202020202020
6d6f7620612c4072302020202020202020202020
63706c2061202020202020202020202020202020
6d6f762072342c61202020202020202020202020
73656c2072623020202020202020202020202020
6d6f7620612c7237202020202020202020202020
73656c2072623120202020202020202020202020
63706c2061202020202020202020202020202020
6a62312072706d5f617869735f6d61785f736574
2020202020202020202020202020202020202020
63706c2061202020202020202020202020202020
61646420612c2333382020202020202020202020
2020202020202020202020202020202020202020
61646420612c7234202020202020202020202020
6d6f762072342c61202020202020202020202020
6a632072706d5f617869735f636c616d70202020
2020202020202020202020202020202020202020
696e632072362020202020202020202020202020
6d6f7620612c7236202020202020202020202020
7272632061202020202020202020202020202020
636c722063202020202020202020202020202020
7272632061202020202020202020202020202020
6d6f767020612c40612020202020202020202020
61646420612c7234202020202020202020202020
6d6f762072342c61202020202020202020202020
6a6e632072706d5f617869735f6964785f696e63
2020202020202020202020202020202020202020
6d6f7620612c2343342020202020202020202020
2020202020202020202020202020202020202020
61646420612c7236202020202020202020202020
6a6e632072706d5f617869735f726573756c745f
2020202020202020202020202020202020202020
6d6f762072362c23334320202020202020202020
2020202020202020202020202020202020202020
636c722061202020202020202020202020202020
78636820612c7236202020202020202020202020
6d6f76204072312c612020202020202020202020
7265742020202020202020202020202020202020
6d6f762072302c23343320202020202020202020
2020202020202020202020202020202020202020
6d6f762072312c23343420202020202020202020
2020202020202020202020202020202020202020
636c722066312020202020202020202020202020
63616c6c206c6162656c30433830202020202020
2020202020202020202020202020202020202020
6d6f762072312c23363820202020202020202020
2020202020202020202020202020202020202020
6d6f76204072312c612020202020202020202020
7265742020202020202020202020202020202020
6d6f762072302c23343320202020202020202020
2020202020202020202020202020202020202020
6d6f762072312c23343420202020202020202020
2020202020202020202020202020202020202020
636c722066312020202020202020202020202020
63706c2066312020202020202020202020202020
63616c6c206164635f666e345f7369676e5f6368
2020202020202020202020202020202020202020
63706c2061202020202020202020202020202020
6d6f762072312c23353720202020202020202020
2020202020202020202020202020202020202020
61646420612c4072312020202020202020202020
63706c2061202020202020202020202020202020
6d6f762072312c23353120202020202020202020
2020202020202020202020202020202020202020
6d6f76204072312c612020202020202020202020
7265742020202020202020202020202020202020
6d6f762072302c23324120202020202020202020
2020202020202020202020202020202020202020
6d6f762072312c23323220202020202020202020
2020202020202020202020202020202020202020
63616c6c206c6162656c30333830202020202020
2020202020202020202020202020202020202020
6d6f76204072312c612020202020202020202020
6d6f762072302c23324220202020202020202020
2020202020202020202020202020202020202020
696e632072312020202020202020202020202020
63616c6c206c6162656c30333830202020202020
2020202020202020202020202020202020202020
61646420612c2346382020202020202020202020
2020202020202020202020202020202020202020
6d6f76204072312c612020202020202020202020
7265742020202020202020202020202020202020
2020202020202020202020202020202020202020
2020202020202020202020202020202020202020
2020202020202020202020202020202020202020
2020202020202020202020202020202020202020
2020202020202020202020202020202020202020
2020202020202020202020202020202020202020
2020202020202020202020202020202020202020
2020202020202020202020202020202020202020
2020202020202020202020202020202020202020
2020202020202020202020202020202020202020
2020202020202020202020202020202020202020
2020202020202020202020202020202020202020
2020202020202020202020202020202020202020
2020202020202020202020202020202020202020
2020202020202020202020202020202020202020
2020202020202020202020202020202020202020
2020202020202020202020202020202020202020
2020202020202020202020202020202020202020
2020202020202020202020202020202020202020
2020202020202020202020202020202020202020
2020202020202020202020202020202020202020
2020202020202020202020202020202020202020
2020202020202020202020202020202020202020
2020202020202020202020202020202020202020
2020202020202020202020202020202020202020
2020202020202020202020202020202020202020
2020202020202020202020202020202020202020
2020202020202020202020202020202020202020
2020202020202020202020202020202020202020
2020202020202020202020202020202020202020
2020202020202020202020202020202020202020
2020202020202020202020202020202020202020
2020202020202020202020202020202020202020
2020202020202020202020202020202020202020
2020202020202020202020202020202020202020
2020202020202020202020202020202020202020
2020202020202020202020202020202020202020
2020202020202020202020202020202020202020
2020202020202020202020202020202020202020
2020202020202020202020202020202020202020
2020202020202020202020202020202020202020
2020202020202020202020202020202020202020
2020202020202020202020202020202020202020
2020202020202020202020202020202020202020
2020202020202020202020202020202020202020
2020202020202020202020202020202020202020
2020202020202020202020202020202020202020
2020202020202020202020202020202020202020
2020202020202020202020202020202020202020
2020202020202020202020202020202020202020
2020202020202020202020202020202020202020
2020202020202020202020202020202020202020
2020202020202020202020202020202020202020
2020202020202020202020202020202020202020
2020202020202020202020202020202020202020
2020202020202020202020202020202020202020
2020202020202020202020202020202020202020
2020202020202020202020202020202020202020
2020202020202020202020202020202020202020
2020202020202020202020202020202020202020
2020202020202020202020202020202020202020
2020202020202020202020202020202020202020
2020202020202020202020202020202020202020
2020202020202020202020202020202020202020
2020202020202020202020202020202020202020
2020202020202020202020202020202020202020
2020202020202020202020202020202020202020
2020202020202020202020202020202020202020
2020202020202020202020202020202020202020
2020202020202020202020202020202020202020
2020202020202020202020202020202020202020
2020202020202020202020202020202020202020
2020202020202020202020202020202020202020
2020202020202020202020202020202020202020
2020202020202020202020202020202020202020
2020202020202020202020202020202020202020
2020202020202020202020202020202020202020
2020202020202020202020202020202020202020
2020202020202020202020202020202020202020
2020202020202020202020202020202020202020
6d6f767020612c40612020202020202020202020
7265742020202020202020202020202020202020
2020202020202020202020202020202020202020
2020202020202020202020202020202020202020
2020202020202020202020202020202020202020
2020202020202020202020202020202020202020
2020202020202020202020202020202020202020
2020202020202020202020202020202020202020
2020202020202020202020202020202020202020
2020202020202020202020202020202020202020
2020202020202020202020202020202020202020
2020202020202020202020202020202020202020
2020202020202020202020202020202020202020
2020202020202020202020202020202020202020
2020202020202020202020202020202020202020
2020202020202020202020202020202020202020
2020202020202020202020202020202020202020
2020202020202020202020202020202020202020
2020202020202020202020202020202020202020
2020202020202020202020202020202020202020
2020202020202020202020202020202020202020
2020202020202020202020202020202020202020
2020202020202020202020202020202020202020
2020202020202020202020202020202020202020
2020202020202020202020202020202020202020
2020202020202020202020202020202020202020
2020202020202020202020202020202020202020
2020202020202020202020202020202020202020
2020202020202020202020202020202020202020
2020202020202020202020202020202020202020
2020202020202020202020202020202020202020
2020202020202020202020202020202020202020
2020202020202020202020202020202020202020
2020202020202020202020202020202020202020
2020202020202020202020202020202020202020
2020202020202020202020202020202020202020
2020202020202020202020202020202020202020
2020202020202020202020202020202020202020
2020202020202020202020202020202020202020
2020202020202020202020202020202020202020
2020202020202020202020202020202020202020
2020202020202020202020202020202020202020
2020202020202020202020202020202020202020
2020202020202020202020202020202020202020
2020202020202020202020202020202020202020
2020202020202020202020202020202020202020
2020202020202020202020202020202020202020
2020202020202020202020202020202020202020
2020202020202020202020202020202020202020
2020202020202020202020202020202020202020
2020202020202020202020202020202020202020
2020202020202020202020202020202020202020
2020202020202020202020202020202020202020
2020202020202020202020202020202020202020
2020202020202020202020202020202020202020
2020202020202020202020202020202020202020
2020202020202020202020202020202020202020
2020202020202020202020202020202020202020
2020202020202020202020202020202020202020
2020202020202020202020202020202020202020
2020202020202020202020202020202020202020
2020202020202020202020202020202020202020
2020202020202020202020202020202020202020
2020202020202020202020202020202020202020
2020202020202020202020202020202020202020
2020202020202020202020202020202020202020
2020202020202020202020202020202020202020
2020202020202020202020202020202020202020
2020202020202020202020202020202020202020
2020202020202020202020202020202020202020
2020202020202020202020202020202020202020
2020202020202020202020202020202020202020
2020202020202020202020202020202020202020
2020202020202020202020202020202020202020
2020202020202020202020202020202020202020
2020202020202020202020202020202020202020
2020202020202020202020202020202020202020
2020202020202020202020202020202020202020
2020202020202020202020202020202020202020
2020202020202020202020202020202020202020
2020202020202020202020202020202020202020
2020202020202020202020202020202020202020
2020202020202020202020202020202020202020
2020202020202020202020202020202020202020
2020202020202020202020202020202020202020
2020202020202020202020202020202020202020
2020202020202020202020202020202020202020
2020202020202020202020202020202020202020
2020202020202020202020202020202020202020
2020202020202020202020202020202020202020
2020202020202020202020202020202020202020
2020202020202020202020202020202020202020
2020202020202020202020202020202020202020
2020202020202020202020202020202020202020
2020202020202020202020202020202020202020
2020202020202020202020202020202020202020
2020202020202020202020202020202020202020
2020202020202020202020202020202020202020
2020202020202020202020202020202020202020
2020202020202020202020202020202020202020
2020202020202020202020202020202020202020
2020202020202020202020202020202020202020
2020202020202020202020202020202020202020
2020202020202020202020202020202020202020
2020202020202020202020202020202020202020
2020202020202020202020202020202020202020
2020202020202020202020202020202020202020
2020202020202020202020202020202020202020
2020202020202020202020202020202020202020
2020202020202020202020202020202020202020
2020202020202020202020202020202020202020
2020202020202020202020202020202020202020
2020202020202020202020202020202020202020
2020202020202020202020202020202020202020
2020202020202020202020202020202020202020
2020202020202020202020202020202020202020
2020202020202020202020202020202020202020
2020202020202020202020202020202020202020
2020202020202020202020202020202020202020
2020202020202020202020202020202020202020
2020202020202020202020202020202020202020
2020202020202020202020202020202020202020
2020202020202020202020202020202020202020
2020202020202020202020202020202020202020
2020202020202020202020202020202020202020
2020202020202020202020202020202020202020
2020202020202020202020202020202020202020
2020202020202020202020202020202020202020
2020202020202020202020202020202020202020
2020202020202020202020202020202020202020
6d6f7620612c4072302020202020202020202020
6d6f762072332c61202020202020202020202020
6d6f762072302c23323420202020202020202020
2020202020202020202020202020202020202020
6d6f7620612c4072302020202020202020202020
6d6f762072362c61202020202020202020202020
73656c206d623020202020202020202020202020
63616c6c206d756c382020202020202020202020
2020202020202020202020202020202020202020
73656c206d623120202020202020202020202020
7265742020202020202020202020202020202020
6a6d7020706167655f7665635f30432020202020
2020202020202020202020202020202020202020
2020202020202020202020202020202020202020
2020202020202020202020202020202020202020
2020202020202020202020202020202020202020
2020202020202020202020202020202020202020
2020202020202020202020202020202020202020
2020202020202020202020202020202020202020
2020202020202020202020202020202020202020
2020202020202020202020202020202020202020
2020202020202020202020202020202020202020
2020202020202020202020202020202020202020
2020202020202020202020202020202020202020
2020202020202020202020202020202020202020
2020202020202020202020202020202020202020
2020202020202020202020202020202020202020
2020202020202020202020202020202020202020
2020202020202020202020202020202020202020
2020202020202020202020202020202020202020
2020202020202020202020202020202020202020
2020202020202020202020202020202020202020
2020202020202020202020202020202020202020
2020202020202020202020202020202020202020
2020202020202020202020202020202020202020
2020202020202020202020202020202020202020
2020202020202020202020202020202020202020
2020202020202020202020202020202020202020
2020202020202020202020202020202020202020
2020202020202020202020202020202020202020
2020202020202020202020202020202020202020
2020202020202020202020202020202020202020
2020202020202020202020202020202020202020
2020202020202020202020202020202020202020
2020202020202020202020202020202020202020
2020202020202020202020202020202020202020
2020202020202020202020202020202020202020
2020202020202020202020202020202020202020
2020202020202020202020202020202020202020
2020202020202020202020202020202020202020
2020202020202020202020202020202020202020
2020202020202020202020202020202020202020
2020202020202020202020202020202020202020
2020202020202020202020202020202020202020
2020202020202020202020202020202020202020
2020202020202020202020202020202020202020
2020202020202020202020202020202020202020
2020202020202020202020202020202020202020
2020202020202020202020202020202020202020
2020202020202020202020202020202020202020
2020202020202020202020202020202020202020
2020202020202020202020202020202020202020
2020202020202020202020202020202020202020
2020202020202020202020202020202020202020
2020202020202020202020202020202020202020
2020202020202020202020202020202020202020
2020202020202020202020202020202020202020
2020202020202020202020202020202020202020
2020202020202020202020202020202020202020
2020202020202020202020202020202020202020
2020202020202020202020202020202020202020
2020202020202020202020202020202020202020
2020202020202020202020202020202020202020
2020202020202020202020202020202020202020
2020202020202020202020202020202020202020
2020202020202020202020202020202020202020
2020202020202020202020202020202020202020
2020202020202020202020202020202020202020
2020202020202020202020202020202020202020
2020202020202020202020202020202020202020
2020202020202020202020202020202020202020
2020202020202020202020202020202020202020
2020202020202020202020202020202020202020
2020202020202020202020202020202020202020
2020202020202020202020202020202020202020
2020202020202020202020202020202020202020
2020202020202020202020202020202020202020
2020202020202020202020202020202020202020
2020202020202020202020202020202020202020
2020202020202020202020202020202020202020
2020202020202020202020202020202020202020
2020202020202020202020202020202020202020
2020202020202020202020202020202020202020
2020202020202020202020202020202020202020
2020202020202020202020202020202020202020
2020202020202020202020202020202020202020
2020202020202020202020202020202020202020
2020202020202020202020202020202020202020
2020202020202020202020202020202020202020
2020202020202020202020202020202020202020
2020202020202020202020202020202020202020
2020202020202020202020202020202020202020
2020202020202020202020202020202020202020
2020202020202020202020202020202020202020
2020202020202020202020202020202020202020
2020202020202020202020202020202020202020
2020202020202020202020202020202020202020
2020202020202020202020202020202020202020
2020202020202020202020202020202020202020
2020202020202020202020202020202020202020
2020202020202020202020202020202020202020
2020202020202020202020202020202020202020
2020202020202020202020202020202020202020
2020202020202020202020202020202020202020
2020202020202020202020202020202020202020
2020202020202020202020202020202020202020
2020202020202020202020202020202020202020
2020202020202020202020202020202020202020
2020202020202020202020202020202020202020
2020202020202020202020202020202020202020
2020202020202020202020202020202020202020
2020202020202020202020202020202020202020
2020202020202020202020202020202020202020
2020202020202020202020202020202020202020
6a663120696e746572705f657869745f6a6d7020
2020202020202020202020202020202020202020
6d6f767020612c40612020202020202020202020
7265742020202020202020202020202020202020
2020202020202020202020202020202020202020
2020202020202020202020202020202020202020
2020202020202020202020202020202020202020
2020202020202020202020202020202020202020
2020202020202020202020202020202020202020
2020202020202020202020202020202020202020
2020202020202020202020202020202020202020
2020202020202020202020202020202020202020
2020202020202020202020202020202020202020
2020202020202020202020202020202020202020
2020202020202020202020202020202020202020
2020202020202020202020202020202020202020
2020202020202020202020202020202020202020
2020202020202020202020202020202020202020
2020202020202020202020202020202020202020
2020202020202020202020202020202020202020
2020202020202020202020202020202020202020
2020202020202020202020202020202020202020
2020202020202020202020202020202020202020
2020202020202020202020202020202020202020
2020202020202020202020202020202020202020
2020202020202020202020202020202020202020
2020202020202020202020202020202020202020
2020202020202020202020202020202020202020
2020202020202020202020202020202020202020
2020202020202020202020202020202020202020
2020202020202020202020202020202020202020
2020202020202020202020202020202020202020
2020202020202020202020202020202020202020
2020202020202020202020202020202020202020
2020202020202020202020202020202020202020
2020202020202020202020202020202020202020
2020202020202020202020202020202020202020
2020202020202020202020202020202020202020
2020202020202020202020202020202020202020
2020202020202020202020202020202020202020
2020202020202020202020202020202020202020
2020202020202020202020202020202020202020
2020202020202020202020202020202020202020
2020202020202020202020202020202020202020
2020202020202020202020202020202020202020
2020202020202020202020202020202020202020
2020202020202020202020202020202020202020
2020202020202020202020202020202020202020
2020202020202020202020202020202020202020
2020202020202020202020202020202020202020
2020202020202020202020202020202020202020
2020202020202020202020202020202020202020
2020202020202020202020202020202020202020
2020202020202020202020202020202020202020
2020202020202020202020202020202020202020
2020202020202020202020202020202020202020
2020202020202020202020202020202020202020
2020202020202020202020202020202020202020
2020202020202020202020202020202020202020
2020202020202020202020202020202020202020
2020202020202020202020202020202020202020
2020202020202020202020202020202020202020
2020202020202020202020202020202020202020
2020202020202020202020202020202020202020
2020202020202020202020202020202020202020
2020202020202020202020202020202020202020
2020202020202020202020202020202020202020
2020202020202020202020202020202020202020
2020202020202020202020202020202020202020
2020202020202020202020202020202020202020
2020202020202020202020202020202020202020
2020202020202020202020202020202020202020
2020202020202020202020202020202020202020
2020202020202020202020202020202020202020
2020202020202020202020202020202020202020
2020202020202020202020202020202020202020
2020202020202020202020202020202020202020
2020202020202020202020202020202020202020
2020202020202020202020202020202020202020
2020202020202020202020202020202020202020
2020202020202020202020202020202020202020
2020202020202020202020202020202020202020
2020202020202020202020202020202020202020
2020202020202020202020202020202020202020
2020202020202020202020202020202020202020
2020202020202020202020202020202020202020
2020202020202020202020202020202020202020
2020202020202020202020202020202020202020
2020202020202020202020202020202020202020
2020202020202020202020202020202020202020
2020202020202020202020202020202020202020
2020202020202020202020202020202020202020
2020202020202020202020202020202020202020
2020202020202020202020202020202020202020
2020202020202020202020202020202020202020
2020202020202020202020202020202020202020
2020202020202020202020202020202020202020
2020202020202020202020202020202020202020
2020202020202020202020202020202020202020
2020202020202020202020202020202020202020
2020202020202020202020202020202020202020
2020202020202020202020202020202020202020
2020202020202020202020202020202020202020
2020202020202020202020202020202020202020
2020202020202020202020202020202020202020
2020202020202020202020202020202020202020
2020202020202020202020202020202020202020
2020202020202020202020202020202020202020
2020202020202020202020202020202020202020
2020202020202020202020202020202020202020
2020202020202020202020202020202020202020
2020202020202020202020202020202020202020
2020202020202020202020202020202020202020
2020202020202020202020202020202020202020
2020202020202020202020202020202020202020
2020202020202020202020202020202020202020
2020202020202020202020202020202020202020
2020202020202020202020202020202020202020
2020202020202020202020202020202020202020
2020202020202020202020202020202020202020
2020202020202020202020202020202020202020
2020202020202020202020202020202020202020
2020202020202020202020202020202020202020
2020202020202020202020202020202020202020
2020202020202020202020202020202020202020
2020202020202020202020202020202020202020
2020202020202020202020202020202020202020
2020202020202020202020202020202020202020
2020202020202020202020202020202020202020
2020202020202020202020202020202020202020
2020202020202020202020202020202020202020
2020202020202020202020202020202020202020
6d6f7620612c4072312020202020202020202020
7272632061202020202020202020202020202020
7272632061202020202020202020202020202020
616e6c20612c2346202020202020202020202020
2020202020202020202020202020202020202020
6d6f762072322c61202020202020202020202020
6d6f7620612c4072302020202020202020202020
726c632061202020202020202020202020202020
726c632061202020202020202020202020202020
616e6c20612c2346302020202020202020202020
2020202020202020202020202020202020202020
61646420612c7232202020202020202020202020
6d6f762072322c61202020202020202020202020
6d6f7620612c4072302020202020202020202020
616e6c20612c2333202020202020202020202020
2020202020202020202020202020202020202020
696e632061202020202020202020202020202020
6465632072302020202020202020202020202020
6d6f76204072302c612020202020202020202020
636c722061202020202020202020202020202020
6d6f762072352c61202020202020202020202020
6d6f762072372c61202020202020202020202020
6d6f762072342c23342020202020202020202020
2020202020202020202020202020202020202020
6d6f7620612c7234202020202020202020202020
63706c2061202020202020202020202020202020
61646420612c4072302020202020202020202020
6d6f7620612c7232202020202020202020202020
6a6e6320696e746572705f7061727469616c5f73
2020202020202020202020202020202020202020
61646420612c2331302020202020202020202020
2020202020202020202020202020202020202020
6d6f762072332c61202020202020202020202020
63616c6c206d61705f74626c5f6c6f6f6b757020
2020202020202020202020202020202020202020
61646420612c7235202020202020202020202020
6d6f762072352c61202020202020202020202020
6a6e6320696e746572705f6d61705f63656c6c5f
2020202020202020202020202020202020202020
696e632072372020202020202020202020202020
6d6f7620612c4072312020202020202020202020
7272632061202020202020202020202020202020
6d6f7620612c7233202020202020202020202020
6a6e6320696e746572705f74626c5f6c6f6f6b75
2020202020202020202020202020202020202020
696e632061202020202020202020202020202020
63616c6c206d61705f74626c5f6c6f6f6b757020
2020202020202020202020202020202020202020
61646420612c7235202020202020202020202020
6d6f762072352c61202020202020202020202020
6a6e6320696e746572705f6e6578745f63656c6c
2020202020202020202020202020202020202020
696e632072372020202020202020202020202020
6d6f7620612c4072312020202020202020202020
696e632072332020202020202020202020202020
6a623120696e746572705f72335f726573746f72
2020202020202020202020202020202020202020
6465632072332020202020202020202020202020
6d6f7620612c7233202020202020202020202020
63616c6c206d61705f74626c5f6c6f6f6b757020
2020202020202020202020202020202020202020
61646420612c7235202020202020202020202020
6d6f762072352c61202020202020202020202020
6a6e6320696e746572705f667261635f6d756c5f
2020202020202020202020202020202020202020
696e632072372020202020202020202020202020
6d6f7620612c7233202020202020202020202020
63616c6c206d61705f74626c5f6c6f6f6b757020
2020202020202020202020202020202020202020
61646420612c7235202020202020202020202020
6d6f762072352c61202020202020202020202020
6a6e6320696e746572705f6c6f6f705f656e6420
2020202020202020202020202020202020202020
696e632072372020202020202020202020202020
646a6e7a2072342c696e746572705f6c6f6f7020
2020202020202020202020202020202020202020
6d6f7620612c7237202020202020202020202020
616e6c20612c2346202020202020202020202020
2020202020202020202020202020202020202020
78636820612c7235202020202020202020202020
6d6f762072302c23314420202020202020202020
2020202020202020202020202020202020202020
7863686420612c40723020202020202020202020
7377617020612020202020202020202020202020
7265742020202020202020202020202020202020
2020202020202020202020202020202020202020
2020202020202020202020202020202020202020
2020202020202020202020202020202020202020
2020202020202020202020202020202020202020
2020202020202020202020202020202020202020
2020202020202020202020202020202020202020
2020202020202020202020202020202020202020
2020202020202020202020202020202020202020
2020202020202020202020202020202020202020
2020202020202020202020202020202020202020
2020202020202020202020202020202020202020
2020202020202020202020202020202020202020
2020202020202020202020202020202020202020
2020202020202020202020202020202020202020
2020202020202020202020202020202020202020
2020202020202020202020202020202020202020
2020202020202020202020202020202020202020
2020202020202020202020202020202020202020
2020202020202020202020202020202020202020
2020202020202020202020202020202020202020
2020202020202020202020202020202020202020
2020202020202020202020202020202020202020
2020202020202020202020202020202020202020
2020202020202020202020202020202020202020
2020202020202020202020202020202020202020
2020202020202020202020202020202020202020
2020202020202020202020202020202020202020
2020202020202020202020202020202020202020
2020202020202020202020202020202020202020
2020202020202020202020202020202020202020
2020202020202020202020202020202020202020
2020202020202020202020202020202020202020
2020202020202020202020202020202020202020
2020202020202020202020202020202020202020
2020202020202020202020202020202020202020
2020202020202020202020202020202020202020
2020202020202020202020202020202020202020
2020202020202020202020202020202020202020
2020202020202020202020202020202020202020
2020202020202020202020202020202020202020
2020202020202020202020202020202020202020
6d6f767020612c40612020202020202020202020
7265742020202020202020202020202020202020
6d6f762072302c23374120202020202020202020
2020202020202020202020202020202020202020
6d6f762072312c23343520202020202020202020
2020202020202020202020202020202020202020
6d6f7620612c4072312020202020202020202020
63706c2061202020202020202020202020202020
61646420612c4072302020202020202020202020
6a63206b6e6f636b5f6c6576656c5f7265616420
2020202020202020202020202020202020202020
6d6f7620612c4072312020202020202020202020
6d6f76204072302c612020202020202020202020
6d6f762072312c23343720202020202020202020
2020202020202020202020202020202020202020
6d6f762072322c23302020202020202020202020
2020202020202020202020202020202020202020
6d6f7620612c4072302020202020202020202020
6d6f762072302c61202020202020202020202020
6d6f762072342c61202020202020202020202020
726c632061202020202020202020202020202020
63616c6c6c6162656c3046433120202020202020
2020202020202020202020202020202020202020
63616c6c6c6162656c3046433120202020202020
2020202020202020202020202020202020202020
63616c6c206c6162656c30464244202020202020
2020202020202020202020202020202020202020
63616c6c206c6162656c30464244202020202020
2020202020202020202020202020202020202020
6d6f7620612c4072312020202020202020202020
7377617020612020202020202020202020202020
7863686420612c40723120202020202020202020
6465632072312020202020202020202020202020
6d6f7620612c4072312020202020202020202020
63706c2061202020202020202020202020202020
61646420612c7234202020202020202020202020
6a63206b6e6f636b5f6465746563742020202020
2020202020202020202020202020202020202020
6d6f762072322c23392020202020202020202020
2020202020202020202020202020202020202020
6d6f7620612c4072312020202020202020202020
7272632061202020202020202020202020202020
6d6f76204072312c612020202020202020202020
6d6f762072302c23373320202020202020202020
2020202020202020202020202020202020202020
6d6f762072312c23343920202020202020202020
2020202020202020202020202020202020202020
6d6f762072332c23342020202020202020202020
2020202020202020202020202020202020202020
636c722066302020202020202020202020202020
63706c2066302020202020202020202020202020
63616c6c206c6162656c30373938202020202020
2020202020202020202020202020202020202020
6d6f762072302c23364620202020202020202020
2020202020202020202020202020202020202020
6d6f762072332c23342020202020202020202020
2020202020202020202020202020202020202020
696e632072302020202020202020202020202020
78636820612c4072302020202020202020202020
646a6e7a2072332c6b6e6f636b5f6e6578745f63
2020202020202020202020202020202020202020
6d6f762072312c23334120202020202020202020
2020202020202020202020202020202020202020
6d6f7620612c4072312020202020202020202020
6d6f762072352c61202020202020202020202020
61646420612c2346302020202020202020202020
2020202020202020202020202020202020202020
6a63206b6e6f636b5f7468726573686f6c645f63
2020202020202020202020202020202020202020
6d6f762072312c23333320202020202020202020
2020202020202020202020202020202020202020
6d6f7620612c4072312020202020202020202020
61646420612c2345462020202020202020202020
2020202020202020202020202020202020202020
6a6e7a206b6e6f636b5f7468726573686f6c645f
2020202020202020202020202020202020202020
6d6f76204072312c612020202020202020202020
6d6f762072312c23343820202020202020202020
2020202020202020202020202020202020202020
6d6f7620612c4072312020202020202020202020
63706c2061202020202020202020202020202020
61646420612c7235202020202020202020202020
6d6f762072312c23333120202020202020202020
2020202020202020202020202020202020202020
6d6f7620612c4072312020202020202020202020
6d6f762072372c61202020202020202020202020
646a6e7a2072372c6c6162656c30443734202020
2020202020202020202020202020202020202020
6d6f76204072312c233220202020202020202020
2020202020202020202020202020202020202020
696e632072322020202020202020202020202020
6d6f7620612c2336202020202020202020202020
2020202020202020202020202020202020202020
6d6f762072302c23333420202020202020202020
2020202020202020202020202020202020202020
78636820612c4072302020202020202020202020
646a6e7a2072322c6b6e6f636b5f62656c6f775f
2020202020202020202020202020202020202020
6465632061202020202020202020202020202020
6d6f76204072302c612020202020202020202020
6a6e7a206b6e6f636b5f6170706c795f72657461
2020202020202020202020202020202020202020
6d6f762072312c23333320202020202020202020
2020202020202020202020202020202020202020
6d6f76204072312c233233202020202020202020
2020202020202020202020202020202020202020
6d6f762072302c23374220202020202020202020
2020202020202020202020202020202020202020
6d6f7620612c4072302020202020202020202020
6d6f762072332c61202020202020202020202020
6465632072302020202020202020202020202020
6d6f7620612c4072302020202020202020202020
6d6f762072362c23373420202020202020202020
2020202020202020202020202020202020202020
63616c6c206c6162656c30374142202020202020
2020202020202020202020202020202020202020
6a6d70206c6162656c3035383920202020202020
2020202020202020202020202020202020202020
636c722061202020202020202020202020202020
6a6e63206c6162656c3044374520202020202020
2020202020202020202020202020202020202020
6d6f7620612c7232202020202020202020202020
6a7a206c6162656c304437432020202020202020
2020202020202020202020202020202020202020
616e6c2070312c23424620202020202020202020
2020202020202020202020202020202020202020
6d6f7620612c4072302020202020202020202020
61646420612c7232202020202020202020202020
6d6f76204072302c612020202020202020202020
6d6f762072302c23374120202020202020202020
2020202020202020202020202020202020202020
6d6f762072312c23343620202020202020202020
2020202020202020202020202020202020202020
6d6f762072362c23373420202020202020202020
2020202020202020202020202020202020202020
6d6f762072372c23342020202020202020202020
2020202020202020202020202020202020202020
63616c6c206c6162656c30464139202020202020
2020202020202020202020202020202020202020
6d6f762072302c23354520202020202020202020
2020202020202020202020202020202020202020
6d6f762072312c23373320202020202020202020
2020202020202020202020202020202020202020
6d6f762072362c23353820202020202020202020
2020202020202020202020202020202020202020
6d6f762072372c23342020202020202020202020
2020202020202020202020202020202020202020
63616c6c206c6162656c30464139202020202020
2020202020202020202020202020202020202020
6d6f762072302c23353720202020202020202020
2020202020202020202020202020202020202020
6d6f762072312c23324320202020202020202020
2020202020202020202020202020202020202020
6d6f7620612c4072312020202020202020202020
616e6c20612c2333382020202020202020202020
2020202020202020202020202020202020202020
6d6f762072342c61202020202020202020202020
6a6e7a206c6162656c3044413520202020202020
2020202020202020202020202020202020202020
6d6f762072312c23344620202020202020202020
2020202020202020202020202020202020202020
6d6f762072332c23312020202020202020202020
2020202020202020202020202020202020202020
63706c2066302020202020202020202020202020
63616c6c206c6162656c30373938202020202020
2020202020202020202020202020202020202020
6d6f76204072302c612020202020202020202020
6d6f762072312c23344320202020202020202020
2020202020202020202020202020202020202020
6d6f7620612c4072312020202020202020202020
7377617020612020202020202020202020202020
63706c2061202020202020202020202020202020
6d6f762072322c61202020202020202020202020
6f726c20612c2346302020202020202020202020
2020202020202020202020202020202020202020
696e632061202020202020202020202020202020
6d6f762072312c23353820202020202020202020
2020202020202020202020202020202020202020
61646420612c4072312020202020202020202020
6a6e63206c6162656c3044424120202020202020
2020202020202020202020202020202020202020
6a6e7a206c6162656c3044424120202020202020
2020202020202020202020202020202020202020
696e632072312020202020202020202020202020
6d6f7620612c7232202020202020202020202020
6f726c20612c2346202020202020202020202020
2020202020202020202020202020202020202020
61646420612c4072312020202020202020202020
6d6f762072312c23344420202020202020202020
2020202020202020202020202020202020202020
6d6f7620612c4072312020202020202020202020
6a6630206c6162656c3044433020202020202020
2020202020202020202020202020202020202020
696e632040723120202020202020202020202020
6a6e7a206c6162656c3044434520202020202020
2020202020202020202020202020202020202020
6d6f76204072312c612020202020202020202020
6a6e63206c6162656c3044434520202020202020
2020202020202020202020202020202020202020
6d6f7620612c4072302020202020202020202020
61646420612c2335202020202020202020202020
2020202020202020202020202020202020202020
6d6f76204072302c612020202020202020202020
696e632072312020202020202020202020202020
6d6f7620612c4072312020202020202020202020
63706c2061202020202020202020202020202020
6465632072312020202020202020202020202020
6d6f76204072312c612020202020202020202020
6d6f762072322c23344420202020202020202020
2020202020202020202020202020202020202020
6d6f7620612c4072302020202020202020202020
63706c2061202020202020202020202020202020
61646420612c7232202020202020202020202020
6a63206c6162656c304444372020202020202020
2020202020202020202020202020202020202020
6d6f7620612c7232202020202020202020202020
6d6f76204072302c612020202020202020202020
6d6f762072302c23364220202020202020202020
2020202020202020202020202020202020202020
6d6f7620612c7234202020202020202020202020
636c722066302020202020202020202020202020
63706c2066302020202020202020202020202020
6a6d70206c6162656c3036303020202020202020
2020202020202020202020202020202020202020
6d6f7620612c4072302020202020202020202020
616e6c20612c2333202020202020202020202020
2020202020202020202020202020202020202020
61646420612c2331202020202020202020202020
2020202020202020202020202020202020202020
6d6f762072362c61202020202020202020202020
6d6f762072372c61202020202020202020202020
6d6f762072302c23353320202020202020202020
2020202020202020202020202020202020202020
6d6f762072312c23353520202020202020202020
2020202020202020202020202020202020202020
63616c6c206c6162656c30354631202020202020
2020202020202020202020202020202020202020
6d6f7620612c7236202020202020202020202020
6d6f762072372c61202020202020202020202020
6d6f762072302c23353520202020202020202020
2020202020202020202020202020202020202020
6d6f762072312c23353120202020202020202020
2020202020202020202020202020202020202020
63616c6c206c6162656c30453038202020202020
2020202020202020202020202020202020202020
6d6f76204072302c612020202020202020202020
696e632072302020202020202020202020202020
78636820612c7233202020202020202020202020
6d6f76204072302c612020202020202020202020
7265742020202020202020202020202020202020
6e6f702020202020202020202020202020202020
6e6f702020202020202020202020202020202020
6e6f702020202020202020202020202020202020
6e6f702020202020202020202020202020202020
6e6f702020202020202020202020202020202020
6e6f702020202020202020202020202020202020
6d6f767020612c40612020202020202020202020
7265742020202020202020202020202020202020
6a6234206c6162656c3045383220202020202020
2020202020202020202020202020202020202020
6a6233206c6162656c3045333020202020202020
2020202020202020202020202020202020202020
6e6f702020202020202020202020202020202020
6e6f702020202020202020202020202020202020
6a6d70206c6162656c3035444520202020202020
2020202020202020202020202020202020202020
6d6f7620612c7237202020202020202020202020
6d6f762072342c61202020202020202020202020
6d6f7620612c4072302020202020202020202020
6d6f762072322c61202020202020202020202020
696e632072302020202020202020202020202020
6d6f7620612c4072302020202020202020202020
6d6f762072332c61202020202020202020202020
63616c6c206c6162656c30374342202020202020
2020202020202020202020202020202020202020
6d6f7620612c7234202020202020202020202020
6d6f762072372c61202020202020202020202020
6d6f7620612c7233202020202020202020202020
63706c2061202020202020202020202020202020
61646420612c2331202020202020202020202020
2020202020202020202020202020202020202020
6d6f762072352c61202020202020202020202020
6d6f7620612c7232202020202020202020202020
63706c2061202020202020202020202020202020
6164646320612c23302020202020202020202020
2020202020202020202020202020202020202020
6d6f762072342c61202020202020202020202020
6d6f7620612c4072312020202020202020202020
6d6f762072322c61202020202020202020202020
6d6f762072332c23302020202020202020202020
2020202020202020202020202020202020202020
63616c6c206c6162656c30374342202020202020
2020202020202020202020202020202020202020
6d6f7620612c4072302020202020202020202020
61646420612c7235202020202020202020202020
6d6f762072352c61202020202020202020202020
6465632072302020202020202020202020202020
6d6f7620612c4072302020202020202020202020
6164646320612c72342020202020202020202020
6d6f762072342c61202020202020202020202020
6d6f7620612c7235202020202020202020202020
61646420612c7233202020202020202020202020
6d6f762072332c61202020202020202020202020
6d6f7620612c7234202020202020202020202020
6164646320612c72322020202020202020202020
7265742020202020202020202020202020202020
6d6f762072312c23353220202020202020202020
2020202020202020202020202020202020202020
6d6f7620612c4072312020202020202020202020
63706c2061202020202020202020202020202020
6465632072312020202020202020202020202020
61646420612c4072312020202020202020202020
6d6f762072312c23363420202020202020202020
2020202020202020202020202020202020202020
6a6e63206c6162656c3045353620202020202020
2020202020202020202020202020202020202020
6d6f762072322c61202020202020202020202020
63706c2061202020202020202020202020202020
61646420612c4072312020202020202020202020
6d6f7620612c4072312020202020202020202020
6a6e7a206c6162656c3045343720202020202020
2020202020202020202020202020202020202020
696e632072312020202020202020202020202020
6d6f7620612c4072312020202020202020202020
6465632072312020202020202020202020202020
6a6e7a206c6162656c3045344220202020202020
2020202020202020202020202020202020202020
6d6f7620612c7232202020202020202020202020
6d6f76204072312c612020202020202020202020
6d6f7620612c7232202020202020202020202020
6a63206c6162656c304534422020202020202020
2020202020202020202020202020202020202020
6d6f76204072312c612020202020202020202020
636c722063202020202020202020202020202020
726c632061202020202020202020202020202020
6a63206c6162656c304535382020202020202020
2020202020202020202020202020202020202020
726c632061202020202020202020202020202020
6a63206c6162656c304535382020202020202020
2020202020202020202020202020202020202020
63706c2061202020202020202020202020202020
61646420612c4072312020202020202020202020
6a6e63206c6162656c3045353820202020202020
2020202020202020202020202020202020202020
6d6f76204072312c233020202020202020202020
2020202020202020202020202020202020202020
6d6f7620612c4072312020202020202020202020
6a7a206c6162656c304537332020202020202020
2020202020202020202020202020202020202020
6d6f762072302c23364220202020202020202020
2020202020202020202020202020202020202020
6d6f7620612c4072302020202020202020202020
7272206120202020202020202020202020202020
7272206120202020202020202020202020202020
616e6c20612c2333202020202020202020202020
2020202020202020202020202020202020202020
61646420612c2331202020202020202020202020
2020202020202020202020202020202020202020
6d6f762072372c61202020202020202020202020
6d6f762072302c23363520202020202020202020
2020202020202020202020202020202020202020
6d6f7620612c4072302020202020202020202020
63706c2061202020202020202020202020202020
696e632061202020202020202020202020202020
61646420612c4072312020202020202020202020
636c722063202020202020202020202020202020
7272632061202020202020202020202020202020
636c722063202020202020202020202020202020
726c632061202020202020202020202020202020
6a6237206c6162656c3045374520202020202020
2020202020202020202020202020202020202020
646a6e7a2072372c6c6162656c30453645202020
2020202020202020202020202020202020202020
61646420612c2338302020202020202020202020
2020202020202020202020202020202020202020
6d6f762072302c23363220202020202020202020
2020202020202020202020202020202020202020
6d6f76204072302c612020202020202020202020
6d6f762072372c23362020202020202020202020
2020202020202020202020202020202020202020
6d6f762072302c23363520202020202020202020
2020202020202020202020202020202020202020
6a6d70206c6162656c3035463120202020202020
2020202020202020202020202020202020202020
6d6f7620612c2337462020202020202020202020
2020202020202020202020202020202020202020
6a6d70206c6162656c3036373320202020202020
2020202020202020202020202020202020202020
6a6233206c6162656c3045463620202020202020
2020202020202020202020202020202020202020
6d6f762072312c23353220202020202020202020
2020202020202020202020202020202020202020
6d6f7620612c4072312020202020202020202020
63706c2061202020202020202020202020202020
696e632072312020202020202020202020202020
61646420612c4072312020202020202020202020
6d6f762072342c61202020202020202020202020
6a63206c6162656c304538462020202020202020
2020202020202020202020202020202020202020
63706c2066302020202020202020202020202020
63706c2061202020202020202020202020202020
61646420612c2346432020202020202020202020
2020202020202020202020202020202020202020
6d6f762072312c23364120202020202020202020
2020202020202020202020202020202020202020
6d6f762072302c23363120202020202020202020
2020202020202020202020202020202020202020
6a63206c6162656c304539422020202020202020
2020202020202020202020202020202020202020
6d6f7620612c4072312020202020202020202020
696e632040723120202020202020202020202020
6a6e7a206c6162656c3045443020202020202020
2020202020202020202020202020202020202020
6465632072312020202020202020202020202020
6d6f7620612c4072312020202020202020202020
63706c2061202020202020202020202020202020
696e632072312020202020202020202020202020
6d6f76204072312c612020202020202020202020
696e632040723020202020202020202020202020
6a6630206c6162656c3045413720202020202020
2020202020202020202020202020202020202020
6d6f7620612c4072302020202020202020202020
61646420612c2346452020202020202020202020
2020202020202020202020202020202020202020
6d6f76204072302c612020202020202020202020
6d6f762072312c23363220202020202020202020
2020202020202020202020202020202020202020
6d6f7620612c4072312020202020202020202020
61646420612c2336302020202020202020202020
2020202020202020202020202020202020202020
6a6e63206c6162656c3045423020202020202020
2020202020202020202020202020202020202020
6d6f76204072302c233830202020202020202020
2020202020202020202020202020202020202020
6d6f7620612c2342422020202020202020202020
2020202020202020202020202020202020202020
6d6f762072332c61202020202020202020202020
63706c2061202020202020202020202020202020
61646420612c4072302020202020202020202020
6a63206c6162656c304542452020202020202020
2020202020202020202020202020202020202020
6d6f7620612c2334342020202020202020202020
2020202020202020202020202020202020202020
6d6f762072332c61202020202020202020202020
63706c2061202020202020202020202020202020
61646420612c4072302020202020202020202020
6a63206c6162656c304544302020202020202020
2020202020202020202020202020202020202020
6d6f762072312c23363720202020202020202020
2020202020202020202020202020202020202020
6d6f7620612c4072312020202020202020202020
6a6e7a206c6162656c3045433520202020202020
2020202020202020202020202020202020202020
636c722063202020202020202020202020202020
63706c2063202020202020202020202020202020
63706c2061202020202020202020202020202020
6a7a206c6162656c304543392020202020202020
2020202020202020202020202020202020202020
696e632040723120202020202020202020202020
6a63206c6162656c304543452020202020202020
2020202020202020202020202020202020202020
63706c2061202020202020202020202020202020
6465632061202020202020202020202020202020
6d6f76204072312c612020202020202020202020
6d6f7620612c7233202020202020202020202020
6d6f76204072302c612020202020202020202020
6d6f762072312c23364220202020202020202020
2020202020202020202020202020202020202020
6d6f7620612c4072312020202020202020202020
6a6234206c6162656c3045443920202020202020
2020202020202020202020202020202020202020
6d6f7620612c7234202020202020202020202020
636c722063202020202020202020202020202020
7272632061202020202020202020202020202020
6d6f762072342c61202020202020202020202020
6d6f7620612c7234202020202020202020202020
636c722063202020202020202020202020202020
726c632061202020202020202020202020202020
6d6f762072342c61202020202020202020202020
6a6237206c6162656c3045453520202020202020
2020202020202020202020202020202020202020
61646420612c2343302020202020202020202020
2020202020202020202020202020202020202020
6a6e63206c6162656c3045453520202020202020
2020202020202020202020202020202020202020
6d6f762072342c23343020202020202020202020
2020202020202020202020202020202020202020
6d6f7620612c7234202020202020202020202020
6d6f762072312c23363020202020202020202020
2020202020202020202020202020202020202020
6d6f76204072312c612020202020202020202020
61646420612c4072302020202020202020202020
696e632072302020202020202020202020202020
61646420612c4072302020202020202020202020
696e632072302020202020202020202020202020
6a6e63206c6162656c3045463120202020202020
2020202020202020202020202020202020202020
6a6237206c6162656c3045463320202020202020
2020202020202020202020202020202020202020
6d6f76204072302c612020202020202020202020
7265742020202020202020202020202020202020
6d6f76204072302c233746202020202020202020
2020202020202020202020202020202020202020
7265742020202020202020202020202020202020
6a6d70206c6162656c3046303020202020202020
2020202020202020202020202020202020202020
6e6f702020202020202020202020202020202020
6e6f702020202020202020202020202020202020
6e6f702020202020202020202020202020202020
6e6f702020202020202020202020202020202020
6e6f702020202020202020202020202020202020
6e6f702020202020202020202020202020202020
6d6f767020612c40612020202020202020202020
7265742020202020202020202020202020202020
6d6f762072312c23363320202020202020202020
2020202020202020202020202020202020202020
6d6f7620612c4072312020202020202020202020
6d6f762072362c61202020202020202020202020
63706c2061202020202020202020202020202020
6a6237206c6162656c3046304120202020202020
2020202020202020202020202020202020202020
696e632061202020202020202020202020202020
6d6f762072362c61202020202020202020202020
63706c2066302020202020202020202020202020
6d6f7620612c4072302020202020202020202020
6f726c20612c2331462020202020202020202020
2020202020202020202020202020202020202020
6d6f762072332c61202020202020202020202020
73656c206d623020202020202020202020202020
63616c6c206d756c382020202020202020202020
2020202020202020202020202020202020202020
73656c206d623120202020202020202020202020
6d6f762072332c23423120202020202020202020
2020202020202020202020202020202020202020
6a6630206c6162656c3046313920202020202020
2020202020202020202020202020202020202020
63706c2061202020202020202020202020202020
6d6f762072332c23302020202020202020202020
2020202020202020202020202020202020202020
6d6f762072342c61202020202020202020202020
6d6f762072312c23363720202020202020202020
2020202020202020202020202020202020202020
6d6f7620612c4072312020202020202020202020
636c722063202020202020202020202020202020
726c632061202020202020202020202020202020
6d6f762072312c23363820202020202020202020
2020202020202020202020202020202020202020
61646420612c4072312020202020202020202020
6d6f762072312c23364620202020202020202020
2020202020202020202020202020202020202020
6d6f76204072312c612020202020202020202020
61646420612c7234202020202020202020202020
6d6f762072342c61202020202020202020202020
6a6630206c6162656c3046324120202020202020
2020202020202020202020202020202020202020
63706c2063202020202020202020202020202020
6a63206c6162656c304633332020202020202020
2020202020202020202020202020202020202020
63706c2061202020202020202020202020202020
61646420612c7233202020202020202020202020
6a6630206c6162656c3046333120202020202020
2020202020202020202020202020202020202020
63706c2063202020202020202020202020202020
6a63206c6162656c304633462020202020202020
2020202020202020202020202020202020202020
6d6f7620612c7233202020202020202020202020
6d6f762072342c61202020202020202020202020
6d6f762072312c23363720202020202020202020
2020202020202020202020202020202020202020
6d6f7620612c4072312020202020202020202020
6465632061202020202020202020202020202020
6465632061202020202020202020202020202020
6a6237206c6162656c3046334520202020202020
2020202020202020202020202020202020202020
61646420612c2334202020202020202020202020
2020202020202020202020202020202020202020
6d6f76204072312c612020202020202020202020
6d6f762072322c23323220202020202020202020
2020202020202020202020202020202020202020
63616c6c206c6162656c30464435202020202020
2020202020202020202020202020202020202020
6d6f762072312c23343320202020202020202020
2020202020202020202020202020202020202020
6d6f7620612c4072312020202020202020202020
6a7a206c6162656c304638312020202020202020
2020202020202020202020202020202020202020
61646420612c2346462020202020202020202020
2020202020202020202020202020202020202020
6a63206c6162656c304634462020202020202020
2020202020202020202020202020202020202020
6d6f7620612c4072302020202020202020202020
6a7a206c6162656c304638312020202020202020
2020202020202020202020202020202020202020
696e632072312020202020202020202020202020
6d6f7620612c4072312020202020202020202020
61646420612c2343342020202020202020202020
2020202020202020202020202020202020202020
6a63206c6162656c304638312020202020202020
2020202020202020202020202020202020202020
61646420612c2330202020202020202020202020
2020202020202020202020202020202020202020
6a6e63206c6162656c3046354320202020202020
2020202020202020202020202020202020202020
6d6f7620612c4072302020202020202020202020
6a7a206c6162656c304638312020202020202020
2020202020202020202020202020202020202020
6d6f762072312c23344220202020202020202020
2020202020202020202020202020202020202020
6d6f7620612c4072312020202020202020202020
6d6f762072322c61202020202020202020202020
6d6f762072312c23333320202020202020202020
2020202020202020202020202020202020202020
6d6f7620612c4072312020202020202020202020
6a7a206c6162656c304636392020202020202020
2020202020202020202020202020202020202020
61646420612c2345462020202020202020202020
2020202020202020202020202020202020202020
6a6e7a206c6162656c3046383120202020202020
2020202020202020202020202020202020202020
6d6f7620612c7234202020202020202020202020
6d6f76204072302c612020202020202020202020
6d6f762072302c23364620202020202020202020
2020202020202020202020202020202020202020
6d6f762072342c23342020202020202020202020
2020202020202020202020202020202020202020
696e632072302020202020202020202020202020
6d6f7620612c4072302020202020202020202020
63706c2061202020202020202020202020202020
61646420612c7232202020202020202020202020
6a63206c6162656c304637452020202020202020
2020202020202020202020202020202020202020
6d6f7620612c7232202020202020202020202020
6d6f76204072302c612020202020202020202020
6d6f762072312c23333320202020202020202020
2020202020202020202020202020202020202020
6d6f7620612c4072312020202020202020202020
6a6e7a206c6162656c3046374520202020202020
2020202020202020202020202020202020202020
6d6f76204072312c233131202020202020202020
2020202020202020202020202020202020202020
646a6e7a2072342c6c6162656c30463646202020
2020202020202020202020202020202020202020
7265742020202020202020202020202020202020
636c722061202020202020202020202020202020
6d6f762072332c23313020202020202020202020
2020202020202020202020202020202020202020
6d6f762072312c23353720202020202020202020
2020202020202020202020202020202020202020
6d6f76204072312c612020202020202020202020
696e632072312020202020202020202020202020
646a6e7a2072332c6c6162656c30463836202020
2020202020202020202020202020202020202020
6d6f76204072312c233830202020202020202020
2020202020202020202020202020202020202020
6d6f762072312c23363120202020202020202020
2020202020202020202020202020202020202020
6d6f76204072312c233830202020202020202020
2020202020202020202020202020202020202020
6d6f762072312c23353220202020202020202020
2020202020202020202020202020202020202020
6d6f7620612c4072312020202020202020202020
696e632072312020202020202020202020202020
6d6f76204072312c612020202020202020202020
636c722061202020202020202020202020202020
6a6d70206c6162656c3037364120202020202020
2020202020202020202020202020202020202020
696e632040723120202020202020202020202020
6d6f7620612c4072312020202020202020202020
6a6e7a206c6162656c3046413120202020202020
2020202020202020202020202020202020202020
696e632072312020202020202020202020202020
6d6f7620612c4072312020202020202020202020
63706c2061202020202020202020202020202020
6465632072312020202020202020202020202020
6d6f76204072312c612020202020202020202020
61646420612c7233202020202020202020202020
6d6f7620612c4072302020202020202020202020
6a6e63206c6162656c3046413820202020202020
2020202020202020202020202020202020202020
6a7a206c6162656c304641382020202020202020
2020202020202020202020202020202020202020
6465632061202020202020202020202020202020
7265742020202020202020202020202020202020
63616c6c206c6162656c30453038202020202020
2020202020202020202020202020202020202020
63616c6c206c6162656c30454230202020202020
2020202020202020202020202020202020202020
63616c6c206c6162656c30454230202020202020
2020202020202020202020202020202020202020
7265742020202020202020202020202020202020
78636820612c7236202020202020202020202020
6d6f762072302c61202020202020202020202020
78636820612c7236202020202020202020202020
78636820612c7233202020202020202020202020
6d6f762072372c23342020202020202020202020
2020202020202020202020202020202020202020
78636820612c4072302020202020202020202020
696e632072302020202020202020202020202020
78636820612c4072302020202020202020202020
696e632072302020202020202020202020202020
646a6e7a2072372c6c6162656c30464236202020
2020202020202020202020202020202020202020
7265742020202020202020202020202020202020
6d6f7620612c7230202020202020202020202020
636c722063202020202020202020202020202020
7272632061202020202020202020202020202020
6d6f762072302c61202020202020202020202020
78636820612c4072312020202020202020202020
726c632061202020202020202020202020202020
78636820612c4072312020202020202020202020
6a6e63206c6162656c3046433920202020202020
2020202020202020202020202020202020202020
61646420612c7234202020202020202020202020
78636820612c7234202020202020202020202020
7265742020202020202020202020202020202020
6d6f7620612c7230202020202020202020202020
7265742020202020202020202020202020202020
6d6f7620612c7232202020202020202020202020
636c722063202020202020202020202020202020
7272632061202020202020202020202020202020
6d6f762072322c61202020202020202020202020
6d6f7620612c7233202020202020202020202020
7272632061202020202020202020202020202020
6d6f762072332c61202020202020202020202020
646a6e7a2072372c6c6162656c30464342202020
2020202020202020202020202020202020202020
7265742020202020202020202020202020202020
6d6f762072302c23343120202020202020202020
2020202020202020202020202020202020202020
6d6f7620612c7234202020202020202020202020
61646420612c2334302020202020202020202020
2020202020202020202020202020202020202020
6a6e63206c6162656c3046444520202020202020
2020202020202020202020202020202020202020
7265742020202020202020202020202020202020
2020202020202020202020202020202020202020
2020202020202020202020202020202020202020
2020202020202020202020202020202020202020
2020202020202020202020202020202020202020
2020202020202020202020202020202020202020
2020202020202020202020202020202020202020
2020202020202020202020202020202020202020
2020202020202020202020202020202020202020
2020202020202020202020202020202020202020
2020202020202020202020202020202020202020
2020202020202020202020202020202020202020
2020202020202020202020202020202020202020
2020202020202020202020202020202020202020
2020202020202020202020202020202020202020
2020202020202020202020202020202020202020
2020202020202020202020202020202020202020
2020202020202020202020202020202020202020
2020202020202020202020202020202020202020
2020202020202020202020202020202020202020
2020202020202020202020202020202020202020
2020202020202020202020202020202020202020
2020202020202020202020202020202020202020
2020202020202020202020202020202020202020
2020202020202020202020202020202020202020
6a6231206c6162656c3046333220202020202020
2020202020202020202020202020202020202020
6a6231206c6162656c3046343320202020202020
2020202020202020202020202020202020202020
6f726c20612c2334332020202020202020202020
2020202020202020202020202020202020202020
6a6231206c6162656c3046333220202020202020
2020202020202020202020202020202020202020
6a6231206c6162656c3046323020202020202020
2020202020202020202020202020202020202020
6469732069202020202020202020202020202020